entity_id,email,full_name,gender,birth_year,age_group,occupation,province,nationality,loyalty_tier,group_id,website_id,store_id,created_at,updated_at,is_active
1,customer1@example.com,Lê Thảo,Nữ,1995,25-29,Nhà đầu tư,Khánh Hòa,Expat,Platinum,2,1,5,2019-06-23,2024-11-18,1
2,customer2@example.com,Đặng Hoa,Nữ,1993,30-39,Luật sư,Hà Nội,Việt Nam,Gold,2,1,10,2017-06-21,2023-01-08,0
3,customer3@example.com,Trần Minh,Nam,1974,50-59,Chuyên gia tài chính,Hà Nội,Việt Nam,Platinum,2,1,9,2016-06-25,2024-08-07,1
4,customer4@example.com,Dương Quang,Nam,1990,30-39,Luật sư,Hà Nội,Việt Nam,Gold,4,1,8,2023-03-06,2023-02-25,1
5,customer5@example.com,Vũ Khánh,Nam,1963,60+,Chuyên gia tài chính,Hải Phòng,Việt Nam,Silver,4,1,3,2019-09-25,2023-07-07,1
6,customer6@example.com,Đặng Việt,Nam,1964,60+,Giám đốc,Hà Nội,Expat,Platinum,1,1,4,2016-11-12,2024-02-21,1
7,customer7@example.com,Nguyễn Tuấn,Nam,1985,30-39,Nhà đầu tư,Hà Nội,Việt Nam,Diamond,4,1,5,2019-09-29,2024-12-14,1
8,customer8@example.com,Phạm Thảo,Nữ,1969,50-59,Luật sư,Khánh Hòa,Việt Nam,Gold,3,1,1,2015-07-25,2024-08-21,1
9,customer9@example.com,Bùi Hùng,Nam,1963,60+,Bác sĩ,Hà Nội,Việt Nam,Platinum,4,1,2,2021-05-22,2023-09-10,1
10,customer10@example.com,Vũ Anh,Nam,1965,50-59,Chuyên gia tài chính,Khánh Hòa,Việt Nam,Platinum,2,1,5,2019-06-10,2023-05-15,1
11,customer11@example.com,Phan Ngọc,Nữ,1989,30-39,Giám đốc,Hà Nội,Việt Nam,Gold,1,1,2,2021-01-11,2023-08-07,1
12,customer12@example.com,Trần Đức,Nam,1982,40-49,Chuyên gia tài chính,Hà Nội,Việt Nam,Gold,3,1,10,2022-05-02,2024-06-25,0
13,customer13@example.com,Lê Thảo,Nữ,1966,50-59,Giám đốc,Bình Dương,Việt Nam,Silver,3,1,10,2017-05-12,2023-12-18,1
14,customer14@example.com,Đặng Thảo,Nữ,1992,30-39,Doanh nhân,Hà Nội,Việt Nam,Silver,1,1,6,2016-06-19,2024-10-14,1
15,customer15@example.com,Bùi Khánh,Nam,1988,30-39,Nhà đầu tư,TP HCM,Việt Nam,Diamond,2,1,9,2015-05-28,2024-01-14,1
16,customer16@example.com,Lê Minh,Nam,1987,30-39,Kiến trúc sư,TP HCM,Expat,Diamond,1,1,6,2017-05-10,2024-11-29,1
17,customer17@example.com,Dương Thành,Nam,1982,40-49,Nhà đầu tư,Quảng Ninh,Việt Nam,Diamond,2,1,3,2016-12-26,2024-02-27,0
18,customer18@example.com,Dương Ánh,Nữ,1986,30-39,Luật sư,Hà Nội,Việt Nam,Silver,1,1,8,2017-06-30,2023-07-24,1
19,customer19@example.com,Hoàng Hà,Nữ,1982,40-49,Luật sư,Hà Nội,Việt Nam,Gold,3,1,2,2018-02-17,2023-12-26,1
20,customer20@example.com,Phan Lan,Nữ,1994,30-39,Giám đốc,Bình Dương,Việt Nam,Gold,3,1,1,2016-03-20,2024-09-02,1
21,customer21@example.com,Đỗ Yến,Nữ,1987,30-39,Giám đốc,TP HCM,Việt Nam,Silver,4,1,1,2020-10-30,2024-07-05,1
22,customer22@example.com,Vũ Hùng,Nam,1983,40-49,Chuyên gia tài chính,TP HCM,Việt Nam,Silver,3,1,9,2018-06-20,2024-11-13,1
23,customer23@example.com,Bùi Mai,Nữ,1978,40-49,Luật sư,TP HCM,Expat,Platinum,2,1,10,2021-05-20,2023-11-05,1
24,customer24@example.com,Hoàng Đức,Nam,1979,40-49,Nhà đầu tư,Hải Phòng,Việt Nam,Silver,4,1,8,2022-07-30,2023-08-07,1
25,customer25@example.com,Hoàng Thành,Nam,1965,50-59,Chuyên gia tài chính,Hà Nội,Expat,Silver,3,1,4,2017-03-26,2023-05-31,0
26,customer26@example.com,Đỗ Việt,Nam,1990,30-39,Giám đốc,TP HCM,Expat,Gold,4,1,8,2019-06-25,2023-09-07,1
27,customer27@example.com,Dương Quang,Nam,1966,50-59,Luật sư,Hà Nội,Expat,Gold,1,1,9,2017-10-17,2023-05-05,1
28,customer28@example.com,Bùi Phương,Nữ,1993,30-39,Chuyên gia tài chính,Khánh Hòa,Expat,Gold,4,1,9,2020-01-01,2023-06-12,1
29,customer29@example.com,Hoàng Ngọc,Nữ,1988,30-39,Luật sư,Hải Phòng,Việt Nam,Platinum,4,1,4,2018-01-29,2024-03-26,0
30,customer30@example.com,Hoàng Nga,Nữ,1975,40-49,Chuyên gia tài chính,Đồng Nai,Việt Nam,Silver,4,1,3,2022-12-03,2023-08-08,0
31,customer31@example.com,Bùi Thu,Nữ,1981,40-49,Nhà đầu tư,Hà Nội,Việt Nam,Gold,1,1,10,2019-04-08,2024-05-03,0
32,customer32@example.com,Dương Hằng,Nữ,1979,40-49,Nhà đầu tư,TP HCM,Việt Nam,Platinum,2,1,8,2017-06-17,2023-10-07,1
33,customer33@example.com,Phan Anh,Nam,1984,40-49,Nhà đầu tư,Đà Nẵng,Việt Nam,Diamond,1,1,7,2021-08-21,2024-07-31,1
34,customer34@example.com,Lê Bình,Nam,1987,30-39,Bác sĩ,Hà Nội,Việt Nam,Silver,3,1,6,2019-04-02,2023-10-12,1
35,customer35@example.com,Trần Thu,Nữ,1976,40-49,Doanh nhân,Đà Nẵng,Việt Nam,Diamond,2,1,2,2022-04-23,2023-02-11,1
36,customer36@example.com,Nguyễn Trung,Nam,1972,50-59,Bác sĩ,Hà Nội,Việt Nam,Silver,2,1,8,2022-11-05,2023-09-20,1
37,customer37@example.com,Đỗ Khánh,Nam,1998,25-29,Giám đốc,Đà Nẵng,Việt Nam,Silver,1,1,5,2021-06-16,2024-11-24,1
38,customer38@example.com,Ngô Linh,Nữ,1985,30-39,Giám đốc,TP HCM,Việt Nam,Silver,3,1,10,2016-05-10,2024-08-02,1
39,customer39@example.com,Vũ Ánh,Nữ,1994,30-39,Chuyên gia tài chính,Hà Nội,Việt Nam,Silver,4,1,8,2016-03-08,2024-03-19,1
40,customer40@example.com,Vũ Mai,Nữ,1969,50-59,Kiến trúc sư,TP HCM,Expat,Platinum,4,1,7,2023-03-14,2024-08-29,1
41,customer41@example.com,Hoàng Bình,Nam,1965,50-59,Luật sư,Đà Nẵng,Việt Nam,Platinum,3,1,1,2020-07-17,2023-11-29,1
42,customer42@example.com,Dương Long,Nam,1982,40-49,Chuyên gia tài chính,Hà Nội,Việt Nam,Diamond,1,1,9,2017-02-21,2023-03-29,1
43,customer43@example.com,Bùi Ngọc,Nữ,1991,30-39,Luật sư,TP HCM,Việt Nam,Gold,1,1,2,2018-04-20,2023-08-15,1
44,customer44@example.com,Hồ Trung,Nam,1979,40-49,Chuyên gia tài chính,TP HCM,Việt Nam,Gold,3,1,6,2022-11-18,2024-04-09,1
45,customer45@example.com,Trần Trang,Nữ,1974,50-59,Luật sư,Hà Nội,Việt Nam,Diamond,2,1,4,2017-06-05,2024-05-10,1
46,customer46@example.com,Phạm Thảo,Nữ,1966,50-59,Luật sư,TP HCM,Việt Nam,Platinum,2,1,5,2015-07-06,2023-02-25,1
47,customer47@example.com,Trần Minh,Nam,1991,30-39,Kiến trúc sư,TP HCM,Việt Nam,Silver,1,1,5,2020-05-10,2023-04-27,1
48,customer48@example.com,Trần Phương,Nữ,1991,30-39,Doanh nhân,Hà Nội,Việt Nam,Diamond,1,1,4,2016-04-30,2024-07-25,1
49,customer49@example.com,Vũ Bình,Nam,1993,30-39,Người nổi tiếng,Hà Nội,Việt Nam,Gold,1,1,10,2023-04-20,2023-04-12,1
50,customer50@example.com,Hoàng Anh,Nam,1973,50-59,Giám đốc,Hà Nội,Việt Nam,Silver,1,1,7,2020-01-20,2024-12-06,1
51,customer51@example.com,Phạm Thảo,Nữ,1962,60+,Kiến trúc sư,Đà Nẵng,Việt Nam,Platinum,3,1,10,2022-06-01,2023-07-22,1
52,customer52@example.com,Hoàng Tuấn,Nam,1969,50-59,Giám đốc,Hà Nội,Việt Nam,Gold,3,1,8,2016-05-24,2024-04-24,1
53,customer53@example.com,Bùi Yến,Nữ,1977,40-49,Người nổi tiếng,TP HCM,Việt Nam,Diamond,3,1,10,2017-10-22,2023-01-27,1
54,customer54@example.com,Đỗ Minh,Nam,1977,40-49,Bác sĩ,TP HCM,Việt Nam,Diamond,2,1,10,2019-11-21,2024-10-12,1
55,customer55@example.com,Phan Quang,Nam,1990,30-39,Chuyên gia tài chính,TP HCM,Việt Nam,Silver,4,1,8,2018-03-26,2024-11-09,1
56,customer56@example.com,Trần Hải,Nam,1989,30-39,Kiến trúc sư,TP HCM,Expat,Gold,1,1,9,2020-03-07,2024-02-28,0
57,customer57@example.com,Hồ Thu,Nữ,1991,30-39,Doanh nhân,Hà Nội,Việt Nam,Diamond,4,1,8,2016-05-12,2023-01-30,1
58,customer58@example.com,Hoàng Thành,Nam,1970,50-59,Doanh nhân,TP HCM,Việt Nam,Diamond,1,1,8,2016-04-26,2024-10-25,1
59,customer59@example.com,Bùi Trang,Nữ,1978,40-49,Kiến trúc sư,TP HCM,Việt Nam,Gold,4,1,9,2016-08-15,2024-01-28,1
60,customer60@example.com,Hoàng Việt,Nam,1964,60+,Nhà đầu tư,TP HCM,Việt Nam,Silver,1,1,5,2023-02-21,2023-11-02,1
61,customer61@example.com,Đặng Yến,Nữ,1969,50-59,Người nổi tiếng,TP HCM,Việt Nam,Gold,4,1,6,2017-02-11,2024-12-15,1
62,customer62@example.com,Dương Hằng,Nữ,1974,50-59,Doanh nhân,Hà Nội,Việt Nam,Diamond,4,1,7,2022-06-11,2024-10-29,1
63,customer63@example.com,Lê Yến,Nữ,1962,60+,Chuyên gia tài chính,Bình Dương,Expat,Gold,4,1,1,2023-02-07,2023-05-28,1
64,customer64@example.com,Đặng Việt,Nam,1964,60+,Kiến trúc sư,TP HCM,Việt Nam,Gold,3,1,9,2019-04-06,2023-11-21,1
65,customer65@example.com,Nguyễn Phương,Nữ,1994,30-39,Giám đốc,Hà Nội,Việt Nam,Silver,2,1,2,2019-11-13,2023-04-11,1
66,customer66@example.com,Lê Khánh,Nam,1988,30-39,Kiến trúc sư,Đồng Nai,Việt Nam,Platinum,3,1,6,2019-03-16,2024-03-17,1
67,customer67@example.com,Hồ Ngọc,Nữ,1996,25-29,Bác sĩ,Hà Nội,Việt Nam,Diamond,2,1,8,2021-07-16,2023-05-27,1
68,customer68@example.com,Hoàng Ánh,Nữ,1989,30-39,Doanh nhân,Đồng Nai,Việt Nam,Silver,2,1,2,2019-12-15,2023-12-20,1
69,customer69@example.com,Ngô Thảo,Nữ,1987,30-39,Người nổi tiếng,Bình Dương,Việt Nam,Gold,4,1,2,2017-08-29,2024-01-26,1
70,customer70@example.com,Nguyễn Hà,Nữ,1978,40-49,Nhà đầu tư,Hà Nội,Việt Nam,Platinum,1,1,10,2023-05-11,2024-05-23,1
71,customer71@example.com,Đỗ Ngọc,Nữ,1974,50-59,Chuyên gia tài chính,Hà Nội,Việt Nam,Silver,2,1,2,2022-01-14,2024-10-23,0
72,customer72@example.com,Đỗ Nga,Nữ,1962,60+,Bác sĩ,Hà Nội,Việt Nam,Platinum,2,1,4,2016-06-25,2024-07-06,1
73,customer73@example.com,Bùi Thảo,Nữ,1993,30-39,Bác sĩ,Hà Nội,Việt Nam,Gold,3,1,6,2016-04-16,2024-04-24,1
74,customer74@example.com,Hồ Khánh,Nam,1974,50-59,Nhà đầu tư,Khánh Hòa,Việt Nam,Gold,4,1,1,2017-12-19,2024-07-03,1
75,customer75@example.com,Đỗ Hằng,Nữ,1976,40-49,Chuyên gia tài chính,Hà Nội,Việt Nam,Silver,3,1,10,2017-06-25,2024-10-25,0
76,customer76@example.com,Hồ Hằng,Nữ,1979,40-49,Giám đốc,Hà Nội,Expat,Silver,4,1,2,2016-02-03,2023-08-29,1
77,customer77@example.com,Đặng Hải,Nam,1984,40-49,Nhà đầu tư,TP HCM,Việt Nam,Diamond,1,1,8,2021-11-26,2024-02-22,1
78,customer78@example.com,Ngô Nga,Nữ,1962,60+,Luật sư,TP HCM,Expat,Platinum,1,1,6,2021-02-08,2024-10-22,1
79,customer79@example.com,Phạm Hoa,Nữ,1977,40-49,Người nổi tiếng,Hà Nội,Việt Nam,Gold,1,1,1,2018-09-28,2023-09-07,1
80,customer80@example.com,Dương Thành,Nam,1964,60+,Luật sư,TP HCM,Việt Nam,Silver,2,1,10,2015-01-12,2023-10-11,1
81,customer81@example.com,Bùi Long,Nam,1968,50-59,Bác sĩ,Hà Nội,Expat,Silver,3,1,4,2021-08-08,2023-11-28,0
82,customer82@example.com,Lê Trang,Nữ,1963,60+,Nhà đầu tư,TP HCM,Việt Nam,Gold,3,1,9,2021-08-28,2023-04-22,1
83,customer83@example.com,Ngô Việt,Nam,1962,60+,Kiến trúc sư,TP HCM,Expat,Silver,4,1,7,2019-10-13,2024-12-03,1
84,customer84@example.com,Trần Nga,Nữ,1964,60+,Bác sĩ,Hà Nội,Việt Nam,Gold,3,1,7,2021-09-12,2024-06-27,1
85,customer85@example.com,Dương Trang,Nữ,1966,50-59,Giám đốc,Bình Dương,Việt Nam,Platinum,2,1,7,2020-01-24,2023-08-22,1
86,customer86@example.com,Vũ Trang,Nữ,1985,30-39,Giám đốc,Hà Nội,Việt Nam,Silver,2,1,8,2015-10-02,2023-04-04,1
87,customer87@example.com,Trần Khánh,Nam,1987,30-39,Chuyên gia tài chính,Hải Phòng,Việt Nam,Gold,3,1,2,2019-08-10,2023-12-29,1
88,customer88@example.com,Hoàng Phương,Nữ,1963,60+,Kiến trúc sư,TP HCM,Việt Nam,Silver,4,1,4,2016-03-19,2023-12-25,1
89,customer89@example.com,Dương Thảo,Nữ,1967,50-59,Luật sư,Hải Phòng,Việt Nam,Diamond,1,1,10,2022-05-18,2024-12-11,1
90,customer90@example.com,Ngô Việt,Nam,1977,40-49,Kiến trúc sư,Đồng Nai,Việt Nam,Silver,2,1,10,2022-05-16,2024-02-15,0
91,customer91@example.com,Ngô Thành,Nam,1965,50-59,Luật sư,TP HCM,Việt Nam,Silver,3,1,6,2021-05-13,2024-09-02,1
92,customer92@example.com,Lê Việt,Nam,1969,50-59,Doanh nhân,TP HCM,Việt Nam,Platinum,4,1,10,2019-12-16,2024-02-29,1
93,customer93@example.com,Vũ Hùng,Nam,1982,40-49,Kiến trúc sư,TP HCM,Việt Nam,Gold,3,1,1,2017-06-22,2024-02-09,1
94,customer94@example.com,Phạm Long,Nam,1960,60+,Luật sư,Đà Nẵng,Việt Nam,Silver,1,1,1,2020-07-30,2024-03-16,1
95,customer95@example.com,Ngô Linh,Nữ,1994,30-39,Chuyên gia tài chính,Hà Nội,Expat,Silver,1,1,8,2015-11-15,2023-11-17,1
96,customer96@example.com,Hoàng Hoa,Nữ,1986,30-39,Nhà đầu tư,Hà Nội,Việt Nam,Platinum,4,1,6,2015-12-27,2024-03-23,1
97,customer97@example.com,Đỗ Quang,Nam,1987,30-39,Giám đốc,TP HCM,Việt Nam,Silver,3,1,3,2015-11-09,2024-06-06,1
98,customer98@example.com,Phan Khánh,Nam,1982,40-49,Bác sĩ,Hà Nội,Việt Nam,Silver,2,1,2,2016-12-26,2024-10-05,1
99,customer99@example.com,Hồ Ánh,Nữ,1996,25-29,Chuyên gia tài chính,Bình Dương,Việt Nam,Silver,1,1,8,2019-12-17,2024-10-08,1
100,customer100@example.com,Nguyễn Nga,Nữ,1997,25-29,Giám đốc,Hà Nội,Việt Nam,Silver,3,1,2,2022-03-25,2023-04-03,1
101,customer101@example.com,Đỗ Yến,Nữ,1989,30-39,Doanh nhân,TP HCM,Việt Nam,Platinum,3,1,10,2020-05-02,2024-05-28,1
102,customer102@example.com,Trần Việt,Nam,1988,30-39,Chuyên gia tài chính,Quảng Ninh,Việt Nam,Gold,1,1,4,2022-12-08,2024-03-24,1
103,customer103@example.com,Phan Long,Nam,1983,40-49,Nhà đầu tư,TP HCM,Việt Nam,Gold,3,1,2,2018-09-12,2023-04-07,1
104,customer104@example.com,Hoàng Trang,Nữ,1978,40-49,Bác sĩ,TP HCM,Việt Nam,Silver,3,1,5,2022-05-11,2024-12-16,1
105,customer105@example.com,Ngô Hùng,Nam,1998,25-29,Kiến trúc sư,TP HCM,Việt Nam,Silver,2,1,9,2016-01-18,2024-10-23,1
106,customer106@example.com,Phan Thảo,Nữ,1961,60+,Bác sĩ,Khánh Hòa,Việt Nam,Platinum,2,1,4,2016-07-17,2023-06-08,0
107,customer107@example.com,Dương Thành,Nam,1992,30-39,Doanh nhân,TP HCM,Expat,Gold,4,1,3,2016-10-26,2023-07-05,1
108,customer108@example.com,Nguyễn Quang,Nam,1988,30-39,Chuyên gia tài chính,TP HCM,Việt Nam,Gold,3,1,8,2017-08-16,2024-06-30,1
109,customer109@example.com,Phan Ánh,Nữ,1972,50-59,Người nổi tiếng,TP HCM,Việt Nam,Gold,4,1,3,2017-03-28,2024-09-11,1
110,customer110@example.com,Hồ Thu,Nữ,1963,60+,Chuyên gia tài chính,TP HCM,Việt Nam,Platinum,1,1,5,2015-12-10,2023-06-14,1
111,customer111@example.com,Trần Đức,Nam,1987,30-39,Người nổi tiếng,Bình Dương,Expat,Gold,4,1,9,2019-03-12,2023-08-30,1
112,customer112@example.com,Phạm Minh,Nam,1983,40-49,Chuyên gia tài chính,Khánh Hòa,Việt Nam,Gold,2,1,3,2015-06-06,2023-10-21,1
113,customer113@example.com,Dương Trang,Nữ,1968,50-59,Người nổi tiếng,TP HCM,Việt Nam,Silver,3,1,4,2016-09-04,2024-07-15,1
114,customer114@example.com,Dương Thảo,Nữ,1967,50-59,Luật sư,Hà Nội,Việt Nam,Gold,4,1,2,2016-03-30,2024-05-26,1
115,customer115@example.com,Đỗ Đức,Nam,1992,30-39,Bác sĩ,Hà Nội,Việt Nam,Gold,4,1,3,2022-06-14,2024-11-15,1
116,customer116@example.com,Bùi Yến,Nữ,1964,60+,Doanh nhân,TP HCM,Việt Nam,Gold,3,1,5,2023-05-20,2023-01-17,1
117,customer117@example.com,Phạm Khánh,Nam,1982,40-49,Giám đốc,Đà Nẵng,Việt Nam,Silver,1,1,6,2021-02-14,2023-12-13,1
118,customer118@example.com,Ngô Bình,Nam,1989,30-39,Bác sĩ,Hải Phòng,Việt Nam,Platinum,4,1,1,2018-04-16,2023-07-26,0
119,customer119@example.com,Phan Long,Nam,1962,60+,Nhà đầu tư,Quảng Ninh,Việt Nam,Silver,2,1,5,2019-01-02,2023-02-18,1
120,customer120@example.com,Trần Ngọc,Nữ,1977,40-49,Chuyên gia tài chính,TP HCM,Việt Nam,Gold,4,1,6,2017-02-04,2024-05-23,1
121,customer121@example.com,Hoàng Ngọc,Nữ,1993,30-39,Giám đốc,Đà Nẵng,Việt Nam,Gold,2,1,9,2018-04-18,2023-11-25,1
122,customer122@example.com,Hoàng Thu,Nữ,1978,40-49,Nhà đầu tư,Hà Nội,Việt Nam,Gold,3,1,10,2019-11-17,2023-10-09,1
123,customer123@example.com,Hồ Anh,Nam,1964,60+,Nhà đầu tư,TP HCM,Việt Nam,Platinum,1,1,3,2021-10-24,2024-11-25,1
124,customer124@example.com,Trần Đức,Nam,1968,50-59,Chuyên gia tài chính,TP HCM,Expat,Silver,2,1,8,2019-02-28,2024-01-16,1
125,customer125@example.com,Lê Thành,Nam,1996,25-29,Chuyên gia tài chính,TP HCM,Việt Nam,Silver,1,1,1,2023-04-02,2023-07-10,1
126,customer126@example.com,Trần Thảo,Nữ,1995,25-29,Kiến trúc sư,Đà Nẵng,Việt Nam,Gold,4,1,4,2016-05-17,2023-05-19,1
127,customer127@example.com,Ngô Thu,Nữ,1971,50-59,Giám đốc,Hải Phòng,Expat,Diamond,3,1,2,2021-03-02,2024-07-09,1
128,customer128@example.com,Ngô Trang,Nữ,1970,50-59,Bác sĩ,Hải Phòng,Việt Nam,Silver,2,1,3,2017-08-27,2024-05-20,0
129,customer129@example.com,Dương Yến,Nữ,1989,30-39,Bác sĩ,TP HCM,Việt Nam,Silver,4,1,9,2019-08-10,2024-02-24,1
130,customer130@example.com,Phan Anh,Nam,1968,50-59,Giám đốc,TP HCM,Việt Nam,Silver,2,1,3,2019-11-08,2024-05-29,1
131,customer131@example.com,Bùi Tuấn,Nam,1967,50-59,Kiến trúc sư,Hà Nội,Việt Nam,Platinum,3,1,9,2018-03-09,2023-03-22,1
132,customer132@example.com,Hồ Thảo,Nữ,1968,50-59,Giám đốc,TP HCM,Việt Nam,Diamond,2,1,3,2022-05-22,2024-10-01,1
133,customer133@example.com,Nguyễn Hà,Nữ,1996,25-29,Doanh nhân,Hà Nội,Expat,Platinum,3,1,4,2021-06-01,2024-03-02,1
134,customer134@example.com,Hồ Thành,Nam,1991,30-39,Kiến trúc sư,TP HCM,Việt Nam,Silver,4,1,5,2020-02-01,2023-03-16,1
135,customer135@example.com,Vũ Bình,Nam,1988,30-39,Người nổi tiếng,Hà Nội,Việt Nam,Silver,3,1,6,2019-06-22,2023-05-14,1
136,customer136@example.com,Phạm Bình,Nam,1980,40-49,Giám đốc,Hà Nội,Việt Nam,Silver,3,1,7,2021-11-25,2024-03-04,1
137,customer137@example.com,Đỗ Khánh,Nam,1980,40-49,Chuyên gia tài chính,Hà Nội,Việt Nam,Diamond,4,1,8,2018-06-17,2024-05-24,0
138,customer138@example.com,Đặng Linh,Nữ,1992,30-39,Luật sư,TP HCM,Việt Nam,Silver,4,1,5,2021-01-07,2023-01-09,1
139,customer139@example.com,Hoàng Trang,Nữ,1968,50-59,Chuyên gia tài chính,Đà Nẵng,Việt Nam,Gold,2,1,6,2021-03-16,2023-10-23,0
140,customer140@example.com,Hoàng Hà,Nữ,1995,25-29,Giám đốc,Hà Nội,Việt Nam,Gold,3,1,9,2019-02-06,2023-05-28,1
141,customer141@example.com,Nguyễn Lan,Nữ,1992,30-39,Doanh nhân,Hà Nội,Việt Nam,Gold,4,1,3,2021-10-19,2024-06-11,1
142,customer142@example.com,Vũ Phương,Nữ,1970,50-59,Kiến trúc sư,TP HCM,Việt Nam,Gold,4,1,10,2018-05-12,2024-05-01,1
143,customer143@example.com,Hồ Hoa,Nữ,1981,40-49,Nhà đầu tư,TP HCM,Việt Nam,Platinum,1,1,10,2020-04-27,2023-09-29,1
144,customer144@example.com,Đỗ Bình,Nam,1963,60+,Bác sĩ,TP HCM,Việt Nam,Platinum,4,1,3,2022-08-20,2023-09-06,0
145,customer145@example.com,Nguyễn Bình,Nam,1972,50-59,Chuyên gia tài chính,TP HCM,Việt Nam,Silver,4,1,1,2022-11-30,2023-05-22,1
146,customer146@example.com,Bùi Hằng,Nữ,1990,30-39,Chuyên gia tài chính,Khánh Hòa,Việt Nam,Gold,3,1,5,2021-11-03,2024-05-10,1
147,customer147@example.com,Bùi Long,Nam,1977,40-49,Luật sư,Khánh Hòa,Expat,Platinum,2,1,8,2018-07-22,2024-05-06,1
148,customer148@example.com,Trần Phương,Nữ,1978,40-49,Nhà đầu tư,Đồng Nai,Việt Nam,Silver,2,1,5,2015-06-22,2023-10-22,1
149,customer149@example.com,Đặng Anh,Nam,1982,40-49,Kiến trúc sư,Đà Nẵng,Việt Nam,Platinum,3,1,9,2022-10-22,2023-10-06,1
150,customer150@example.com,Nguyễn Anh,Nam,1975,40-49,Luật sư,TP HCM,Việt Nam,Gold,4,1,2,2022-08-22,2023-05-21,0
151,customer151@example.com,Hồ Bình,Nam,1986,30-39,Người nổi tiếng,TP HCM,Việt Nam,Silver,3,1,1,2016-01-02,2024-10-29,1
152,customer152@example.com,Vũ Tuấn,Nam,1971,50-59,Doanh nhân,Quảng Ninh,Việt Nam,Gold,3,1,1,2015-02-07,2023-11-02,1
153,customer153@example.com,Hoàng Bình,Nam,1981,40-49,Người nổi tiếng,Bình Dương,Việt Nam,Gold,3,1,4,2016-04-06,2023-12-05,1
154,customer154@example.com,Ngô Mai,Nữ,1976,40-49,Doanh nhân,Đà Nẵng,Việt Nam,Gold,2,1,3,2021-11-07,2024-10-16,1
155,customer155@example.com,Phan Hoa,Nữ,1992,30-39,Nhà đầu tư,TP HCM,Việt Nam,Silver,3,1,4,2015-01-28,2023-09-25,1
156,customer156@example.com,Phan Thảo,Nữ,1977,40-49,Doanh nhân,Hà Nội,Việt Nam,Silver,1,1,8,2018-06-10,2023-06-13,1
157,customer157@example.com,Hồ Thảo,Nữ,1967,50-59,Chuyên gia tài chính,TP HCM,Việt Nam,Silver,2,1,8,2023-05-21,2024-09-12,1
158,customer158@example.com,Dương Ánh,Nữ,1994,30-39,Luật sư,Đà Nẵng,Việt Nam,Gold,1,1,9,2020-01-04,2024-06-24,1
159,customer159@example.com,Trần Minh,Nam,1996,25-29,Luật sư,TP HCM,Việt Nam,Silver,4,1,2,2022-08-18,2023-07-30,1
160,customer160@example.com,Bùi Thu,Nữ,1965,50-59,Doanh nhân,TP HCM,Việt Nam,Gold,1,1,9,2020-03-08,2024-11-19,1
161,customer161@example.com,Hoàng Minh,Nam,1985,30-39,Luật sư,TP HCM,Việt Nam,Silver,1,1,9,2015-09-04,2023-03-12,1
162,customer162@example.com,Hoàng Hằng,Nữ,1962,60+,Bác sĩ,Đà Nẵng,Việt Nam,Diamond,4,1,6,2019-04-16,2024-04-04,1
163,customer163@example.com,Trần Ánh,Nữ,1984,40-49,Bác sĩ,TP HCM,Việt Nam,Silver,4,1,9,2016-06-05,2023-08-17,1
164,customer164@example.com,Đặng Anh,Nam,1979,40-49,Nhà đầu tư,TP HCM,Việt Nam,Silver,3,1,3,2018-02-03,2023-07-13,1
165,customer165@example.com,Dương Anh,Nam,1962,60+,Nhà đầu tư,TP HCM,Expat,Diamond,2,1,4,2015-10-03,2023-04-14,1
166,customer166@example.com,Hồ Trang,Nữ,1998,25-29,Doanh nhân,Hà Nội,Việt Nam,Gold,2,1,1,2016-07-27,2024-05-30,1
167,customer167@example.com,Phan Trung,Nam,1996,25-29,Chuyên gia tài chính,Hà Nội,Expat,Diamond,2,1,7,2018-05-15,2023-10-09,0
168,customer168@example.com,Bùi Bình,Nam,1987,30-39,Doanh nhân,Quảng Ninh,Expat,Platinum,3,1,7,2019-07-31,2023-06-02,1
169,customer169@example.com,Đặng Đức,Nam,1994,30-39,Luật sư,Hà Nội,Việt Nam,Platinum,1,1,9,2019-08-18,2024-03-02,1
170,customer170@example.com,Phạm Long,Nam,1984,40-49,Luật sư,TP HCM,Việt Nam,Gold,3,1,2,2021-01-02,2023-07-15,0
171,customer171@example.com,Đỗ Lan,Nữ,1998,25-29,Giám đốc,Hà Nội,Việt Nam,Platinum,2,1,8,2017-05-05,2023-12-07,1
172,customer172@example.com,Phạm Khánh,Nam,1973,50-59,Giám đốc,Đà Nẵng,Việt Nam,Diamond,2,1,7,2017-09-07,2024-07-19,1
173,customer173@example.com,Đặng Yến,Nữ,1984,40-49,Chuyên gia tài chính,Hà Nội,Việt Nam,Diamond,4,1,2,2023-02-07,2024-04-25,1
174,customer174@example.com,Phan Nga,Nữ,1973,50-59,Nhà đầu tư,Hà Nội,Expat,Platinum,1,1,5,2021-03-16,2024-08-21,1
175,customer175@example.com,Lê Linh,Nữ,1978,40-49,Chuyên gia tài chính,Hà Nội,Việt Nam,Silver,3,1,5,2020-06-24,2024-10-19,1
176,customer176@example.com,Ngô Ngọc,Nữ,1970,50-59,Chuyên gia tài chính,Hà Nội,Việt Nam,Gold,1,1,9,2015-05-19,2023-03-18,1
177,customer177@example.com,Vũ Tuấn,Nam,1960,60+,Luật sư,Hà Nội,Việt Nam,Silver,4,1,6,2015-09-05,2024-09-24,1
178,customer178@example.com,Nguyễn Lan,Nữ,1991,30-39,Nhà đầu tư,Hà Nội,Việt Nam,Silver,3,1,1,2020-08-19,2024-12-15,1
179,customer179@example.com,Trần Thành,Nam,1966,50-59,Bác sĩ,Hà Nội,Việt Nam,Silver,3,1,5,2019-06-14,2023-03-22,1
180,customer180@example.com,Đỗ Linh,Nữ,1989,30-39,Luật sư,Hà Nội,Việt Nam,Silver,1,1,2,2019-07-19,2024-01-24,1
181,customer181@example.com,Hồ Lan,Nữ,1963,60+,Bác sĩ,Hà Nội,Việt Nam,Gold,3,1,10,2016-01-26,2024-06-24,1
182,customer182@example.com,Ngô Trung,Nam,1973,50-59,Người nổi tiếng,Hà Nội,Expat,Platinum,3,1,9,2021-04-27,2024-11-04,0
183,customer183@example.com,Phạm Phương,Nữ,1961,60+,Bác sĩ,Đà Nẵng,Việt Nam,Gold,1,1,5,2016-10-27,2024-07-31,1
184,customer184@example.com,Phan Hằng,Nữ,1994,30-39,Bác sĩ,Hải Phòng,Việt Nam,Silver,3,1,1,2016-02-05,2024-03-23,1
185,customer185@example.com,Đỗ Việt,Nam,1981,40-49,Nhà đầu tư,Khánh Hòa,Việt Nam,Gold,4,1,8,2017-07-23,2023-12-31,1
186,customer186@example.com,Lê Ánh,Nữ,1987,30-39,Nhà đầu tư,Hà Nội,Việt Nam,Platinum,1,1,2,2018-01-02,2023-06-07,1
187,customer187@example.com,Phan Hải,Nam,1984,40-49,Giám đốc,Hà Nội,Expat,Gold,3,1,2,2016-06-26,2023-03-31,1
188,customer188@example.com,Bùi Yến,Nữ,1995,25-29,Nhà đầu tư,Hà Nội,Việt Nam,Gold,3,1,7,2015-02-20,2023-10-26,1
189,customer189@example.com,Phạm Trung,Nam,1995,25-29,Bác sĩ,TP HCM,Việt Nam,Silver,3,1,8,2016-08-20,2023-03-06,1
190,customer190@example.com,Hoàng Thu,Nữ,1986,30-39,Giám đốc,TP HCM,Expat,Platinum,4,1,10,2021-11-30,2023-07-20,1
191,customer191@example.com,Nguyễn Quang,Nam,1979,40-49,Chuyên gia tài chính,Bình Dương,Việt Nam,Platinum,4,1,6,2019-10-30,2024-10-28,1
192,customer192@example.com,Phan Trung,Nam,1979,40-49,Luật sư,TP HCM,Việt Nam,Gold,3,1,5,2023-03-30,2024-12-12,1
193,customer193@example.com,Vũ Long,Nam,1980,40-49,Nhà đầu tư,TP HCM,Expat,Silver,2,1,9,2015-04-21,2024-04-17,1
194,customer194@example.com,Dương Long,Nam,1988,30-39,Giám đốc,Hải Phòng,Việt Nam,Gold,4,1,3,2022-02-07,2023-11-07,1
195,customer195@example.com,Dương Quang,Nam,1987,30-39,Giám đốc,TP HCM,Việt Nam,Gold,4,1,9,2015-05-31,2024-01-04,1
196,customer196@example.com,Dương Đức,Nam,1966,50-59,Chuyên gia tài chính,Hà Nội,Việt Nam,Gold,4,1,6,2019-10-30,2023-04-19,0
197,customer197@example.com,Bùi Trang,Nữ,1974,50-59,Luật sư,TP HCM,Việt Nam,Platinum,2,1,6,2015-04-11,2024-05-09,1
198,customer198@example.com,Trần Hà,Nữ,1965,50-59,Bác sĩ,TP HCM,Việt Nam,Platinum,4,1,6,2020-05-04,2023-04-10,1
199,customer199@example.com,Trần Thảo,Nữ,1980,40-49,Doanh nhân,Hải Phòng,Việt Nam,Platinum,1,1,3,2023-04-22,2023-09-07,1
200,customer200@example.com,Bùi Quang,Nam,1981,40-49,Người nổi tiếng,Hà Nội,Việt Nam,Silver,4,1,7,2015-04-30,2024-09-20,1
201,customer201@example.com,Vũ Hằng,Nữ,1997,25-29,Doanh nhân,Đà Nẵng,Việt Nam,Platinum,1,1,10,2016-02-21,2024-07-03,1
202,customer202@example.com,Đặng Hoa,Nữ,1972,50-59,Kiến trúc sư,TP HCM,Việt Nam,Diamond,3,1,10,2019-05-11,2024-09-17,1
203,customer203@example.com,Phan Bình,Nam,1982,40-49,Bác sĩ,Hải Phòng,Việt Nam,Silver,1,1,3,2018-07-06,2023-05-01,1
204,customer204@example.com,Phan Khánh,Nam,1971,50-59,Bác sĩ,TP HCM,Việt Nam,Silver,4,1,7,2017-01-30,2024-05-13,1
205,customer205@example.com,Lê Bình,Nam,1995,25-29,Kiến trúc sư,Hà Nội,Việt Nam,Gold,1,1,6,2015-02-09,2024-05-11,1
206,customer206@example.com,Bùi Ánh,Nữ,1995,25-29,Người nổi tiếng,TP HCM,Việt Nam,Platinum,4,1,8,2016-11-16,2023-03-26,1
207,customer207@example.com,Nguyễn Long,Nam,1978,40-49,Luật sư,TP HCM,Việt Nam,Gold,4,1,9,2020-09-23,2023-04-26,1
208,customer208@example.com,Phan Yến,Nữ,1994,30-39,Doanh nhân,Đà Nẵng,Việt Nam,Silver,4,1,2,2023-04-03,2024-10-31,1
209,customer209@example.com,Đặng Thảo,Nữ,1962,60+,Chuyên gia tài chính,Bình Dương,Việt Nam,Platinum,1,1,4,2017-05-09,2024-08-25,1
210,customer210@example.com,Đỗ Mai,Nữ,1970,50-59,Luật sư,Hải Phòng,Việt Nam,Gold,3,1,10,2021-01-15,2023-06-22,1
211,customer211@example.com,Đỗ Thảo,Nữ,1978,40-49,Giám đốc,Hà Nội,Việt Nam,Gold,1,1,5,2022-05-10,2023-05-10,1
212,customer212@example.com,Lê Khánh,Nam,1975,40-49,Chuyên gia tài chính,Hải Phòng,Việt Nam,Platinum,4,1,3,2021-06-23,2024-10-09,1
213,customer213@example.com,Đặng Hoa,Nữ,1984,40-49,Giám đốc,TP HCM,Việt Nam,Platinum,3,1,8,2020-06-22,2023-12-02,1
214,customer214@example.com,Hồ Anh,Nam,1989,30-39,Chuyên gia tài chính,Bình Dương,Việt Nam,Gold,4,1,4,2020-07-19,2023-10-02,1
215,customer215@example.com,Bùi Phương,Nữ,1981,40-49,Bác sĩ,TP HCM,Việt Nam,Silver,1,1,1,2016-02-12,2024-10-03,1
216,customer216@example.com,Trần Hà,Nữ,1961,60+,Bác sĩ,TP HCM,Việt Nam,Diamond,2,1,3,2022-04-16,2023-11-06,1
217,customer217@example.com,Hồ Nga,Nữ,1965,50-59,Kiến trúc sư,Hà Nội,Việt Nam,Gold,1,1,7,2022-01-06,2023-11-09,1
218,customer218@example.com,Hồ Hùng,Nam,1987,30-39,Giám đốc,Hà Nội,Việt Nam,Silver,2,1,9,2022-08-17,2024-03-31,0
219,customer219@example.com,Vũ Trang,Nữ,1967,50-59,Bác sĩ,TP HCM,Việt Nam,Silver,1,1,2,2018-07-07,2024-01-12,1
220,customer220@example.com,Dương Việt,Nam,1984,40-49,Bác sĩ,TP HCM,Việt Nam,Silver,1,1,10,2022-04-16,2023-06-18,1
221,customer221@example.com,Vũ Trung,Nam,1969,50-59,Người nổi tiếng,Bình Dương,Việt Nam,Silver,1,1,10,2023-03-10,2024-01-29,1
222,customer222@example.com,Dương Mai,Nữ,1980,40-49,Luật sư,Hà Nội,Việt Nam,Gold,3,1,1,2022-05-20,2023-11-05,1
223,customer223@example.com,Hoàng Anh,Nam,1985,30-39,Doanh nhân,Hải Phòng,Việt Nam,Silver,4,1,2,2017-09-14,2024-05-26,1
224,customer224@example.com,Nguyễn Hải,Nam,1993,30-39,Chuyên gia tài chính,Hà Nội,Expat,Gold,3,1,9,2022-08-29,2023-06-26,1
225,customer225@example.com,Đỗ Hùng,Nam,1961,60+,Doanh nhân,Hà Nội,Việt Nam,Silver,4,1,9,2018-03-19,2024-10-05,1
226,customer226@example.com,Ngô Hằng,Nữ,1987,30-39,Giám đốc,TP HCM,Việt Nam,Silver,1,1,5,2015-11-20,2024-06-07,1
227,customer227@example.com,Phan Quang,Nam,1994,30-39,Giám đốc,Hà Nội,Việt Nam,Diamond,2,1,1,2017-09-28,2023-03-30,1
228,customer228@example.com,Đỗ Trung,Nam,1989,30-39,Doanh nhân,Hà Nội,Việt Nam,Platinum,1,1,1,2022-12-09,2023-05-21,1
229,customer229@example.com,Phan Thành,Nam,1991,30-39,Kiến trúc sư,Hà Nội,Việt Nam,Platinum,3,1,2,2015-05-01,2023-12-10,1
230,customer230@example.com,Trần Thảo,Nữ,1993,30-39,Giám đốc,TP HCM,Việt Nam,Silver,2,1,6,2016-10-06,2023-09-19,1
231,customer231@example.com,Ngô Thành,Nam,1974,50-59,Doanh nhân,Hà Nội,Expat,Silver,4,1,6,2019-04-18,2023-06-03,1
232,customer232@example.com,Dương Khánh,Nam,1995,25-29,Nhà đầu tư,Hà Nội,Việt Nam,Diamond,3,1,5,2015-11-16,2024-08-08,1
233,customer233@example.com,Phạm Việt,Nam,1971,50-59,Doanh nhân,Khánh Hòa,Việt Nam,Gold,3,1,5,2018-09-02,2023-03-30,1
234,customer234@example.com,Phạm Long,Nam,1983,40-49,Kiến trúc sư,Đà Nẵng,Việt Nam,Gold,4,1,4,2023-03-20,2024-07-13,1
235,customer235@example.com,Nguyễn Quang,Nam,1969,50-59,Doanh nhân,Hà Nội,Việt Nam,Platinum,1,1,6,2015-01-06,2024-11-04,1
236,customer236@example.com,Phạm Yến,Nữ,1966,50-59,Luật sư,TP HCM,Expat,Diamond,2,1,5,2016-01-17,2023-02-14,1
237,customer237@example.com,Đặng Trang,Nữ,1983,40-49,Giám đốc,TP HCM,Việt Nam,Gold,4,1,2,2021-08-21,2024-08-04,0
238,customer238@example.com,Hoàng Long,Nam,1975,40-49,Chuyên gia tài chính,Đồng Nai,Việt Nam,Platinum,3,1,6,2020-01-29,2023-10-06,1
239,customer239@example.com,Dương Việt,Nam,1968,50-59,Giám đốc,Hà Nội,Việt Nam,Gold,4,1,2,2021-01-04,2024-01-02,1
240,customer240@example.com,Hoàng Bình,Nam,1988,30-39,Kiến trúc sư,Bình Dương,Việt Nam,Platinum,3,1,10,2015-06-15,2023-08-09,1
241,customer241@example.com,Trần Trang,Nữ,1969,50-59,Luật sư,Khánh Hòa,Việt Nam,Silver,3,1,5,2016-12-13,2023-02-01,1
242,customer242@example.com,Ngô Yến,Nữ,1995,25-29,Luật sư,Hà Nội,Việt Nam,Platinum,1,1,1,2015-09-10,2023-08-16,1
243,customer243@example.com,Hồ Ánh,Nữ,1983,40-49,Giám đốc,TP HCM,Việt Nam,Platinum,1,1,2,2017-03-20,2024-10-23,1
244,customer244@example.com,Dương Hải,Nam,1965,50-59,Giám đốc,Hà Nội,Việt Nam,Silver,4,1,7,2020-07-25,2023-01-31,1
245,customer245@example.com,Phan Linh,Nữ,1971,50-59,Bác sĩ,Hà Nội,Việt Nam,Silver,2,1,5,2020-08-05,2024-02-26,1
246,customer246@example.com,Trần Thảo,Nữ,1963,60+,Nhà đầu tư,Hà Nội,Việt Nam,Diamond,2,1,9,2015-03-21,2024-01-27,1
247,customer247@example.com,Bùi Ngọc,Nữ,1990,30-39,Người nổi tiếng,TP HCM,Việt Nam,Silver,3,1,3,2015-04-17,2023-11-23,1
248,customer248@example.com,Nguyễn Việt,Nam,1977,40-49,Người nổi tiếng,TP HCM,Việt Nam,Diamond,2,1,2,2017-10-12,2024-11-03,1
249,customer249@example.com,Đỗ Việt,Nam,1974,50-59,Nhà đầu tư,TP HCM,Việt Nam,Platinum,2,1,4,2021-08-23,2023-11-22,1
250,customer250@example.com,Nguyễn Trang,Nữ,1997,25-29,Chuyên gia tài chính,Khánh Hòa,Việt Nam,Gold,2,1,8,2021-01-29,2023-11-13,1
251,customer251@example.com,Nguyễn Đức,Nam,1965,50-59,Luật sư,Hà Nội,Việt Nam,Silver,2,1,3,2018-10-27,2023-07-01,1
252,customer252@example.com,Nguyễn Mai,Nữ,1963,60+,Bác sĩ,Đà Nẵng,Việt Nam,Platinum,1,1,6,2022-11-25,2024-11-09,1
253,customer253@example.com,Hoàng Hải,Nam,1981,40-49,Bác sĩ,Quảng Ninh,Việt Nam,Gold,4,1,6,2016-12-14,2024-12-25,1
254,customer254@example.com,Hồ Phương,Nữ,1974,50-59,Bác sĩ,TP HCM,Việt Nam,Silver,2,1,1,2022-11-15,2024-08-09,1
255,customer255@example.com,Đỗ Hải,Nam,1971,50-59,Luật sư,TP HCM,Việt Nam,Gold,3,1,2,2017-09-01,2023-12-22,1
256,customer256@example.com,Ngô Anh,Nam,1965,50-59,Chuyên gia tài chính,TP HCM,Việt Nam,Silver,1,1,6,2017-11-17,2023-04-21,1
257,customer257@example.com,Đặng Khánh,Nam,1984,40-49,Nhà đầu tư,Khánh Hòa,Expat,Gold,4,1,6,2021-02-14,2024-01-20,1
258,customer258@example.com,Hồ Ngọc,Nữ,1996,25-29,Luật sư,Hà Nội,Việt Nam,Platinum,3,1,1,2018-07-29,2023-09-25,1
259,customer259@example.com,Lê Quang,Nam,1981,40-49,Bác sĩ,Đà Nẵng,Việt Nam,Diamond,1,1,6,2021-08-30,2024-09-20,1
260,customer260@example.com,Hồ Tuấn,Nam,1987,30-39,Nhà đầu tư,Hà Nội,Việt Nam,Silver,2,1,7,2022-10-26,2024-07-21,1
261,customer261@example.com,Hoàng Linh,Nữ,1978,40-49,Giám đốc,Hà Nội,Việt Nam,Platinum,2,1,1,2019-01-17,2023-01-04,1
262,customer262@example.com,Đặng Linh,Nữ,1998,25-29,Giám đốc,Hà Nội,Việt Nam,Silver,1,1,8,2016-04-18,2023-11-12,1
263,customer263@example.com,Hồ Thảo,Nữ,1991,30-39,Giám đốc,TP HCM,Việt Nam,Gold,4,1,6,2017-02-03,2024-04-01,0
264,customer264@example.com,Hoàng Linh,Nữ,1989,30-39,Kiến trúc sư,TP HCM,Việt Nam,Platinum,1,1,2,2022-06-29,2023-12-19,1
265,customer265@example.com,Phạm Yến,Nữ,1997,25-29,Doanh nhân,Bình Dương,Việt Nam,Gold,4,1,10,2017-08-23,2024-05-02,1
266,customer266@example.com,Bùi Phương,Nữ,1962,60+,Bác sĩ,Hà Nội,Việt Nam,Silver,2,1,4,2017-02-28,2023-05-10,0
267,customer267@example.com,Phạm Anh,Nam,1987,30-39,Bác sĩ,Hải Phòng,Việt Nam,Diamond,1,1,2,2019-05-09,2024-07-23,1
268,customer268@example.com,Bùi Thu,Nữ,1977,40-49,Doanh nhân,Hải Phòng,Việt Nam,Gold,4,1,2,2019-08-25,2023-06-03,1
269,customer269@example.com,Đỗ Việt,Nam,1966,50-59,Giám đốc,Hải Phòng,Expat,Diamond,4,1,5,2019-04-18,2024-11-01,1
270,customer270@example.com,Lê Thảo,Nữ,1962,60+,Nhà đầu tư,Hà Nội,Việt Nam,Platinum,1,1,7,2018-09-19,2024-12-08,1
271,customer271@example.com,Phan Lan,Nữ,1977,40-49,Chuyên gia tài chính,Hải Phòng,Việt Nam,Silver,4,1,2,2017-07-22,2023-05-18,1
272,customer272@example.com,Hoàng Trang,Nữ,1980,40-49,Nhà đầu tư,TP HCM,Việt Nam,Gold,4,1,8,2020-10-16,2024-01-18,1
273,customer273@example.com,Hoàng Khánh,Nam,1964,60+,Nhà đầu tư,Hà Nội,Expat,Diamond,1,1,3,2017-02-28,2023-07-25,1
274,customer274@example.com,Đặng Minh,Nam,1962,60+,Chuyên gia tài chính,Đà Nẵng,Việt Nam,Platinum,4,1,2,2022-08-22,2023-02-01,1
275,customer275@example.com,Đặng Mai,Nữ,1998,25-29,Người nổi tiếng,TP HCM,Việt Nam,Silver,3,1,2,2018-03-13,2023-01-29,1
276,customer276@example.com,Dương Đức,Nam,1996,25-29,Luật sư,TP HCM,Việt Nam,Silver,4,1,9,2015-03-24,2024-11-29,0
277,customer277@example.com,Đỗ Việt,Nam,1971,50-59,Doanh nhân,Hà Nội,Việt Nam,Diamond,3,1,7,2019-03-23,2023-12-24,1
278,customer278@example.com,Hoàng Anh,Nam,1989,30-39,Nhà đầu tư,TP HCM,Việt Nam,Diamond,3,1,9,2022-04-05,2024-08-31,1
279,customer279@example.com,Đặng Hoa,Nữ,1966,50-59,Chuyên gia tài chính,Quảng Ninh,Việt Nam,Platinum,3,1,5,2017-02-10,2023-06-03,1
280,customer280@example.com,Dương Việt,Nam,1963,60+,Nhà đầu tư,TP HCM,Việt Nam,Platinum,4,1,5,2017-11-28,2024-03-04,1
281,customer281@example.com,Ngô Trung,Nam,1997,25-29,Luật sư,TP HCM,Việt Nam,Platinum,4,1,6,2020-09-08,2023-11-04,1
282,customer282@example.com,Trần Bình,Nam,1978,40-49,Bác sĩ,Đà Nẵng,Việt Nam,Gold,2,1,6,2022-05-04,2023-04-02,1
283,customer283@example.com,Vũ Việt,Nam,1979,40-49,Chuyên gia tài chính,TP HCM,Việt Nam,Gold,1,1,8,2015-08-08,2024-10-11,1
284,customer284@example.com,Phạm Thành,Nam,1990,30-39,Giám đốc,Bình Dương,Việt Nam,Silver,1,1,3,2016-07-16,2023-07-25,1
285,customer285@example.com,Phan Hà,Nữ,1969,50-59,Bác sĩ,Đà Nẵng,Việt Nam,Gold,2,1,6,2022-02-11,2023-03-01,0
286,customer286@example.com,Dương Ngọc,Nữ,1973,50-59,Bác sĩ,TP HCM,Việt Nam,Platinum,1,1,3,2021-11-21,2024-03-20,1
287,customer287@example.com,Đặng Hằng,Nữ,1987,30-39,Doanh nhân,Hà Nội,Việt Nam,Gold,1,1,6,2023-06-28,2024-06-27,1
288,customer288@example.com,Phạm Khánh,Nam,1975,40-49,Chuyên gia tài chính,Hà Nội,Việt Nam,Gold,3,1,3,2015-09-25,2023-02-16,1
289,customer289@example.com,Ngô Yến,Nữ,1989,30-39,Chuyên gia tài chính,TP HCM,Việt Nam,Silver,4,1,6,2023-05-31,2023-07-12,1
290,customer290@example.com,Phạm Linh,Nữ,1961,60+,Bác sĩ,Hà Nội,Việt Nam,Gold,1,1,6,2022-12-22,2024-10-28,1
291,customer291@example.com,Dương Yến,Nữ,1976,40-49,Doanh nhân,TP HCM,Việt Nam,Silver,1,1,1,2022-09-26,2023-04-29,1
292,customer292@example.com,Bùi Thảo,Nữ,1967,50-59,Người nổi tiếng,Đà Nẵng,Việt Nam,Platinum,1,1,5,2019-09-20,2024-11-08,1
293,customer293@example.com,Ngô Mai,Nữ,1998,25-29,Nhà đầu tư,Hải Phòng,Việt Nam,Platinum,1,1,5,2016-04-11,2023-04-19,1
294,customer294@example.com,Bùi Đức,Nam,1976,40-49,Chuyên gia tài chính,Đà Nẵng,Việt Nam,Silver,4,1,4,2022-09-19,2024-05-07,1
295,customer295@example.com,Hồ Hùng,Nam,1960,60+,Giám đốc,Hải Phòng,Việt Nam,Silver,1,1,9,2015-11-04,2023-04-14,1
296,customer296@example.com,Hoàng Long,Nam,1989,30-39,Người nổi tiếng,Hà Nội,Việt Nam,Diamond,3,1,6,2022-08-04,2023-11-17,1
297,customer297@example.com,Dương Minh,Nam,1966,50-59,Doanh nhân,Bình Dương,Việt Nam,Silver,3,1,8,2021-12-21,2023-10-02,1
298,customer298@example.com,Phan Tuấn,Nam,1983,40-49,Giám đốc,TP HCM,Expat,Silver,4,1,8,2019-09-24,2024-10-26,1
299,customer299@example.com,Lê Khánh,Nam,1967,50-59,Doanh nhân,Quảng Ninh,Việt Nam,Silver,4,1,10,2022-08-10,2024-03-24,1
300,customer300@example.com,Đỗ Lan,Nữ,1982,40-49,Bác sĩ,TP HCM,Việt Nam,Diamond,4,1,1,2015-09-17,2023-09-25,1
301,customer301@example.com,Dương Khánh,Nam,1993,30-39,Luật sư,Quảng Ninh,Việt Nam,Silver,1,1,7,2022-06-03,2023-09-12,1
302,customer302@example.com,Bùi Phương,Nữ,1969,50-59,Doanh nhân,Hà Nội,Expat,Gold,4,1,8,2016-11-08,2023-03-18,1
303,customer303@example.com,Phan Thảo,Nữ,1975,40-49,Doanh nhân,TP HCM,Việt Nam,Gold,2,1,2,2020-02-24,2024-03-30,1
304,customer304@example.com,Đặng Thu,Nữ,1965,50-59,Chuyên gia tài chính,Hà Nội,Việt Nam,Platinum,1,1,7,2019-08-16,2023-02-06,1
305,customer305@example.com,Dương Trung,Nam,1965,50-59,Kiến trúc sư,Đồng Nai,Việt Nam,Platinum,4,1,6,2019-01-28,2023-02-25,1
306,customer306@example.com,Bùi Ngọc,Nữ,1981,40-49,Người nổi tiếng,Đà Nẵng,Việt Nam,Gold,1,1,4,2015-01-09,2023-12-16,1
307,customer307@example.com,Bùi Nga,Nữ,1995,25-29,Giám đốc,Hà Nội,Việt Nam,Silver,4,1,2,2017-11-07,2024-09-17,1
308,customer308@example.com,Phạm Bình,Nam,1985,30-39,Luật sư,Đà Nẵng,Việt Nam,Gold,1,1,8,2020-02-17,2024-11-05,1
309,customer309@example.com,Nguyễn Thành,Nam,1991,30-39,Doanh nhân,TP HCM,Việt Nam,Gold,2,1,10,2016-12-12,2023-05-12,1
310,customer310@example.com,Vũ Hằng,Nữ,1992,30-39,Luật sư,Hà Nội,Expat,Diamond,4,1,3,2016-07-19,2024-02-27,1
311,customer311@example.com,Phan Trang,Nữ,1995,25-29,Luật sư,Hà Nội,Việt Nam,Silver,3,1,3,2022-12-19,2024-10-27,1
312,customer312@example.com,Bùi Khánh,Nam,1992,30-39,Chuyên gia tài chính,Đà Nẵng,Việt Nam,Gold,4,1,9,2018-03-17,2024-03-08,1
313,customer313@example.com,Vũ Tuấn,Nam,1961,60+,Doanh nhân,TP HCM,Việt Nam,Platinum,2,1,5,2022-08-31,2023-09-14,1
314,customer314@example.com,Phạm Việt,Nam,1978,40-49,Doanh nhân,TP HCM,Việt Nam,Gold,2,1,9,2019-05-12,2023-09-01,1
315,customer315@example.com,Vũ Hằng,Nữ,1963,60+,Nhà đầu tư,Khánh Hòa,Expat,Silver,1,1,1,2023-05-05,2023-09-15,1
316,customer316@example.com,Hồ Trang,Nữ,1974,50-59,Chuyên gia tài chính,Đà Nẵng,Việt Nam,Gold,2,1,5,2020-01-13,2023-07-01,1
317,customer317@example.com,Lê Khánh,Nam,1971,50-59,Giám đốc,TP HCM,Việt Nam,Gold,2,1,3,2021-07-20,2023-09-19,0
318,customer318@example.com,Nguyễn Mai,Nữ,1969,50-59,Chuyên gia tài chính,TP HCM,Việt Nam,Gold,3,1,8,2021-06-03,2024-07-17,1
319,customer319@example.com,Phạm Mai,Nữ,1993,30-39,Giám đốc,Hải Phòng,Việt Nam,Gold,4,1,2,2018-12-02,2023-08-15,1
320,customer320@example.com,Phan Thảo,Nữ,1981,40-49,Luật sư,Khánh Hòa,Việt Nam,Gold,1,1,2,2022-07-02,2023-12-21,1
321,customer321@example.com,Hồ Hải,Nam,1962,60+,Nhà đầu tư,Đồng Nai,Expat,Gold,3,1,1,2020-10-18,2024-01-19,1
322,customer322@example.com,Nguyễn Thảo,Nữ,1991,30-39,Luật sư,TP HCM,Việt Nam,Silver,1,1,2,2017-05-13,2024-11-17,1
323,customer323@example.com,Trần Đức,Nam,1987,30-39,Nhà đầu tư,TP HCM,Expat,Platinum,2,1,1,2020-02-24,2023-12-06,0
324,customer324@example.com,Lê Việt,Nam,1963,60+,Kiến trúc sư,TP HCM,Việt Nam,Silver,3,1,7,2019-05-09,2024-04-06,1
325,customer325@example.com,Nguyễn Hằng,Nữ,1980,40-49,Giám đốc,TP HCM,Việt Nam,Gold,1,1,2,2019-01-05,2024-05-29,1
326,customer326@example.com,Trần Thảo,Nữ,1998,25-29,Người nổi tiếng,TP HCM,Việt Nam,Silver,2,1,9,2017-06-19,2023-05-20,1
327,customer327@example.com,Hoàng Ánh,Nữ,1969,50-59,Chuyên gia tài chính,Khánh Hòa,Việt Nam,Diamond,2,1,2,2015-06-21,2023-01-06,1
328,customer328@example.com,Bùi Hoa,Nữ,1994,30-39,Kiến trúc sư,Hà Nội,Việt Nam,Platinum,2,1,7,2022-03-30,2024-06-08,1
329,customer329@example.com,Đỗ Long,Nam,1974,50-59,Luật sư,Hà Nội,Việt Nam,Gold,1,1,9,2020-03-04,2024-10-22,1
330,customer330@example.com,Hoàng Hoa,Nữ,1964,60+,Luật sư,Đà Nẵng,Việt Nam,Silver,2,1,4,2016-02-14,2023-10-19,1
331,customer331@example.com,Đặng Bình,Nam,1980,40-49,Chuyên gia tài chính,TP HCM,Việt Nam,Gold,3,1,6,2019-10-21,2023-06-22,0
332,customer332@example.com,Ngô Khánh,Nam,1974,50-59,Nhà đầu tư,Hà Nội,Việt Nam,Platinum,3,1,8,2020-03-10,2024-04-01,1
333,customer333@example.com,Bùi Hoa,Nữ,1991,30-39,Bác sĩ,TP HCM,Việt Nam,Silver,2,1,9,2017-03-15,2023-09-27,1
334,customer334@example.com,Nguyễn Thành,Nam,1964,60+,Doanh nhân,Hải Phòng,Việt Nam,Platinum,2,1,1,2021-03-09,2023-09-24,1
335,customer335@example.com,Phan Hằng,Nữ,1969,50-59,Luật sư,Đồng Nai,Việt Nam,Platinum,2,1,8,2020-08-14,2024-06-06,1
336,customer336@example.com,Nguyễn Ánh,Nữ,1992,30-39,Luật sư,Bình Dương,Việt Nam,Gold,2,1,9,2016-07-28,2024-04-01,1
337,customer337@example.com,Phan Minh,Nam,1990,30-39,Luật sư,Đà Nẵng,Việt Nam,Silver,2,1,1,2022-07-01,2023-07-31,1
338,customer338@example.com,Đặng Thu,Nữ,1984,40-49,Doanh nhân,Hà Nội,Việt Nam,Silver,3,1,5,2021-06-28,2024-07-11,1
339,customer339@example.com,Phan Phương,Nữ,1984,40-49,Giám đốc,TP HCM,Việt Nam,Diamond,4,1,6,2018-11-14,2024-05-13,1
340,customer340@example.com,Lê Bình,Nam,1992,30-39,Bác sĩ,Hà Nội,Việt Nam,Silver,2,1,3,2016-10-06,2024-01-06,1
341,customer341@example.com,Vũ Việt,Nam,1974,50-59,Chuyên gia tài chính,Đà Nẵng,Việt Nam,Gold,2,1,10,2016-10-22,2024-10-24,1
342,customer342@example.com,Nguyễn Tuấn,Nam,1975,40-49,Bác sĩ,Hà Nội,Việt Nam,Diamond,2,1,1,2016-11-12,2023-09-22,1
343,customer343@example.com,Đỗ Ánh,Nữ,1998,25-29,Doanh nhân,Bình Dương,Việt Nam,Platinum,1,1,4,2020-01-14,2024-09-13,1
344,customer344@example.com,Phạm Hà,Nữ,1970,50-59,Nhà đầu tư,TP HCM,Việt Nam,Platinum,2,1,10,2022-05-25,2024-06-07,1
345,customer345@example.com,Đỗ Phương,Nữ,1989,30-39,Giám đốc,Hà Nội,Việt Nam,Silver,2,1,9,2020-08-27,2024-12-01,1
346,customer346@example.com,Trần Tuấn,Nam,1998,25-29,Người nổi tiếng,Đồng Nai,Việt Nam,Diamond,1,1,2,2020-05-29,2024-11-06,1
347,customer347@example.com,Bùi Quang,Nam,1987,30-39,Chuyên gia tài chính,Bình Dương,Việt Nam,Gold,4,1,7,2018-12-06,2024-08-26,1
348,customer348@example.com,Lê Long,Nam,1987,30-39,Người nổi tiếng,Đà Nẵng,Expat,Silver,4,1,5,2017-02-13,2023-01-06,1
349,customer349@example.com,Bùi Hùng,Nam,1996,25-29,Doanh nhân,TP HCM,Việt Nam,Platinum,4,1,6,2016-03-12,2023-06-08,1
350,customer350@example.com,Bùi Hằng,Nữ,1976,40-49,Chuyên gia tài chính,TP HCM,Expat,Gold,2,1,7,2021-03-11,2024-07-24,1
351,customer351@example.com,Bùi Thu,Nữ,1995,25-29,Kiến trúc sư,Quảng Ninh,Việt Nam,Platinum,4,1,3,2022-05-24,2023-05-02,1
352,customer352@example.com,Trần Linh,Nữ,1970,50-59,Nhà đầu tư,Hải Phòng,Việt Nam,Gold,1,1,3,2019-05-13,2024-10-13,0
353,customer353@example.com,Đặng Trung,Nam,1969,50-59,Nhà đầu tư,Hà Nội,Việt Nam,Gold,1,1,7,2019-06-30,2024-09-20,1
354,customer354@example.com,Nguyễn Ngọc,Nữ,1998,25-29,Bác sĩ,TP HCM,Việt Nam,Silver,3,1,4,2015-05-18,2024-09-05,1
355,customer355@example.com,Hồ Minh,Nam,1970,50-59,Chuyên gia tài chính,Hà Nội,Việt Nam,Silver,3,1,7,2018-12-17,2024-11-16,1
356,customer356@example.com,Nguyễn Khánh,Nam,1993,30-39,Giám đốc,Đồng Nai,Việt Nam,Platinum,3,1,6,2018-02-06,2023-08-20,1
357,customer357@example.com,Vũ Trung,Nam,1989,30-39,Doanh nhân,Hà Nội,Việt Nam,Silver,1,1,9,2018-04-20,2023-12-15,1
358,customer358@example.com,Dương Phương,Nữ,1994,30-39,Kiến trúc sư,TP HCM,Expat,Gold,2,1,6,2020-02-23,2024-11-28,1
359,customer359@example.com,Trần Long,Nam,1990,30-39,Giám đốc,TP HCM,Việt Nam,Silver,2,1,6,2019-08-17,2023-12-28,1
360,customer360@example.com,Phạm Long,Nam,1976,40-49,Giám đốc,TP HCM,Việt Nam,Silver,2,1,8,2018-07-09,2023-12-29,1
361,customer361@example.com,Ngô Ánh,Nữ,1971,50-59,Luật sư,TP HCM,Việt Nam,Platinum,3,1,4,2017-07-27,2023-07-27,1
362,customer362@example.com,Dương Hoa,Nữ,1969,50-59,Giám đốc,Đồng Nai,Việt Nam,Platinum,1,1,9,2015-06-23,2024-05-08,1
363,customer363@example.com,Đỗ Hà,Nữ,1991,30-39,Kiến trúc sư,TP HCM,Expat,Diamond,3,1,7,2017-06-28,2024-08-13,1
364,customer364@example.com,Bùi Lan,Nữ,1990,30-39,Chuyên gia tài chính,TP HCM,Việt Nam,Silver,1,1,9,2020-02-28,2023-11-20,1
365,customer365@example.com,Vũ Trung,Nam,1973,50-59,Giám đốc,TP HCM,Việt Nam,Silver,3,1,4,2018-01-08,2024-04-27,1
366,customer366@example.com,Lê Thu,Nữ,1983,40-49,Nhà đầu tư,Hà Nội,Việt Nam,Gold,4,1,5,2020-01-21,2023-07-04,1
367,customer367@example.com,Ngô Long,Nam,1966,50-59,Luật sư,TP HCM,Expat,Silver,2,1,8,2015-02-09,2023-06-30,1
368,customer368@example.com,Bùi Khánh,Nam,1993,30-39,Chuyên gia tài chính,Hải Phòng,Việt Nam,Gold,1,1,7,2016-02-10,2024-12-08,1
369,customer369@example.com,Đặng Anh,Nam,1976,40-49,Giám đốc,TP HCM,Việt Nam,Gold,3,1,6,2015-03-23,2024-02-26,1
370,customer370@example.com,Đỗ Anh,Nam,1996,25-29,Bác sĩ,Quảng Ninh,Việt Nam,Silver,4,1,8,2015-11-18,2024-01-26,1
371,customer371@example.com,Lê Ánh,Nữ,1969,50-59,Chuyên gia tài chính,TP HCM,Việt Nam,Gold,1,1,2,2016-10-25,2023-12-18,1
372,customer372@example.com,Ngô Thảo,Nữ,1978,40-49,Nhà đầu tư,Hà Nội,Việt Nam,Platinum,3,1,10,2020-11-03,2024-04-06,1
373,customer373@example.com,Lê Khánh,Nam,1961,60+,Luật sư,TP HCM,Expat,Platinum,1,1,4,2016-11-14,2024-02-11,1
374,customer374@example.com,Bùi Minh,Nam,1990,30-39,Doanh nhân,Đà Nẵng,Việt Nam,Diamond,1,1,5,2021-12-06,2023-06-09,1
375,customer375@example.com,Phạm Linh,Nữ,1979,40-49,Kiến trúc sư,TP HCM,Việt Nam,Gold,2,1,1,2015-05-24,2024-11-10,1
376,customer376@example.com,Đặng Hà,Nữ,1990,30-39,Kiến trúc sư,TP HCM,Việt Nam,Diamond,2,1,10,2021-09-13,2024-04-12,1
377,customer377@example.com,Hồ Ánh,Nữ,1993,30-39,Kiến trúc sư,Đồng Nai,Việt Nam,Silver,1,1,8,2018-06-15,2024-01-10,1
378,customer378@example.com,Nguyễn Minh,Nam,1979,40-49,Bác sĩ,TP HCM,Việt Nam,Silver,4,1,8,2018-05-12,2023-01-10,1
379,customer379@example.com,Phạm Ngọc,Nữ,1998,25-29,Doanh nhân,TP HCM,Việt Nam,Diamond,4,1,7,2017-10-20,2023-06-17,1
380,customer380@example.com,Phạm Thảo,Nữ,1984,40-49,Giám đốc,TP HCM,Việt Nam,Platinum,3,1,5,2022-04-10,2024-06-28,1
381,customer381@example.com,Trần Mai,Nữ,1972,50-59,Bác sĩ,Hà Nội,Việt Nam,Gold,3,1,10,2020-07-08,2023-07-12,1
382,customer382@example.com,Bùi Minh,Nam,1963,60+,Bác sĩ,Quảng Ninh,Việt Nam,Silver,4,1,1,2017-08-11,2023-04-03,1
383,customer383@example.com,Phan Hằng,Nữ,1973,50-59,Kiến trúc sư,Hải Phòng,Việt Nam,Gold,1,1,6,2015-11-25,2023-05-30,0
384,customer384@example.com,Bùi Thu,Nữ,1964,60+,Bác sĩ,Hà Nội,Việt Nam,Platinum,1,1,2,2023-01-06,2023-09-12,1
385,customer385@example.com,Ngô Lan,Nữ,1975,40-49,Luật sư,TP HCM,Việt Nam,Gold,2,1,8,2019-05-13,2024-11-28,1
386,customer386@example.com,Hồ Trang,Nữ,1970,50-59,Doanh nhân,Đà Nẵng,Việt Nam,Silver,4,1,5,2017-03-24,2024-01-05,1
387,customer387@example.com,Phạm Anh,Nam,1967,50-59,Nhà đầu tư,TP HCM,Việt Nam,Silver,1,1,7,2017-09-22,2023-01-10,1
388,customer388@example.com,Lê Nga,Nữ,1998,25-29,Giám đốc,Hà Nội,Việt Nam,Platinum,3,1,1,2015-09-02,2023-12-31,1
389,customer389@example.com,Đặng Đức,Nam,1968,50-59,Chuyên gia tài chính,Quảng Ninh,Việt Nam,Platinum,4,1,4,2015-03-29,2024-12-06,1
390,customer390@example.com,Nguyễn Bình,Nam,1976,40-49,Người nổi tiếng,TP HCM,Việt Nam,Gold,2,1,9,2018-11-25,2023-11-28,1
391,customer391@example.com,Bùi Mai,Nữ,1998,25-29,Giám đốc,TP HCM,Việt Nam,Platinum,3,1,8,2015-01-03,2024-10-15,1
392,customer392@example.com,Đỗ Hải,Nam,1961,60+,Luật sư,TP HCM,Việt Nam,Diamond,4,1,4,2020-11-16,2024-11-30,1
393,customer393@example.com,Phan Quang,Nam,1978,40-49,Chuyên gia tài chính,Hà Nội,Việt Nam,Silver,2,1,3,2015-05-09,2023-07-26,1
394,customer394@example.com,Nguyễn Trung,Nam,1966,50-59,Nhà đầu tư,TP HCM,Việt Nam,Platinum,3,1,1,2019-02-09,2023-08-15,1
395,customer395@example.com,Phạm Anh,Nam,1960,60+,Người nổi tiếng,Đồng Nai,Việt Nam,Gold,1,1,6,2021-04-04,2024-03-01,1
396,customer396@example.com,Bùi Minh,Nam,1977,40-49,Giám đốc,Hải Phòng,Việt Nam,Silver,1,1,2,2023-02-18,2023-08-25,1
397,customer397@example.com,Bùi Anh,Nam,1972,50-59,Luật sư,TP HCM,Expat,Gold,4,1,2,2022-02-28,2024-08-13,1
398,customer398@example.com,Trần Mai,Nữ,1987,30-39,Bác sĩ,TP HCM,Việt Nam,Platinum,4,1,6,2018-07-14,2024-07-17,1
399,customer399@example.com,Vũ Ngọc,Nữ,1983,40-49,Nhà đầu tư,Hải Phòng,Việt Nam,Silver,2,1,7,2021-03-03,2023-09-18,1
400,customer400@example.com,Vũ Lan,Nữ,1988,30-39,Doanh nhân,Quảng Ninh,Việt Nam,Gold,3,1,1,2018-05-15,2023-08-16,1
401,customer401@example.com,Dương Hà,Nữ,1961,60+,Kiến trúc sư,Đồng Nai,Việt Nam,Gold,2,1,2,2015-06-04,2024-04-16,1
402,customer402@example.com,Phan Trung,Nam,1976,40-49,Luật sư,Hà Nội,Việt Nam,Silver,4,1,10,2017-06-09,2023-03-21,1
403,customer403@example.com,Đặng Hà,Nữ,1971,50-59,Giám đốc,TP HCM,Việt Nam,Platinum,4,1,2,2015-08-18,2023-12-09,1
404,customer404@example.com,Trần Hà,Nữ,1986,30-39,Luật sư,Đà Nẵng,Việt Nam,Diamond,4,1,1,2018-06-02,2024-06-20,0
405,customer405@example.com,Bùi Khánh,Nam,1980,40-49,Luật sư,Hà Nội,Việt Nam,Diamond,4,1,10,2021-06-14,2024-05-31,1
406,customer406@example.com,Dương Hằng,Nữ,1978,40-49,Bác sĩ,Hà Nội,Việt Nam,Gold,1,1,9,2019-06-24,2023-09-26,1
407,customer407@example.com,Dương Mai,Nữ,1968,50-59,Người nổi tiếng,TP HCM,Việt Nam,Platinum,2,1,9,2021-11-28,2024-06-20,1
408,customer408@example.com,Dương Quang,Nam,1977,40-49,Chuyên gia tài chính,TP HCM,Việt Nam,Silver,4,1,7,2019-02-05,2023-12-23,1
409,customer409@example.com,Hồ Lan,Nữ,1998,25-29,Kiến trúc sư,Hà Nội,Việt Nam,Platinum,4,1,10,2016-08-20,2024-03-27,0
410,customer410@example.com,Hồ Hải,Nam,1972,50-59,Bác sĩ,Đà Nẵng,Expat,Silver,1,1,4,2021-12-18,2023-06-01,1
411,customer411@example.com,Phan Trang,Nữ,1960,60+,Giám đốc,Hà Nội,Việt Nam,Silver,2,1,4,2021-02-16,2024-06-19,1
412,customer412@example.com,Ngô Trang,Nữ,1969,50-59,Doanh nhân,TP HCM,Expat,Gold,3,1,3,2015-09-04,2023-10-18,1
413,customer413@example.com,Đặng Ánh,Nữ,1963,60+,Doanh nhân,Hà Nội,Việt Nam,Platinum,3,1,2,2015-03-20,2023-10-27,1
414,customer414@example.com,Vũ Yến,Nữ,1974,50-59,Giám đốc,Đồng Nai,Việt Nam,Gold,1,1,3,2017-03-25,2024-05-27,1
415,customer415@example.com,Phạm Thành,Nam,1962,60+,Kiến trúc sư,TP HCM,Việt Nam,Silver,3,1,6,2018-12-26,2024-10-02,1
416,customer416@example.com,Hồ Thảo,Nữ,1963,60+,Nhà đầu tư,Đồng Nai,Việt Nam,Silver,3,1,4,2016-09-13,2023-12-16,1
417,customer417@example.com,Ngô Quang,Nam,1965,50-59,Luật sư,TP HCM,Việt Nam,Gold,3,1,10,2018-09-10,2024-04-04,1
418,customer418@example.com,Đỗ Thành,Nam,1968,50-59,Luật sư,Bình Dương,Việt Nam,Platinum,2,1,7,2016-08-17,2024-11-02,1
419,customer419@example.com,Trần Thành,Nam,1980,40-49,Giám đốc,Hà Nội,Việt Nam,Silver,1,1,6,2019-08-23,2024-02-26,1
420,customer420@example.com,Dương Linh,Nữ,1969,50-59,Giám đốc,Hà Nội,Việt Nam,Diamond,3,1,10,2021-05-11,2024-09-19,1
421,customer421@example.com,Hồ Minh,Nam,1974,50-59,Chuyên gia tài chính,Hà Nội,Việt Nam,Silver,4,1,6,2017-01-23,2024-02-01,1
422,customer422@example.com,Phạm Đức,Nam,1970,50-59,Doanh nhân,TP HCM,Expat,Diamond,4,1,4,2023-04-29,2024-11-18,1
423,customer423@example.com,Lê Bình,Nam,1964,60+,Người nổi tiếng,TP HCM,Expat,Diamond,4,1,7,2015-06-21,2024-09-14,1
424,customer424@example.com,Vũ Phương,Nữ,1980,40-49,Doanh nhân,TP HCM,Việt Nam,Platinum,1,1,4,2020-10-25,2024-07-04,1
425,customer425@example.com,Vũ Thành,Nam,1995,25-29,Doanh nhân,Hà Nội,Việt Nam,Diamond,3,1,8,2016-11-12,2024-03-08,1
426,customer426@example.com,Lê Bình,Nam,1993,30-39,Người nổi tiếng,Hà Nội,Việt Nam,Silver,2,1,7,2019-08-21,2023-11-28,1
427,customer427@example.com,Đỗ Khánh,Nam,1989,30-39,Luật sư,Bình Dương,Việt Nam,Silver,2,1,2,2016-01-09,2023-04-27,1
428,customer428@example.com,Bùi Trang,Nữ,1965,50-59,Nhà đầu tư,Đà Nẵng,Expat,Gold,2,1,7,2021-03-04,2024-01-25,0
429,customer429@example.com,Đỗ Anh,Nam,1981,40-49,Bác sĩ,Hà Nội,Việt Nam,Platinum,1,1,7,2018-06-15,2023-11-13,1
430,customer430@example.com,Hồ Mai,Nữ,1978,40-49,Giám đốc,Đồng Nai,Expat,Silver,3,1,1,2020-02-22,2024-05-24,1
431,customer431@example.com,Đặng Đức,Nam,1998,25-29,Luật sư,TP HCM,Việt Nam,Gold,1,1,10,2021-09-24,2023-01-07,1
432,customer432@example.com,Phạm Lan,Nữ,1995,25-29,Bác sĩ,Hà Nội,Việt Nam,Silver,1,1,10,2021-10-07,2023-11-02,1
433,customer433@example.com,Trần Quang,Nam,1963,60+,Bác sĩ,Hà Nội,Việt Nam,Platinum,2,1,8,2023-05-28,2024-08-15,1
434,customer434@example.com,Dương Long,Nam,1965,50-59,Chuyên gia tài chính,TP HCM,Việt Nam,Silver,4,1,9,2015-09-23,2023-10-27,1
435,customer435@example.com,Phan Thành,Nam,1977,40-49,Nhà đầu tư,TP HCM,Việt Nam,Gold,1,1,10,2023-03-08,2024-10-06,1
436,customer436@example.com,Ngô Khánh,Nam,1990,30-39,Kiến trúc sư,TP HCM,Việt Nam,Silver,3,1,3,2021-11-21,2024-07-30,1
437,customer437@example.com,Dương Mai,Nữ,1991,30-39,Luật sư,Đà Nẵng,Expat,Silver,1,1,8,2022-01-05,2023-05-01,1
438,customer438@example.com,Vũ Minh,Nam,1986,30-39,Chuyên gia tài chính,TP HCM,Việt Nam,Silver,2,1,5,2017-11-08,2023-03-11,1
439,customer439@example.com,Trần Ánh,Nữ,1960,60+,Chuyên gia tài chính,TP HCM,Việt Nam,Gold,1,1,3,2017-03-05,2023-12-05,1
440,customer440@example.com,Dương Lan,Nữ,1990,30-39,Bác sĩ,TP HCM,Việt Nam,Diamond,3,1,8,2019-08-23,2023-02-27,1
441,customer441@example.com,Ngô Ánh,Nữ,1996,25-29,Chuyên gia tài chính,TP HCM,Việt Nam,Gold,3,1,6,2015-09-29,2023-06-02,1
442,customer442@example.com,Vũ Anh,Nam,1981,40-49,Bác sĩ,TP HCM,Việt Nam,Gold,3,1,6,2022-12-17,2023-02-02,1
443,customer443@example.com,Phạm Hải,Nam,1991,30-39,Người nổi tiếng,Hải Phòng,Việt Nam,Gold,2,1,2,2019-03-13,2023-02-08,1
444,customer444@example.com,Bùi Minh,Nam,1988,30-39,Người nổi tiếng,Đồng Nai,Việt Nam,Silver,4,1,9,2018-06-25,2023-12-02,1
445,customer445@example.com,Hồ Tuấn,Nam,1993,30-39,Luật sư,Đà Nẵng,Việt Nam,Platinum,1,1,1,2018-06-27,2023-02-15,1
446,customer446@example.com,Đặng Minh,Nam,1981,40-49,Giám đốc,TP HCM,Việt Nam,Silver,3,1,4,2018-08-07,2023-07-25,1
447,customer447@example.com,Phan Ngọc,Nữ,1994,30-39,Người nổi tiếng,TP HCM,Việt Nam,Silver,1,1,1,2021-12-26,2024-07-27,1
448,customer448@example.com,Phan Thành,Nam,1994,30-39,Chuyên gia tài chính,Hà Nội,Expat,Platinum,2,1,3,2015-10-19,2023-11-15,1
449,customer449@example.com,Đặng Lan,Nữ,1994,30-39,Bác sĩ,Hà Nội,Expat,Silver,4,1,1,2015-12-19,2024-03-12,1
450,customer450@example.com,Hoàng Nga,Nữ,1982,40-49,Luật sư,Đà Nẵng,Việt Nam,Gold,4,1,10,2016-06-23,2023-04-06,1
451,customer451@example.com,Đặng Thảo,Nữ,1966,50-59,Người nổi tiếng,TP HCM,Expat,Silver,3,1,6,2019-05-25,2023-07-07,1
452,customer452@example.com,Đặng Thu,Nữ,1980,40-49,Doanh nhân,Hà Nội,Việt Nam,Gold,2,1,5,2018-11-28,2024-09-10,1
453,customer453@example.com,Ngô Việt,Nam,1985,30-39,Giám đốc,TP HCM,Việt Nam,Platinum,4,1,7,2021-08-15,2024-02-28,1
454,customer454@example.com,Lê Bình,Nam,1995,25-29,Nhà đầu tư,Hà Nội,Việt Nam,Platinum,4,1,7,2021-05-12,2023-12-17,1
455,customer455@example.com,Hồ Anh,Nam,1971,50-59,Giám đốc,Đà Nẵng,Việt Nam,Platinum,1,1,10,2021-09-07,2024-04-19,1
456,customer456@example.com,Lê Long,Nam,1988,30-39,Nhà đầu tư,Hà Nội,Việt Nam,Platinum,4,1,6,2020-07-17,2024-10-22,1
457,customer457@example.com,Lê Trung,Nam,1973,50-59,Doanh nhân,Đà Nẵng,Việt Nam,Gold,3,1,7,2021-11-26,2024-08-14,1
458,customer458@example.com,Hoàng Trung,Nam,1980,40-49,Kiến trúc sư,Đồng Nai,Expat,Platinum,3,1,2,2021-07-14,2023-01-09,1
459,customer459@example.com,Hoàng Lan,Nữ,1968,50-59,Chuyên gia tài chính,Đồng Nai,Expat,Silver,3,1,2,2018-03-01,2023-02-01,1
460,customer460@example.com,Ngô Hằng,Nữ,1980,40-49,Nhà đầu tư,TP HCM,Việt Nam,Platinum,4,1,3,2017-02-09,2024-07-22,1
461,customer461@example.com,Lê Thảo,Nữ,1986,30-39,Bác sĩ,Hà Nội,Việt Nam,Silver,4,1,7,2016-07-10,2023-03-28,1
462,customer462@example.com,Dương Trang,Nữ,1989,30-39,Nhà đầu tư,TP HCM,Việt Nam,Gold,4,1,7,2018-12-26,2023-08-20,1
463,customer463@example.com,Đặng Khánh,Nam,1996,25-29,Luật sư,Đà Nẵng,Việt Nam,Diamond,3,1,1,2015-06-05,2024-08-04,1
464,customer464@example.com,Đỗ Thu,Nữ,1967,50-59,Giám đốc,Hà Nội,Việt Nam,Diamond,3,1,8,2020-10-18,2023-03-22,1
465,customer465@example.com,Đặng Anh,Nam,1975,40-49,Giám đốc,TP HCM,Việt Nam,Gold,1,1,6,2020-12-31,2023-01-12,1
466,customer466@example.com,Ngô Nga,Nữ,1996,25-29,Nhà đầu tư,TP HCM,Expat,Silver,2,1,1,2022-10-17,2024-09-03,1
467,customer467@example.com,Hồ Thu,Nữ,1963,60+,Bác sĩ,TP HCM,Việt Nam,Silver,1,1,5,2020-06-08,2023-03-26,1
468,customer468@example.com,Hoàng Tuấn,Nam,1977,40-49,Kiến trúc sư,Hà Nội,Việt Nam,Platinum,2,1,10,2023-04-15,2023-06-04,1
469,customer469@example.com,Hoàng Ngọc,Nữ,1971,50-59,Luật sư,TP HCM,Việt Nam,Platinum,3,1,2,2016-08-17,2024-09-01,1
470,customer470@example.com,Dương Quang,Nam,1991,30-39,Nhà đầu tư,Hà Nội,Việt Nam,Gold,2,1,10,2023-03-27,2023-12-20,0
471,customer471@example.com,Nguyễn Mai,Nữ,1967,50-59,Người nổi tiếng,TP HCM,Việt Nam,Platinum,2,1,7,2022-08-31,2024-12-23,1
472,customer472@example.com,Bùi Hà,Nữ,1969,50-59,Nhà đầu tư,Hà Nội,Expat,Gold,3,1,9,2022-08-29,2023-02-12,1
473,customer473@example.com,Đỗ Ánh,Nữ,1987,30-39,Kiến trúc sư,TP HCM,Việt Nam,Silver,4,1,8,2022-07-28,2023-09-05,1
474,customer474@example.com,Phan Anh,Nam,1993,30-39,Bác sĩ,Hà Nội,Việt Nam,Silver,1,1,1,2019-08-12,2023-04-11,1
475,customer475@example.com,Phạm Trang,Nữ,1982,40-49,Kiến trúc sư,Hà Nội,Việt Nam,Gold,1,1,10,2022-05-13,2023-08-11,1
476,customer476@example.com,Trần Trung,Nam,1967,50-59,Bác sĩ,TP HCM,Việt Nam,Gold,2,1,2,2022-10-20,2023-07-08,1
477,customer477@example.com,Hồ Thu,Nữ,1964,60+,Kiến trúc sư,Đà Nẵng,Việt Nam,Platinum,3,1,5,2016-10-25,2023-03-17,1
478,customer478@example.com,Vũ Hải,Nam,1984,40-49,Doanh nhân,Hà Nội,Việt Nam,Silver,1,1,8,2017-04-01,2024-09-16,1
479,customer479@example.com,Lê Yến,Nữ,1966,50-59,Nhà đầu tư,Hà Nội,Việt Nam,Diamond,3,1,2,2015-05-23,2023-03-16,0
480,customer480@example.com,Nguyễn Thu,Nữ,1988,30-39,Bác sĩ,TP HCM,Việt Nam,Silver,4,1,5,2016-09-12,2024-12-17,1
481,customer481@example.com,Nguyễn Yến,Nữ,1996,25-29,Người nổi tiếng,TP HCM,Việt Nam,Platinum,1,1,9,2017-07-14,2023-01-04,1
482,customer482@example.com,Đỗ Yến,Nữ,1967,50-59,Chuyên gia tài chính,TP HCM,Việt Nam,Silver,1,1,6,2020-12-29,2023-12-15,1
483,customer483@example.com,Hồ Linh,Nữ,1978,40-49,Bác sĩ,TP HCM,Expat,Platinum,3,1,7,2016-03-13,2024-10-07,1
484,customer484@example.com,Hồ Thu,Nữ,1965,50-59,Luật sư,Hà Nội,Việt Nam,Platinum,2,1,8,2019-05-12,2023-03-06,1
485,customer485@example.com,Bùi Hà,Nữ,1991,30-39,Người nổi tiếng,Khánh Hòa,Việt Nam,Silver,3,1,1,2019-07-19,2023-05-02,1
486,customer486@example.com,Lê Trang,Nữ,1994,30-39,Luật sư,Đồng Nai,Việt Nam,Silver,1,1,8,2021-12-07,2023-02-16,1
487,customer487@example.com,Lê Anh,Nam,1960,60+,Doanh nhân,Đồng Nai,Việt Nam,Silver,2,1,10,2015-09-19,2023-04-19,1
488,customer488@example.com,Dương Đức,Nam,1964,60+,Nhà đầu tư,TP HCM,Việt Nam,Platinum,4,1,6,2016-05-09,2024-12-01,1
489,customer489@example.com,Dương Đức,Nam,1980,40-49,Doanh nhân,TP HCM,Việt Nam,Silver,2,1,7,2016-11-19,2024-12-14,1
490,customer490@example.com,Phạm Trung,Nam,1988,30-39,Doanh nhân,Hà Nội,Việt Nam,Gold,4,1,3,2015-03-06,2024-05-13,1
491,customer491@example.com,Trần Khánh,Nam,1971,50-59,Kiến trúc sư,TP HCM,Việt Nam,Platinum,2,1,4,2016-08-09,2024-10-17,1
492,customer492@example.com,Phạm Mai,Nữ,1986,30-39,Doanh nhân,TP HCM,Việt Nam,Gold,1,1,5,2018-11-25,2024-03-04,0
493,customer493@example.com,Trần Thành,Nam,1972,50-59,Giám đốc,TP HCM,Expat,Diamond,2,1,8,2022-01-09,2024-11-06,1
494,customer494@example.com,Trần Việt,Nam,1972,50-59,Bác sĩ,TP HCM,Expat,Gold,2,1,3,2022-07-07,2023-02-14,0
495,customer495@example.com,Phạm Hằng,Nữ,1978,40-49,Kiến trúc sư,TP HCM,Việt Nam,Platinum,1,1,2,2023-04-21,2023-02-23,1
496,customer496@example.com,Dương Minh,Nam,1970,50-59,Người nổi tiếng,TP HCM,Việt Nam,Silver,4,1,10,2021-07-02,2023-11-30,1
497,customer497@example.com,Dương Hoa,Nữ,1974,50-59,Chuyên gia tài chính,Hà Nội,Việt Nam,Gold,2,1,7,2017-06-22,2023-03-17,1
498,customer498@example.com,Vũ Mai,Nữ,1963,60+,Luật sư,Đồng Nai,Việt Nam,Gold,2,1,8,2023-01-27,2023-07-18,1
499,customer499@example.com,Phan Mai,Nữ,1972,50-59,Doanh nhân,TP HCM,Việt Nam,Silver,4,1,8,2019-09-10,2023-06-25,1
500,customer500@example.com,Đỗ Tuấn,Nam,1978,40-49,Bác sĩ,TP HCM,Việt Nam,Silver,4,1,9,2020-06-26,2023-08-10,1
501,customer501@example.com,Nguyễn Trang,Nữ,1977,40-49,Nhà đầu tư,Đà Nẵng,Việt Nam,Silver,2,1,10,2016-09-02,2024-08-10,1
502,customer502@example.com,Nguyễn Thu,Nữ,1962,60+,Doanh nhân,TP HCM,Việt Nam,Platinum,1,1,8,2020-07-21,2023-09-04,1
503,customer503@example.com,Phạm Tuấn,Nam,1986,30-39,Chuyên gia tài chính,Hà Nội,Việt Nam,Silver,4,1,5,2016-10-24,2024-12-21,1
504,customer504@example.com,Đặng Việt,Nam,1989,30-39,Bác sĩ,Bình Dương,Việt Nam,Platinum,3,1,8,2022-11-23,2024-10-10,0
505,customer505@example.com,Ngô Hải,Nam,1984,40-49,Doanh nhân,Hà Nội,Việt Nam,Platinum,2,1,2,2021-12-16,2023-12-10,1
506,customer506@example.com,Hồ Hải,Nam,1992,30-39,Doanh nhân,Hà Nội,Việt Nam,Gold,3,1,6,2016-12-18,2024-10-25,1
507,customer507@example.com,Ngô Việt,Nam,1995,25-29,Luật sư,Hà Nội,Việt Nam,Gold,4,1,10,2022-11-18,2023-08-03,1
508,customer508@example.com,Phan Long,Nam,1980,40-49,Nhà đầu tư,Hà Nội,Việt Nam,Silver,4,1,9,2020-11-27,2023-05-06,1
509,customer509@example.com,Đỗ Nga,Nữ,1988,30-39,Giám đốc,Hà Nội,Expat,Silver,4,1,3,2018-03-27,2023-03-20,1
510,customer510@example.com,Ngô Mai,Nữ,1967,50-59,Người nổi tiếng,Hà Nội,Việt Nam,Diamond,1,1,5,2019-09-03,2024-11-29,1
511,customer511@example.com,Phan Quang,Nam,1990,30-39,Người nổi tiếng,Đà Nẵng,Việt Nam,Silver,1,1,4,2020-10-29,2024-10-22,1
512,customer512@example.com,Đặng Phương,Nữ,1980,40-49,Người nổi tiếng,TP HCM,Việt Nam,Diamond,3,1,3,2017-11-30,2023-08-21,1
513,customer513@example.com,Lê Nga,Nữ,1963,60+,Kiến trúc sư,TP HCM,Việt Nam,Diamond,3,1,3,2016-12-19,2024-12-26,1
514,customer514@example.com,Phạm Hùng,Nam,1970,50-59,Doanh nhân,Quảng Ninh,Việt Nam,Gold,3,1,3,2017-04-20,2024-07-29,1
515,customer515@example.com,Lê Nga,Nữ,1982,40-49,Người nổi tiếng,TP HCM,Việt Nam,Silver,1,1,7,2020-08-07,2023-05-29,1
516,customer516@example.com,Nguyễn Trang,Nữ,1969,50-59,Chuyên gia tài chính,TP HCM,Việt Nam,Diamond,2,1,10,2023-03-04,2024-03-28,1
517,customer517@example.com,Nguyễn Tuấn,Nam,1990,30-39,Giám đốc,Hà Nội,Việt Nam,Platinum,4,1,6,2016-01-14,2023-12-01,0
518,customer518@example.com,Bùi Đức,Nam,1997,25-29,Kiến trúc sư,Hà Nội,Việt Nam,Platinum,1,1,9,2019-06-04,2023-07-19,1
519,customer519@example.com,Vũ Tuấn,Nam,1983,40-49,Nhà đầu tư,TP HCM,Việt Nam,Silver,3,1,5,2019-12-31,2024-07-28,1
520,customer520@example.com,Dương Thu,Nữ,1986,30-39,Kiến trúc sư,Hà Nội,Việt Nam,Diamond,4,1,3,2021-08-02,2024-09-04,1
521,customer521@example.com,Đặng Thành,Nam,1979,40-49,Chuyên gia tài chính,Hà Nội,Expat,Platinum,1,1,1,2019-08-05,2024-10-16,1
522,customer522@example.com,Bùi Thu,Nữ,1971,50-59,Bác sĩ,Hà Nội,Việt Nam,Silver,4,1,1,2018-05-21,2024-08-22,1
523,customer523@example.com,Nguyễn Ngọc,Nữ,1974,50-59,Doanh nhân,Hà Nội,Việt Nam,Gold,4,1,2,2022-05-02,2024-11-12,1
524,customer524@example.com,Đặng Trang,Nữ,1971,50-59,Luật sư,Hà Nội,Việt Nam,Gold,1,1,10,2023-05-12,2024-01-06,1
525,customer525@example.com,Hồ Ánh,Nữ,1976,40-49,Người nổi tiếng,Quảng Ninh,Việt Nam,Gold,1,1,5,2016-10-29,2024-08-18,0
526,customer526@example.com,Ngô Mai,Nữ,1989,30-39,Chuyên gia tài chính,Hà Nội,Việt Nam,Gold,3,1,1,2018-04-02,2023-10-26,1
527,customer527@example.com,Phạm Việt,Nam,1992,30-39,Bác sĩ,Đà Nẵng,Việt Nam,Silver,3,1,6,2022-09-06,2023-11-05,1
528,customer528@example.com,Bùi Phương,Nữ,1966,50-59,Chuyên gia tài chính,Hải Phòng,Việt Nam,Gold,3,1,8,2019-08-15,2023-12-15,1
529,customer529@example.com,Phạm Tuấn,Nam,1966,50-59,Luật sư,Hải Phòng,Việt Nam,Gold,1,1,7,2020-03-01,2023-03-20,1
530,customer530@example.com,Đặng Hải,Nam,1961,60+,Kiến trúc sư,TP HCM,Việt Nam,Gold,3,1,3,2022-12-17,2023-11-08,0
531,customer531@example.com,Lê Khánh,Nam,1974,50-59,Bác sĩ,TP HCM,Việt Nam,Silver,1,1,7,2022-09-30,2023-04-25,0
532,customer532@example.com,Nguyễn Linh,Nữ,1987,30-39,Giám đốc,Hà Nội,Việt Nam,Gold,4,1,2,2017-11-02,2023-02-14,0
533,customer533@example.com,Dương Hùng,Nam,1966,50-59,Luật sư,TP HCM,Việt Nam,Platinum,1,1,2,2016-08-19,2023-10-12,1
534,customer534@example.com,Lê Hà,Nữ,1982,40-49,Luật sư,TP HCM,Việt Nam,Platinum,1,1,9,2017-06-07,2023-07-16,1
535,customer535@example.com,Nguyễn Khánh,Nam,1994,30-39,Giám đốc,Đồng Nai,Expat,Platinum,4,1,6,2022-10-30,2024-08-26,1
536,customer536@example.com,Phan Quang,Nam,1971,50-59,Nhà đầu tư,Hà Nội,Việt Nam,Silver,3,1,2,2020-03-23,2023-04-23,1
537,customer537@example.com,Ngô Thảo,Nữ,1983,40-49,Doanh nhân,Hà Nội,Việt Nam,Gold,4,1,10,2023-04-04,2023-11-16,1
538,customer538@example.com,Bùi Hằng,Nữ,1974,50-59,Kiến trúc sư,Quảng Ninh,Việt Nam,Platinum,4,1,6,2017-01-04,2023-01-14,1
539,customer539@example.com,Vũ Thu,Nữ,1966,50-59,Giám đốc,Hà Nội,Việt Nam,Platinum,1,1,3,2015-09-23,2024-01-08,1
540,customer540@example.com,Đỗ Hà,Nữ,1972,50-59,Nhà đầu tư,Hà Nội,Việt Nam,Platinum,3,1,10,2021-08-28,2023-10-07,1
541,customer541@example.com,Đặng Ánh,Nữ,1982,40-49,Nhà đầu tư,Quảng Ninh,Việt Nam,Silver,4,1,2,2016-05-15,2023-09-14,1
542,customer542@example.com,Nguyễn Hùng,Nam,1968,50-59,Doanh nhân,Hải Phòng,Việt Nam,Silver,2,1,7,2021-10-12,2024-11-26,1
543,customer543@example.com,Dương Hoa,Nữ,1966,50-59,Người nổi tiếng,Hải Phòng,Việt Nam,Platinum,4,1,9,2017-12-07,2024-07-09,1
544,customer544@example.com,Vũ Hùng,Nam,1962,60+,Nhà đầu tư,TP HCM,Expat,Gold,1,1,1,2016-12-25,2024-07-24,1
545,customer545@example.com,Đặng Hằng,Nữ,1970,50-59,Bác sĩ,Hà Nội,Việt Nam,Platinum,4,1,9,2022-09-08,2024-07-06,1
546,customer546@example.com,Lê Yến,Nữ,1995,25-29,Doanh nhân,TP HCM,Việt Nam,Diamond,3,1,5,2018-08-05,2023-03-04,0
547,customer547@example.com,Phan Hải,Nam,1968,50-59,Doanh nhân,Đà Nẵng,Việt Nam,Gold,4,1,6,2019-01-03,2024-02-26,1
548,customer548@example.com,Phạm Anh,Nam,1975,40-49,Kiến trúc sư,TP HCM,Expat,Silver,3,1,2,2018-10-14,2023-06-23,0
549,customer549@example.com,Đặng Ánh,Nữ,1962,60+,Nhà đầu tư,TP HCM,Expat,Silver,4,1,10,2015-04-02,2023-11-21,1
550,customer550@example.com,Đỗ Hoa,Nữ,1980,40-49,Người nổi tiếng,Hà Nội,Việt Nam,Silver,3,1,3,2021-11-23,2023-11-03,1
551,customer551@example.com,Đặng Ánh,Nữ,1972,50-59,Giám đốc,Bình Dương,Việt Nam,Silver,1,1,5,2021-06-07,2024-02-16,1
552,customer552@example.com,Trần Trung,Nam,1997,25-29,Chuyên gia tài chính,Hà Nội,Việt Nam,Gold,4,1,4,2018-11-23,2023-03-20,1
553,customer553@example.com,Dương Thảo,Nữ,1992,30-39,Nhà đầu tư,TP HCM,Việt Nam,Gold,3,1,10,2020-10-11,2024-04-09,1
554,customer554@example.com,Hồ Khánh,Nam,1961,60+,Bác sĩ,TP HCM,Việt Nam,Diamond,4,1,5,2022-02-25,2024-06-29,1
555,customer555@example.com,Ngô Ánh,Nữ,1996,25-29,Doanh nhân,TP HCM,Việt Nam,Silver,2,1,5,2019-11-19,2024-02-25,1
556,customer556@example.com,Vũ Long,Nam,1973,50-59,Kiến trúc sư,TP HCM,Việt Nam,Gold,4,1,4,2016-04-10,2023-06-03,1
557,customer557@example.com,Đặng Bình,Nam,1979,40-49,Nhà đầu tư,TP HCM,Expat,Silver,3,1,3,2015-04-30,2023-09-22,1
558,customer558@example.com,Lê Ánh,Nữ,1995,25-29,Doanh nhân,Khánh Hòa,Việt Nam,Silver,1,1,6,2021-09-30,2023-11-02,1
559,customer559@example.com,Hồ Ánh,Nữ,1983,40-49,Giám đốc,TP HCM,Việt Nam,Platinum,2,1,2,2021-05-27,2024-05-27,1
560,customer560@example.com,Trần Linh,Nữ,1991,30-39,Giám đốc,Đà Nẵng,Việt Nam,Platinum,4,1,4,2019-09-29,2023-08-12,1
561,customer561@example.com,Hoàng Bình,Nam,1973,50-59,Nhà đầu tư,Hà Nội,Việt Nam,Gold,3,1,2,2018-07-20,2024-07-12,1
562,customer562@example.com,Dương Tuấn,Nam,1977,40-49,Chuyên gia tài chính,TP HCM,Việt Nam,Silver,1,1,1,2022-09-30,2024-11-18,1
563,customer563@example.com,Hồ Trang,Nữ,1979,40-49,Chuyên gia tài chính,Đồng Nai,Việt Nam,Gold,2,1,8,2019-05-11,2023-01-09,1
564,customer564@example.com,Hoàng Hoa,Nữ,1976,40-49,Luật sư,Hà Nội,Expat,Silver,4,1,6,2022-03-24,2024-02-21,1
565,customer565@example.com,Dương Thu,Nữ,1965,50-59,Người nổi tiếng,Đà Nẵng,Expat,Silver,4,1,2,2016-10-18,2024-12-16,1
566,customer566@example.com,Vũ Trung,Nam,1982,40-49,Chuyên gia tài chính,TP HCM,Việt Nam,Silver,2,1,8,2022-03-10,2023-05-20,0
567,customer567@example.com,Phan Trung,Nam,1979,40-49,Giám đốc,Hà Nội,Việt Nam,Platinum,2,1,10,2022-09-09,2024-02-25,1
568,customer568@example.com,Đặng Hà,Nữ,1988,30-39,Bác sĩ,Hà Nội,Việt Nam,Platinum,3,1,4,2015-12-12,2024-02-29,1
569,customer569@example.com,Đỗ Linh,Nữ,1984,40-49,Doanh nhân,Khánh Hòa,Expat,Gold,2,1,2,2020-03-09,2023-07-23,1
570,customer570@example.com,Vũ Trung,Nam,1963,60+,Nhà đầu tư,TP HCM,Việt Nam,Diamond,2,1,10,2016-04-25,2023-01-15,1
571,customer571@example.com,Hồ Thu,Nữ,1989,30-39,Giám đốc,Hà Nội,Việt Nam,Diamond,3,1,5,2023-05-16,2024-05-21,1
572,customer572@example.com,Đỗ Linh,Nữ,1973,50-59,Kiến trúc sư,Đà Nẵng,Việt Nam,Silver,2,1,1,2018-04-03,2023-09-26,1
573,customer573@example.com,Phan Phương,Nữ,1975,40-49,Người nổi tiếng,Hà Nội,Việt Nam,Diamond,4,1,4,2022-12-31,2024-01-28,1
574,customer574@example.com,Trần Yến,Nữ,1964,60+,Doanh nhân,Hà Nội,Expat,Gold,3,1,10,2022-07-10,2024-09-04,1
575,customer575@example.com,Hoàng Thành,Nam,1960,60+,Nhà đầu tư,Hà Nội,Việt Nam,Gold,1,1,10,2017-01-04,2023-09-24,1
576,customer576@example.com,Đặng Mai,Nữ,1981,40-49,Giám đốc,Hà Nội,Việt Nam,Silver,1,1,6,2015-06-30,2023-05-11,1
577,customer577@example.com,Vũ Thảo,Nữ,1983,40-49,Kiến trúc sư,TP HCM,Việt Nam,Silver,3,1,7,2016-11-06,2023-11-20,1
578,customer578@example.com,Bùi Hà,Nữ,1969,50-59,Người nổi tiếng,Hà Nội,Việt Nam,Silver,1,1,8,2017-12-01,2023-06-17,1
579,customer579@example.com,Đặng Lan,Nữ,1967,50-59,Người nổi tiếng,TP HCM,Việt Nam,Gold,4,1,2,2023-01-27,2023-06-01,1
580,customer580@example.com,Hoàng Tuấn,Nam,1973,50-59,Bác sĩ,Đà Nẵng,Việt Nam,Gold,2,1,10,2015-01-17,2024-06-22,1
581,customer581@example.com,Trần Đức,Nam,1986,30-39,Người nổi tiếng,TP HCM,Expat,Silver,1,1,7,2019-03-11,2024-08-27,1
582,customer582@example.com,Lê Minh,Nam,1980,40-49,Giám đốc,TP HCM,Việt Nam,Gold,3,1,10,2022-05-19,2023-01-06,1
583,customer583@example.com,Phan Khánh,Nam,1988,30-39,Bác sĩ,Hà Nội,Việt Nam,Gold,3,1,1,2023-05-05,2023-03-14,1
584,customer584@example.com,Vũ Thảo,Nữ,1965,50-59,Bác sĩ,Hà Nội,Việt Nam,Gold,1,1,4,2016-10-29,2024-02-02,1
585,customer585@example.com,Trần Thảo,Nữ,1969,50-59,Người nổi tiếng,Hải Phòng,Việt Nam,Diamond,2,1,6,2022-06-18,2023-04-09,1
586,customer586@example.com,Đặng Quang,Nam,1991,30-39,Người nổi tiếng,Hà Nội,Việt Nam,Silver,4,1,6,2021-11-19,2023-07-10,1
587,customer587@example.com,Nguyễn Yến,Nữ,1965,50-59,Chuyên gia tài chính,Quảng Ninh,Việt Nam,Gold,2,1,8,2020-11-29,2024-10-06,1
588,customer588@example.com,Đặng Quang,Nam,1978,40-49,Giám đốc,Đồng Nai,Việt Nam,Silver,2,1,5,2017-10-15,2024-06-19,1
589,customer589@example.com,Trần Minh,Nam,1995,25-29,Giám đốc,TP HCM,Việt Nam,Gold,3,1,6,2017-11-09,2024-08-22,1
590,customer590@example.com,Ngô Anh,Nam,1967,50-59,Người nổi tiếng,Hà Nội,Việt Nam,Gold,1,1,7,2022-11-25,2023-11-01,1
591,customer591@example.com,Đỗ Ngọc,Nữ,1988,30-39,Kiến trúc sư,TP HCM,Expat,Platinum,2,1,3,2015-11-17,2024-09-10,1
592,customer592@example.com,Bùi Minh,Nam,1987,30-39,Doanh nhân,TP HCM,Việt Nam,Platinum,4,1,7,2022-05-18,2024-09-08,1
593,customer593@example.com,Ngô Ánh,Nữ,1983,40-49,Nhà đầu tư,Hải Phòng,Việt Nam,Silver,2,1,2,2015-03-07,2024-12-13,1
594,customer594@example.com,Đặng Anh,Nam,1973,50-59,Bác sĩ,TP HCM,Việt Nam,Gold,2,1,2,2018-05-17,2024-04-19,1
595,customer595@example.com,Trần Mai,Nữ,1961,60+,Bác sĩ,Đà Nẵng,Việt Nam,Gold,1,1,8,2021-07-25,2023-09-06,1
596,customer596@example.com,Phan Lan,Nữ,1963,60+,Giám đốc,TP HCM,Việt Nam,Diamond,4,1,10,2021-09-06,2024-07-21,1
597,customer597@example.com,Vũ Bình,Nam,1991,30-39,Người nổi tiếng,Hà Nội,Việt Nam,Silver,3,1,9,2015-09-18,2023-10-02,1
598,customer598@example.com,Trần Thu,Nữ,1990,30-39,Chuyên gia tài chính,TP HCM,Việt Nam,Silver,2,1,8,2018-11-09,2024-03-24,1
599,customer599@example.com,Hồ Hải,Nam,1997,25-29,Người nổi tiếng,Hà Nội,Việt Nam,Platinum,4,1,6,2020-04-18,2023-06-15,1
600,customer600@example.com,Hồ Thu,Nữ,1965,50-59,Bác sĩ,Hà Nội,Việt Nam,Gold,4,1,8,2018-05-28,2023-08-29,1
601,customer601@example.com,Phan Long,Nam,1961,60+,Chuyên gia tài chính,TP HCM,Việt Nam,Platinum,1,1,2,2018-10-15,2024-03-16,1
602,customer602@example.com,Bùi Đức,Nam,1967,50-59,Người nổi tiếng,Hà Nội,Việt Nam,Gold,1,1,9,2017-12-31,2023-06-04,1
603,customer603@example.com,Đặng Việt,Nam,1963,60+,Người nổi tiếng,Khánh Hòa,Việt Nam,Diamond,1,1,9,2015-06-21,2024-06-03,1
604,customer604@example.com,Phan Tuấn,Nam,1973,50-59,Kiến trúc sư,Đà Nẵng,Việt Nam,Gold,1,1,3,2022-04-04,2024-01-08,1
605,customer605@example.com,Phạm Bình,Nam,1967,50-59,Nhà đầu tư,Đà Nẵng,Việt Nam,Platinum,4,1,6,2018-03-20,2024-06-01,1
606,customer606@example.com,Ngô Ngọc,Nữ,1983,40-49,Nhà đầu tư,TP HCM,Việt Nam,Silver,4,1,4,2016-07-19,2024-03-15,1
607,customer607@example.com,Bùi Ngọc,Nữ,1989,30-39,Chuyên gia tài chính,Khánh Hòa,Việt Nam,Platinum,1,1,2,2018-10-17,2023-11-19,1
608,customer608@example.com,Nguyễn Quang,Nam,1987,30-39,Doanh nhân,TP HCM,Việt Nam,Diamond,1,1,9,2018-04-26,2024-03-05,1
609,customer609@example.com,Phan Lan,Nữ,1980,40-49,Kiến trúc sư,Đồng Nai,Việt Nam,Silver,4,1,8,2022-03-22,2023-07-30,1
610,customer610@example.com,Dương Ngọc,Nữ,1982,40-49,Nhà đầu tư,Đà Nẵng,Expat,Silver,3,1,7,2023-02-18,2023-05-10,1
611,customer611@example.com,Trần Yến,Nữ,1973,50-59,Kiến trúc sư,TP HCM,Việt Nam,Silver,1,1,9,2021-08-23,2023-09-22,1
612,customer612@example.com,Bùi Hoa,Nữ,1987,30-39,Doanh nhân,Bình Dương,Việt Nam,Gold,1,1,1,2023-06-26,2024-10-28,1
613,customer613@example.com,Đỗ Trang,Nữ,1979,40-49,Doanh nhân,TP HCM,Expat,Platinum,2,1,6,2018-05-10,2023-10-19,1
614,customer614@example.com,Bùi Khánh,Nam,1984,40-49,Luật sư,Hà Nội,Việt Nam,Silver,3,1,8,2016-02-06,2023-05-31,1
615,customer615@example.com,Trần Lan,Nữ,1965,50-59,Nhà đầu tư,Bình Dương,Việt Nam,Gold,3,1,9,2019-07-08,2024-08-25,1
616,customer616@example.com,Đỗ Thu,Nữ,1976,40-49,Nhà đầu tư,Quảng Ninh,Việt Nam,Diamond,4,1,3,2016-08-14,2024-06-01,1
617,customer617@example.com,Ngô Yến,Nữ,1968,50-59,Giám đốc,TP HCM,Việt Nam,Silver,2,1,9,2019-02-21,2023-05-02,1
618,customer618@example.com,Trần Nga,Nữ,1967,50-59,Kiến trúc sư,Hà Nội,Việt Nam,Gold,3,1,5,2018-04-19,2024-05-12,0
619,customer619@example.com,Dương Trung,Nam,1969,50-59,Nhà đầu tư,Hà Nội,Expat,Diamond,2,1,3,2023-04-18,2024-05-15,0
620,customer620@example.com,Nguyễn Hằng,Nữ,1964,60+,Người nổi tiếng,TP HCM,Việt Nam,Diamond,4,1,8,2023-01-28,2024-09-12,1
621,customer621@example.com,Hồ Bình,Nam,1992,30-39,Người nổi tiếng,TP HCM,Việt Nam,Platinum,1,1,10,2022-06-14,2024-09-30,1
622,customer622@example.com,Phan Thành,Nam,1985,30-39,Doanh nhân,Khánh Hòa,Expat,Platinum,1,1,3,2022-12-06,2023-01-26,1
623,customer623@example.com,Hồ Hoa,Nữ,1995,25-29,Giám đốc,Hà Nội,Việt Nam,Gold,1,1,10,2020-11-07,2023-07-13,1
624,customer624@example.com,Hồ Thành,Nam,1967,50-59,Bác sĩ,Khánh Hòa,Việt Nam,Silver,4,1,2,2020-12-25,2024-09-13,1
625,customer625@example.com,Nguyễn Hải,Nam,1991,30-39,Nhà đầu tư,Hà Nội,Việt Nam,Gold,4,1,5,2016-01-08,2023-04-28,1
626,customer626@example.com,Lê Tuấn,Nam,1978,40-49,Kiến trúc sư,Đà Nẵng,Việt Nam,Diamond,2,1,1,2021-11-21,2023-11-30,1
627,customer627@example.com,Vũ Hùng,Nam,1979,40-49,Chuyên gia tài chính,Hà Nội,Expat,Silver,1,1,1,2017-04-09,2023-09-03,1
628,customer628@example.com,Bùi Việt,Nam,1991,30-39,Nhà đầu tư,Khánh Hòa,Việt Nam,Silver,4,1,2,2020-06-06,2023-01-30,1
629,customer629@example.com,Hoàng Thành,Nam,1961,60+,Giám đốc,Hà Nội,Việt Nam,Platinum,3,1,10,2019-07-25,2024-04-01,1
630,customer630@example.com,Phan Thành,Nam,1969,50-59,Bác sĩ,Hải Phòng,Việt Nam,Gold,4,1,1,2015-01-05,2024-04-20,1
631,customer631@example.com,Nguyễn Lan,Nữ,1970,50-59,Người nổi tiếng,Hà Nội,Việt Nam,Platinum,3,1,4,2021-07-24,2024-06-06,1
632,customer632@example.com,Đỗ Hùng,Nam,1994,30-39,Kiến trúc sư,Hà Nội,Việt Nam,Platinum,3,1,7,2017-05-13,2024-09-17,1
633,customer633@example.com,Hồ Thảo,Nữ,1981,40-49,Người nổi tiếng,Hà Nội,Việt Nam,Silver,2,1,8,2021-09-21,2023-12-03,0
634,customer634@example.com,Đỗ Bình,Nam,1960,60+,Doanh nhân,Đồng Nai,Việt Nam,Gold,4,1,7,2021-01-13,2023-03-25,1
635,customer635@example.com,Nguyễn Anh,Nam,1994,30-39,Người nổi tiếng,TP HCM,Việt Nam,Platinum,3,1,7,2016-12-26,2024-12-14,1
636,customer636@example.com,Phan Đức,Nam,1989,30-39,Người nổi tiếng,Hà Nội,Việt Nam,Platinum,3,1,4,2016-01-04,2024-09-20,1
637,customer637@example.com,Đặng Hải,Nam,1974,50-59,Doanh nhân,Hà Nội,Expat,Platinum,2,1,1,2017-03-14,2024-10-15,1
638,customer638@example.com,Bùi Thu,Nữ,1996,25-29,Bác sĩ,TP HCM,Việt Nam,Gold,2,1,2,2021-08-06,2023-05-12,1
639,customer639@example.com,Đỗ Đức,Nam,1976,40-49,Kiến trúc sư,Hà Nội,Việt Nam,Diamond,3,1,9,2020-02-03,2023-01-03,1
640,customer640@example.com,Vũ Quang,Nam,1980,40-49,Kiến trúc sư,Hà Nội,Việt Nam,Gold,1,1,4,2015-07-12,2023-10-12,1
641,customer641@example.com,Nguyễn Hằng,Nữ,1980,40-49,Luật sư,TP HCM,Expat,Platinum,2,1,7,2015-11-01,2023-09-13,1
642,customer642@example.com,Trần Ánh,Nữ,1979,40-49,Giám đốc,Hà Nội,Việt Nam,Silver,3,1,5,2017-10-09,2023-04-21,1
643,customer643@example.com,Phan Yến,Nữ,1963,60+,Luật sư,Khánh Hòa,Việt Nam,Gold,1,1,8,2021-06-29,2023-05-08,1
644,customer644@example.com,Vũ Hải,Nam,1962,60+,Giám đốc,Hải Phòng,Việt Nam,Platinum,1,1,5,2021-11-06,2024-10-03,1
645,customer645@example.com,Bùi Minh,Nam,1963,60+,Kiến trúc sư,Bình Dương,Việt Nam,Gold,4,1,4,2021-09-21,2024-11-06,1
646,customer646@example.com,Đặng Ngọc,Nữ,1984,40-49,Nhà đầu tư,Bình Dương,Việt Nam,Silver,1,1,8,2020-10-19,2023-12-03,1
647,customer647@example.com,Nguyễn Trung,Nam,1966,50-59,Giám đốc,TP HCM,Việt Nam,Diamond,2,1,9,2017-11-15,2023-12-30,1
648,customer648@example.com,Phạm Mai,Nữ,1971,50-59,Doanh nhân,Hà Nội,Việt Nam,Gold,3,1,5,2021-07-18,2024-07-08,1
649,customer649@example.com,Hoàng Trung,Nam,1990,30-39,Chuyên gia tài chính,Hà Nội,Expat,Gold,2,1,1,2017-08-30,2024-06-03,1
650,customer650@example.com,Phan Đức,Nam,1987,30-39,Luật sư,TP HCM,Việt Nam,Silver,2,1,8,2022-10-16,2024-12-09,1
651,customer651@example.com,Đỗ Nga,Nữ,1997,25-29,Kiến trúc sư,TP HCM,Việt Nam,Gold,1,1,8,2017-06-17,2023-01-04,1
652,customer652@example.com,Đỗ Đức,Nam,1989,30-39,Luật sư,TP HCM,Việt Nam,Platinum,4,1,4,2019-06-28,2023-07-08,1
653,customer653@example.com,Nguyễn Hùng,Nam,1983,40-49,Chuyên gia tài chính,Hà Nội,Việt Nam,Silver,2,1,10,2019-01-14,2023-02-14,1
654,customer654@example.com,Hoàng Tuấn,Nam,1972,50-59,Luật sư,Bình Dương,Việt Nam,Silver,2,1,3,2017-03-13,2023-01-23,1
655,customer655@example.com,Nguyễn Hà,Nữ,1966,50-59,Bác sĩ,TP HCM,Việt Nam,Silver,2,1,5,2020-02-12,2023-09-03,1
656,customer656@example.com,Bùi Ngọc,Nữ,1970,50-59,Nhà đầu tư,Bình Dương,Việt Nam,Silver,2,1,4,2017-02-24,2024-06-29,1
657,customer657@example.com,Đỗ Hằng,Nữ,1980,40-49,Luật sư,Đồng Nai,Việt Nam,Gold,3,1,3,2018-09-04,2023-09-11,0
658,customer658@example.com,Bùi Phương,Nữ,1968,50-59,Người nổi tiếng,Hà Nội,Việt Nam,Gold,1,1,3,2020-09-14,2024-02-02,1
659,customer659@example.com,Bùi Thu,Nữ,1991,30-39,Bác sĩ,TP HCM,Việt Nam,Platinum,4,1,8,2018-01-04,2024-08-18,1
660,customer660@example.com,Phạm Đức,Nam,1973,50-59,Người nổi tiếng,Bình Dương,Việt Nam,Silver,4,1,10,2016-10-05,2024-01-19,1
661,customer661@example.com,Dương Hùng,Nam,1968,50-59,Kiến trúc sư,TP HCM,Việt Nam,Gold,4,1,9,2021-12-19,2023-12-11,1
662,customer662@example.com,Vũ Nga,Nữ,1987,30-39,Người nổi tiếng,Hà Nội,Việt Nam,Silver,2,1,5,2022-03-28,2023-03-19,1
663,customer663@example.com,Bùi Thành,Nam,1978,40-49,Giám đốc,Hải Phòng,Expat,Silver,1,1,6,2015-06-06,2024-07-13,1
664,customer664@example.com,Hoàng Long,Nam,1981,40-49,Kiến trúc sư,Hà Nội,Việt Nam,Silver,3,1,1,2018-05-11,2023-10-16,1
665,customer665@example.com,Đỗ Ngọc,Nữ,1985,30-39,Doanh nhân,TP HCM,Việt Nam,Platinum,2,1,7,2017-07-21,2023-08-21,1
666,customer666@example.com,Phạm Thành,Nam,1990,30-39,Người nổi tiếng,Đà Nẵng,Việt Nam,Platinum,3,1,4,2019-10-23,2024-12-15,1
667,customer667@example.com,Bùi Lan,Nữ,1988,30-39,Chuyên gia tài chính,Hà Nội,Expat,Silver,1,1,8,2022-05-22,2023-12-30,1
668,customer668@example.com,Hồ Ngọc,Nữ,1987,30-39,Nhà đầu tư,Đà Nẵng,Việt Nam,Silver,1,1,10,2015-05-12,2023-05-23,1
669,customer669@example.com,Hồ Ngọc,Nữ,1996,25-29,Nhà đầu tư,Quảng Ninh,Việt Nam,Gold,4,1,4,2020-04-28,2023-04-22,1
670,customer670@example.com,Trần Mai,Nữ,1979,40-49,Giám đốc,TP HCM,Việt Nam,Platinum,4,1,1,2017-02-03,2023-07-23,0
671,customer671@example.com,Phạm Linh,Nữ,1978,40-49,Kiến trúc sư,TP HCM,Việt Nam,Silver,1,1,3,2018-08-31,2024-02-25,1
672,customer672@example.com,Bùi Quang,Nam,1968,50-59,Người nổi tiếng,Đà Nẵng,Việt Nam,Diamond,2,1,3,2017-04-22,2023-11-14,1
673,customer673@example.com,Đỗ Phương,Nữ,1970,50-59,Kiến trúc sư,TP HCM,Việt Nam,Platinum,3,1,4,2015-01-31,2023-05-27,1
674,customer674@example.com,Dương Linh,Nữ,1998,25-29,Chuyên gia tài chính,Đồng Nai,Expat,Gold,1,1,2,2018-03-25,2024-10-23,1
675,customer675@example.com,Ngô Hà,Nữ,1982,40-49,Kiến trúc sư,TP HCM,Việt Nam,Platinum,4,1,4,2017-01-05,2024-09-24,1
676,customer676@example.com,Hồ Mai,Nữ,1984,40-49,Giám đốc,TP HCM,Expat,Silver,2,1,5,2022-01-16,2024-07-04,1
677,customer677@example.com,Đặng Quang,Nam,1973,50-59,Giám đốc,Quảng Ninh,Việt Nam,Silver,3,1,7,2020-01-22,2023-06-18,1
678,customer678@example.com,Nguyễn Hùng,Nam,1989,30-39,Người nổi tiếng,TP HCM,Việt Nam,Platinum,4,1,1,2015-02-13,2023-09-14,1
679,customer679@example.com,Hồ Khánh,Nam,1980,40-49,Người nổi tiếng,TP HCM,Việt Nam,Gold,2,1,8,2016-07-28,2024-04-27,1
680,customer680@example.com,Nguyễn Trung,Nam,1970,50-59,Giám đốc,Hà Nội,Việt Nam,Platinum,2,1,2,2022-07-13,2023-01-12,1
681,customer681@example.com,Phan Tuấn,Nam,1988,30-39,Luật sư,Đà Nẵng,Expat,Gold,4,1,1,2022-02-13,2024-06-19,1
682,customer682@example.com,Ngô Long,Nam,1984,40-49,Người nổi tiếng,Hà Nội,Việt Nam,Platinum,2,1,4,2019-03-15,2023-09-02,1
683,customer683@example.com,Nguyễn Minh,Nam,1986,30-39,Chuyên gia tài chính,Hải Phòng,Việt Nam,Silver,1,1,3,2023-02-13,2023-06-21,0
684,customer684@example.com,Phan Thành,Nam,1980,40-49,Luật sư,TP HCM,Expat,Gold,4,1,2,2017-08-09,2023-08-07,1
685,customer685@example.com,Nguyễn Hằng,Nữ,1971,50-59,Chuyên gia tài chính,Hà Nội,Việt Nam,Silver,3,1,10,2019-02-20,2023-02-14,0
686,customer686@example.com,Hoàng Việt,Nam,1986,30-39,Người nổi tiếng,Quảng Ninh,Việt Nam,Gold,2,1,5,2016-01-24,2024-09-06,1
687,customer687@example.com,Phan Mai,Nữ,1968,50-59,Chuyên gia tài chính,Quảng Ninh,Việt Nam,Silver,1,1,10,2021-07-24,2024-04-04,1
688,customer688@example.com,Đỗ Khánh,Nam,1992,30-39,Doanh nhân,Hà Nội,Việt Nam,Diamond,3,1,4,2023-04-11,2024-03-14,1
689,customer689@example.com,Lê Hải,Nam,1963,60+,Người nổi tiếng,Hà Nội,Việt Nam,Silver,1,1,4,2023-02-18,2024-09-04,1
690,customer690@example.com,Lê Thảo,Nữ,1981,40-49,Chuyên gia tài chính,TP HCM,Việt Nam,Gold,4,1,5,2023-06-02,2023-01-25,1
691,customer691@example.com,Phạm Linh,Nữ,1981,40-49,Doanh nhân,Đồng Nai,Việt Nam,Silver,2,1,10,2019-04-12,2024-06-17,1
692,customer692@example.com,Trần Hà,Nữ,1960,60+,Người nổi tiếng,Hà Nội,Việt Nam,Gold,2,1,4,2016-05-29,2023-04-04,1
693,customer693@example.com,Bùi Hùng,Nam,1975,40-49,Nhà đầu tư,Đà Nẵng,Việt Nam,Platinum,2,1,7,2016-12-23,2024-09-12,1
694,customer694@example.com,Đặng Ánh,Nữ,1996,25-29,Luật sư,Hà Nội,Việt Nam,Silver,3,1,7,2019-03-28,2023-06-21,1
695,customer695@example.com,Đỗ Trang,Nữ,1992,30-39,Nhà đầu tư,Đà Nẵng,Việt Nam,Platinum,1,1,7,2019-10-17,2023-03-27,1
696,customer696@example.com,Bùi Mai,Nữ,1998,25-29,Bác sĩ,Hà Nội,Việt Nam,Gold,4,1,9,2021-10-18,2024-05-07,0
697,customer697@example.com,Phạm Tuấn,Nam,1990,30-39,Luật sư,Hà Nội,Expat,Platinum,3,1,8,2019-07-16,2024-03-01,1
698,customer698@example.com,Đặng Thảo,Nữ,1984,40-49,Giám đốc,TP HCM,Việt Nam,Diamond,4,1,10,2016-10-27,2023-07-18,1
699,customer699@example.com,Bùi Trang,Nữ,1982,40-49,Người nổi tiếng,TP HCM,Việt Nam,Silver,4,1,7,2023-04-02,2023-09-10,1
700,customer700@example.com,Hồ Khánh,Nam,1983,40-49,Doanh nhân,TP HCM,Việt Nam,Silver,4,1,3,2017-11-07,2023-09-11,1
701,customer701@example.com,Trần Việt,Nam,1960,60+,Giám đốc,TP HCM,Expat,Gold,1,1,9,2017-02-12,2024-03-09,1
702,customer702@example.com,Ngô Thảo,Nữ,1976,40-49,Nhà đầu tư,TP HCM,Việt Nam,Platinum,1,1,2,2022-02-18,2024-08-09,1
703,customer703@example.com,Hoàng Trang,Nữ,1969,50-59,Luật sư,Khánh Hòa,Việt Nam,Silver,2,1,8,2015-01-07,2023-04-10,0
704,customer704@example.com,Vũ Ánh,Nữ,1993,30-39,Kiến trúc sư,Đà Nẵng,Việt Nam,Gold,2,1,4,2020-06-15,2023-07-06,1
705,customer705@example.com,Đỗ Đức,Nam,1988,30-39,Bác sĩ,Hà Nội,Việt Nam,Platinum,2,1,5,2019-08-02,2024-03-27,1
706,customer706@example.com,Trần Long,Nam,1970,50-59,Giám đốc,TP HCM,Việt Nam,Silver,2,1,8,2020-06-10,2024-11-19,1
707,customer707@example.com,Hoàng Việt,Nam,1963,60+,Doanh nhân,TP HCM,Việt Nam,Silver,2,1,9,2015-01-30,2024-01-20,1
708,customer708@example.com,Đặng Ngọc,Nữ,1991,30-39,Chuyên gia tài chính,TP HCM,Việt Nam,Platinum,3,1,6,2017-09-08,2024-01-05,1
709,customer709@example.com,Phan Hà,Nữ,1963,60+,Chuyên gia tài chính,Hải Phòng,Việt Nam,Diamond,4,1,3,2015-04-16,2024-09-08,1
710,customer710@example.com,Phan Thu,Nữ,1975,40-49,Người nổi tiếng,TP HCM,Việt Nam,Silver,3,1,1,2022-02-08,2024-01-04,1
711,customer711@example.com,Phạm Phương,Nữ,1988,30-39,Người nổi tiếng,TP HCM,Việt Nam,Silver,4,1,8,2022-05-20,2024-12-17,1
712,customer712@example.com,Đỗ Linh,Nữ,1978,40-49,Bác sĩ,Bình Dương,Expat,Platinum,1,1,3,2020-08-01,2023-03-31,1
713,customer713@example.com,Đặng Hoa,Nữ,1970,50-59,Người nổi tiếng,TP HCM,Việt Nam,Silver,1,1,2,2019-11-17,2023-01-30,1
714,customer714@example.com,Dương Thảo,Nữ,1984,40-49,Luật sư,Đà Nẵng,Việt Nam,Diamond,1,1,3,2020-12-29,2024-10-10,1
715,customer715@example.com,Phạm Trung,Nam,1981,40-49,Giám đốc,TP HCM,Việt Nam,Platinum,4,1,9,2019-11-25,2023-08-27,1
716,customer716@example.com,Trần Hùng,Nam,1978,40-49,Giám đốc,TP HCM,Việt Nam,Silver,1,1,10,2019-02-15,2023-05-11,1
717,customer717@example.com,Ngô Lan,Nữ,1996,25-29,Kiến trúc sư,Hà Nội,Việt Nam,Platinum,4,1,6,2019-02-04,2024-11-26,1
718,customer718@example.com,Hồ Trung,Nam,1993,30-39,Luật sư,Hà Nội,Việt Nam,Platinum,3,1,3,2018-04-30,2023-08-13,1
719,customer719@example.com,Đỗ Thảo,Nữ,1969,50-59,Bác sĩ,Đà Nẵng,Việt Nam,Platinum,1,1,10,2018-08-04,2023-11-13,1
720,customer720@example.com,Ngô Trung,Nam,1977,40-49,Người nổi tiếng,TP HCM,Việt Nam,Silver,4,1,1,2018-09-26,2023-06-06,1
721,customer721@example.com,Ngô Khánh,Nam,1974,50-59,Doanh nhân,Đồng Nai,Việt Nam,Platinum,4,1,5,2022-05-24,2023-06-13,1
722,customer722@example.com,Vũ Ánh,Nữ,1981,40-49,Người nổi tiếng,Quảng Ninh,Việt Nam,Gold,3,1,5,2022-10-23,2023-07-19,1
723,customer723@example.com,Lê Nga,Nữ,1966,50-59,Doanh nhân,Bình Dương,Việt Nam,Gold,2,1,10,2016-07-17,2024-03-28,1
724,customer724@example.com,Phạm Linh,Nữ,1969,50-59,Luật sư,Đà Nẵng,Việt Nam,Platinum,1,1,3,2019-03-23,2024-03-13,1
725,customer725@example.com,Trần Hải,Nam,1963,60+,Người nổi tiếng,Hà Nội,Việt Nam,Diamond,3,1,10,2019-11-12,2023-06-02,1
726,customer726@example.com,Nguyễn Hoa,Nữ,1975,40-49,Luật sư,TP HCM,Việt Nam,Gold,2,1,7,2022-10-04,2024-11-17,1
727,customer727@example.com,Hoàng Ánh,Nữ,1984,40-49,Người nổi tiếng,TP HCM,Việt Nam,Silver,4,1,9,2017-07-10,2023-01-24,1
728,customer728@example.com,Ngô Trang,Nữ,1977,40-49,Giám đốc,Hải Phòng,Việt Nam,Gold,4,1,5,2021-05-29,2023-05-09,1
729,customer729@example.com,Lê Quang,Nam,1994,30-39,Doanh nhân,TP HCM,Việt Nam,Platinum,4,1,2,2020-10-26,2024-08-21,1
730,customer730@example.com,Hồ Hùng,Nam,1973,50-59,Bác sĩ,Bình Dương,Việt Nam,Silver,4,1,6,2016-05-18,2023-02-10,1
731,customer731@example.com,Trần Thành,Nam,1970,50-59,Kiến trúc sư,Bình Dương,Việt Nam,Diamond,3,1,6,2021-02-07,2023-06-25,1
732,customer732@example.com,Hoàng Minh,Nam,1975,40-49,Kiến trúc sư,TP HCM,Việt Nam,Gold,3,1,9,2018-12-13,2024-09-12,1
733,customer733@example.com,Hồ Minh,Nam,1966,50-59,Luật sư,Hà Nội,Việt Nam,Platinum,2,1,3,2021-10-02,2024-07-19,1
734,customer734@example.com,Lê Trang,Nữ,1977,40-49,Nhà đầu tư,Hà Nội,Việt Nam,Gold,2,1,7,2020-02-12,2023-03-27,1
735,customer735@example.com,Bùi Linh,Nữ,1969,50-59,Giám đốc,TP HCM,Việt Nam,Gold,2,1,6,2021-04-27,2024-11-04,1
736,customer736@example.com,Lê Hải,Nam,1986,30-39,Nhà đầu tư,TP HCM,Expat,Silver,3,1,2,2020-12-16,2023-04-23,1
737,customer737@example.com,Phan Ánh,Nữ,1964,60+,Giám đốc,TP HCM,Việt Nam,Silver,2,1,5,2015-02-10,2023-04-11,1
738,customer738@example.com,Trần Việt,Nam,1984,40-49,Giám đốc,Hà Nội,Việt Nam,Silver,4,1,2,2020-12-06,2023-12-24,1
739,customer739@example.com,Hoàng Phương,Nữ,1995,25-29,Giám đốc,Đồng Nai,Việt Nam,Diamond,4,1,3,2018-11-14,2024-11-25,1
740,customer740@example.com,Đỗ Mai,Nữ,1990,30-39,Kiến trúc sư,Hà Nội,Việt Nam,Silver,2,1,3,2019-04-01,2024-08-04,1
741,customer741@example.com,Ngô Việt,Nam,1983,40-49,Luật sư,TP HCM,Việt Nam,Gold,4,1,6,2020-04-03,2024-05-29,1
742,customer742@example.com,Ngô Hà,Nữ,1993,30-39,Luật sư,Hà Nội,Expat,Diamond,4,1,6,2016-01-05,2024-10-11,0
743,customer743@example.com,Lê Trung,Nam,1965,50-59,Doanh nhân,Hà Nội,Việt Nam,Diamond,1,1,7,2022-08-05,2024-06-04,1
744,customer744@example.com,Đặng Thành,Nam,1990,30-39,Giám đốc,TP HCM,Việt Nam,Diamond,1,1,7,2022-11-17,2024-07-01,1
745,customer745@example.com,Hồ Trung,Nam,1993,30-39,Doanh nhân,TP HCM,Expat,Platinum,2,1,3,2015-11-04,2024-01-11,1
746,customer746@example.com,Vũ Thu,Nữ,1963,60+,Nhà đầu tư,Hà Nội,Expat,Silver,2,1,9,2016-04-27,2023-10-25,1
747,customer747@example.com,Phạm Lan,Nữ,1976,40-49,Nhà đầu tư,Hà Nội,Việt Nam,Diamond,1,1,8,2021-12-05,2024-05-14,0
748,customer748@example.com,Phan Long,Nam,1989,30-39,Chuyên gia tài chính,Hà Nội,Việt Nam,Platinum,4,1,6,2015-02-06,2023-04-14,1
749,customer749@example.com,Bùi Thành,Nam,1965,50-59,Bác sĩ,TP HCM,Expat,Silver,3,1,4,2020-04-11,2024-02-09,1
750,customer750@example.com,Lê Yến,Nữ,1987,30-39,Kiến trúc sư,Hà Nội,Việt Nam,Platinum,2,1,3,2018-12-19,2024-03-20,0
751,customer751@example.com,Phạm Long,Nam,1967,50-59,Doanh nhân,Hà Nội,Việt Nam,Silver,1,1,3,2022-06-21,2023-07-23,1
752,customer752@example.com,Vũ Thu,Nữ,1967,50-59,Người nổi tiếng,Hải Phòng,Việt Nam,Silver,4,1,9,2023-02-21,2024-02-03,1
753,customer753@example.com,Lê Tuấn,Nam,1961,60+,Chuyên gia tài chính,TP HCM,Việt Nam,Silver,3,1,7,2021-09-11,2023-01-09,1
754,customer754@example.com,Đặng Hoa,Nữ,1978,40-49,Nhà đầu tư,Hà Nội,Việt Nam,Gold,2,1,5,2016-04-16,2023-09-27,1
755,customer755@example.com,Phạm Bình,Nam,1987,30-39,Giám đốc,Đà Nẵng,Việt Nam,Silver,2,1,4,2016-05-08,2023-05-16,1
756,customer756@example.com,Lê Hằng,Nữ,1972,50-59,Doanh nhân,TP HCM,Việt Nam,Silver,4,1,9,2018-06-09,2024-12-17,1
757,customer757@example.com,Phan Quang,Nam,1974,50-59,Người nổi tiếng,Hà Nội,Việt Nam,Silver,1,1,5,2019-01-29,2023-10-15,1
758,customer758@example.com,Phan Lan,Nữ,1975,40-49,Bác sĩ,Hà Nội,Việt Nam,Platinum,2,1,5,2020-04-17,2023-10-14,1
759,customer759@example.com,Lê Long,Nam,1987,30-39,Người nổi tiếng,TP HCM,Việt Nam,Silver,1,1,9,2016-06-17,2023-12-06,1
760,customer760@example.com,Bùi Phương,Nữ,1997,25-29,Chuyên gia tài chính,Hà Nội,Việt Nam,Gold,1,1,2,2016-06-18,2024-10-06,1
761,customer761@example.com,Đỗ Anh,Nam,1962,60+,Luật sư,Hà Nội,Việt Nam,Silver,3,1,5,2023-02-19,2024-04-30,1
762,customer762@example.com,Ngô Tuấn,Nam,1994,30-39,Doanh nhân,Hà Nội,Việt Nam,Platinum,3,1,6,2020-01-11,2024-10-06,1
763,customer763@example.com,Đặng Hằng,Nữ,1964,60+,Doanh nhân,Hà Nội,Việt Nam,Diamond,3,1,1,2021-05-08,2023-03-04,1
764,customer764@example.com,Đặng Anh,Nam,1985,30-39,Giám đốc,Hà Nội,Việt Nam,Gold,4,1,7,2021-10-23,2023-10-06,1
765,customer765@example.com,Đỗ Đức,Nam,1970,50-59,Doanh nhân,Bình Dương,Việt Nam,Gold,3,1,5,2017-06-21,2023-10-31,1
766,customer766@example.com,Phạm Minh,Nam,1970,50-59,Luật sư,Hà Nội,Việt Nam,Diamond,3,1,3,2018-01-12,2023-02-22,1
767,customer767@example.com,Bùi Hùng,Nam,1973,50-59,Doanh nhân,TP HCM,Việt Nam,Diamond,3,1,2,2022-11-29,2024-07-16,1
768,customer768@example.com,Đỗ Long,Nam,1986,30-39,Chuyên gia tài chính,Quảng Ninh,Việt Nam,Silver,3,1,4,2023-03-12,2023-10-14,1
769,customer769@example.com,Hồ Việt,Nam,1994,30-39,Giám đốc,Đà Nẵng,Việt Nam,Diamond,3,1,10,2021-03-06,2023-07-31,1
770,customer770@example.com,Hoàng Đức,Nam,1980,40-49,Nhà đầu tư,Hà Nội,Việt Nam,Platinum,3,1,3,2020-05-16,2023-04-06,1
771,customer771@example.com,Lê Linh,Nữ,1971,50-59,Người nổi tiếng,Khánh Hòa,Việt Nam,Silver,3,1,3,2016-12-28,2024-02-08,1
772,customer772@example.com,Lê Hùng,Nam,1964,60+,Nhà đầu tư,Hà Nội,Expat,Diamond,1,1,9,2016-07-16,2023-01-13,1
773,customer773@example.com,Nguyễn Hoa,Nữ,1984,40-49,Doanh nhân,Đà Nẵng,Việt Nam,Silver,2,1,2,2018-01-01,2023-05-27,1
774,customer774@example.com,Dương Hùng,Nam,1960,60+,Chuyên gia tài chính,Bình Dương,Việt Nam,Silver,4,1,3,2018-06-13,2023-12-06,1
775,customer775@example.com,Bùi Khánh,Nam,1963,60+,Kiến trúc sư,TP HCM,Việt Nam,Platinum,1,1,9,2018-04-30,2023-04-16,1
776,customer776@example.com,Nguyễn Linh,Nữ,1969,50-59,Doanh nhân,Hà Nội,Việt Nam,Gold,3,1,4,2022-09-04,2024-01-29,1
777,customer777@example.com,Lê Hùng,Nam,1991,30-39,Luật sư,Hà Nội,Expat,Gold,3,1,2,2019-01-16,2023-03-28,1
778,customer778@example.com,Vũ Thành,Nam,1971,50-59,Chuyên gia tài chính,TP HCM,Việt Nam,Silver,3,1,10,2018-03-21,2023-12-23,1
779,customer779@example.com,Hồ Nga,Nữ,1991,30-39,Kiến trúc sư,Hải Phòng,Việt Nam,Silver,1,1,3,2022-05-10,2023-05-31,1
780,customer780@example.com,Ngô Ngọc,Nữ,1988,30-39,Người nổi tiếng,Hải Phòng,Việt Nam,Gold,3,1,3,2016-01-06,2023-11-27,1
781,customer781@example.com,Phan Hải,Nam,1984,40-49,Người nổi tiếng,TP HCM,Việt Nam,Gold,3,1,3,2022-05-02,2023-09-09,1
782,customer782@example.com,Bùi Thu,Nữ,1994,30-39,Luật sư,TP HCM,Việt Nam,Gold,2,1,2,2017-08-21,2024-01-06,0
783,customer783@example.com,Bùi Bình,Nam,1983,40-49,Bác sĩ,Đồng Nai,Việt Nam,Silver,2,1,5,2020-02-29,2023-05-28,1
784,customer784@example.com,Phạm Hà,Nữ,1975,40-49,Luật sư,Hà Nội,Việt Nam,Diamond,2,1,7,2023-03-22,2023-01-27,1
785,customer785@example.com,Nguyễn Trang,Nữ,1983,40-49,Giám đốc,TP HCM,Việt Nam,Platinum,2,1,1,2016-08-24,2024-01-10,1
786,customer786@example.com,Nguyễn Trung,Nam,1964,60+,Nhà đầu tư,Hà Nội,Việt Nam,Platinum,3,1,8,2019-08-13,2023-12-12,1
787,customer787@example.com,Trần Tuấn,Nam,1978,40-49,Doanh nhân,Bình Dương,Việt Nam,Platinum,2,1,1,2019-06-12,2024-03-09,1
788,customer788@example.com,Ngô Hà,Nữ,1995,25-29,Kiến trúc sư,Đồng Nai,Việt Nam,Platinum,4,1,3,2018-01-18,2023-04-05,1
789,customer789@example.com,Vũ Trung,Nam,1973,50-59,Doanh nhân,Hà Nội,Việt Nam,Platinum,1,1,8,2020-05-09,2023-11-17,1
790,customer790@example.com,Lê Lan,Nữ,1984,40-49,Chuyên gia tài chính,TP HCM,Việt Nam,Silver,1,1,6,2021-10-06,2023-12-10,0
791,customer791@example.com,Bùi Hoa,Nữ,1970,50-59,Giám đốc,Hà Nội,Việt Nam,Diamond,2,1,9,2017-04-06,2024-10-15,1
792,customer792@example.com,Trần Trung,Nam,1977,40-49,Doanh nhân,TP HCM,Việt Nam,Silver,3,1,2,2018-06-18,2023-01-09,1
793,customer793@example.com,Bùi Linh,Nữ,1985,30-39,Chuyên gia tài chính,Đà Nẵng,Việt Nam,Diamond,1,1,6,2019-07-27,2024-05-30,1
794,customer794@example.com,Đỗ Việt,Nam,1961,60+,Nhà đầu tư,TP HCM,Expat,Silver,2,1,3,2022-08-27,2024-04-19,0
795,customer795@example.com,Phạm Việt,Nam,1974,50-59,Bác sĩ,Đà Nẵng,Việt Nam,Diamond,3,1,8,2016-06-21,2023-12-14,1
796,customer796@example.com,Ngô Ngọc,Nữ,1962,60+,Nhà đầu tư,Hà Nội,Expat,Gold,2,1,10,2022-01-15,2024-05-24,1
797,customer797@example.com,Dương Long,Nam,1969,50-59,Giám đốc,TP HCM,Việt Nam,Silver,3,1,3,2015-10-07,2023-10-14,1
798,customer798@example.com,Trần Mai,Nữ,1965,50-59,Người nổi tiếng,Hà Nội,Việt Nam,Silver,4,1,3,2016-05-22,2024-08-05,1
799,customer799@example.com,Vũ Hằng,Nữ,1978,40-49,Bác sĩ,TP HCM,Việt Nam,Gold,3,1,6,2015-12-08,2024-11-29,1
800,customer800@example.com,Hồ Lan,Nữ,1976,40-49,Doanh nhân,Đà Nẵng,Việt Nam,Platinum,1,1,3,2016-03-07,2023-10-25,1
801,customer801@example.com,Phạm Hằng,Nữ,1964,60+,Người nổi tiếng,TP HCM,Việt Nam,Gold,4,1,2,2015-12-18,2023-07-04,1
802,customer802@example.com,Phạm Hằng,Nữ,1987,30-39,Chuyên gia tài chính,Hà Nội,Việt Nam,Gold,2,1,8,2016-04-13,2023-10-13,1
803,customer803@example.com,Lê Anh,Nam,1990,30-39,Luật sư,TP HCM,Việt Nam,Gold,4,1,1,2019-01-20,2024-03-16,1
804,customer804@example.com,Phạm Minh,Nam,1963,60+,Nhà đầu tư,Hà Nội,Việt Nam,Silver,1,1,5,2019-07-18,2023-03-25,1
805,customer805@example.com,Bùi Linh,Nữ,1986,30-39,Kiến trúc sư,Hà Nội,Việt Nam,Diamond,4,1,6,2023-06-13,2023-11-01,1
806,customer806@example.com,Đặng Thu,Nữ,1986,30-39,Bác sĩ,Khánh Hòa,Việt Nam,Diamond,4,1,1,2021-04-16,2024-09-03,1
807,customer807@example.com,Hồ Khánh,Nam,1980,40-49,Chuyên gia tài chính,Hà Nội,Expat,Diamond,4,1,6,2016-04-10,2024-11-21,1
808,customer808@example.com,Lê Anh,Nam,1988,30-39,Người nổi tiếng,TP HCM,Việt Nam,Silver,2,1,7,2022-10-23,2024-07-13,1
809,customer809@example.com,Phan Linh,Nữ,1973,50-59,Luật sư,Quảng Ninh,Việt Nam,Silver,3,1,1,2018-05-21,2023-11-11,1
810,customer810@example.com,Hồ Bình,Nam,1991,30-39,Nhà đầu tư,TP HCM,Việt Nam,Gold,3,1,2,2016-12-21,2024-04-14,1
811,customer811@example.com,Đỗ Tuấn,Nam,1995,25-29,Nhà đầu tư,TP HCM,Việt Nam,Platinum,4,1,5,2022-11-15,2024-09-27,1
812,customer812@example.com,Dương Hùng,Nam,1965,50-59,Giám đốc,TP HCM,Việt Nam,Gold,4,1,10,2021-02-09,2023-04-13,1
813,customer813@example.com,Vũ Đức,Nam,1978,40-49,Luật sư,Đà Nẵng,Việt Nam,Silver,4,1,2,2018-12-07,2024-04-20,1
814,customer814@example.com,Phan Ngọc,Nữ,1960,60+,Luật sư,TP HCM,Việt Nam,Platinum,3,1,7,2022-07-20,2023-09-05,0
815,customer815@example.com,Nguyễn Lan,Nữ,1962,60+,Bác sĩ,Hải Phòng,Việt Nam,Gold,3,1,6,2016-11-29,2024-08-08,1
816,customer816@example.com,Vũ Đức,Nam,1995,25-29,Nhà đầu tư,Hải Phòng,Việt Nam,Gold,2,1,7,2023-03-02,2023-06-27,1
817,customer817@example.com,Lê Hằng,Nữ,1993,30-39,Luật sư,Hà Nội,Việt Nam,Gold,4,1,5,2021-03-14,2023-06-12,1
818,customer818@example.com,Trần Minh,Nam,1965,50-59,Nhà đầu tư,Hà Nội,Việt Nam,Silver,1,1,10,2019-04-16,2023-01-26,1
819,customer819@example.com,Hồ Anh,Nam,1989,30-39,Chuyên gia tài chính,Hà Nội,Việt Nam,Silver,2,1,9,2017-10-01,2024-01-23,1
820,customer820@example.com,Trần Tuấn,Nam,1977,40-49,Doanh nhân,TP HCM,Việt Nam,Silver,4,1,10,2016-05-17,2023-04-20,1
821,customer821@example.com,Trần Hoa,Nữ,1971,50-59,Người nổi tiếng,Bình Dương,Expat,Silver,1,1,8,2015-03-31,2024-02-28,0
822,customer822@example.com,Hồ Quang,Nam,1973,50-59,Nhà đầu tư,Bình Dương,Việt Nam,Gold,2,1,3,2018-05-08,2023-01-11,1
823,customer823@example.com,Phan Hải,Nam,1967,50-59,Người nổi tiếng,Quảng Ninh,Việt Nam,Silver,3,1,2,2017-02-28,2024-09-12,0
824,customer824@example.com,Bùi Việt,Nam,1993,30-39,Bác sĩ,Hà Nội,Việt Nam,Diamond,1,1,6,2016-07-21,2023-08-14,1
825,customer825@example.com,Hoàng Bình,Nam,1977,40-49,Luật sư,Khánh Hòa,Việt Nam,Gold,3,1,8,2023-05-11,2024-05-22,1
826,customer826@example.com,Hoàng Mai,Nữ,1972,50-59,Luật sư,TP HCM,Expat,Silver,4,1,2,2021-07-18,2024-08-24,1
827,customer827@example.com,Vũ Bình,Nam,1991,30-39,Nhà đầu tư,TP HCM,Việt Nam,Silver,1,1,10,2019-04-18,2024-03-15,1
828,customer828@example.com,Hồ Hà,Nữ,1983,40-49,Giám đốc,TP HCM,Expat,Diamond,3,1,10,2019-08-06,2023-10-28,1
829,customer829@example.com,Nguyễn Hoa,Nữ,1985,30-39,Bác sĩ,Hải Phòng,Việt Nam,Silver,2,1,2,2017-05-31,2024-11-03,1
830,customer830@example.com,Trần Minh,Nam,1980,40-49,Chuyên gia tài chính,TP HCM,Việt Nam,Silver,3,1,4,2021-04-19,2023-03-09,1
831,customer831@example.com,Phạm Hùng,Nam,1993,30-39,Kiến trúc sư,Đà Nẵng,Expat,Platinum,1,1,10,2022-04-01,2024-03-07,1
832,customer832@example.com,Phan Linh,Nữ,1980,40-49,Luật sư,Hà Nội,Việt Nam,Silver,3,1,7,2016-05-03,2023-05-08,1
833,customer833@example.com,Vũ Linh,Nữ,1997,25-29,Doanh nhân,Hà Nội,Việt Nam,Platinum,1,1,8,2018-03-10,2023-05-15,1
834,customer834@example.com,Bùi Yến,Nữ,1962,60+,Doanh nhân,TP HCM,Việt Nam,Gold,4,1,5,2018-01-30,2023-11-21,1
835,customer835@example.com,Bùi Ngọc,Nữ,1965,50-59,Chuyên gia tài chính,TP HCM,Việt Nam,Silver,4,1,8,2022-03-10,2023-05-05,1
836,customer836@example.com,Phạm Minh,Nam,1961,60+,Doanh nhân,Hà Nội,Expat,Platinum,4,1,4,2016-11-28,2023-04-01,1
837,customer837@example.com,Nguyễn Trang,Nữ,1994,30-39,Doanh nhân,Hà Nội,Việt Nam,Silver,3,1,2,2017-12-16,2023-12-04,1
838,customer838@example.com,Ngô Mai,Nữ,1977,40-49,Bác sĩ,TP HCM,Việt Nam,Silver,2,1,10,2019-08-20,2024-10-14,1
839,customer839@example.com,Bùi Đức,Nam,1993,30-39,Người nổi tiếng,TP HCM,Expat,Silver,4,1,4,2016-01-12,2023-09-28,1
840,customer840@example.com,Bùi Đức,Nam,1982,40-49,Luật sư,TP HCM,Việt Nam,Gold,2,1,1,2022-07-09,2023-08-10,1
841,customer841@example.com,Đặng Hoa,Nữ,1972,50-59,Chuyên gia tài chính,Hà Nội,Việt Nam,Gold,3,1,5,2022-12-12,2024-04-09,1
842,customer842@example.com,Phạm Hải,Nam,1968,50-59,Nhà đầu tư,Quảng Ninh,Expat,Gold,4,1,4,2015-10-09,2023-10-12,1
843,customer843@example.com,Hồ Hoa,Nữ,1996,25-29,Bác sĩ,TP HCM,Việt Nam,Silver,1,1,8,2017-02-05,2023-10-01,0
844,customer844@example.com,Hoàng Hoa,Nữ,1982,40-49,Giám đốc,TP HCM,Việt Nam,Gold,4,1,9,2018-09-28,2023-02-24,1
845,customer845@example.com,Nguyễn Ánh,Nữ,1966,50-59,Nhà đầu tư,Đà Nẵng,Việt Nam,Silver,4,1,3,2021-08-30,2023-10-10,1
846,customer846@example.com,Vũ Hoa,Nữ,1993,30-39,Doanh nhân,TP HCM,Expat,Silver,1,1,1,2021-06-14,2023-09-30,1
847,customer847@example.com,Phạm Trung,Nam,1977,40-49,Nhà đầu tư,TP HCM,Việt Nam,Platinum,3,1,8,2017-04-22,2023-06-25,1
848,customer848@example.com,Ngô Phương,Nữ,1978,40-49,Kiến trúc sư,Đà Nẵng,Việt Nam,Gold,4,1,5,2022-09-18,2023-09-02,1
849,customer849@example.com,Lê Hải,Nam,1970,50-59,Người nổi tiếng,Hà Nội,Việt Nam,Gold,3,1,1,2016-12-28,2023-09-28,1
850,customer850@example.com,Đỗ Hải,Nam,1960,60+,Người nổi tiếng,TP HCM,Việt Nam,Silver,1,1,1,2015-03-13,2024-08-03,1
851,customer851@example.com,Bùi Yến,Nữ,1974,50-59,Bác sĩ,Đà Nẵng,Việt Nam,Silver,3,1,8,2020-07-02,2023-12-26,1
852,customer852@example.com,Hoàng Nga,Nữ,1991,30-39,Người nổi tiếng,Hà Nội,Việt Nam,Platinum,4,1,2,2018-01-10,2024-12-03,1
853,customer853@example.com,Vũ Đức,Nam,1969,50-59,Bác sĩ,TP HCM,Việt Nam,Gold,4,1,6,2017-04-25,2023-04-02,1
854,customer854@example.com,Hoàng Ánh,Nữ,1966,50-59,Người nổi tiếng,Quảng Ninh,Expat,Silver,3,1,6,2019-05-21,2024-08-26,1
855,customer855@example.com,Phạm Lan,Nữ,1979,40-49,Chuyên gia tài chính,Hải Phòng,Việt Nam,Platinum,3,1,5,2016-03-27,2023-01-09,1
856,customer856@example.com,Hồ Tuấn,Nam,1989,30-39,Kiến trúc sư,TP HCM,Việt Nam,Silver,3,1,2,2018-04-22,2023-01-16,1
857,customer857@example.com,Đỗ Hùng,Nam,1978,40-49,Doanh nhân,TP HCM,Việt Nam,Gold,1,1,1,2017-10-26,2023-05-22,1
858,customer858@example.com,Hồ Ngọc,Nữ,1992,30-39,Bác sĩ,Khánh Hòa,Việt Nam,Silver,2,1,7,2021-07-25,2023-03-24,1
859,customer859@example.com,Phan Đức,Nam,1990,30-39,Nhà đầu tư,TP HCM,Expat,Silver,3,1,5,2021-09-11,2023-11-15,1
860,customer860@example.com,Dương Phương,Nữ,1980,40-49,Bác sĩ,TP HCM,Việt Nam,Silver,2,1,5,2018-06-03,2023-03-29,1
861,customer861@example.com,Lê Hằng,Nữ,1994,30-39,Nhà đầu tư,Hà Nội,Việt Nam,Platinum,3,1,8,2018-12-21,2024-03-13,1
862,customer862@example.com,Nguyễn Yến,Nữ,1989,30-39,Doanh nhân,Khánh Hòa,Việt Nam,Platinum,3,1,4,2021-07-05,2024-06-08,1
863,customer863@example.com,Dương Hà,Nữ,1963,60+,Nhà đầu tư,Hà Nội,Việt Nam,Gold,4,1,1,2015-12-13,2023-02-26,1
864,customer864@example.com,Đỗ Hùng,Nam,1981,40-49,Kiến trúc sư,TP HCM,Việt Nam,Platinum,1,1,10,2022-07-25,2024-06-07,1
865,customer865@example.com,Bùi Tuấn,Nam,1973,50-59,Người nổi tiếng,Hà Nội,Expat,Gold,2,1,5,2022-01-17,2023-11-15,1
866,customer866@example.com,Đỗ Khánh,Nam,1991,30-39,Luật sư,Hà Nội,Việt Nam,Gold,1,1,9,2016-02-01,2023-09-11,1
867,customer867@example.com,Bùi Thu,Nữ,1961,60+,Nhà đầu tư,Hà Nội,Việt Nam,Gold,2,1,4,2021-02-17,2023-09-24,1
868,customer868@example.com,Vũ Mai,Nữ,1967,50-59,Doanh nhân,Hà Nội,Việt Nam,Platinum,2,1,9,2023-04-26,2024-12-17,1
869,customer869@example.com,Hoàng Thảo,Nữ,1990,30-39,Giám đốc,Khánh Hòa,Việt Nam,Platinum,4,1,7,2022-10-28,2023-04-20,1
870,customer870@example.com,Nguyễn Thảo,Nữ,1969,50-59,Người nổi tiếng,Hà Nội,Việt Nam,Gold,1,1,10,2019-12-26,2023-02-13,1
871,customer871@example.com,Đặng Trang,Nữ,1968,50-59,Người nổi tiếng,Hà Nội,Expat,Gold,2,1,6,2022-12-02,2024-06-21,1
872,customer872@example.com,Hồ Tuấn,Nam,1971,50-59,Chuyên gia tài chính,TP HCM,Việt Nam,Gold,2,1,5,2022-05-20,2023-11-07,1
873,customer873@example.com,Vũ Bình,Nam,1990,30-39,Bác sĩ,TP HCM,Expat,Platinum,3,1,3,2022-10-29,2023-11-28,1
874,customer874@example.com,Đỗ Hà,Nữ,1997,25-29,Nhà đầu tư,Hà Nội,Việt Nam,Platinum,2,1,2,2022-06-17,2023-04-19,1
875,customer875@example.com,Dương Linh,Nữ,1980,40-49,Luật sư,Hà Nội,Expat,Platinum,4,1,7,2015-09-21,2023-03-05,1
876,customer876@example.com,Ngô Hùng,Nam,1962,60+,Người nổi tiếng,Đà Nẵng,Việt Nam,Platinum,2,1,6,2016-03-16,2024-12-16,1
877,customer877@example.com,Bùi Đức,Nam,1996,25-29,Luật sư,Hà Nội,Việt Nam,Silver,2,1,3,2019-11-13,2024-06-25,1
878,customer878@example.com,Đỗ Minh,Nam,1965,50-59,Giám đốc,Hà Nội,Việt Nam,Diamond,3,1,7,2021-05-16,2024-07-13,1
879,customer879@example.com,Hồ Trang,Nữ,1971,50-59,Người nổi tiếng,Hà Nội,Việt Nam,Platinum,3,1,6,2021-12-08,2024-07-26,1
880,customer880@example.com,Vũ Anh,Nam,1988,30-39,Nhà đầu tư,Bình Dương,Việt Nam,Silver,3,1,2,2016-04-28,2024-05-25,1
881,customer881@example.com,Phạm Hà,Nữ,1961,60+,Kiến trúc sư,Đồng Nai,Việt Nam,Platinum,1,1,3,2018-03-25,2023-03-18,1
882,customer882@example.com,Đỗ Thành,Nam,1993,30-39,Kiến trúc sư,TP HCM,Việt Nam,Platinum,1,1,10,2020-04-13,2023-09-27,1
883,customer883@example.com,Vũ Long,Nam,1981,40-49,Luật sư,TP HCM,Việt Nam,Silver,3,1,1,2017-08-23,2024-05-20,0
884,customer884@example.com,Trần Quang,Nam,1982,40-49,Giám đốc,Bình Dương,Việt Nam,Silver,1,1,2,2015-05-26,2024-05-23,1
885,customer885@example.com,Đặng Thảo,Nữ,1987,30-39,Luật sư,Hà Nội,Việt Nam,Platinum,2,1,9,2021-10-26,2024-01-24,1
886,customer886@example.com,Đặng Minh,Nam,1995,25-29,Nhà đầu tư,Đà Nẵng,Việt Nam,Gold,4,1,9,2016-07-18,2023-04-29,1
887,customer887@example.com,Phạm Nga,Nữ,1982,40-49,Nhà đầu tư,Đồng Nai,Việt Nam,Silver,1,1,4,2019-08-19,2024-07-03,1
888,customer888@example.com,Nguyễn Hùng,Nam,1975,40-49,Doanh nhân,Hà Nội,Việt Nam,Silver,3,1,10,2022-05-07,2023-09-08,1
889,customer889@example.com,Vũ Bình,Nam,1998,25-29,Giám đốc,TP HCM,Việt Nam,Diamond,2,1,8,2022-11-28,2024-01-01,1
890,customer890@example.com,Ngô Long,Nam,1988,30-39,Chuyên gia tài chính,Hải Phòng,Việt Nam,Platinum,3,1,6,2022-10-29,2024-07-08,1
891,customer891@example.com,Vũ Khánh,Nam,1982,40-49,Người nổi tiếng,Hà Nội,Việt Nam,Silver,2,1,5,2023-04-27,2024-07-20,1
892,customer892@example.com,Nguyễn Linh,Nữ,1969,50-59,Người nổi tiếng,TP HCM,Việt Nam,Silver,4,1,1,2018-01-12,2023-10-12,1
893,customer893@example.com,Nguyễn Thảo,Nữ,1965,50-59,Nhà đầu tư,TP HCM,Expat,Gold,1,1,4,2017-04-22,2024-01-24,1
894,customer894@example.com,Nguyễn Ánh,Nữ,1994,30-39,Kiến trúc sư,Hà Nội,Việt Nam,Diamond,3,1,5,2023-06-13,2024-08-28,1
895,customer895@example.com,Ngô Trung,Nam,1981,40-49,Nhà đầu tư,Bình Dương,Việt Nam,Diamond,1,1,2,2021-03-16,2024-02-02,1
896,customer896@example.com,Đặng Hằng,Nữ,1994,30-39,Kiến trúc sư,Hà Nội,Việt Nam,Platinum,2,1,3,2015-03-04,2023-10-15,1
897,customer897@example.com,Phạm Ngọc,Nữ,1965,50-59,Kiến trúc sư,TP HCM,Việt Nam,Gold,3,1,5,2022-05-24,2023-09-14,1
898,customer898@example.com,Hoàng Trung,Nam,1967,50-59,Chuyên gia tài chính,Hải Phòng,Việt Nam,Gold,1,1,8,2015-02-06,2024-04-22,0
899,customer899@example.com,Hồ Hà,Nữ,1990,30-39,Luật sư,TP HCM,Việt Nam,Silver,3,1,2,2019-12-10,2023-07-04,1
900,customer900@example.com,Đặng Mai,Nữ,1976,40-49,Luật sư,TP HCM,Việt Nam,Gold,1,1,4,2016-04-13,2024-11-01,0
901,customer901@example.com,Phan Lan,Nữ,1997,25-29,Luật sư,Hà Nội,Việt Nam,Silver,3,1,1,2022-08-10,2023-12-28,1
902,customer902@example.com,Phạm Hải,Nam,1998,25-29,Giám đốc,Hà Nội,Việt Nam,Gold,2,1,4,2018-08-27,2024-08-07,1
903,customer903@example.com,Hồ Hằng,Nữ,1964,60+,Kiến trúc sư,Hà Nội,Việt Nam,Platinum,3,1,7,2022-04-24,2024-01-19,1
904,customer904@example.com,Lê Nga,Nữ,1961,60+,Doanh nhân,Hà Nội,Việt Nam,Gold,1,1,10,2017-05-16,2023-11-17,1
905,customer905@example.com,Vũ Hà,Nữ,1973,50-59,Doanh nhân,TP HCM,Việt Nam,Platinum,1,1,2,2017-07-08,2024-08-01,1
906,customer906@example.com,Ngô Hoa,Nữ,1994,30-39,Doanh nhân,TP HCM,Việt Nam,Gold,3,1,5,2017-03-09,2024-08-12,1
907,customer907@example.com,Phạm Việt,Nam,1981,40-49,Chuyên gia tài chính,Hà Nội,Việt Nam,Diamond,2,1,8,2023-03-21,2024-02-24,1
908,customer908@example.com,Bùi Hoa,Nữ,1995,25-29,Chuyên gia tài chính,TP HCM,Việt Nam,Gold,4,1,4,2021-05-21,2023-05-09,1
909,customer909@example.com,Hồ Trung,Nam,1986,30-39,Bác sĩ,TP HCM,Việt Nam,Silver,1,1,2,2019-08-01,2024-03-07,1
910,customer910@example.com,Đặng Anh,Nam,1996,25-29,Luật sư,Đồng Nai,Expat,Silver,1,1,7,2017-12-14,2024-07-21,1
911,customer911@example.com,Lê Hà,Nữ,1966,50-59,Doanh nhân,Hải Phòng,Việt Nam,Silver,1,1,3,2020-10-10,2024-06-26,1
912,customer912@example.com,Lê Hằng,Nữ,1982,40-49,Luật sư,Đà Nẵng,Việt Nam,Diamond,3,1,10,2021-10-29,2024-09-23,1
913,customer913@example.com,Ngô Hải,Nam,1964,60+,Người nổi tiếng,Đồng Nai,Việt Nam,Platinum,4,1,5,2020-05-08,2024-12-17,1
914,customer914@example.com,Bùi Hùng,Nam,1997,25-29,Bác sĩ,Đồng Nai,Việt Nam,Gold,4,1,7,2018-08-05,2024-03-25,1
915,customer915@example.com,Phạm Thảo,Nữ,1966,50-59,Người nổi tiếng,TP HCM,Việt Nam,Diamond,4,1,5,2018-08-15,2024-01-29,1
916,customer916@example.com,Nguyễn Khánh,Nam,1969,50-59,Luật sư,TP HCM,Việt Nam,Diamond,3,1,2,2018-11-23,2023-10-19,1
917,customer917@example.com,Đặng Thu,Nữ,1977,40-49,Luật sư,Bình Dương,Việt Nam,Diamond,1,1,4,2022-06-22,2023-10-13,1
918,customer918@example.com,Bùi Việt,Nam,1995,25-29,Bác sĩ,Hà Nội,Expat,Diamond,2,1,1,2020-06-23,2023-01-27,1
919,customer919@example.com,Vũ Trang,Nữ,1996,25-29,Người nổi tiếng,TP HCM,Việt Nam,Silver,1,1,2,2019-12-26,2024-03-18,1
920,customer920@example.com,Hoàng Khánh,Nam,1968,50-59,Giám đốc,Khánh Hòa,Việt Nam,Platinum,2,1,2,2018-09-01,2023-06-10,1
921,customer921@example.com,Hồ Trang,Nữ,1989,30-39,Giám đốc,Đà Nẵng,Việt Nam,Diamond,4,1,2,2022-11-28,2024-06-17,1
922,customer922@example.com,Phạm Tuấn,Nam,1960,60+,Nhà đầu tư,Bình Dương,Việt Nam,Silver,4,1,3,2020-06-07,2023-07-11,1
923,customer923@example.com,Phạm Ánh,Nữ,1968,50-59,Giám đốc,Khánh Hòa,Expat,Platinum,1,1,7,2015-10-03,2024-05-17,1
924,customer924@example.com,Nguyễn Quang,Nam,1971,50-59,Kiến trúc sư,TP HCM,Việt Nam,Silver,3,1,8,2020-12-12,2024-11-03,1
925,customer925@example.com,Hoàng Ánh,Nữ,1974,50-59,Người nổi tiếng,TP HCM,Việt Nam,Gold,4,1,5,2016-01-31,2023-08-13,1
926,customer926@example.com,Đặng Nga,Nữ,1986,30-39,Luật sư,TP HCM,Việt Nam,Gold,3,1,2,2018-11-24,2024-12-14,1
927,customer927@example.com,Dương Bình,Nam,1990,30-39,Nhà đầu tư,TP HCM,Việt Nam,Silver,2,1,7,2015-09-07,2024-07-29,1
928,customer928@example.com,Vũ Hằng,Nữ,1980,40-49,Người nổi tiếng,TP HCM,Việt Nam,Silver,4,1,4,2018-10-23,2024-10-13,1
929,customer929@example.com,Vũ Linh,Nữ,1988,30-39,Bác sĩ,TP HCM,Việt Nam,Silver,3,1,3,2021-10-13,2024-07-06,0
930,customer930@example.com,Trần Việt,Nam,1984,40-49,Chuyên gia tài chính,Đồng Nai,Việt Nam,Gold,1,1,9,2017-05-12,2024-01-06,1
931,customer931@example.com,Vũ Khánh,Nam,1994,30-39,Luật sư,Hà Nội,Việt Nam,Gold,4,1,4,2021-03-14,2023-09-12,1
932,customer932@example.com,Dương Thành,Nam,1961,60+,Giám đốc,TP HCM,Việt Nam,Silver,3,1,5,2015-04-10,2023-08-24,1
933,customer933@example.com,Hoàng Khánh,Nam,1962,60+,Giám đốc,Hải Phòng,Việt Nam,Gold,3,1,2,2015-11-10,2023-03-17,1
934,customer934@example.com,Nguyễn Trang,Nữ,1961,60+,Bác sĩ,Hà Nội,Việt Nam,Gold,3,1,6,2019-10-08,2024-06-08,1
935,customer935@example.com,Đặng Linh,Nữ,1977,40-49,Giám đốc,Hà Nội,Việt Nam,Gold,3,1,7,2016-01-17,2023-08-16,1
936,customer936@example.com,Hoàng Trang,Nữ,1990,30-39,Luật sư,TP HCM,Expat,Platinum,3,1,9,2023-01-05,2023-04-21,1
937,customer937@example.com,Dương Đức,Nam,1985,30-39,Người nổi tiếng,TP HCM,Việt Nam,Gold,3,1,3,2022-01-24,2023-03-27,1
938,customer938@example.com,Đặng Trung,Nam,1973,50-59,Luật sư,Hà Nội,Việt Nam,Platinum,2,1,1,2020-07-14,2023-09-16,1
939,customer939@example.com,Nguyễn Nga,Nữ,1969,50-59,Nhà đầu tư,Bình Dương,Việt Nam,Silver,4,1,9,2020-08-09,2023-11-17,1
940,customer940@example.com,Đặng Khánh,Nam,1980,40-49,Người nổi tiếng,TP HCM,Expat,Diamond,1,1,2,2019-10-10,2024-12-17,0
941,customer941@example.com,Lê Thành,Nam,1960,60+,Giám đốc,Hà Nội,Việt Nam,Diamond,1,1,7,2020-07-21,2023-06-24,1
942,customer942@example.com,Ngô Hà,Nữ,1968,50-59,Nhà đầu tư,TP HCM,Việt Nam,Gold,3,1,5,2020-11-10,2023-11-27,1
943,customer943@example.com,Hồ Mai,Nữ,1996,25-29,Bác sĩ,Hà Nội,Việt Nam,Platinum,3,1,9,2021-10-12,2023-09-15,1
944,customer944@example.com,Ngô Khánh,Nam,1981,40-49,Bác sĩ,Hà Nội,Việt Nam,Gold,3,1,7,2017-01-04,2023-06-03,1
945,customer945@example.com,Ngô Đức,Nam,1979,40-49,Luật sư,TP HCM,Việt Nam,Silver,1,1,10,2020-04-03,2024-08-31,1
946,customer946@example.com,Phạm Nga,Nữ,1995,25-29,Doanh nhân,Đồng Nai,Việt Nam,Platinum,4,1,10,2023-03-07,2023-11-10,1
947,customer947@example.com,Bùi Yến,Nữ,1976,40-49,Luật sư,Hà Nội,Việt Nam,Platinum,3,1,3,2017-12-12,2024-07-31,1
948,customer948@example.com,Đỗ Ngọc,Nữ,1981,40-49,Kiến trúc sư,Khánh Hòa,Việt Nam,Gold,4,1,4,2016-11-19,2023-01-03,1
949,customer949@example.com,Dương Trung,Nam,1965,50-59,Bác sĩ,Hà Nội,Việt Nam,Silver,1,1,1,2016-07-15,2024-06-07,1
950,customer950@example.com,Phan Thảo,Nữ,1990,30-39,Giám đốc,Hà Nội,Việt Nam,Platinum,4,1,6,2018-06-30,2024-06-18,1
951,customer951@example.com,Phạm Tuấn,Nam,1998,25-29,Kiến trúc sư,Đà Nẵng,Việt Nam,Gold,4,1,5,2022-09-08,2023-05-04,1
952,customer952@example.com,Lê Lan,Nữ,1982,40-49,Chuyên gia tài chính,Bình Dương,Việt Nam,Silver,4,1,4,2021-12-02,2024-07-27,1
953,customer953@example.com,Phan Tuấn,Nam,1984,40-49,Doanh nhân,Hà Nội,Việt Nam,Silver,3,1,6,2016-01-21,2024-01-13,1
954,customer954@example.com,Hoàng Minh,Nam,1998,25-29,Kiến trúc sư,TP HCM,Việt Nam,Diamond,3,1,5,2022-01-05,2023-02-28,1
955,customer955@example.com,Đỗ Anh,Nam,1990,30-39,Người nổi tiếng,TP HCM,Việt Nam,Diamond,1,1,1,2019-02-22,2023-01-30,1
956,customer956@example.com,Lê Hùng,Nam,1971,50-59,Nhà đầu tư,Hải Phòng,Việt Nam,Gold,1,1,6,2016-02-04,2024-07-11,1
957,customer957@example.com,Phan Anh,Nam,1961,60+,Chuyên gia tài chính,Đồng Nai,Việt Nam,Diamond,3,1,9,2015-02-28,2024-11-11,1
958,customer958@example.com,Phạm Việt,Nam,1964,60+,Bác sĩ,Đà Nẵng,Việt Nam,Gold,3,1,10,2017-03-24,2024-12-06,1
959,customer959@example.com,Hoàng Long,Nam,1960,60+,Chuyên gia tài chính,Hà Nội,Việt Nam,Platinum,1,1,10,2020-03-11,2023-04-01,1
960,customer960@example.com,Ngô Hùng,Nam,1971,50-59,Bác sĩ,Hà Nội,Việt Nam,Silver,2,1,1,2017-06-09,2024-10-15,1
961,customer961@example.com,Hoàng Anh,Nam,1975,40-49,Luật sư,Đà Nẵng,Việt Nam,Silver,4,1,5,2016-12-30,2023-10-13,1
962,customer962@example.com,Phạm Hà,Nữ,1986,30-39,Luật sư,Hà Nội,Việt Nam,Diamond,3,1,8,2017-12-19,2023-04-05,1
963,customer963@example.com,Dương Ánh,Nữ,1982,40-49,Người nổi tiếng,Hải Phòng,Việt Nam,Silver,4,1,3,2021-01-12,2024-08-05,1
964,customer964@example.com,Hồ Ngọc,Nữ,1982,40-49,Kiến trúc sư,Hà Nội,Việt Nam,Gold,3,1,2,2020-10-03,2023-08-04,1
965,customer965@example.com,Nguyễn Hoa,Nữ,1976,40-49,Bác sĩ,TP HCM,Việt Nam,Silver,4,1,10,2015-05-19,2023-11-27,1
966,customer966@example.com,Lê Hằng,Nữ,1960,60+,Người nổi tiếng,TP HCM,Việt Nam,Silver,3,1,5,2016-10-28,2024-04-23,1
967,customer967@example.com,Dương Trung,Nam,1988,30-39,Người nổi tiếng,TP HCM,Việt Nam,Platinum,4,1,4,2017-10-31,2024-01-18,1
968,customer968@example.com,Hoàng Lan,Nữ,1985,30-39,Luật sư,Đà Nẵng,Expat,Gold,4,1,7,2018-01-08,2024-08-14,1
969,customer969@example.com,Bùi Tuấn,Nam,1970,50-59,Kiến trúc sư,Bình Dương,Expat,Diamond,2,1,10,2023-06-07,2023-05-23,1
970,customer970@example.com,Trần Thảo,Nữ,1963,60+,Bác sĩ,Hải Phòng,Việt Nam,Silver,1,1,3,2017-03-31,2023-06-26,1
971,customer971@example.com,Phạm Đức,Nam,1971,50-59,Nhà đầu tư,Hà Nội,Việt Nam,Platinum,3,1,1,2020-05-09,2023-06-13,1
972,customer972@example.com,Hồ Hằng,Nữ,1995,25-29,Luật sư,Đồng Nai,Việt Nam,Platinum,2,1,2,2019-05-07,2023-05-12,1
973,customer973@example.com,Dương Hải,Nam,1985,30-39,Kiến trúc sư,Hải Phòng,Việt Nam,Gold,4,1,9,2015-10-21,2023-12-22,1
974,customer974@example.com,Đỗ Tuấn,Nam,1974,50-59,Luật sư,TP HCM,Việt Nam,Platinum,4,1,2,2022-03-29,2023-08-24,1
975,customer975@example.com,Phạm Long,Nam,1962,60+,Nhà đầu tư,Hà Nội,Việt Nam,Silver,2,1,5,2018-06-28,2024-02-01,1
976,customer976@example.com,Hoàng Hằng,Nữ,1962,60+,Bác sĩ,Hà Nội,Việt Nam,Platinum,4,1,2,2018-11-19,2024-12-03,1
977,customer977@example.com,Lê Nga,Nữ,1960,60+,Bác sĩ,TP HCM,Việt Nam,Gold,4,1,7,2019-09-27,2023-02-25,1
978,customer978@example.com,Đỗ Ngọc,Nữ,1967,50-59,Người nổi tiếng,TP HCM,Việt Nam,Platinum,3,1,2,2017-01-02,2024-03-10,1
979,customer979@example.com,Lê Lan,Nữ,1965,50-59,Chuyên gia tài chính,Khánh Hòa,Việt Nam,Silver,4,1,7,2015-07-18,2024-04-20,1
980,customer980@example.com,Đặng Hải,Nam,1991,30-39,Doanh nhân,Bình Dương,Việt Nam,Silver,3,1,5,2015-04-07,2024-07-09,1
981,customer981@example.com,Vũ Lan,Nữ,1982,40-49,Người nổi tiếng,TP HCM,Việt Nam,Gold,3,1,1,2020-12-16,2024-02-10,1
982,customer982@example.com,Trần Tuấn,Nam,1994,30-39,Bác sĩ,TP HCM,Việt Nam,Silver,4,1,10,2017-09-26,2024-06-20,1
983,customer983@example.com,Phan Hải,Nam,1964,60+,Doanh nhân,Hà Nội,Expat,Gold,1,1,7,2020-09-30,2023-03-22,1
984,customer984@example.com,Vũ Lan,Nữ,1987,30-39,Bác sĩ,Khánh Hòa,Việt Nam,Platinum,1,1,7,2016-04-21,2023-07-16,1
985,customer985@example.com,Bùi Hà,Nữ,1992,30-39,Luật sư,TP HCM,Việt Nam,Gold,2,1,7,2018-01-30,2024-12-06,1
986,customer986@example.com,Hồ Lan,Nữ,1992,30-39,Nhà đầu tư,Đồng Nai,Việt Nam,Silver,4,1,4,2015-03-18,2024-02-29,1
987,customer987@example.com,Đặng Phương,Nữ,1977,40-49,Chuyên gia tài chính,Hà Nội,Việt Nam,Platinum,2,1,2,2021-11-09,2023-10-22,1
988,customer988@example.com,Vũ Ánh,Nữ,1997,25-29,Chuyên gia tài chính,TP HCM,Việt Nam,Gold,3,1,6,2018-08-02,2023-12-21,1
989,customer989@example.com,Ngô Bình,Nam,1989,30-39,Luật sư,TP HCM,Việt Nam,Gold,4,1,1,2022-05-30,2024-08-08,1
990,customer990@example.com,Phan Hoa,Nữ,1995,25-29,Luật sư,Đà Nẵng,Việt Nam,Silver,3,1,8,2022-07-25,2024-04-23,0
991,customer991@example.com,Đỗ Quang,Nam,1982,40-49,Nhà đầu tư,Quảng Ninh,Việt Nam,Diamond,4,1,4,2019-03-18,2024-07-04,1
992,customer992@example.com,Vũ Đức,Nam,1966,50-59,Luật sư,Quảng Ninh,Việt Nam,Silver,2,1,7,2021-03-03,2024-02-23,1
993,customer993@example.com,Đỗ Long,Nam,1986,30-39,Chuyên gia tài chính,Đà Nẵng,Việt Nam,Platinum,3,1,9,2021-01-02,2024-06-29,1
994,customer994@example.com,Dương Thu,Nữ,1991,30-39,Kiến trúc sư,Hải Phòng,Việt Nam,Diamond,2,1,7,2018-03-27,2023-01-04,1
995,customer995@example.com,Hồ Mai,Nữ,1989,30-39,Giám đốc,TP HCM,Việt Nam,Diamond,4,1,4,2022-02-19,2023-01-30,1
996,customer996@example.com,Trần Trung,Nam,1992,30-39,Nhà đầu tư,Khánh Hòa,Việt Nam,Silver,4,1,2,2019-02-25,2023-01-24,1
997,customer997@example.com,Bùi Hà,Nữ,1995,25-29,Luật sư,Bình Dương,Việt Nam,Gold,2,1,3,2020-04-18,2024-12-30,1
998,customer998@example.com,Hoàng Hoa,Nữ,1968,50-59,Doanh nhân,Hà Nội,Việt Nam,Silver,4,1,4,2016-12-25,2024-04-17,1
999,customer999@example.com,Phan Tuấn,Nam,1998,25-29,Luật sư,TP HCM,Expat,Silver,1,1,7,2020-10-29,2024-04-26,1
1000,customer1000@example.com,Hoàng Khánh,Nam,1986,30-39,Giám đốc,Đà Nẵng,Việt Nam,Diamond,1,1,8,2020-05-23,2023-03-03,1
1001,customer1001@example.com,Phan Hằng,Nữ,1962,60+,Người nổi tiếng,TP HCM,Việt Nam,Silver,3,1,10,2023-06-14,2023-04-25,1
1002,customer1002@example.com,Hồ Nga,Nữ,1986,30-39,Bác sĩ,Đồng Nai,Việt Nam,Silver,1,1,6,2022-03-14,2024-12-11,0
1003,customer1003@example.com,Dương Thảo,Nữ,1975,40-49,Chuyên gia tài chính,Hà Nội,Việt Nam,Platinum,3,1,10,2018-02-01,2024-08-31,0
1004,customer1004@example.com,Bùi Long,Nam,1969,50-59,Doanh nhân,Hà Nội,Việt Nam,Gold,3,1,5,2023-01-11,2023-06-12,1
1005,customer1005@example.com,Ngô Thu,Nữ,1990,30-39,Kiến trúc sư,Hà Nội,Việt Nam,Silver,3,1,7,2017-11-19,2024-10-14,1
1006,customer1006@example.com,Hoàng Tuấn,Nam,1997,25-29,Doanh nhân,Hà Nội,Việt Nam,Platinum,4,1,8,2021-12-08,2023-06-24,1
1007,customer1007@example.com,Bùi Hải,Nam,1997,25-29,Chuyên gia tài chính,TP HCM,Expat,Gold,4,1,3,2020-06-05,2024-01-24,0
1008,customer1008@example.com,Phạm Long,Nam,1981,40-49,Luật sư,Hà Nội,Việt Nam,Platinum,1,1,4,2018-12-31,2024-05-25,1
1009,customer1009@example.com,Phạm Khánh,Nam,1993,30-39,Luật sư,TP HCM,Việt Nam,Gold,3,1,9,2015-10-03,2023-10-05,1
1010,customer1010@example.com,Đặng Trung,Nam,1963,60+,Luật sư,Hà Nội,Việt Nam,Silver,2,1,4,2022-09-25,2024-04-12,1
1011,customer1011@example.com,Hoàng Hoa,Nữ,1995,25-29,Luật sư,Đà Nẵng,Expat,Diamond,2,1,9,2018-05-25,2023-03-04,1
1012,customer1012@example.com,Dương Trung,Nam,1997,25-29,Người nổi tiếng,TP HCM,Việt Nam,Platinum,3,1,2,2017-03-15,2024-05-04,1
1013,customer1013@example.com,Phạm Hùng,Nam,1990,30-39,Luật sư,TP HCM,Việt Nam,Silver,4,1,2,2023-01-28,2024-03-29,1
1014,customer1014@example.com,Dương Anh,Nam,1997,25-29,Người nổi tiếng,Quảng Ninh,Việt Nam,Gold,3,1,8,2022-01-29,2023-06-30,1
1015,customer1015@example.com,Hoàng Ánh,Nữ,1992,30-39,Kiến trúc sư,Hà Nội,Việt Nam,Silver,3,1,8,2016-04-01,2023-07-06,1
1016,customer1016@example.com,Đặng Thu,Nữ,1992,30-39,Bác sĩ,Hà Nội,Việt Nam,Platinum,1,1,8,2018-11-03,2024-10-15,1
1017,customer1017@example.com,Dương Hùng,Nam,1972,50-59,Luật sư,Hà Nội,Việt Nam,Silver,4,1,2,2022-09-05,2023-11-04,1
1018,customer1018@example.com,Hồ Tuấn,Nam,1996,25-29,Chuyên gia tài chính,Hà Nội,Việt Nam,Platinum,2,1,10,2022-06-06,2023-06-10,1
1019,customer1019@example.com,Dương Hằng,Nữ,1998,25-29,Kiến trúc sư,Hà Nội,Việt Nam,Diamond,3,1,6,2016-08-16,2023-11-10,1
1020,customer1020@example.com,Đặng Thảo,Nữ,1980,40-49,Nhà đầu tư,TP HCM,Việt Nam,Silver,4,1,1,2019-08-02,2023-12-29,1
1021,customer1021@example.com,Dương Long,Nam,1989,30-39,Doanh nhân,Hải Phòng,Việt Nam,Platinum,3,1,5,2019-03-10,2023-01-25,1
1022,customer1022@example.com,Bùi Yến,Nữ,1980,40-49,Luật sư,Hải Phòng,Việt Nam,Gold,3,1,2,2015-11-01,2023-09-06,1
1023,customer1023@example.com,Đặng Lan,Nữ,1997,25-29,Nhà đầu tư,TP HCM,Expat,Gold,3,1,10,2021-07-28,2024-01-20,0
1024,customer1024@example.com,Hoàng Thành,Nam,1981,40-49,Chuyên gia tài chính,TP HCM,Việt Nam,Gold,1,1,6,2023-03-20,2024-02-28,1
1025,customer1025@example.com,Hoàng Trung,Nam,1997,25-29,Luật sư,TP HCM,Việt Nam,Silver,3,1,9,2020-12-15,2023-10-26,1
1026,customer1026@example.com,Dương Khánh,Nam,1964,60+,Chuyên gia tài chính,Khánh Hòa,Việt Nam,Platinum,2,1,3,2018-08-08,2024-04-24,1
1027,customer1027@example.com,Phạm Ánh,Nữ,1981,40-49,Kiến trúc sư,Hà Nội,Việt Nam,Silver,1,1,7,2019-10-17,2024-02-10,1
1028,customer1028@example.com,Nguyễn Thành,Nam,1993,30-39,Chuyên gia tài chính,Hà Nội,Việt Nam,Silver,3,1,9,2020-07-08,2023-10-17,1
1029,customer1029@example.com,Đỗ Hùng,Nam,1964,60+,Giám đốc,TP HCM,Việt Nam,Platinum,1,1,10,2020-04-02,2024-09-16,1
1030,customer1030@example.com,Dương Anh,Nam,1964,60+,Nhà đầu tư,Hải Phòng,Việt Nam,Diamond,2,1,6,2015-10-27,2023-07-06,1
1031,customer1031@example.com,Bùi Ngọc,Nữ,1989,30-39,Nhà đầu tư,Bình Dương,Việt Nam,Silver,4,1,1,2015-02-04,2023-08-19,1
1032,customer1032@example.com,Phạm Trung,Nam,1976,40-49,Chuyên gia tài chính,TP HCM,Việt Nam,Silver,3,1,10,2016-09-17,2023-07-13,1
1033,customer1033@example.com,Lê Hùng,Nam,1979,40-49,Doanh nhân,TP HCM,Expat,Silver,2,1,9,2018-11-28,2023-03-12,1
1034,customer1034@example.com,Hồ Linh,Nữ,1974,50-59,Luật sư,Hà Nội,Việt Nam,Silver,2,1,6,2015-04-22,2023-05-21,1
1035,customer1035@example.com,Vũ Lan,Nữ,1967,50-59,Người nổi tiếng,Bình Dương,Expat,Silver,1,1,8,2019-12-02,2024-02-13,1
1036,customer1036@example.com,Trần Hoa,Nữ,1997,25-29,Bác sĩ,TP HCM,Việt Nam,Gold,2,1,4,2016-05-07,2024-05-15,1
1037,customer1037@example.com,Vũ Linh,Nữ,1980,40-49,Luật sư,Quảng Ninh,Việt Nam,Gold,3,1,9,2016-04-03,2024-04-12,0
1038,customer1038@example.com,Vũ Hà,Nữ,1986,30-39,Giám đốc,TP HCM,Expat,Platinum,4,1,5,2017-07-28,2024-12-19,1
1039,customer1039@example.com,Nguyễn Thảo,Nữ,1990,30-39,Chuyên gia tài chính,Hà Nội,Việt Nam,Silver,1,1,3,2020-10-25,2023-06-09,1
1040,customer1040@example.com,Nguyễn Phương,Nữ,1962,60+,Luật sư,Bình Dương,Việt Nam,Gold,4,1,3,2019-09-14,2023-06-26,1
1041,customer1041@example.com,Phan Hùng,Nam,1971,50-59,Bác sĩ,Hà Nội,Việt Nam,Gold,3,1,5,2021-12-22,2023-11-25,0
1042,customer1042@example.com,Nguyễn Bình,Nam,1981,40-49,Doanh nhân,Đà Nẵng,Việt Nam,Gold,4,1,10,2023-02-07,2024-06-21,1
1043,customer1043@example.com,Phan Đức,Nam,1960,60+,Giám đốc,TP HCM,Việt Nam,Diamond,4,1,7,2021-01-07,2024-03-26,1
1044,customer1044@example.com,Đặng Bình,Nam,1979,40-49,Kiến trúc sư,Hà Nội,Việt Nam,Gold,1,1,8,2020-07-11,2024-08-07,1
1045,customer1045@example.com,Lê Việt,Nam,1992,30-39,Bác sĩ,Hà Nội,Việt Nam,Silver,4,1,5,2021-11-24,2023-04-18,1
1046,customer1046@example.com,Ngô Ánh,Nữ,1971,50-59,Kiến trúc sư,TP HCM,Expat,Platinum,3,1,3,2018-09-05,2024-03-08,1
1047,customer1047@example.com,Ngô Minh,Nam,1997,25-29,Nhà đầu tư,TP HCM,Việt Nam,Diamond,1,1,3,2022-02-12,2023-02-04,1
1048,customer1048@example.com,Vũ Hải,Nam,1970,50-59,Doanh nhân,TP HCM,Việt Nam,Silver,4,1,8,2017-05-29,2024-04-09,1
1049,customer1049@example.com,Ngô Thảo,Nữ,1967,50-59,Chuyên gia tài chính,TP HCM,Expat,Silver,4,1,9,2020-02-13,2024-11-10,1
1050,customer1050@example.com,Hoàng Hoa,Nữ,1993,30-39,Chuyên gia tài chính,TP HCM,Việt Nam,Gold,1,1,4,2020-02-17,2023-04-24,1
1051,customer1051@example.com,Phan Thảo,Nữ,1968,50-59,Người nổi tiếng,TP HCM,Expat,Silver,2,1,7,2020-09-23,2023-07-19,1
1052,customer1052@example.com,Phạm Khánh,Nam,1961,60+,Chuyên gia tài chính,TP HCM,Việt Nam,Gold,1,1,9,2019-01-25,2024-07-06,1
1053,customer1053@example.com,Lê Hùng,Nam,1983,40-49,Bác sĩ,TP HCM,Expat,Silver,2,1,9,2021-11-02,2024-03-10,1
1054,customer1054@example.com,Vũ Thảo,Nữ,1963,60+,Nhà đầu tư,Đồng Nai,Expat,Diamond,4,1,6,2016-07-11,2023-11-04,0
1055,customer1055@example.com,Hồ Thảo,Nữ,1995,25-29,Luật sư,Đồng Nai,Việt Nam,Diamond,1,1,7,2016-07-28,2023-05-28,1
1056,customer1056@example.com,Vũ Việt,Nam,1975,40-49,Bác sĩ,TP HCM,Việt Nam,Silver,3,1,2,2017-07-15,2023-10-10,1
1057,customer1057@example.com,Ngô Trang,Nữ,1967,50-59,Bác sĩ,Hà Nội,Việt Nam,Silver,3,1,1,2022-02-21,2023-05-01,1
1058,customer1058@example.com,Đặng Đức,Nam,1998,25-29,Người nổi tiếng,Hà Nội,Việt Nam,Platinum,4,1,3,2015-10-16,2023-12-16,1
1059,customer1059@example.com,Hoàng Hùng,Nam,1984,40-49,Người nổi tiếng,TP HCM,Việt Nam,Platinum,4,1,5,2017-07-09,2024-06-19,1
1060,customer1060@example.com,Hồ Thu,Nữ,1975,40-49,Nhà đầu tư,TP HCM,Việt Nam,Platinum,3,1,5,2017-10-27,2024-10-17,1
1061,customer1061@example.com,Phan Hoa,Nữ,1976,40-49,Doanh nhân,Hà Nội,Việt Nam,Silver,4,1,4,2021-08-18,2024-03-20,1
1062,customer1062@example.com,Bùi Trung,Nam,1991,30-39,Nhà đầu tư,TP HCM,Expat,Platinum,1,1,10,2016-03-17,2024-08-27,1
1063,customer1063@example.com,Trần Hùng,Nam,1996,25-29,Luật sư,TP HCM,Việt Nam,Diamond,4,1,7,2023-01-21,2023-02-10,1
1064,customer1064@example.com,Đỗ Hà,Nữ,1989,30-39,Doanh nhân,Khánh Hòa,Việt Nam,Gold,4,1,1,2017-06-03,2024-08-03,1
1065,customer1065@example.com,Hoàng Hằng,Nữ,1966,50-59,Doanh nhân,Đà Nẵng,Việt Nam,Silver,3,1,6,2017-10-15,2023-10-11,1
1066,customer1066@example.com,Đặng Khánh,Nam,1980,40-49,Kiến trúc sư,Đà Nẵng,Việt Nam,Gold,3,1,7,2023-06-13,2023-12-23,1
1067,customer1067@example.com,Trần Hải,Nam,1991,30-39,Chuyên gia tài chính,TP HCM,Việt Nam,Platinum,2,1,6,2018-06-06,2023-04-14,1
1068,customer1068@example.com,Phan Trung,Nam,1985,30-39,Người nổi tiếng,TP HCM,Việt Nam,Silver,4,1,6,2018-10-12,2024-03-24,1
1069,customer1069@example.com,Phan Minh,Nam,1970,50-59,Giám đốc,Hà Nội,Việt Nam,Gold,3,1,9,2021-01-13,2023-07-02,1
1070,customer1070@example.com,Trần Hùng,Nam,1972,50-59,Nhà đầu tư,Bình Dương,Việt Nam,Silver,3,1,7,2016-06-28,2024-01-30,1
1071,customer1071@example.com,Trần Nga,Nữ,1996,25-29,Luật sư,TP HCM,Việt Nam,Gold,3,1,1,2020-07-18,2023-08-18,1
1072,customer1072@example.com,Phạm Bình,Nam,1975,40-49,Luật sư,Hà Nội,Việt Nam,Diamond,4,1,8,2019-08-25,2024-07-23,1
1073,customer1073@example.com,Lê Thành,Nam,1986,30-39,Nhà đầu tư,TP HCM,Expat,Diamond,3,1,6,2017-12-15,2024-03-17,1
1074,customer1074@example.com,Bùi Hải,Nam,1980,40-49,Giám đốc,Khánh Hòa,Việt Nam,Platinum,2,1,9,2021-06-29,2023-05-12,1
1075,customer1075@example.com,Phan Hoa,Nữ,1994,30-39,Luật sư,Đà Nẵng,Việt Nam,Gold,2,1,8,2018-01-07,2024-08-11,1
1076,customer1076@example.com,Đặng Phương,Nữ,1988,30-39,Nhà đầu tư,Hà Nội,Expat,Silver,4,1,9,2022-04-17,2023-02-28,1
1077,customer1077@example.com,Trần Ánh,Nữ,1969,50-59,Chuyên gia tài chính,Hà Nội,Việt Nam,Gold,1,1,10,2020-07-03,2024-03-17,1
1078,customer1078@example.com,Phạm Anh,Nam,1985,30-39,Người nổi tiếng,Hà Nội,Việt Nam,Silver,2,1,10,2020-09-11,2024-02-21,1
1079,customer1079@example.com,Đỗ Lan,Nữ,1960,60+,Chuyên gia tài chính,TP HCM,Việt Nam,Silver,1,1,9,2019-08-22,2023-06-15,1
1080,customer1080@example.com,Dương Việt,Nam,1998,25-29,Bác sĩ,Hải Phòng,Việt Nam,Diamond,1,1,6,2015-12-31,2023-04-07,1
1081,customer1081@example.com,Vũ Trang,Nữ,1986,30-39,Người nổi tiếng,Hà Nội,Việt Nam,Silver,3,1,3,2022-12-06,2024-03-16,1
1082,customer1082@example.com,Lê Thảo,Nữ,1965,50-59,Nhà đầu tư,Hà Nội,Việt Nam,Gold,1,1,6,2020-01-25,2023-04-07,1
1083,customer1083@example.com,Nguyễn Thành,Nam,1998,25-29,Doanh nhân,TP HCM,Việt Nam,Silver,1,1,1,2018-08-31,2024-01-29,1
1084,customer1084@example.com,Lê Linh,Nữ,1964,60+,Người nổi tiếng,Hà Nội,Việt Nam,Silver,2,1,10,2019-03-13,2024-08-10,1
1085,customer1085@example.com,Bùi Mai,Nữ,1971,50-59,Người nổi tiếng,Hà Nội,Việt Nam,Gold,1,1,5,2018-04-08,2023-04-21,1
1086,customer1086@example.com,Bùi Tuấn,Nam,1997,25-29,Giám đốc,TP HCM,Việt Nam,Diamond,3,1,8,2022-05-21,2024-07-15,1
1087,customer1087@example.com,Hồ Yến,Nữ,1967,50-59,Giám đốc,TP HCM,Việt Nam,Silver,4,1,4,2019-07-14,2023-02-12,1
1088,customer1088@example.com,Trần Hà,Nữ,1997,25-29,Giám đốc,TP HCM,Việt Nam,Gold,4,1,9,2022-03-19,2023-07-25,1
1089,customer1089@example.com,Dương Đức,Nam,1988,30-39,Kiến trúc sư,Khánh Hòa,Việt Nam,Gold,1,1,8,2015-04-08,2024-05-18,1
1090,customer1090@example.com,Hoàng Thu,Nữ,1984,40-49,Kiến trúc sư,Đà Nẵng,Việt Nam,Gold,1,1,4,2016-01-01,2023-11-11,1
1091,customer1091@example.com,Ngô Minh,Nam,1980,40-49,Doanh nhân,Hà Nội,Việt Nam,Silver,1,1,7,2023-04-14,2024-06-04,1
1092,customer1092@example.com,Phan Anh,Nam,1992,30-39,Doanh nhân,Đồng Nai,Việt Nam,Diamond,2,1,6,2015-10-26,2023-07-28,1
1093,customer1093@example.com,Vũ Đức,Nam,1962,60+,Giám đốc,Đồng Nai,Việt Nam,Silver,3,1,3,2019-05-17,2023-08-22,1
1094,customer1094@example.com,Lê Mai,Nữ,1962,60+,Luật sư,TP HCM,Việt Nam,Diamond,3,1,4,2022-04-30,2023-10-07,1
1095,customer1095@example.com,Vũ Quang,Nam,1986,30-39,Kiến trúc sư,Bình Dương,Việt Nam,Platinum,3,1,10,2015-02-12,2024-10-03,1
1096,customer1096@example.com,Lê Anh,Nam,1988,30-39,Luật sư,Hà Nội,Việt Nam,Silver,4,1,2,2017-01-21,2024-07-03,1
1097,customer1097@example.com,Hoàng Yến,Nữ,1985,30-39,Kiến trúc sư,Hà Nội,Việt Nam,Silver,1,1,7,2017-04-07,2023-03-30,1
1098,customer1098@example.com,Lê Yến,Nữ,1972,50-59,Doanh nhân,TP HCM,Việt Nam,Silver,4,1,3,2015-12-09,2024-12-11,1
1099,customer1099@example.com,Đỗ Hải,Nam,1987,30-39,Người nổi tiếng,Đà Nẵng,Việt Nam,Platinum,2,1,4,2023-02-17,2023-11-22,0
1100,customer1100@example.com,Phan Long,Nam,1969,50-59,Bác sĩ,TP HCM,Việt Nam,Gold,4,1,7,2016-09-19,2023-10-26,1
1101,customer1101@example.com,Hồ Đức,Nam,1971,50-59,Chuyên gia tài chính,TP HCM,Việt Nam,Diamond,1,1,4,2021-09-30,2024-06-25,1
1102,customer1102@example.com,Bùi Hải,Nam,1969,50-59,Doanh nhân,Hà Nội,Việt Nam,Gold,1,1,10,2023-01-30,2023-06-23,1
1103,customer1103@example.com,Nguyễn Mai,Nữ,1983,40-49,Giám đốc,TP HCM,Việt Nam,Silver,1,1,7,2021-05-11,2023-05-03,1
1104,customer1104@example.com,Bùi Hùng,Nam,1996,25-29,Doanh nhân,TP HCM,Expat,Diamond,4,1,5,2022-09-09,2024-09-22,1
1105,customer1105@example.com,Đỗ Long,Nam,1991,30-39,Chuyên gia tài chính,Quảng Ninh,Việt Nam,Gold,2,1,8,2021-01-06,2024-01-04,1
1106,customer1106@example.com,Vũ Thảo,Nữ,1971,50-59,Bác sĩ,TP HCM,Việt Nam,Platinum,2,1,1,2020-02-27,2024-02-25,1
1107,customer1107@example.com,Lê Anh,Nam,1985,30-39,Chuyên gia tài chính,Hà Nội,Việt Nam,Diamond,4,1,8,2019-12-24,2024-02-02,1
1108,customer1108@example.com,Hồ Hằng,Nữ,1980,40-49,Bác sĩ,Đà Nẵng,Việt Nam,Silver,2,1,10,2017-03-08,2024-11-06,1
1109,customer1109@example.com,Bùi Hà,Nữ,1989,30-39,Nhà đầu tư,TP HCM,Việt Nam,Gold,4,1,2,2021-02-01,2024-10-29,1
1110,customer1110@example.com,Phạm Linh,Nữ,1963,60+,Chuyên gia tài chính,TP HCM,Việt Nam,Gold,4,1,3,2019-12-20,2023-01-25,1
1111,customer1111@example.com,Hồ Mai,Nữ,1996,25-29,Kiến trúc sư,Quảng Ninh,Việt Nam,Platinum,4,1,10,2017-03-21,2023-06-04,1
1112,customer1112@example.com,Ngô Mai,Nữ,1975,40-49,Người nổi tiếng,Hà Nội,Expat,Gold,1,1,2,2015-09-25,2023-03-29,0
1113,customer1113@example.com,Trần Hải,Nam,1981,40-49,Chuyên gia tài chính,Hà Nội,Việt Nam,Silver,1,1,6,2021-12-27,2023-11-20,1
1114,customer1114@example.com,Phan Trang,Nữ,1990,30-39,Bác sĩ,Hà Nội,Việt Nam,Gold,2,1,3,2019-08-28,2023-05-02,1
1115,customer1115@example.com,Bùi Yến,Nữ,1970,50-59,Người nổi tiếng,TP HCM,Việt Nam,Platinum,2,1,2,2022-06-12,2023-05-31,1
1116,customer1116@example.com,Lê Quang,Nam,1962,60+,Người nổi tiếng,TP HCM,Việt Nam,Silver,3,1,8,2021-07-23,2024-08-08,1
1117,customer1117@example.com,Hồ Trung,Nam,1991,30-39,Chuyên gia tài chính,Bình Dương,Expat,Diamond,1,1,3,2016-07-06,2024-10-01,1
1118,customer1118@example.com,Trần Ngọc,Nữ,1969,50-59,Luật sư,Khánh Hòa,Việt Nam,Platinum,1,1,6,2021-10-05,2024-05-21,0
1119,customer1119@example.com,Phan Hà,Nữ,1970,50-59,Kiến trúc sư,Hà Nội,Việt Nam,Gold,1,1,8,2018-07-28,2023-06-20,0
1120,customer1120@example.com,Hoàng Bình,Nam,1979,40-49,Nhà đầu tư,TP HCM,Việt Nam,Diamond,4,1,2,2018-09-25,2024-07-18,0
1121,customer1121@example.com,Nguyễn Long,Nam,1996,25-29,Nhà đầu tư,Hà Nội,Việt Nam,Gold,3,1,7,2018-10-06,2024-01-11,1
1122,customer1122@example.com,Ngô Nga,Nữ,1986,30-39,Bác sĩ,Khánh Hòa,Việt Nam,Gold,4,1,5,2017-12-28,2023-03-27,1
1123,customer1123@example.com,Bùi Hùng,Nam,1980,40-49,Doanh nhân,Hải Phòng,Việt Nam,Silver,1,1,3,2019-03-10,2023-03-08,1
1124,customer1124@example.com,Trần Minh,Nam,1965,50-59,Doanh nhân,Đà Nẵng,Việt Nam,Diamond,1,1,3,2021-07-14,2024-10-03,1
1125,customer1125@example.com,Dương Ánh,Nữ,1981,40-49,Giám đốc,TP HCM,Việt Nam,Silver,1,1,3,2016-01-11,2023-04-04,0
1126,customer1126@example.com,Nguyễn Khánh,Nam,1973,50-59,Giám đốc,TP HCM,Việt Nam,Silver,2,1,8,2021-10-15,2024-12-24,1
1127,customer1127@example.com,Nguyễn Thu,Nữ,1997,25-29,Bác sĩ,TP HCM,Việt Nam,Diamond,3,1,3,2021-01-29,2024-08-12,1
1128,customer1128@example.com,Phạm Tuấn,Nam,1964,60+,Chuyên gia tài chính,Đà Nẵng,Việt Nam,Gold,3,1,10,2019-08-16,2024-06-02,1
1129,customer1129@example.com,Hoàng Hải,Nam,1987,30-39,Luật sư,TP HCM,Việt Nam,Diamond,3,1,5,2023-06-17,2023-06-15,0
1130,customer1130@example.com,Phan Khánh,Nam,1991,30-39,Doanh nhân,TP HCM,Việt Nam,Silver,4,1,1,2023-05-07,2024-11-21,1
1131,customer1131@example.com,Hồ Hoa,Nữ,1998,25-29,Kiến trúc sư,Đà Nẵng,Việt Nam,Gold,4,1,6,2020-08-08,2023-11-04,1
1132,customer1132@example.com,Ngô Linh,Nữ,1994,30-39,Luật sư,TP HCM,Việt Nam,Gold,4,1,8,2018-08-21,2024-02-17,1
1133,customer1133@example.com,Lê Mai,Nữ,1988,30-39,Nhà đầu tư,TP HCM,Việt Nam,Silver,3,1,7,2022-02-02,2023-06-02,1
1134,customer1134@example.com,Dương Anh,Nam,1987,30-39,Bác sĩ,Hà Nội,Expat,Silver,1,1,7,2020-04-18,2023-06-03,1
1135,customer1135@example.com,Đặng Quang,Nam,1961,60+,Bác sĩ,Hà Nội,Expat,Gold,2,1,4,2020-06-15,2024-09-13,1
1136,customer1136@example.com,Lê Thu,Nữ,1987,30-39,Doanh nhân,TP HCM,Việt Nam,Diamond,4,1,10,2018-03-31,2023-05-25,1
1137,customer1137@example.com,Vũ Thu,Nữ,1973,50-59,Doanh nhân,Khánh Hòa,Việt Nam,Silver,3,1,10,2019-10-24,2024-09-18,1
1138,customer1138@example.com,Hoàng Hải,Nam,1993,30-39,Chuyên gia tài chính,Hải Phòng,Expat,Gold,4,1,2,2015-03-14,2024-04-02,1
1139,customer1139@example.com,Phan Khánh,Nam,1973,50-59,Luật sư,Đồng Nai,Expat,Gold,4,1,5,2021-03-23,2023-12-15,1
1140,customer1140@example.com,Lê Nga,Nữ,1972,50-59,Luật sư,Đà Nẵng,Việt Nam,Platinum,2,1,8,2021-04-26,2024-04-26,1
1141,customer1141@example.com,Trần Hằng,Nữ,1992,30-39,Bác sĩ,TP HCM,Việt Nam,Gold,3,1,2,2020-01-16,2024-02-03,1
1142,customer1142@example.com,Phan Hà,Nữ,1969,50-59,Doanh nhân,TP HCM,Việt Nam,Silver,3,1,10,2020-05-30,2024-07-29,1
1143,customer1143@example.com,Đặng Nga,Nữ,1980,40-49,Luật sư,Hải Phòng,Việt Nam,Diamond,1,1,5,2023-03-24,2023-03-04,1
1144,customer1144@example.com,Dương Thành,Nam,1993,30-39,Kiến trúc sư,Hà Nội,Việt Nam,Platinum,1,1,5,2017-12-05,2023-07-29,1
1145,customer1145@example.com,Hồ Anh,Nam,1961,60+,Nhà đầu tư,Hà Nội,Việt Nam,Diamond,2,1,8,2022-01-07,2024-01-27,1
1146,customer1146@example.com,Trần Thảo,Nữ,1980,40-49,Người nổi tiếng,Hà Nội,Việt Nam,Gold,2,1,10,2016-06-10,2023-11-27,1
1147,customer1147@example.com,Phan Thành,Nam,1963,60+,Người nổi tiếng,TP HCM,Việt Nam,Platinum,1,1,7,2022-04-01,2023-11-28,1
1148,customer1148@example.com,Hồ Thảo,Nữ,1962,60+,Chuyên gia tài chính,TP HCM,Việt Nam,Diamond,1,1,3,2020-07-27,2023-03-07,1
1149,customer1149@example.com,Trần Thành,Nam,1969,50-59,Bác sĩ,Khánh Hòa,Việt Nam,Platinum,3,1,6,2015-11-29,2024-02-27,1
1150,customer1150@example.com,Vũ Thành,Nam,1991,30-39,Doanh nhân,TP HCM,Việt Nam,Gold,2,1,9,2016-01-02,2023-08-01,1
1151,customer1151@example.com,Phạm Đức,Nam,1976,40-49,Doanh nhân,TP HCM,Việt Nam,Silver,2,1,8,2015-06-23,2023-02-13,1
1152,customer1152@example.com,Lê Thành,Nam,1969,50-59,Chuyên gia tài chính,TP HCM,Việt Nam,Platinum,1,1,9,2018-04-01,2024-05-19,0
1153,customer1153@example.com,Trần Lan,Nữ,1995,25-29,Luật sư,TP HCM,Việt Nam,Gold,1,1,6,2022-11-14,2023-03-24,1
1154,customer1154@example.com,Lê Hằng,Nữ,1992,30-39,Luật sư,Hà Nội,Việt Nam,Gold,3,1,5,2021-03-28,2024-01-19,1
1155,customer1155@example.com,Dương Trung,Nam,1972,50-59,Kiến trúc sư,TP HCM,Việt Nam,Silver,1,1,5,2020-01-24,2023-01-30,1
1156,customer1156@example.com,Lê Hoa,Nữ,1973,50-59,Doanh nhân,TP HCM,Việt Nam,Diamond,2,1,4,2021-05-24,2023-11-02,1
1157,customer1157@example.com,Hoàng Hải,Nam,1997,25-29,Người nổi tiếng,Hà Nội,Việt Nam,Gold,3,1,4,2020-09-24,2023-01-25,1
1158,customer1158@example.com,Phan Đức,Nam,1971,50-59,Người nổi tiếng,Khánh Hòa,Việt Nam,Silver,4,1,10,2023-06-15,2023-06-19,1
1159,customer1159@example.com,Đỗ Thảo,Nữ,1995,25-29,Luật sư,Hà Nội,Việt Nam,Silver,1,1,10,2015-07-24,2023-01-12,1
1160,customer1160@example.com,Đặng Quang,Nam,1979,40-49,Bác sĩ,Hà Nội,Việt Nam,Gold,4,1,6,2015-11-08,2023-10-14,1
1161,customer1161@example.com,Dương Minh,Nam,1979,40-49,Giám đốc,Hà Nội,Việt Nam,Diamond,2,1,2,2022-02-20,2024-11-29,1
1162,customer1162@example.com,Nguyễn Hoa,Nữ,1971,50-59,Giám đốc,Đà Nẵng,Việt Nam,Diamond,3,1,5,2015-04-03,2024-12-20,1
1163,customer1163@example.com,Phạm Hùng,Nam,1969,50-59,Nhà đầu tư,TP HCM,Việt Nam,Gold,4,1,7,2016-12-17,2023-01-14,1
1164,customer1164@example.com,Dương Long,Nam,1964,60+,Kiến trúc sư,Đà Nẵng,Việt Nam,Silver,3,1,4,2017-08-19,2024-12-07,1
1165,customer1165@example.com,Đỗ Quang,Nam,1962,60+,Người nổi tiếng,Hải Phòng,Việt Nam,Platinum,3,1,6,2015-12-29,2024-09-04,1
1166,customer1166@example.com,Lê Nga,Nữ,1994,30-39,Chuyên gia tài chính,Đà Nẵng,Việt Nam,Silver,3,1,7,2016-12-13,2024-08-17,1
1167,customer1167@example.com,Dương Thảo,Nữ,1982,40-49,Bác sĩ,Hải Phòng,Việt Nam,Gold,4,1,6,2019-11-04,2023-03-30,1
1168,customer1168@example.com,Phan Anh,Nam,1981,40-49,Người nổi tiếng,TP HCM,Việt Nam,Platinum,1,1,6,2020-09-05,2024-10-02,1
1169,customer1169@example.com,Hồ Hà,Nữ,1994,30-39,Bác sĩ,Bình Dương,Việt Nam,Diamond,2,1,7,2015-12-01,2024-03-05,1
1170,customer1170@example.com,Trần Trung,Nam,1993,30-39,Doanh nhân,Hà Nội,Việt Nam,Diamond,2,1,6,2020-06-26,2023-04-30,1
1171,customer1171@example.com,Vũ Yến,Nữ,1995,25-29,Nhà đầu tư,Hà Nội,Việt Nam,Gold,1,1,4,2022-03-08,2024-10-21,1
1172,customer1172@example.com,Dương Thành,Nam,1960,60+,Giám đốc,TP HCM,Expat,Platinum,3,1,4,2023-06-23,2024-02-20,1
1173,customer1173@example.com,Hồ Hùng,Nam,1994,30-39,Luật sư,Hà Nội,Việt Nam,Silver,2,1,2,2015-10-02,2023-09-17,1
1174,customer1174@example.com,Phan Anh,Nam,1987,30-39,Nhà đầu tư,Hà Nội,Việt Nam,Silver,3,1,4,2018-05-29,2024-03-14,1
1175,customer1175@example.com,Nguyễn Ánh,Nữ,1997,25-29,Người nổi tiếng,Quảng Ninh,Việt Nam,Gold,3,1,8,2019-04-21,2024-07-05,1
1176,customer1176@example.com,Đỗ Nga,Nữ,1997,25-29,Người nổi tiếng,Quảng Ninh,Việt Nam,Diamond,1,1,8,2017-10-29,2024-07-10,1
1177,customer1177@example.com,Đặng Quang,Nam,1966,50-59,Chuyên gia tài chính,Hà Nội,Expat,Silver,3,1,9,2022-11-23,2024-04-07,1
1178,customer1178@example.com,Nguyễn Ánh,Nữ,1966,50-59,Bác sĩ,TP HCM,Việt Nam,Silver,4,1,2,2020-08-18,2023-07-05,1
1179,customer1179@example.com,Hồ Trang,Nữ,1994,30-39,Doanh nhân,Hà Nội,Việt Nam,Gold,2,1,8,2018-04-16,2023-06-16,0
1180,customer1180@example.com,Trần Ánh,Nữ,1987,30-39,Bác sĩ,Khánh Hòa,Việt Nam,Gold,2,1,1,2019-05-06,2024-10-31,1
1181,customer1181@example.com,Hoàng Mai,Nữ,1962,60+,Luật sư,TP HCM,Việt Nam,Platinum,2,1,8,2022-11-10,2023-04-29,1
1182,customer1182@example.com,Ngô Trung,Nam,1968,50-59,Doanh nhân,TP HCM,Việt Nam,Platinum,1,1,9,2022-10-12,2024-01-13,1
1183,customer1183@example.com,Đặng Minh,Nam,1986,30-39,Kiến trúc sư,TP HCM,Việt Nam,Silver,1,1,5,2022-06-15,2024-01-02,1
1184,customer1184@example.com,Trần Minh,Nam,1968,50-59,Bác sĩ,Hà Nội,Việt Nam,Silver,3,1,9,2017-12-13,2024-05-04,0
1185,customer1185@example.com,Vũ Hùng,Nam,1997,25-29,Doanh nhân,Hà Nội,Việt Nam,Silver,4,1,1,2019-03-04,2023-03-03,1
1186,customer1186@example.com,Bùi Anh,Nam,1967,50-59,Kiến trúc sư,TP HCM,Việt Nam,Diamond,2,1,6,2017-09-25,2024-05-06,1
1187,customer1187@example.com,Đặng Bình,Nam,1990,30-39,Luật sư,Hà Nội,Việt Nam,Gold,1,1,3,2022-06-25,2023-05-11,1
1188,customer1188@example.com,Đặng Thành,Nam,1964,60+,Giám đốc,TP HCM,Việt Nam,Platinum,3,1,4,2017-12-11,2024-02-21,0
1189,customer1189@example.com,Phan Ngọc,Nữ,1962,60+,Nhà đầu tư,Hà Nội,Việt Nam,Diamond,4,1,8,2021-10-19,2023-08-19,1
1190,customer1190@example.com,Đỗ Việt,Nam,1990,30-39,Nhà đầu tư,TP HCM,Việt Nam,Silver,3,1,8,2015-11-04,2024-03-19,1
1191,customer1191@example.com,Bùi Hoa,Nữ,1964,60+,Bác sĩ,Đà Nẵng,Việt Nam,Silver,3,1,8,2022-04-17,2023-12-16,1
1192,customer1192@example.com,Đặng Yến,Nữ,1979,40-49,Người nổi tiếng,TP HCM,Expat,Platinum,2,1,8,2018-10-12,2023-04-04,1
1193,customer1193@example.com,Bùi Phương,Nữ,1994,30-39,Giám đốc,Hà Nội,Việt Nam,Silver,3,1,10,2020-10-04,2023-08-22,1
1194,customer1194@example.com,Đỗ Linh,Nữ,1975,40-49,Chuyên gia tài chính,Quảng Ninh,Việt Nam,Silver,4,1,5,2017-12-16,2024-09-04,1
1195,customer1195@example.com,Dương Việt,Nam,1968,50-59,Kiến trúc sư,Hà Nội,Việt Nam,Platinum,3,1,4,2020-03-10,2024-08-18,1
1196,customer1196@example.com,Hồ Đức,Nam,1978,40-49,Luật sư,TP HCM,Việt Nam,Silver,4,1,6,2017-10-03,2024-02-06,1
1197,customer1197@example.com,Đặng Yến,Nữ,1996,25-29,Chuyên gia tài chính,Hà Nội,Việt Nam,Silver,4,1,9,2019-05-30,2023-01-04,0
1198,customer1198@example.com,Đặng Yến,Nữ,1991,30-39,Kiến trúc sư,TP HCM,Việt Nam,Silver,4,1,8,2021-09-04,2023-04-21,1
1199,customer1199@example.com,Trần Mai,Nữ,1980,40-49,Bác sĩ,Hà Nội,Việt Nam,Diamond,1,1,2,2018-02-10,2023-04-21,1
1200,customer1200@example.com,Dương Hoa,Nữ,1968,50-59,Nhà đầu tư,Hà Nội,Expat,Gold,1,1,2,2018-10-14,2024-10-01,1
1201,customer1201@example.com,Phạm Linh,Nữ,1987,30-39,Luật sư,TP HCM,Việt Nam,Silver,3,1,4,2016-09-13,2023-01-24,1
1202,customer1202@example.com,Lê Ngọc,Nữ,1974,50-59,Nhà đầu tư,Hà Nội,Việt Nam,Diamond,1,1,10,2023-04-21,2024-09-20,1
1203,customer1203@example.com,Trần Hoa,Nữ,1991,30-39,Luật sư,Bình Dương,Việt Nam,Gold,2,1,3,2017-06-21,2023-10-14,1
1204,customer1204@example.com,Vũ Trung,Nam,1979,40-49,Nhà đầu tư,TP HCM,Việt Nam,Platinum,4,1,8,2019-12-18,2023-06-03,1
1205,customer1205@example.com,Nguyễn Yến,Nữ,1984,40-49,Kiến trúc sư,Hà Nội,Việt Nam,Gold,3,1,6,2015-03-26,2024-05-26,1
1206,customer1206@example.com,Đỗ Linh,Nữ,1988,30-39,Chuyên gia tài chính,Hà Nội,Việt Nam,Platinum,4,1,3,2019-07-13,2023-08-01,1
1207,customer1207@example.com,Hoàng Linh,Nữ,1985,30-39,Kiến trúc sư,Đồng Nai,Việt Nam,Diamond,1,1,10,2017-09-26,2024-10-22,1
1208,customer1208@example.com,Vũ Phương,Nữ,1961,60+,Chuyên gia tài chính,TP HCM,Việt Nam,Gold,4,1,7,2016-01-02,2024-03-23,1
1209,customer1209@example.com,Phan Long,Nam,1977,40-49,Người nổi tiếng,Hà Nội,Việt Nam,Gold,2,1,1,2019-04-12,2024-01-09,0
1210,customer1210@example.com,Ngô Tuấn,Nam,1965,50-59,Giám đốc,TP HCM,Việt Nam,Silver,3,1,8,2016-09-02,2023-10-28,1
1211,customer1211@example.com,Lê Linh,Nữ,1977,40-49,Nhà đầu tư,Hà Nội,Việt Nam,Silver,1,1,10,2015-08-02,2024-08-09,1
1212,customer1212@example.com,Bùi Bình,Nam,1978,40-49,Nhà đầu tư,Đồng Nai,Việt Nam,Platinum,2,1,10,2022-12-28,2023-03-20,0
1213,customer1213@example.com,Dương Tuấn,Nam,1977,40-49,Giám đốc,Đà Nẵng,Việt Nam,Gold,2,1,3,2020-12-25,2023-07-11,1
1214,customer1214@example.com,Lê Việt,Nam,1980,40-49,Kiến trúc sư,TP HCM,Việt Nam,Gold,1,1,7,2016-07-06,2023-06-21,0
1215,customer1215@example.com,Phạm Trung,Nam,1968,50-59,Chuyên gia tài chính,TP HCM,Việt Nam,Silver,2,1,2,2023-01-01,2023-09-12,1
1216,customer1216@example.com,Vũ Tuấn,Nam,1964,60+,Doanh nhân,Hà Nội,Việt Nam,Gold,4,1,9,2021-01-26,2024-02-18,1
1217,customer1217@example.com,Phan Ngọc,Nữ,1993,30-39,Nhà đầu tư,Đà Nẵng,Việt Nam,Gold,4,1,3,2015-05-30,2023-07-31,0
1218,customer1218@example.com,Trần Phương,Nữ,1979,40-49,Nhà đầu tư,TP HCM,Việt Nam,Silver,4,1,4,2023-06-01,2023-01-17,1
1219,customer1219@example.com,Đỗ Việt,Nam,1988,30-39,Bác sĩ,TP HCM,Việt Nam,Silver,1,1,4,2019-12-04,2023-09-16,1
1220,customer1220@example.com,Phan Linh,Nữ,1989,30-39,Người nổi tiếng,Hà Nội,Expat,Silver,2,1,2,2018-04-25,2024-01-19,0
1221,customer1221@example.com,Hồ Hà,Nữ,1984,40-49,Nhà đầu tư,Hà Nội,Việt Nam,Platinum,4,1,1,2020-05-17,2023-03-11,1
1222,customer1222@example.com,Bùi Tuấn,Nam,1979,40-49,Doanh nhân,Quảng Ninh,Việt Nam,Platinum,3,1,1,2015-04-12,2024-06-05,1
1223,customer1223@example.com,Đặng Hằng,Nữ,1961,60+,Chuyên gia tài chính,Hải Phòng,Việt Nam,Gold,3,1,6,2015-07-28,2024-06-13,1
1224,customer1224@example.com,Vũ Ngọc,Nữ,1991,30-39,Doanh nhân,TP HCM,Việt Nam,Platinum,1,1,3,2019-03-28,2023-12-05,1
1225,customer1225@example.com,Lê Mai,Nữ,1977,40-49,Luật sư,Hà Nội,Việt Nam,Gold,1,1,1,2018-05-25,2023-01-13,1
1226,customer1226@example.com,Đỗ Đức,Nam,1986,30-39,Nhà đầu tư,Hải Phòng,Expat,Gold,3,1,4,2015-01-03,2023-03-09,1
1227,customer1227@example.com,Ngô Bình,Nam,1976,40-49,Giám đốc,Hà Nội,Expat,Silver,4,1,2,2015-11-24,2024-11-16,1
1228,customer1228@example.com,Đặng Thảo,Nữ,1983,40-49,Chuyên gia tài chính,TP HCM,Việt Nam,Silver,3,1,10,2017-10-01,2023-08-20,1
1229,customer1229@example.com,Hoàng Nga,Nữ,1990,30-39,Kiến trúc sư,TP HCM,Việt Nam,Gold,3,1,5,2016-03-12,2023-06-01,1
1230,customer1230@example.com,Đặng Tuấn,Nam,1975,40-49,Giám đốc,TP HCM,Việt Nam,Gold,4,1,7,2021-05-09,2023-12-06,1
1231,customer1231@example.com,Đỗ Bình,Nam,1970,50-59,Giám đốc,Đà Nẵng,Expat,Silver,4,1,7,2016-09-22,2024-02-29,1
1232,customer1232@example.com,Phan Hùng,Nam,1981,40-49,Kiến trúc sư,Hà Nội,Expat,Gold,4,1,10,2017-05-26,2024-02-20,1
1233,customer1233@example.com,Phạm Trung,Nam,1978,40-49,Bác sĩ,TP HCM,Việt Nam,Gold,1,1,2,2015-12-03,2023-03-26,1
1234,customer1234@example.com,Bùi Quang,Nam,1969,50-59,Người nổi tiếng,Đồng Nai,Expat,Platinum,2,1,1,2015-01-09,2024-04-27,1
1235,customer1235@example.com,Phan Anh,Nam,1978,40-49,Chuyên gia tài chính,TP HCM,Việt Nam,Silver,3,1,6,2016-02-14,2023-02-09,1
1236,customer1236@example.com,Đỗ Minh,Nam,1962,60+,Luật sư,Hải Phòng,Expat,Platinum,4,1,2,2017-12-30,2024-08-30,1
1237,customer1237@example.com,Lê Hùng,Nam,1978,40-49,Người nổi tiếng,TP HCM,Việt Nam,Gold,1,1,8,2021-10-20,2023-08-18,1
1238,customer1238@example.com,Phan Anh,Nam,1985,30-39,Bác sĩ,TP HCM,Việt Nam,Gold,3,1,5,2022-04-30,2024-12-23,1
1239,customer1239@example.com,Dương Hà,Nữ,1975,40-49,Kiến trúc sư,TP HCM,Việt Nam,Gold,2,1,1,2015-11-22,2023-03-02,1
1240,customer1240@example.com,Trần Bình,Nam,1969,50-59,Bác sĩ,Hà Nội,Việt Nam,Platinum,3,1,10,2017-09-06,2024-05-08,1
1241,customer1241@example.com,Ngô Trung,Nam,1995,25-29,Kiến trúc sư,Khánh Hòa,Việt Nam,Gold,1,1,6,2016-10-03,2024-02-05,1
1242,customer1242@example.com,Nguyễn Việt,Nam,1963,60+,Kiến trúc sư,TP HCM,Việt Nam,Gold,4,1,6,2020-01-16,2023-05-17,1
1243,customer1243@example.com,Dương Phương,Nữ,1980,40-49,Bác sĩ,Hà Nội,Việt Nam,Diamond,4,1,2,2020-06-17,2023-12-09,1
1244,customer1244@example.com,Bùi Trung,Nam,1975,40-49,Người nổi tiếng,Khánh Hòa,Expat,Platinum,4,1,1,2015-02-07,2024-10-08,1
1245,customer1245@example.com,Phan Lan,Nữ,1983,40-49,Giám đốc,TP HCM,Việt Nam,Gold,2,1,3,2018-09-23,2024-11-27,1
1246,customer1246@example.com,Vũ Yến,Nữ,1993,30-39,Luật sư,TP HCM,Expat,Platinum,4,1,10,2021-02-19,2023-10-25,1
1247,customer1247@example.com,Hoàng Nga,Nữ,1962,60+,Doanh nhân,TP HCM,Việt Nam,Platinum,4,1,7,2020-03-13,2024-09-15,1
1248,customer1248@example.com,Phạm Thu,Nữ,1997,25-29,Kiến trúc sư,Hà Nội,Việt Nam,Silver,2,1,10,2017-11-06,2024-02-09,1
1249,customer1249@example.com,Phạm Bình,Nam,1962,60+,Luật sư,TP HCM,Việt Nam,Diamond,3,1,9,2021-02-16,2024-03-02,0
1250,customer1250@example.com,Hồ Lan,Nữ,1998,25-29,Người nổi tiếng,Quảng Ninh,Việt Nam,Platinum,3,1,2,2017-08-19,2024-02-03,1
1251,customer1251@example.com,Bùi Ánh,Nữ,1971,50-59,Luật sư,Hà Nội,Việt Nam,Silver,2,1,8,2015-03-26,2023-04-12,1
1252,customer1252@example.com,Hồ Thảo,Nữ,1970,50-59,Kiến trúc sư,TP HCM,Expat,Silver,2,1,6,2016-02-04,2023-10-23,1
1253,customer1253@example.com,Lê Hùng,Nam,1964,60+,Doanh nhân,Khánh Hòa,Việt Nam,Platinum,3,1,3,2016-04-09,2024-04-07,1
1254,customer1254@example.com,Trần Thu,Nữ,1992,30-39,Kiến trúc sư,Hải Phòng,Việt Nam,Silver,2,1,7,2017-02-14,2024-07-12,1
1255,customer1255@example.com,Trần Tuấn,Nam,1965,50-59,Bác sĩ,TP HCM,Việt Nam,Platinum,2,1,8,2023-06-29,2024-10-08,1
1256,customer1256@example.com,Dương Ngọc,Nữ,1984,40-49,Nhà đầu tư,Hà Nội,Việt Nam,Platinum,2,1,3,2017-02-17,2024-09-27,1
1257,customer1257@example.com,Hồ Việt,Nam,1974,50-59,Người nổi tiếng,TP HCM,Việt Nam,Silver,3,1,4,2015-06-21,2023-02-07,1
1258,customer1258@example.com,Phan Minh,Nam,1996,25-29,Chuyên gia tài chính,TP HCM,Việt Nam,Platinum,3,1,8,2015-12-16,2023-05-18,1
1259,customer1259@example.com,Lê Bình,Nam,1997,25-29,Người nổi tiếng,TP HCM,Việt Nam,Platinum,1,1,10,2015-05-14,2024-10-15,1
1260,customer1260@example.com,Vũ Thảo,Nữ,1994,30-39,Doanh nhân,Bình Dương,Việt Nam,Silver,2,1,5,2019-04-04,2023-06-06,1
1261,customer1261@example.com,Bùi Nga,Nữ,1964,60+,Giám đốc,TP HCM,Việt Nam,Gold,1,1,5,2018-09-04,2023-07-09,1
1262,customer1262@example.com,Đỗ Trung,Nam,1993,30-39,Giám đốc,TP HCM,Việt Nam,Silver,3,1,6,2016-05-21,2023-07-07,1
1263,customer1263@example.com,Nguyễn Long,Nam,1974,50-59,Kiến trúc sư,Bình Dương,Việt Nam,Gold,1,1,9,2021-06-22,2024-12-08,1
1264,customer1264@example.com,Vũ Ngọc,Nữ,1966,50-59,Doanh nhân,Hà Nội,Expat,Silver,3,1,5,2023-04-24,2023-02-23,1
1265,customer1265@example.com,Nguyễn Hùng,Nam,1997,25-29,Người nổi tiếng,Hà Nội,Việt Nam,Gold,1,1,5,2016-10-12,2024-08-28,1
1266,customer1266@example.com,Phan Tuấn,Nam,1965,50-59,Bác sĩ,TP HCM,Việt Nam,Platinum,1,1,8,2017-06-13,2024-12-26,1
1267,customer1267@example.com,Nguyễn Anh,Nam,1986,30-39,Kiến trúc sư,TP HCM,Việt Nam,Platinum,4,1,9,2017-09-01,2023-03-02,1
1268,customer1268@example.com,Bùi Thảo,Nữ,1972,50-59,Chuyên gia tài chính,Hà Nội,Expat,Gold,3,1,5,2017-10-17,2024-09-23,1
1269,customer1269@example.com,Hoàng Anh,Nam,1986,30-39,Người nổi tiếng,Hà Nội,Việt Nam,Gold,3,1,3,2021-06-19,2023-07-08,1
1270,customer1270@example.com,Lê Khánh,Nam,1975,40-49,Doanh nhân,Hà Nội,Việt Nam,Silver,1,1,7,2016-06-28,2023-08-12,1
1271,customer1271@example.com,Nguyễn Anh,Nam,1996,25-29,Luật sư,Đà Nẵng,Việt Nam,Silver,1,1,6,2017-04-25,2024-04-02,1
1272,customer1272@example.com,Phan Quang,Nam,1983,40-49,Nhà đầu tư,TP HCM,Việt Nam,Gold,2,1,3,2017-04-26,2024-02-03,1
1273,customer1273@example.com,Đặng Long,Nam,1991,30-39,Nhà đầu tư,Hà Nội,Việt Nam,Gold,1,1,1,2023-05-24,2024-04-14,1
1274,customer1274@example.com,Trần Long,Nam,1986,30-39,Bác sĩ,Hà Nội,Việt Nam,Platinum,4,1,9,2015-09-25,2024-08-23,1
1275,customer1275@example.com,Đặng Linh,Nữ,1974,50-59,Kiến trúc sư,Hải Phòng,Expat,Silver,4,1,4,2019-11-30,2023-05-17,0
1276,customer1276@example.com,Vũ Đức,Nam,1991,30-39,Bác sĩ,Hà Nội,Việt Nam,Gold,1,1,5,2022-05-20,2024-06-12,1
1277,customer1277@example.com,Trần Phương,Nữ,1961,60+,Giám đốc,Hà Nội,Việt Nam,Platinum,2,1,8,2020-12-04,2023-01-04,1
1278,customer1278@example.com,Dương Khánh,Nam,1980,40-49,Nhà đầu tư,TP HCM,Việt Nam,Silver,1,1,5,2023-01-31,2024-03-11,1
1279,customer1279@example.com,Phạm Ánh,Nữ,1997,25-29,Nhà đầu tư,TP HCM,Expat,Gold,3,1,2,2019-04-06,2024-04-28,1
1280,customer1280@example.com,Nguyễn Hải,Nam,1980,40-49,Chuyên gia tài chính,TP HCM,Việt Nam,Silver,2,1,7,2021-04-22,2023-01-17,1
1281,customer1281@example.com,Lê Đức,Nam,1996,25-29,Nhà đầu tư,Bình Dương,Việt Nam,Gold,1,1,2,2022-08-21,2024-07-15,1
1282,customer1282@example.com,Ngô Đức,Nam,1974,50-59,Luật sư,TP HCM,Việt Nam,Silver,4,1,2,2018-02-22,2024-10-20,1
1283,customer1283@example.com,Trần Nga,Nữ,1973,50-59,Luật sư,TP HCM,Việt Nam,Silver,2,1,1,2020-05-03,2024-12-06,1
1284,customer1284@example.com,Đặng Đức,Nam,1960,60+,Nhà đầu tư,Bình Dương,Việt Nam,Gold,2,1,10,2018-02-11,2023-01-01,1
1285,customer1285@example.com,Dương Thu,Nữ,1982,40-49,Bác sĩ,Hà Nội,Việt Nam,Gold,1,1,5,2017-02-27,2023-06-26,1
1286,customer1286@example.com,Ngô Tuấn,Nam,1962,60+,Luật sư,Hải Phòng,Việt Nam,Silver,1,1,8,2017-07-13,2024-09-25,1
1287,customer1287@example.com,Phan Anh,Nam,1973,50-59,Kiến trúc sư,Hải Phòng,Việt Nam,Platinum,2,1,8,2019-03-29,2023-01-08,1
1288,customer1288@example.com,Lê Anh,Nam,1994,30-39,Nhà đầu tư,Hà Nội,Việt Nam,Silver,2,1,7,2016-03-20,2024-03-21,1
1289,customer1289@example.com,Ngô Thành,Nam,1977,40-49,Chuyên gia tài chính,Bình Dương,Việt Nam,Diamond,2,1,8,2019-10-07,2023-06-26,1
1290,customer1290@example.com,Phan Thảo,Nữ,1977,40-49,Luật sư,Đồng Nai,Việt Nam,Platinum,2,1,7,2018-04-25,2024-01-20,1
1291,customer1291@example.com,Đỗ Hoa,Nữ,1965,50-59,Bác sĩ,Đồng Nai,Việt Nam,Platinum,1,1,9,2020-05-17,2024-02-09,1
1292,customer1292@example.com,Bùi Tuấn,Nam,1963,60+,Luật sư,Hải Phòng,Việt Nam,Silver,1,1,4,2021-01-16,2024-07-19,1
1293,customer1293@example.com,Hoàng Hải,Nam,1976,40-49,Bác sĩ,Hải Phòng,Việt Nam,Gold,2,1,3,2017-06-22,2024-12-16,1
1294,customer1294@example.com,Trần Quang,Nam,1988,30-39,Giám đốc,Đà Nẵng,Việt Nam,Silver,3,1,6,2015-05-03,2023-02-03,1
1295,customer1295@example.com,Dương Khánh,Nam,1961,60+,Doanh nhân,Hà Nội,Việt Nam,Platinum,1,1,2,2022-09-18,2023-07-14,1
1296,customer1296@example.com,Dương Thành,Nam,1988,30-39,Chuyên gia tài chính,Hà Nội,Việt Nam,Diamond,1,1,3,2018-12-18,2023-11-17,1
1297,customer1297@example.com,Hồ Long,Nam,1992,30-39,Kiến trúc sư,Hà Nội,Việt Nam,Platinum,4,1,5,2020-07-04,2024-06-18,1
1298,customer1298@example.com,Lê Việt,Nam,1969,50-59,Kiến trúc sư,TP HCM,Việt Nam,Silver,4,1,1,2020-09-08,2024-03-21,1
1299,customer1299@example.com,Nguyễn Minh,Nam,1998,25-29,Kiến trúc sư,Bình Dương,Việt Nam,Gold,1,1,6,2023-02-13,2024-06-12,1
1300,customer1300@example.com,Vũ Trung,Nam,1985,30-39,Giám đốc,Hà Nội,Việt Nam,Silver,2,1,6,2019-02-22,2024-11-08,0
1301,customer1301@example.com,Dương Phương,Nữ,1970,50-59,Nhà đầu tư,Đà Nẵng,Việt Nam,Silver,4,1,1,2019-07-24,2023-08-01,1
1302,customer1302@example.com,Dương Lan,Nữ,1982,40-49,Bác sĩ,Hà Nội,Việt Nam,Platinum,1,1,7,2017-11-01,2024-06-25,1
1303,customer1303@example.com,Hồ Khánh,Nam,1976,40-49,Kiến trúc sư,Khánh Hòa,Việt Nam,Gold,4,1,8,2017-10-16,2024-06-12,1
1304,customer1304@example.com,Hồ Hùng,Nam,1993,30-39,Nhà đầu tư,Hà Nội,Việt Nam,Silver,4,1,10,2022-08-08,2023-10-30,1
1305,customer1305@example.com,Hoàng Mai,Nữ,1986,30-39,Doanh nhân,Hà Nội,Việt Nam,Platinum,3,1,9,2019-10-31,2023-08-08,1
1306,customer1306@example.com,Đặng Hà,Nữ,1965,50-59,Doanh nhân,Hải Phòng,Việt Nam,Diamond,4,1,3,2018-12-23,2024-01-18,1
1307,customer1307@example.com,Vũ Việt,Nam,1971,50-59,Luật sư,Đà Nẵng,Việt Nam,Gold,2,1,5,2017-02-24,2023-01-24,1
1308,customer1308@example.com,Hoàng Hằng,Nữ,1984,40-49,Kiến trúc sư,Bình Dương,Việt Nam,Diamond,1,1,4,2023-03-13,2023-04-22,1
1309,customer1309@example.com,Phan Khánh,Nam,1977,40-49,Bác sĩ,TP HCM,Việt Nam,Silver,3,1,1,2018-04-01,2024-12-04,1
1310,customer1310@example.com,Phạm Linh,Nữ,1975,40-49,Luật sư,Khánh Hòa,Việt Nam,Silver,3,1,10,2018-07-14,2024-12-26,1
1311,customer1311@example.com,Dương Hùng,Nam,1969,50-59,Giám đốc,Hà Nội,Việt Nam,Gold,1,1,9,2015-07-17,2024-09-13,1
1312,customer1312@example.com,Trần Anh,Nam,1997,25-29,Luật sư,TP HCM,Việt Nam,Gold,2,1,1,2019-07-24,2023-02-05,1
1313,customer1313@example.com,Đặng Việt,Nam,1992,30-39,Chuyên gia tài chính,Quảng Ninh,Việt Nam,Diamond,4,1,9,2023-01-29,2024-06-21,1
1314,customer1314@example.com,Phạm Minh,Nam,1971,50-59,Doanh nhân,TP HCM,Việt Nam,Gold,2,1,10,2020-11-15,2023-01-14,1
1315,customer1315@example.com,Đặng Ánh,Nữ,1981,40-49,Người nổi tiếng,Hà Nội,Việt Nam,Diamond,1,1,7,2015-01-13,2024-09-27,1
1316,customer1316@example.com,Đỗ Ngọc,Nữ,1983,40-49,Chuyên gia tài chính,Hà Nội,Việt Nam,Silver,1,1,2,2020-11-24,2024-10-16,1
1317,customer1317@example.com,Bùi Thảo,Nữ,1966,50-59,Luật sư,Hà Nội,Việt Nam,Silver,1,1,10,2016-07-24,2024-02-22,1
1318,customer1318@example.com,Đỗ Trung,Nam,1973,50-59,Bác sĩ,Hà Nội,Việt Nam,Silver,4,1,2,2016-01-13,2023-09-19,1
1319,customer1319@example.com,Bùi Yến,Nữ,1968,50-59,Nhà đầu tư,Khánh Hòa,Việt Nam,Gold,1,1,6,2017-08-31,2024-05-19,1
1320,customer1320@example.com,Dương Trang,Nữ,1987,30-39,Doanh nhân,TP HCM,Việt Nam,Platinum,4,1,1,2015-06-22,2023-07-17,1
1321,customer1321@example.com,Phạm Hải,Nam,1993,30-39,Nhà đầu tư,TP HCM,Việt Nam,Platinum,1,1,7,2016-09-22,2024-12-02,1
1322,customer1322@example.com,Trần Mai,Nữ,1973,50-59,Luật sư,Hà Nội,Việt Nam,Silver,4,1,9,2021-03-03,2023-07-07,1
1323,customer1323@example.com,Hồ Bình,Nam,1991,30-39,Nhà đầu tư,Đà Nẵng,Việt Nam,Silver,2,1,9,2017-12-16,2023-10-25,1
1324,customer1324@example.com,Phạm Long,Nam,1967,50-59,Doanh nhân,Hải Phòng,Expat,Platinum,3,1,5,2017-08-30,2024-05-03,1
1325,customer1325@example.com,Nguyễn Đức,Nam,1986,30-39,Luật sư,TP HCM,Việt Nam,Silver,1,1,6,2020-01-24,2024-12-08,1
1326,customer1326@example.com,Phan Trung,Nam,1992,30-39,Giám đốc,Hải Phòng,Việt Nam,Silver,1,1,8,2017-11-11,2024-08-19,1
1327,customer1327@example.com,Ngô Phương,Nữ,1998,25-29,Nhà đầu tư,Đà Nẵng,Việt Nam,Gold,3,1,9,2022-03-13,2024-09-11,1
1328,customer1328@example.com,Bùi Thảo,Nữ,1965,50-59,Bác sĩ,TP HCM,Việt Nam,Gold,2,1,3,2018-09-15,2024-08-01,1
1329,customer1329@example.com,Hoàng Trung,Nam,1992,30-39,Luật sư,Khánh Hòa,Expat,Silver,2,1,5,2016-08-01,2024-03-16,1
1330,customer1330@example.com,Đỗ Khánh,Nam,1986,30-39,Doanh nhân,Quảng Ninh,Việt Nam,Gold,1,1,8,2019-09-07,2023-02-01,1
1331,customer1331@example.com,Hoàng Thành,Nam,1973,50-59,Luật sư,TP HCM,Việt Nam,Platinum,3,1,4,2020-10-31,2023-05-22,1
1332,customer1332@example.com,Nguyễn Hải,Nam,1978,40-49,Nhà đầu tư,Bình Dương,Việt Nam,Silver,4,1,6,2015-05-03,2024-07-16,1
1333,customer1333@example.com,Đỗ Việt,Nam,1985,30-39,Chuyên gia tài chính,TP HCM,Việt Nam,Platinum,1,1,9,2019-04-16,2024-08-09,1
1334,customer1334@example.com,Phạm Lan,Nữ,1964,60+,Người nổi tiếng,Hải Phòng,Việt Nam,Platinum,2,1,4,2020-12-04,2023-11-18,1
1335,customer1335@example.com,Phạm Việt,Nam,1976,40-49,Kiến trúc sư,TP HCM,Việt Nam,Gold,3,1,9,2018-01-18,2024-10-03,1
1336,customer1336@example.com,Đặng Việt,Nam,1970,50-59,Luật sư,Hà Nội,Việt Nam,Gold,4,1,7,2015-09-14,2023-02-26,1
1337,customer1337@example.com,Phạm Hoa,Nữ,1992,30-39,Giám đốc,TP HCM,Việt Nam,Silver,1,1,1,2015-09-29,2024-01-20,1
1338,customer1338@example.com,Hoàng Ánh,Nữ,1965,50-59,Giám đốc,Bình Dương,Việt Nam,Gold,2,1,9,2017-03-13,2024-08-19,1
1339,customer1339@example.com,Nguyễn Trang,Nữ,1969,50-59,Chuyên gia tài chính,Hà Nội,Việt Nam,Silver,4,1,8,2019-12-19,2024-09-05,1
1340,customer1340@example.com,Ngô Bình,Nam,1963,60+,Bác sĩ,Đà Nẵng,Việt Nam,Gold,2,1,10,2016-07-15,2023-12-19,0
1341,customer1341@example.com,Ngô Anh,Nam,1991,30-39,Người nổi tiếng,Đồng Nai,Expat,Diamond,1,1,5,2015-04-04,2024-02-11,1
1342,customer1342@example.com,Phạm Linh,Nữ,1964,60+,Luật sư,TP HCM,Việt Nam,Silver,3,1,6,2023-01-07,2023-06-25,1
1343,customer1343@example.com,Đặng Yến,Nữ,1966,50-59,Giám đốc,TP HCM,Việt Nam,Diamond,2,1,2,2015-11-18,2024-09-09,1
1344,customer1344@example.com,Phạm Ngọc,Nữ,1967,50-59,Nhà đầu tư,Hà Nội,Việt Nam,Platinum,2,1,8,2020-07-23,2024-07-13,1
1345,customer1345@example.com,Trần Linh,Nữ,1984,40-49,Luật sư,TP HCM,Expat,Gold,3,1,5,2021-08-24,2023-02-20,1
1346,customer1346@example.com,Phan Minh,Nam,1997,25-29,Bác sĩ,Bình Dương,Việt Nam,Silver,1,1,7,2018-02-02,2023-10-19,1
1347,customer1347@example.com,Phạm Anh,Nam,1988,30-39,Kiến trúc sư,Hải Phòng,Việt Nam,Gold,2,1,8,2023-04-23,2024-05-26,1
1348,customer1348@example.com,Trần Minh,Nam,1971,50-59,Bác sĩ,TP HCM,Expat,Diamond,2,1,2,2022-01-17,2023-07-18,1
1349,customer1349@example.com,Đỗ Yến,Nữ,1970,50-59,Chuyên gia tài chính,Đà Nẵng,Việt Nam,Platinum,4,1,4,2019-10-11,2023-08-26,1
1350,customer1350@example.com,Bùi Tuấn,Nam,1967,50-59,Chuyên gia tài chính,TP HCM,Việt Nam,Gold,4,1,1,2020-07-11,2024-12-20,1
1351,customer1351@example.com,Hồ Hoa,Nữ,1985,30-39,Người nổi tiếng,TP HCM,Việt Nam,Platinum,4,1,4,2019-07-18,2024-06-14,1
1352,customer1352@example.com,Phan Việt,Nam,1960,60+,Doanh nhân,TP HCM,Việt Nam,Platinum,2,1,3,2017-07-06,2024-10-06,1
1353,customer1353@example.com,Vũ Anh,Nam,1965,50-59,Chuyên gia tài chính,Hà Nội,Việt Nam,Diamond,1,1,5,2019-07-17,2024-08-06,1
1354,customer1354@example.com,Hồ Việt,Nam,1993,30-39,Bác sĩ,Hà Nội,Việt Nam,Silver,4,1,8,2023-06-20,2024-08-31,1
1355,customer1355@example.com,Vũ Phương,Nữ,1975,40-49,Kiến trúc sư,Hải Phòng,Expat,Diamond,2,1,1,2018-09-17,2023-02-04,1
1356,customer1356@example.com,Vũ Khánh,Nam,1994,30-39,Kiến trúc sư,TP HCM,Việt Nam,Silver,3,1,10,2020-09-28,2024-07-20,1
1357,customer1357@example.com,Phan Bình,Nam,1978,40-49,Người nổi tiếng,Khánh Hòa,Việt Nam,Silver,4,1,2,2019-01-02,2023-07-03,1
1358,customer1358@example.com,Vũ Thu,Nữ,1988,30-39,Luật sư,TP HCM,Expat,Silver,4,1,5,2019-04-08,2023-03-21,1
1359,customer1359@example.com,Đặng Trung,Nam,1989,30-39,Người nổi tiếng,TP HCM,Việt Nam,Gold,4,1,9,2020-07-29,2023-06-07,1
1360,customer1360@example.com,Bùi Trung,Nam,1980,40-49,Luật sư,TP HCM,Việt Nam,Platinum,3,1,9,2015-01-03,2024-02-13,1
1361,customer1361@example.com,Nguyễn Khánh,Nam,1983,40-49,Kiến trúc sư,Bình Dương,Việt Nam,Platinum,4,1,7,2023-02-28,2024-09-26,1
1362,customer1362@example.com,Nguyễn Lan,Nữ,1996,25-29,Giám đốc,Hà Nội,Expat,Silver,3,1,6,2018-01-04,2023-09-15,1
1363,customer1363@example.com,Đỗ Hằng,Nữ,1989,30-39,Luật sư,Hà Nội,Việt Nam,Gold,2,1,4,2022-02-09,2023-05-17,1
1364,customer1364@example.com,Phạm Hà,Nữ,1985,30-39,Luật sư,TP HCM,Expat,Gold,1,1,6,2019-07-17,2023-06-18,1
1365,customer1365@example.com,Bùi Ngọc,Nữ,1971,50-59,Chuyên gia tài chính,Đà Nẵng,Expat,Silver,3,1,7,2016-11-17,2024-08-12,1
1366,customer1366@example.com,Phan Thành,Nam,1974,50-59,Chuyên gia tài chính,Hà Nội,Expat,Diamond,1,1,9,2022-12-20,2024-02-05,1
1367,customer1367@example.com,Bùi Long,Nam,1991,30-39,Nhà đầu tư,Khánh Hòa,Việt Nam,Silver,3,1,8,2022-08-17,2023-10-22,1
1368,customer1368@example.com,Phạm Long,Nam,1960,60+,Giám đốc,Bình Dương,Expat,Platinum,1,1,2,2020-05-25,2024-09-05,1
1369,customer1369@example.com,Bùi Khánh,Nam,1972,50-59,Chuyên gia tài chính,TP HCM,Việt Nam,Silver,3,1,4,2019-06-04,2023-11-11,1
1370,customer1370@example.com,Trần Nga,Nữ,1989,30-39,Chuyên gia tài chính,Hà Nội,Việt Nam,Silver,2,1,7,2020-05-03,2024-06-21,1
1371,customer1371@example.com,Phan Lan,Nữ,1988,30-39,Doanh nhân,Khánh Hòa,Việt Nam,Platinum,1,1,5,2015-12-23,2023-02-06,1
1372,customer1372@example.com,Vũ Trung,Nam,1989,30-39,Giám đốc,TP HCM,Việt Nam,Gold,2,1,8,2015-01-28,2023-10-06,1
1373,customer1373@example.com,Bùi Thành,Nam,1992,30-39,Chuyên gia tài chính,TP HCM,Expat,Diamond,4,1,7,2015-08-28,2023-11-29,1
1374,customer1374@example.com,Bùi Thu,Nữ,1988,30-39,Kiến trúc sư,Hà Nội,Việt Nam,Gold,3,1,9,2018-10-13,2024-11-16,1
1375,customer1375@example.com,Vũ Nga,Nữ,1997,25-29,Chuyên gia tài chính,Hải Phòng,Việt Nam,Silver,2,1,5,2021-11-21,2023-05-02,1
1376,customer1376@example.com,Nguyễn Mai,Nữ,1981,40-49,Doanh nhân,Bình Dương,Việt Nam,Platinum,3,1,4,2021-07-29,2024-10-24,1
1377,customer1377@example.com,Lê Anh,Nam,1975,40-49,Giám đốc,Hải Phòng,Expat,Silver,1,1,6,2018-10-24,2024-05-07,0
1378,customer1378@example.com,Bùi Khánh,Nam,1987,30-39,Bác sĩ,TP HCM,Việt Nam,Silver,4,1,7,2021-07-30,2024-09-26,1
1379,customer1379@example.com,Đặng Hà,Nữ,1969,50-59,Luật sư,TP HCM,Expat,Platinum,3,1,7,2016-09-05,2023-01-07,1
1380,customer1380@example.com,Hoàng Đức,Nam,1983,40-49,Giám đốc,TP HCM,Việt Nam,Silver,1,1,3,2017-02-18,2023-03-06,1
1381,customer1381@example.com,Hồ Long,Nam,1960,60+,Giám đốc,Hà Nội,Việt Nam,Diamond,2,1,7,2017-12-10,2024-05-16,1
1382,customer1382@example.com,Nguyễn Yến,Nữ,1982,40-49,Bác sĩ,Đà Nẵng,Việt Nam,Platinum,4,1,3,2017-01-10,2023-12-25,1
1383,customer1383@example.com,Ngô Nga,Nữ,1976,40-49,Kiến trúc sư,TP HCM,Việt Nam,Platinum,1,1,6,2016-08-06,2024-09-25,1
1384,customer1384@example.com,Hồ Yến,Nữ,1984,40-49,Luật sư,Đà Nẵng,Việt Nam,Gold,2,1,8,2016-05-10,2024-10-22,1
1385,customer1385@example.com,Hồ Đức,Nam,1989,30-39,Luật sư,TP HCM,Việt Nam,Silver,2,1,1,2018-08-27,2023-07-06,1
1386,customer1386@example.com,Lê Hùng,Nam,1986,30-39,Nhà đầu tư,Hải Phòng,Việt Nam,Gold,3,1,4,2021-03-15,2024-07-17,1
1387,customer1387@example.com,Hồ Hải,Nam,1980,40-49,Luật sư,Hải Phòng,Expat,Gold,3,1,9,2018-06-15,2023-10-01,1
1388,customer1388@example.com,Ngô Trang,Nữ,1989,30-39,Người nổi tiếng,Hà Nội,Việt Nam,Silver,1,1,10,2018-09-24,2023-09-25,1
1389,customer1389@example.com,Lê Thu,Nữ,1967,50-59,Người nổi tiếng,Hà Nội,Việt Nam,Gold,2,1,1,2018-09-18,2023-09-10,1
1390,customer1390@example.com,Đặng Trang,Nữ,1993,30-39,Giám đốc,Hà Nội,Việt Nam,Platinum,2,1,10,2021-04-05,2024-06-15,1
1391,customer1391@example.com,Dương Anh,Nam,1961,60+,Giám đốc,Hà Nội,Việt Nam,Platinum,1,1,9,2017-02-10,2023-06-27,0
1392,customer1392@example.com,Dương Thành,Nam,1976,40-49,Người nổi tiếng,TP HCM,Expat,Diamond,4,1,6,2022-09-01,2023-08-04,1
1393,customer1393@example.com,Phan Mai,Nữ,1992,30-39,Luật sư,TP HCM,Việt Nam,Silver,1,1,4,2015-03-13,2023-10-12,1
1394,customer1394@example.com,Hồ Hùng,Nam,1984,40-49,Chuyên gia tài chính,Hà Nội,Việt Nam,Platinum,2,1,4,2023-03-01,2024-08-07,1
1395,customer1395@example.com,Dương Tuấn,Nam,1961,60+,Bác sĩ,Đà Nẵng,Việt Nam,Gold,3,1,1,2016-01-14,2023-11-07,1
1396,customer1396@example.com,Phạm Lan,Nữ,1992,30-39,Luật sư,Đồng Nai,Việt Nam,Diamond,1,1,4,2022-09-14,2024-08-30,1
1397,customer1397@example.com,Vũ Minh,Nam,1969,50-59,Bác sĩ,Đà Nẵng,Việt Nam,Silver,4,1,7,2020-03-26,2024-11-07,1
1398,customer1398@example.com,Dương Khánh,Nam,1998,25-29,Giám đốc,Hà Nội,Việt Nam,Silver,2,1,1,2016-05-10,2024-09-24,1
1399,customer1399@example.com,Ngô Nga,Nữ,1968,50-59,Người nổi tiếng,Khánh Hòa,Việt Nam,Gold,2,1,1,2018-04-17,2024-08-08,1
1400,customer1400@example.com,Phạm Yến,Nữ,1981,40-49,Doanh nhân,TP HCM,Việt Nam,Diamond,3,1,9,2016-02-29,2023-06-03,1
1401,customer1401@example.com,Trần Hoa,Nữ,1971,50-59,Kiến trúc sư,Hà Nội,Việt Nam,Gold,2,1,6,2015-02-05,2024-08-13,1
1402,customer1402@example.com,Đỗ Long,Nam,1969,50-59,Nhà đầu tư,Hà Nội,Việt Nam,Gold,3,1,6,2023-02-03,2024-01-25,1
1403,customer1403@example.com,Dương Đức,Nam,1960,60+,Chuyên gia tài chính,Hà Nội,Việt Nam,Gold,1,1,2,2017-07-26,2024-04-09,1
1404,customer1404@example.com,Vũ Nga,Nữ,1972,50-59,Chuyên gia tài chính,TP HCM,Việt Nam,Platinum,2,1,4,2015-04-21,2023-09-23,1
1405,customer1405@example.com,Lê Bình,Nam,1961,60+,Doanh nhân,TP HCM,Việt Nam,Silver,2,1,9,2020-07-19,2023-10-12,0
1406,customer1406@example.com,Ngô Khánh,Nam,1988,30-39,Giám đốc,TP HCM,Expat,Silver,2,1,3,2016-06-02,2023-10-16,1
1407,customer1407@example.com,Phan Long,Nam,1981,40-49,Bác sĩ,Hải Phòng,Việt Nam,Gold,2,1,5,2015-05-13,2023-09-13,0
1408,customer1408@example.com,Vũ Bình,Nam,1983,40-49,Người nổi tiếng,TP HCM,Expat,Silver,1,1,6,2019-12-19,2024-08-27,1
1409,customer1409@example.com,Hoàng Hằng,Nữ,1983,40-49,Bác sĩ,Khánh Hòa,Việt Nam,Platinum,2,1,5,2020-03-06,2024-03-20,0
1410,customer1410@example.com,Nguyễn Việt,Nam,1995,25-29,Giám đốc,Hải Phòng,Việt Nam,Silver,1,1,7,2021-03-18,2023-08-24,1
1411,customer1411@example.com,Dương Hoa,Nữ,1977,40-49,Người nổi tiếng,Hà Nội,Việt Nam,Gold,1,1,6,2020-01-09,2023-04-20,1
1412,customer1412@example.com,Phan Khánh,Nam,1966,50-59,Doanh nhân,TP HCM,Việt Nam,Silver,4,1,2,2017-10-06,2023-02-25,1
1413,customer1413@example.com,Trần Minh,Nam,1981,40-49,Kiến trúc sư,TP HCM,Việt Nam,Silver,3,1,4,2019-06-29,2023-06-29,1
1414,customer1414@example.com,Nguyễn Trung,Nam,1961,60+,Nhà đầu tư,Hà Nội,Việt Nam,Gold,3,1,8,2019-10-11,2024-12-21,1
1415,customer1415@example.com,Nguyễn Linh,Nữ,1991,30-39,Giám đốc,TP HCM,Việt Nam,Diamond,2,1,10,2019-07-07,2023-06-10,1
1416,customer1416@example.com,Vũ Hằng,Nữ,1976,40-49,Nhà đầu tư,Hải Phòng,Việt Nam,Gold,2,1,3,2022-11-05,2024-05-01,0
1417,customer1417@example.com,Vũ Quang,Nam,1977,40-49,Nhà đầu tư,Hà Nội,Expat,Gold,1,1,2,2016-04-22,2023-02-21,1
1418,customer1418@example.com,Trần Thảo,Nữ,1989,30-39,Doanh nhân,Hà Nội,Việt Nam,Gold,1,1,10,2023-06-29,2024-12-17,1
1419,customer1419@example.com,Nguyễn Nga,Nữ,1996,25-29,Luật sư,TP HCM,Việt Nam,Silver,2,1,1,2017-11-12,2024-09-17,1
1420,customer1420@example.com,Hoàng Anh,Nam,1997,25-29,Người nổi tiếng,Đồng Nai,Việt Nam,Gold,4,1,4,2022-04-08,2023-03-08,1
1421,customer1421@example.com,Vũ Hằng,Nữ,1967,50-59,Kiến trúc sư,Hà Nội,Expat,Diamond,2,1,4,2020-06-09,2023-10-21,1
1422,customer1422@example.com,Đỗ Thảo,Nữ,1990,30-39,Luật sư,Hà Nội,Việt Nam,Silver,2,1,4,2023-04-07,2024-12-06,1
1423,customer1423@example.com,Đỗ Hoa,Nữ,1997,25-29,Người nổi tiếng,Hải Phòng,Việt Nam,Platinum,3,1,3,2019-10-31,2024-11-07,1
1424,customer1424@example.com,Nguyễn Thành,Nam,1989,30-39,Người nổi tiếng,Hải Phòng,Việt Nam,Silver,1,1,7,2015-08-13,2023-06-12,1
1425,customer1425@example.com,Trần Thành,Nam,1976,40-49,Giám đốc,Hà Nội,Việt Nam,Platinum,4,1,3,2016-04-03,2023-03-27,1
1426,customer1426@example.com,Bùi Anh,Nam,1994,30-39,Kiến trúc sư,Đồng Nai,Việt Nam,Platinum,1,1,9,2019-06-23,2023-09-24,1
1427,customer1427@example.com,Dương Hùng,Nam,1970,50-59,Người nổi tiếng,Khánh Hòa,Expat,Gold,2,1,10,2019-12-09,2024-06-03,1
1428,customer1428@example.com,Lê Minh,Nam,1994,30-39,Doanh nhân,Hà Nội,Việt Nam,Gold,4,1,2,2017-01-06,2023-07-13,1
1429,customer1429@example.com,Đỗ Quang,Nam,1979,40-49,Giám đốc,Đà Nẵng,Việt Nam,Diamond,4,1,10,2018-01-12,2023-06-19,1
1430,customer1430@example.com,Bùi Mai,Nữ,1995,25-29,Người nổi tiếng,Đà Nẵng,Việt Nam,Diamond,4,1,1,2017-12-30,2023-02-14,1
1431,customer1431@example.com,Hoàng Việt,Nam,1967,50-59,Giám đốc,Hải Phòng,Việt Nam,Gold,1,1,8,2021-03-10,2024-10-19,1
1432,customer1432@example.com,Hồ Ngọc,Nữ,1978,40-49,Luật sư,TP HCM,Việt Nam,Silver,4,1,10,2022-05-21,2024-11-17,1
1433,customer1433@example.com,Hồ Minh,Nam,1978,40-49,Nhà đầu tư,Đà Nẵng,Việt Nam,Gold,4,1,9,2017-10-15,2023-09-29,1
1434,customer1434@example.com,Hoàng Thu,Nữ,1961,60+,Kiến trúc sư,Hà Nội,Việt Nam,Silver,3,1,2,2019-04-30,2023-05-26,1
1435,customer1435@example.com,Dương Linh,Nữ,1997,25-29,Nhà đầu tư,Hà Nội,Việt Nam,Silver,2,1,5,2020-12-29,2024-02-14,1
1436,customer1436@example.com,Vũ Tuấn,Nam,1962,60+,Kiến trúc sư,TP HCM,Việt Nam,Diamond,4,1,10,2021-06-16,2023-03-11,1
1437,customer1437@example.com,Hoàng Hùng,Nam,1965,50-59,Luật sư,Quảng Ninh,Việt Nam,Diamond,2,1,6,2022-06-01,2024-09-06,1
1438,customer1438@example.com,Ngô Quang,Nam,1973,50-59,Giám đốc,Hà Nội,Việt Nam,Gold,1,1,6,2017-02-03,2023-09-12,0
1439,customer1439@example.com,Bùi Yến,Nữ,1980,40-49,Giám đốc,TP HCM,Việt Nam,Platinum,2,1,6,2018-02-14,2023-11-06,1
1440,customer1440@example.com,Đỗ Hoa,Nữ,1967,50-59,Nhà đầu tư,Hà Nội,Việt Nam,Silver,3,1,5,2015-04-26,2024-08-03,1
1441,customer1441@example.com,Dương Khánh,Nam,1990,30-39,Người nổi tiếng,Đồng Nai,Expat,Silver,2,1,5,2021-09-01,2024-07-05,1
1442,customer1442@example.com,Bùi Khánh,Nam,1994,30-39,Doanh nhân,Bình Dương,Việt Nam,Gold,1,1,5,2015-11-23,2024-03-29,1
1443,customer1443@example.com,Phan Trung,Nam,1974,50-59,Bác sĩ,Đồng Nai,Việt Nam,Diamond,4,1,10,2022-06-09,2024-07-05,1
1444,customer1444@example.com,Vũ Khánh,Nam,1997,25-29,Người nổi tiếng,Hà Nội,Việt Nam,Gold,1,1,6,2018-10-25,2024-08-25,1
1445,customer1445@example.com,Trần Hoa,Nữ,1963,60+,Bác sĩ,Đà Nẵng,Việt Nam,Silver,4,1,6,2017-10-06,2024-12-14,1
1446,customer1446@example.com,Trần Hùng,Nam,1982,40-49,Người nổi tiếng,Hà Nội,Việt Nam,Silver,4,1,4,2019-09-22,2023-11-18,1
1447,customer1447@example.com,Bùi Trung,Nam,1966,50-59,Kiến trúc sư,TP HCM,Việt Nam,Gold,1,1,1,2015-04-12,2024-08-31,1
1448,customer1448@example.com,Hoàng Yến,Nữ,1968,50-59,Kiến trúc sư,Hà Nội,Việt Nam,Gold,4,1,5,2023-04-22,2024-07-24,1
1449,customer1449@example.com,Vũ Lan,Nữ,1991,30-39,Chuyên gia tài chính,Hải Phòng,Việt Nam,Silver,3,1,6,2019-10-02,2024-01-08,1
1450,customer1450@example.com,Bùi Lan,Nữ,1981,40-49,Người nổi tiếng,Hải Phòng,Việt Nam,Silver,2,1,4,2020-09-05,2024-09-15,0
1451,customer1451@example.com,Dương Hải,Nam,1975,40-49,Kiến trúc sư,Hải Phòng,Expat,Platinum,2,1,7,2018-10-10,2024-12-18,1
1452,customer1452@example.com,Hồ Hải,Nam,1985,30-39,Chuyên gia tài chính,Hà Nội,Việt Nam,Platinum,4,1,3,2017-02-03,2023-05-02,1
1453,customer1453@example.com,Dương Ngọc,Nữ,1971,50-59,Người nổi tiếng,TP HCM,Expat,Platinum,4,1,5,2019-07-02,2023-05-18,1
1454,customer1454@example.com,Nguyễn Hùng,Nam,1984,40-49,Giám đốc,Hà Nội,Việt Nam,Silver,3,1,9,2017-10-25,2024-06-30,1
1455,customer1455@example.com,Nguyễn Ngọc,Nữ,1963,60+,Doanh nhân,Hà Nội,Việt Nam,Diamond,4,1,8,2021-04-07,2023-05-11,1
1456,customer1456@example.com,Đỗ Trung,Nam,1971,50-59,Chuyên gia tài chính,TP HCM,Việt Nam,Silver,3,1,8,2016-07-06,2024-02-23,1
1457,customer1457@example.com,Trần Tuấn,Nam,1987,30-39,Giám đốc,Đồng Nai,Việt Nam,Gold,2,1,8,2018-11-02,2023-08-22,1
1458,customer1458@example.com,Nguyễn Thu,Nữ,1994,30-39,Chuyên gia tài chính,Quảng Ninh,Việt Nam,Gold,3,1,9,2016-12-17,2023-11-14,1
1459,customer1459@example.com,Phan Long,Nam,1992,30-39,Chuyên gia tài chính,Hải Phòng,Expat,Silver,1,1,7,2017-11-08,2023-11-09,1
1460,customer1460@example.com,Phan Trang,Nữ,1989,30-39,Bác sĩ,Bình Dương,Việt Nam,Silver,2,1,4,2016-09-23,2024-12-31,1
1461,customer1461@example.com,Đỗ Ngọc,Nữ,1994,30-39,Người nổi tiếng,TP HCM,Việt Nam,Platinum,1,1,8,2019-12-01,2024-02-12,1
1462,customer1462@example.com,Hồ Anh,Nam,1978,40-49,Bác sĩ,TP HCM,Việt Nam,Platinum,4,1,3,2015-10-26,2024-05-01,1
1463,customer1463@example.com,Nguyễn Việt,Nam,1994,30-39,Giám đốc,TP HCM,Việt Nam,Silver,1,1,5,2018-09-09,2024-10-12,1
1464,customer1464@example.com,Dương Linh,Nữ,1998,25-29,Chuyên gia tài chính,Đà Nẵng,Việt Nam,Silver,2,1,6,2017-07-29,2023-11-09,0
1465,customer1465@example.com,Trần Khánh,Nam,1992,30-39,Nhà đầu tư,TP HCM,Việt Nam,Gold,1,1,7,2018-11-15,2023-06-26,1
1466,customer1466@example.com,Hoàng Thảo,Nữ,1983,40-49,Nhà đầu tư,Hà Nội,Việt Nam,Platinum,3,1,2,2020-04-30,2024-09-09,1
1467,customer1467@example.com,Trần Lan,Nữ,1995,25-29,Chuyên gia tài chính,Hà Nội,Việt Nam,Silver,4,1,9,2020-09-30,2024-11-07,1
1468,customer1468@example.com,Đỗ Hằng,Nữ,1996,25-29,Bác sĩ,Bình Dương,Việt Nam,Gold,3,1,6,2020-05-25,2024-08-15,1
1469,customer1469@example.com,Hoàng Hà,Nữ,1966,50-59,Người nổi tiếng,TP HCM,Việt Nam,Silver,1,1,10,2021-01-22,2024-01-26,1
1470,customer1470@example.com,Lê Đức,Nam,1977,40-49,Luật sư,TP HCM,Việt Nam,Silver,1,1,3,2016-04-06,2024-10-23,1
1471,customer1471@example.com,Vũ Hà,Nữ,1961,60+,Bác sĩ,Khánh Hòa,Việt Nam,Diamond,1,1,10,2021-03-31,2023-08-06,1
1472,customer1472@example.com,Trần Minh,Nam,1962,60+,Bác sĩ,Hà Nội,Expat,Silver,4,1,8,2019-11-13,2024-01-24,1
1473,customer1473@example.com,Hồ Trung,Nam,1992,30-39,Người nổi tiếng,Đà Nẵng,Việt Nam,Gold,3,1,4,2019-03-07,2024-01-28,1
1474,customer1474@example.com,Ngô Linh,Nữ,1963,60+,Kiến trúc sư,Đồng Nai,Việt Nam,Gold,1,1,10,2020-09-21,2023-02-18,1
1475,customer1475@example.com,Dương Ngọc,Nữ,1986,30-39,Bác sĩ,Hà Nội,Việt Nam,Platinum,3,1,2,2015-05-23,2023-01-04,1
1476,customer1476@example.com,Dương Quang,Nam,1989,30-39,Bác sĩ,Hà Nội,Việt Nam,Silver,3,1,10,2019-04-03,2024-03-24,1
1477,customer1477@example.com,Ngô Lan,Nữ,1961,60+,Nhà đầu tư,TP HCM,Expat,Gold,3,1,2,2015-10-30,2023-01-14,1
1478,customer1478@example.com,Hoàng Hà,Nữ,1983,40-49,Giám đốc,Đà Nẵng,Việt Nam,Diamond,2,1,5,2015-01-07,2024-04-02,1
1479,customer1479@example.com,Đỗ Trung,Nam,1985,30-39,Kiến trúc sư,Đà Nẵng,Việt Nam,Gold,1,1,6,2021-04-19,2023-07-19,1
1480,customer1480@example.com,Bùi Tuấn,Nam,1978,40-49,Nhà đầu tư,TP HCM,Việt Nam,Gold,2,1,7,2021-10-21,2024-04-15,1
1481,customer1481@example.com,Vũ Thành,Nam,1994,30-39,Giám đốc,TP HCM,Expat,Platinum,4,1,10,2015-10-25,2024-01-08,0
1482,customer1482@example.com,Phan Thu,Nữ,1971,50-59,Giám đốc,TP HCM,Expat,Silver,2,1,3,2015-04-02,2023-03-31,1
1483,customer1483@example.com,Hồ Yến,Nữ,1989,30-39,Bác sĩ,TP HCM,Việt Nam,Silver,1,1,10,2019-02-18,2023-05-23,1
1484,customer1484@example.com,Phan Yến,Nữ,1983,40-49,Chuyên gia tài chính,Quảng Ninh,Việt Nam,Gold,3,1,2,2022-07-11,2023-05-22,1
1485,customer1485@example.com,Lê Ngọc,Nữ,1998,25-29,Giám đốc,Hà Nội,Việt Nam,Platinum,2,1,5,2016-01-12,2024-09-15,1
1486,customer1486@example.com,Vũ Thảo,Nữ,1968,50-59,Bác sĩ,Hà Nội,Việt Nam,Gold,1,1,8,2015-08-07,2024-12-25,1
1487,customer1487@example.com,Hoàng Mai,Nữ,1983,40-49,Giám đốc,Hải Phòng,Việt Nam,Silver,4,1,1,2018-07-30,2024-03-21,1
1488,customer1488@example.com,Đỗ Tuấn,Nam,1960,60+,Bác sĩ,Bình Dương,Việt Nam,Platinum,1,1,1,2015-09-17,2024-10-09,1
1489,customer1489@example.com,Hoàng Lan,Nữ,1986,30-39,Người nổi tiếng,Hà Nội,Việt Nam,Silver,4,1,3,2020-08-22,2023-06-16,1
1490,customer1490@example.com,Nguyễn Lan,Nữ,1977,40-49,Giám đốc,TP HCM,Việt Nam,Diamond,2,1,3,2022-09-22,2023-09-26,1
1491,customer1491@example.com,Lê Quang,Nam,1965,50-59,Giám đốc,TP HCM,Expat,Diamond,3,1,1,2020-05-26,2023-03-09,0
1492,customer1492@example.com,Hồ Trang,Nữ,1995,25-29,Doanh nhân,Hà Nội,Việt Nam,Diamond,2,1,8,2016-03-23,2024-11-03,1
1493,customer1493@example.com,Trần Khánh,Nam,1987,30-39,Doanh nhân,Đà Nẵng,Việt Nam,Platinum,4,1,1,2021-05-21,2023-05-20,1
1494,customer1494@example.com,Trần Việt,Nam,1989,30-39,Nhà đầu tư,TP HCM,Việt Nam,Silver,4,1,5,2022-11-09,2024-10-31,1
1495,customer1495@example.com,Ngô Nga,Nữ,1995,25-29,Kiến trúc sư,Hà Nội,Việt Nam,Platinum,4,1,7,2021-08-26,2024-07-22,1
1496,customer1496@example.com,Lê Phương,Nữ,1982,40-49,Kiến trúc sư,Hà Nội,Việt Nam,Silver,1,1,10,2023-02-01,2024-06-11,1
1497,customer1497@example.com,Dương Thảo,Nữ,1972,50-59,Giám đốc,Hà Nội,Việt Nam,Platinum,1,1,5,2018-09-23,2023-02-16,1
1498,customer1498@example.com,Hồ Mai,Nữ,1974,50-59,Giám đốc,TP HCM,Việt Nam,Diamond,3,1,8,2017-11-14,2024-06-20,1
1499,customer1499@example.com,Lê Quang,Nam,1981,40-49,Doanh nhân,TP HCM,Việt Nam,Gold,1,1,7,2020-01-09,2023-07-18,1
1500,customer1500@example.com,Hoàng Thành,Nam,1976,40-49,Luật sư,TP HCM,Expat,Silver,2,1,7,2022-01-27,2023-11-02,1
1501,customer1501@example.com,Nguyễn Hải,Nam,1994,30-39,Chuyên gia tài chính,Hà Nội,Việt Nam,Diamond,1,1,7,2019-01-14,2024-04-04,1
1502,customer1502@example.com,Phan Hằng,Nữ,1965,50-59,Bác sĩ,Hà Nội,Việt Nam,Platinum,1,1,9,2018-09-27,2023-11-29,1
1503,customer1503@example.com,Ngô Lan,Nữ,1979,40-49,Giám đốc,Bình Dương,Việt Nam,Silver,1,1,8,2020-09-09,2024-02-02,1
1504,customer1504@example.com,Phan Việt,Nam,1969,50-59,Kiến trúc sư,Đà Nẵng,Việt Nam,Gold,2,1,3,2022-02-09,2023-01-25,1
1505,customer1505@example.com,Phan Hà,Nữ,1974,50-59,Kiến trúc sư,TP HCM,Việt Nam,Silver,1,1,2,2022-06-24,2023-05-19,1
1506,customer1506@example.com,Phan Hà,Nữ,1996,25-29,Doanh nhân,Hà Nội,Expat,Platinum,1,1,2,2018-08-01,2023-04-24,1
1507,customer1507@example.com,Dương Anh,Nam,1982,40-49,Kiến trúc sư,TP HCM,Expat,Silver,4,1,5,2015-06-29,2024-05-19,1
1508,customer1508@example.com,Lê Thu,Nữ,1972,50-59,Doanh nhân,Khánh Hòa,Việt Nam,Gold,3,1,1,2017-08-02,2024-11-13,1
1509,customer1509@example.com,Nguyễn Quang,Nam,1963,60+,Kiến trúc sư,Khánh Hòa,Việt Nam,Diamond,1,1,4,2022-09-27,2024-08-15,1
1510,customer1510@example.com,Lê Lan,Nữ,1982,40-49,Luật sư,TP HCM,Việt Nam,Platinum,3,1,2,2015-10-22,2024-07-09,1
1511,customer1511@example.com,Hồ Hải,Nam,1974,50-59,Bác sĩ,Khánh Hòa,Việt Nam,Platinum,2,1,6,2022-09-10,2024-08-03,1
1512,customer1512@example.com,Vũ Hùng,Nam,1983,40-49,Doanh nhân,Hà Nội,Expat,Gold,1,1,1,2019-06-18,2024-08-07,1
1513,customer1513@example.com,Bùi Quang,Nam,1964,60+,Người nổi tiếng,TP HCM,Việt Nam,Platinum,2,1,8,2020-08-13,2023-10-01,1
1514,customer1514@example.com,Hồ Đức,Nam,1973,50-59,Kiến trúc sư,Hà Nội,Việt Nam,Diamond,2,1,1,2015-01-12,2024-02-07,1
1515,customer1515@example.com,Phan Nga,Nữ,1970,50-59,Doanh nhân,Hà Nội,Việt Nam,Platinum,1,1,8,2017-05-20,2024-01-24,1
1516,customer1516@example.com,Lê Long,Nam,1985,30-39,Giám đốc,TP HCM,Việt Nam,Gold,2,1,10,2022-11-17,2023-06-03,1
1517,customer1517@example.com,Phan Hùng,Nam,1979,40-49,Giám đốc,Hà Nội,Việt Nam,Gold,4,1,1,2018-12-29,2023-09-08,0
1518,customer1518@example.com,Hoàng Linh,Nữ,1992,30-39,Doanh nhân,Hà Nội,Expat,Silver,4,1,8,2017-06-19,2023-05-20,1
1519,customer1519@example.com,Hồ Hải,Nam,1978,40-49,Người nổi tiếng,TP HCM,Expat,Gold,4,1,6,2021-05-05,2023-07-10,1
1520,customer1520@example.com,Lê Hằng,Nữ,1979,40-49,Doanh nhân,Hà Nội,Việt Nam,Gold,2,1,1,2022-10-14,2023-05-25,1
1521,customer1521@example.com,Lê Hoa,Nữ,1993,30-39,Kiến trúc sư,TP HCM,Việt Nam,Silver,2,1,1,2019-12-28,2023-04-28,1
1522,customer1522@example.com,Phạm Trang,Nữ,1970,50-59,Doanh nhân,Hà Nội,Việt Nam,Diamond,1,1,10,2023-02-19,2024-11-07,1
1523,customer1523@example.com,Dương Hoa,Nữ,1993,30-39,Người nổi tiếng,Đà Nẵng,Việt Nam,Gold,4,1,2,2016-04-04,2024-05-30,1
1524,customer1524@example.com,Bùi Yến,Nữ,1981,40-49,Giám đốc,Đà Nẵng,Expat,Gold,4,1,8,2016-11-16,2024-12-21,1
1525,customer1525@example.com,Bùi Lan,Nữ,1995,25-29,Doanh nhân,Đà Nẵng,Việt Nam,Diamond,4,1,9,2022-11-04,2024-09-10,1
1526,customer1526@example.com,Vũ Trung,Nam,1995,25-29,Bác sĩ,TP HCM,Việt Nam,Diamond,3,1,6,2018-06-27,2023-02-24,1
1527,customer1527@example.com,Ngô Việt,Nam,1970,50-59,Người nổi tiếng,Hà Nội,Việt Nam,Gold,3,1,9,2016-06-06,2024-10-02,1
1528,customer1528@example.com,Hồ Tuấn,Nam,1968,50-59,Doanh nhân,Hà Nội,Việt Nam,Gold,3,1,4,2023-03-14,2023-05-15,1
1529,customer1529@example.com,Vũ Hải,Nam,1964,60+,Luật sư,Đà Nẵng,Việt Nam,Platinum,1,1,3,2015-05-28,2024-10-11,1
1530,customer1530@example.com,Ngô Khánh,Nam,1977,40-49,Bác sĩ,Hà Nội,Việt Nam,Platinum,4,1,6,2016-06-04,2024-12-13,1
1531,customer1531@example.com,Ngô Đức,Nam,1983,40-49,Doanh nhân,Đồng Nai,Việt Nam,Gold,4,1,6,2015-07-12,2024-02-21,1
1532,customer1532@example.com,Hồ Minh,Nam,1960,60+,Chuyên gia tài chính,Đà Nẵng,Việt Nam,Diamond,4,1,8,2020-02-26,2023-12-31,1
1533,customer1533@example.com,Phạm Tuấn,Nam,1994,30-39,Giám đốc,TP HCM,Việt Nam,Diamond,1,1,7,2022-08-28,2024-12-03,1
1534,customer1534@example.com,Hoàng Quang,Nam,1990,30-39,Doanh nhân,Bình Dương,Việt Nam,Platinum,2,1,2,2015-04-30,2023-09-27,1
1535,customer1535@example.com,Đỗ Hằng,Nữ,1964,60+,Nhà đầu tư,Hà Nội,Việt Nam,Platinum,2,1,2,2019-09-16,2024-05-13,0
1536,customer1536@example.com,Vũ Thành,Nam,1983,40-49,Chuyên gia tài chính,Khánh Hòa,Việt Nam,Diamond,4,1,8,2023-06-12,2023-02-11,1
1537,customer1537@example.com,Trần Phương,Nữ,1969,50-59,Nhà đầu tư,TP HCM,Việt Nam,Gold,3,1,5,2022-05-11,2023-02-07,1
1538,customer1538@example.com,Phạm Ánh,Nữ,1985,30-39,Kiến trúc sư,TP HCM,Việt Nam,Silver,4,1,6,2015-02-04,2023-11-06,1
1539,customer1539@example.com,Đặng Linh,Nữ,1970,50-59,Bác sĩ,Bình Dương,Việt Nam,Gold,1,1,2,2018-04-25,2023-05-31,1
1540,customer1540@example.com,Ngô Nga,Nữ,1968,50-59,Chuyên gia tài chính,Hà Nội,Việt Nam,Platinum,1,1,9,2023-03-30,2024-05-19,1
1541,customer1541@example.com,Lê Anh,Nam,1986,30-39,Luật sư,Đà Nẵng,Expat,Platinum,4,1,5,2017-06-22,2023-07-25,1
1542,customer1542@example.com,Ngô Long,Nam,1968,50-59,Người nổi tiếng,Quảng Ninh,Việt Nam,Gold,1,1,6,2020-12-17,2023-08-30,1
1543,customer1543@example.com,Nguyễn Ngọc,Nữ,1972,50-59,Luật sư,Hà Nội,Việt Nam,Gold,4,1,7,2015-04-25,2024-01-18,1
1544,customer1544@example.com,Đặng Ngọc,Nữ,1983,40-49,Nhà đầu tư,Đồng Nai,Việt Nam,Silver,3,1,8,2019-07-03,2024-08-23,1
1545,customer1545@example.com,Phạm Nga,Nữ,1981,40-49,Luật sư,TP HCM,Việt Nam,Diamond,3,1,7,2019-05-03,2024-08-31,1
1546,customer1546@example.com,Vũ Linh,Nữ,1964,60+,Kiến trúc sư,Hà Nội,Việt Nam,Silver,1,1,9,2022-10-28,2023-01-09,1
1547,customer1547@example.com,Trần Hà,Nữ,1992,30-39,Chuyên gia tài chính,Hà Nội,Việt Nam,Silver,3,1,10,2019-04-11,2024-02-11,1
1548,customer1548@example.com,Trần Hà,Nữ,1971,50-59,Luật sư,Hà Nội,Expat,Silver,2,1,6,2023-01-17,2024-08-25,1
1549,customer1549@example.com,Vũ Hoa,Nữ,1971,50-59,Kiến trúc sư,Hà Nội,Việt Nam,Silver,2,1,4,2016-10-06,2024-03-01,1
1550,customer1550@example.com,Hoàng Linh,Nữ,1980,40-49,Doanh nhân,TP HCM,Việt Nam,Platinum,4,1,4,2016-03-03,2024-11-28,1
1551,customer1551@example.com,Hồ Anh,Nam,1994,30-39,Giám đốc,TP HCM,Việt Nam,Gold,2,1,3,2016-05-07,2023-03-23,1
1552,customer1552@example.com,Bùi Thảo,Nữ,1965,50-59,Chuyên gia tài chính,Hà Nội,Việt Nam,Diamond,3,1,3,2019-11-09,2024-06-01,1
1553,customer1553@example.com,Hồ Ánh,Nữ,1977,40-49,Người nổi tiếng,Hà Nội,Việt Nam,Gold,2,1,1,2022-10-03,2024-06-25,1
1554,customer1554@example.com,Phạm Thu,Nữ,1969,50-59,Người nổi tiếng,TP HCM,Việt Nam,Gold,3,1,7,2017-02-10,2023-07-19,1
1555,customer1555@example.com,Nguyễn Anh,Nam,1977,40-49,Doanh nhân,Đồng Nai,Việt Nam,Gold,2,1,8,2021-01-08,2023-03-06,0
1556,customer1556@example.com,Hồ Yến,Nữ,1980,40-49,Doanh nhân,Hà Nội,Expat,Gold,2,1,3,2015-09-27,2023-11-13,1
1557,customer1557@example.com,Trần Hằng,Nữ,1972,50-59,Doanh nhân,TP HCM,Việt Nam,Gold,1,1,4,2019-06-19,2024-06-25,1
1558,customer1558@example.com,Lê Minh,Nam,1991,30-39,Luật sư,Hà Nội,Việt Nam,Silver,2,1,9,2019-05-20,2023-06-30,1
1559,customer1559@example.com,Hồ Tuấn,Nam,1998,25-29,Người nổi tiếng,Hải Phòng,Việt Nam,Platinum,3,1,4,2017-08-19,2023-06-01,1
1560,customer1560@example.com,Ngô Phương,Nữ,1974,50-59,Luật sư,Đồng Nai,Việt Nam,Silver,3,1,6,2020-04-24,2024-12-08,1
1561,customer1561@example.com,Phạm Tuấn,Nam,1982,40-49,Luật sư,TP HCM,Việt Nam,Gold,1,1,8,2019-06-15,2023-04-04,1
1562,customer1562@example.com,Bùi Mai,Nữ,1962,60+,Nhà đầu tư,TP HCM,Việt Nam,Silver,2,1,4,2019-04-11,2023-02-09,1
1563,customer1563@example.com,Lê Hằng,Nữ,1967,50-59,Giám đốc,TP HCM,Việt Nam,Platinum,2,1,9,2022-08-08,2024-07-27,1
1564,customer1564@example.com,Đặng Anh,Nam,1965,50-59,Nhà đầu tư,Đồng Nai,Việt Nam,Gold,3,1,7,2020-05-13,2023-07-25,1
1565,customer1565@example.com,Lê Linh,Nữ,1968,50-59,Luật sư,Quảng Ninh,Expat,Silver,2,1,9,2015-03-11,2024-10-11,1
1566,customer1566@example.com,Lê Nga,Nữ,1976,40-49,Bác sĩ,Đà Nẵng,Việt Nam,Platinum,2,1,3,2023-03-27,2023-12-29,1
1567,customer1567@example.com,Đỗ Nga,Nữ,1971,50-59,Luật sư,TP HCM,Việt Nam,Gold,4,1,4,2015-10-01,2024-10-25,1
1568,customer1568@example.com,Vũ Anh,Nam,1977,40-49,Người nổi tiếng,Hà Nội,Việt Nam,Silver,3,1,4,2021-04-08,2023-11-09,1
1569,customer1569@example.com,Nguyễn Ánh,Nữ,1969,50-59,Giám đốc,Hà Nội,Việt Nam,Gold,1,1,9,2018-03-20,2024-11-10,1
1570,customer1570@example.com,Vũ Hoa,Nữ,1983,40-49,Chuyên gia tài chính,Đà Nẵng,Việt Nam,Silver,3,1,5,2021-05-18,2023-03-16,1
1571,customer1571@example.com,Trần Quang,Nam,1983,40-49,Kiến trúc sư,Hà Nội,Việt Nam,Diamond,3,1,6,2019-10-21,2023-10-06,0
1572,customer1572@example.com,Ngô Quang,Nam,1996,25-29,Luật sư,TP HCM,Việt Nam,Gold,2,1,1,2020-05-08,2023-01-01,1
1573,customer1573@example.com,Lê Quang,Nam,1976,40-49,Bác sĩ,TP HCM,Việt Nam,Platinum,4,1,2,2016-07-10,2024-11-08,1
1574,customer1574@example.com,Phạm Phương,Nữ,1964,60+,Luật sư,Đà Nẵng,Việt Nam,Diamond,4,1,8,2020-12-18,2024-08-03,1
1575,customer1575@example.com,Đỗ Yến,Nữ,1962,60+,Người nổi tiếng,Hà Nội,Việt Nam,Gold,4,1,4,2015-11-24,2024-09-08,1
1576,customer1576@example.com,Đặng Anh,Nam,1968,50-59,Nhà đầu tư,TP HCM,Việt Nam,Diamond,4,1,9,2019-09-18,2023-12-27,1
1577,customer1577@example.com,Ngô Khánh,Nam,1996,25-29,Kiến trúc sư,Hà Nội,Việt Nam,Gold,4,1,6,2018-06-18,2023-07-12,0
1578,customer1578@example.com,Phạm Hoa,Nữ,1971,50-59,Bác sĩ,Hà Nội,Việt Nam,Silver,1,1,6,2020-06-14,2024-01-23,1
1579,customer1579@example.com,Hồ Thu,Nữ,1996,25-29,Kiến trúc sư,TP HCM,Việt Nam,Silver,4,1,9,2020-03-16,2024-02-10,1
1580,customer1580@example.com,Vũ Thảo,Nữ,1991,30-39,Người nổi tiếng,TP HCM,Expat,Diamond,1,1,7,2017-04-04,2024-01-30,1
1581,customer1581@example.com,Hoàng Hà,Nữ,1962,60+,Chuyên gia tài chính,Hà Nội,Việt Nam,Gold,2,1,8,2017-03-26,2023-02-08,1
1582,customer1582@example.com,Đỗ Hằng,Nữ,1977,40-49,Bác sĩ,Khánh Hòa,Việt Nam,Silver,3,1,3,2021-05-20,2024-12-13,1
1583,customer1583@example.com,Nguyễn Trang,Nữ,1973,50-59,Chuyên gia tài chính,TP HCM,Việt Nam,Silver,3,1,2,2016-10-23,2024-06-25,1
1584,customer1584@example.com,Vũ Thảo,Nữ,1973,50-59,Luật sư,Quảng Ninh,Expat,Gold,3,1,10,2019-05-31,2023-12-24,1
1585,customer1585@example.com,Phạm Thảo,Nữ,1987,30-39,Chuyên gia tài chính,Đà Nẵng,Expat,Diamond,3,1,4,2018-06-13,2024-12-27,1
1586,customer1586@example.com,Đỗ Hùng,Nam,1979,40-49,Nhà đầu tư,TP HCM,Việt Nam,Silver,2,1,5,2018-02-03,2024-08-15,1
1587,customer1587@example.com,Hoàng Quang,Nam,1996,25-29,Kiến trúc sư,Hà Nội,Việt Nam,Platinum,2,1,3,2017-07-08,2023-02-18,1
1588,customer1588@example.com,Đỗ Trang,Nữ,1968,50-59,Người nổi tiếng,Đà Nẵng,Việt Nam,Gold,3,1,2,2017-10-17,2023-06-11,1
1589,customer1589@example.com,Đặng Tuấn,Nam,1996,25-29,Doanh nhân,TP HCM,Việt Nam,Gold,1,1,8,2018-08-31,2023-11-05,1
1590,customer1590@example.com,Hoàng Ánh,Nữ,1972,50-59,Nhà đầu tư,TP HCM,Việt Nam,Gold,2,1,1,2017-09-28,2023-01-11,0
1591,customer1591@example.com,Vũ Hà,Nữ,1996,25-29,Kiến trúc sư,TP HCM,Việt Nam,Platinum,2,1,10,2015-08-12,2023-01-29,1
1592,customer1592@example.com,Lê Ngọc,Nữ,1966,50-59,Giám đốc,Hà Nội,Expat,Silver,4,1,6,2020-12-05,2024-12-24,1
1593,customer1593@example.com,Đỗ Hải,Nam,1981,40-49,Người nổi tiếng,Khánh Hòa,Việt Nam,Gold,1,1,10,2021-11-01,2023-08-12,1
1594,customer1594@example.com,Bùi Thảo,Nữ,1983,40-49,Luật sư,Hà Nội,Việt Nam,Gold,1,1,2,2017-07-01,2024-07-09,1
1595,customer1595@example.com,Hoàng Tuấn,Nam,1973,50-59,Luật sư,Hải Phòng,Việt Nam,Platinum,2,1,1,2017-10-15,2023-07-19,1
1596,customer1596@example.com,Hoàng Hằng,Nữ,1971,50-59,Luật sư,TP HCM,Việt Nam,Silver,4,1,10,2019-08-30,2024-05-31,1
1597,customer1597@example.com,Nguyễn Lan,Nữ,1994,30-39,Chuyên gia tài chính,Đà Nẵng,Expat,Gold,3,1,7,2023-06-13,2024-08-19,1
1598,customer1598@example.com,Hồ Anh,Nam,1965,50-59,Người nổi tiếng,TP HCM,Việt Nam,Gold,2,1,1,2018-05-22,2023-08-01,1
1599,customer1599@example.com,Phạm Thành,Nam,1969,50-59,Chuyên gia tài chính,Khánh Hòa,Việt Nam,Platinum,3,1,7,2019-05-20,2023-12-13,1
1600,customer1600@example.com,Phạm Linh,Nữ,1970,50-59,Bác sĩ,TP HCM,Việt Nam,Platinum,1,1,3,2015-03-08,2023-05-18,1
1601,customer1601@example.com,Phạm Minh,Nam,1973,50-59,Luật sư,Hà Nội,Việt Nam,Gold,4,1,2,2023-03-26,2024-12-09,1
1602,customer1602@example.com,Phan Hà,Nữ,1989,30-39,Doanh nhân,TP HCM,Việt Nam,Platinum,3,1,6,2017-10-17,2023-02-28,1
1603,customer1603@example.com,Nguyễn Hoa,Nữ,1973,50-59,Bác sĩ,Đồng Nai,Việt Nam,Gold,3,1,8,2016-11-29,2023-08-29,0
1604,customer1604@example.com,Nguyễn Mai,Nữ,1968,50-59,Kiến trúc sư,TP HCM,Expat,Platinum,1,1,2,2020-02-04,2023-06-16,1
1605,customer1605@example.com,Nguyễn Hải,Nam,1978,40-49,Doanh nhân,TP HCM,Expat,Gold,3,1,9,2020-03-09,2023-04-15,1
1606,customer1606@example.com,Phan Hà,Nữ,1991,30-39,Kiến trúc sư,TP HCM,Việt Nam,Platinum,2,1,5,2015-07-24,2024-01-31,1
1607,customer1607@example.com,Đặng Tuấn,Nam,1994,30-39,Người nổi tiếng,TP HCM,Việt Nam,Diamond,1,1,3,2016-09-29,2023-11-21,1
1608,customer1608@example.com,Vũ Ngọc,Nữ,1984,40-49,Kiến trúc sư,Đà Nẵng,Expat,Platinum,2,1,4,2020-06-11,2023-09-13,1
1609,customer1609@example.com,Dương Hoa,Nữ,1996,25-29,Bác sĩ,Hà Nội,Việt Nam,Diamond,1,1,9,2020-02-19,2024-06-09,0
1610,customer1610@example.com,Vũ Ngọc,Nữ,1995,25-29,Doanh nhân,TP HCM,Expat,Diamond,4,1,1,2020-06-08,2023-10-26,1
1611,customer1611@example.com,Lê Hải,Nam,1998,25-29,Giám đốc,TP HCM,Việt Nam,Silver,3,1,3,2021-09-16,2023-11-22,1
1612,customer1612@example.com,Trần Tuấn,Nam,1991,30-39,Bác sĩ,Hà Nội,Việt Nam,Gold,3,1,4,2017-06-21,2024-07-24,1
1613,customer1613@example.com,Phan Long,Nam,1961,60+,Bác sĩ,Hà Nội,Việt Nam,Gold,3,1,5,2021-08-18,2024-10-23,1
1614,customer1614@example.com,Ngô Khánh,Nam,1972,50-59,Doanh nhân,TP HCM,Việt Nam,Silver,3,1,5,2018-05-22,2024-03-29,1
1615,customer1615@example.com,Bùi Thành,Nam,1979,40-49,Người nổi tiếng,TP HCM,Việt Nam,Silver,3,1,8,2015-03-27,2023-06-20,0
1616,customer1616@example.com,Dương Yến,Nữ,1984,40-49,Chuyên gia tài chính,Hà Nội,Việt Nam,Silver,4,1,8,2017-11-20,2024-09-30,1
1617,customer1617@example.com,Vũ Anh,Nam,1985,30-39,Luật sư,Hà Nội,Expat,Platinum,4,1,4,2018-01-02,2023-07-09,1
1618,customer1618@example.com,Phan Ngọc,Nữ,1990,30-39,Bác sĩ,Hà Nội,Việt Nam,Silver,4,1,2,2019-06-24,2023-12-24,1
1619,customer1619@example.com,Lê Minh,Nam,1998,25-29,Chuyên gia tài chính,TP HCM,Expat,Silver,3,1,2,2015-10-20,2023-11-27,1
1620,customer1620@example.com,Nguyễn Mai,Nữ,1973,50-59,Chuyên gia tài chính,Hà Nội,Việt Nam,Gold,2,1,7,2017-09-27,2024-04-19,1
1621,customer1621@example.com,Lê Trung,Nam,1986,30-39,Kiến trúc sư,TP HCM,Expat,Silver,4,1,2,2018-10-05,2024-11-10,1
1622,customer1622@example.com,Phan Hùng,Nam,1995,25-29,Luật sư,Hà Nội,Việt Nam,Platinum,1,1,1,2018-01-21,2024-08-10,1
1623,customer1623@example.com,Trần Anh,Nam,1970,50-59,Giám đốc,Hà Nội,Việt Nam,Diamond,2,1,2,2019-03-05,2023-10-31,1
1624,customer1624@example.com,Bùi Tuấn,Nam,1983,40-49,Nhà đầu tư,TP HCM,Việt Nam,Diamond,3,1,1,2016-03-01,2024-08-19,1
1625,customer1625@example.com,Bùi Yến,Nữ,1976,40-49,Doanh nhân,TP HCM,Expat,Platinum,1,1,1,2019-05-10,2023-07-01,1
1626,customer1626@example.com,Hồ Yến,Nữ,1988,30-39,Người nổi tiếng,Hà Nội,Việt Nam,Silver,4,1,7,2018-02-28,2024-02-13,1
1627,customer1627@example.com,Vũ Khánh,Nam,1998,25-29,Bác sĩ,Hà Nội,Việt Nam,Silver,2,1,7,2016-08-16,2023-07-03,0
1628,customer1628@example.com,Hoàng Khánh,Nam,1961,60+,Giám đốc,Hà Nội,Việt Nam,Silver,2,1,2,2018-02-26,2024-05-12,1
1629,customer1629@example.com,Đặng Trung,Nam,1965,50-59,Người nổi tiếng,Hà Nội,Việt Nam,Gold,3,1,10,2022-09-29,2024-06-23,1
1630,customer1630@example.com,Ngô Đức,Nam,1992,30-39,Giám đốc,Đà Nẵng,Việt Nam,Silver,4,1,7,2019-08-06,2023-01-22,1
1631,customer1631@example.com,Nguyễn Minh,Nam,1960,60+,Chuyên gia tài chính,Khánh Hòa,Việt Nam,Gold,2,1,9,2019-06-11,2023-07-13,1
1632,customer1632@example.com,Hồ Minh,Nam,1980,40-49,Chuyên gia tài chính,Hải Phòng,Việt Nam,Diamond,2,1,9,2022-12-17,2023-01-02,1
1633,customer1633@example.com,Dương Trung,Nam,1986,30-39,Bác sĩ,TP HCM,Việt Nam,Gold,1,1,8,2019-06-19,2024-06-30,1
1634,customer1634@example.com,Dương Quang,Nam,1989,30-39,Luật sư,Bình Dương,Việt Nam,Gold,2,1,9,2021-11-01,2024-01-30,1
1635,customer1635@example.com,Đặng Quang,Nam,1973,50-59,Giám đốc,TP HCM,Việt Nam,Diamond,4,1,3,2019-06-17,2024-04-10,1
1636,customer1636@example.com,Hoàng Ngọc,Nữ,1995,25-29,Giám đốc,Hà Nội,Việt Nam,Silver,2,1,4,2017-07-13,2024-09-15,1
1637,customer1637@example.com,Lê Bình,Nam,1982,40-49,Giám đốc,TP HCM,Việt Nam,Diamond,1,1,7,2020-05-29,2024-05-19,1
1638,customer1638@example.com,Dương Anh,Nam,1987,30-39,Chuyên gia tài chính,Hải Phòng,Việt Nam,Gold,1,1,5,2017-10-10,2023-03-18,1
1639,customer1639@example.com,Đặng Hằng,Nữ,1998,25-29,Giám đốc,TP HCM,Việt Nam,Silver,4,1,10,2020-12-24,2024-10-20,1
1640,customer1640@example.com,Hồ Thu,Nữ,1982,40-49,Bác sĩ,Đà Nẵng,Việt Nam,Platinum,2,1,7,2019-03-24,2024-01-13,1
1641,customer1641@example.com,Vũ Ngọc,Nữ,1994,30-39,Bác sĩ,TP HCM,Việt Nam,Platinum,2,1,6,2020-01-10,2023-07-29,1
1642,customer1642@example.com,Phan Đức,Nam,1981,40-49,Kiến trúc sư,TP HCM,Việt Nam,Silver,4,1,5,2016-07-13,2024-08-16,1
1643,customer1643@example.com,Hoàng Anh,Nam,1988,30-39,Người nổi tiếng,Hà Nội,Việt Nam,Gold,3,1,2,2019-11-29,2024-08-10,1
1644,customer1644@example.com,Bùi Lan,Nữ,1961,60+,Người nổi tiếng,Hà Nội,Việt Nam,Silver,3,1,10,2021-05-27,2023-10-19,1
1645,customer1645@example.com,Phạm Việt,Nam,1992,30-39,Kiến trúc sư,Hà Nội,Việt Nam,Silver,4,1,9,2022-01-24,2023-12-18,1
1646,customer1646@example.com,Hoàng Việt,Nam,1984,40-49,Doanh nhân,Hà Nội,Việt Nam,Platinum,2,1,9,2019-06-04,2023-01-11,1
1647,customer1647@example.com,Nguyễn Tuấn,Nam,1967,50-59,Nhà đầu tư,Hà Nội,Việt Nam,Gold,3,1,9,2021-10-01,2023-03-04,0
1648,customer1648@example.com,Bùi Long,Nam,1977,40-49,Chuyên gia tài chính,TP HCM,Việt Nam,Silver,2,1,1,2018-09-13,2024-05-09,1
1649,customer1649@example.com,Ngô Bình,Nam,1998,25-29,Kiến trúc sư,Hải Phòng,Việt Nam,Silver,3,1,7,2017-08-26,2023-01-15,1
1650,customer1650@example.com,Nguyễn Lan,Nữ,1983,40-49,Doanh nhân,Hà Nội,Việt Nam,Platinum,4,1,2,2021-08-22,2024-09-02,1
1651,customer1651@example.com,Phan Quang,Nam,1961,60+,Kiến trúc sư,Hà Nội,Việt Nam,Gold,4,1,9,2022-06-16,2023-10-29,1
1652,customer1652@example.com,Dương Bình,Nam,1992,30-39,Doanh nhân,TP HCM,Việt Nam,Silver,1,1,1,2016-04-07,2024-10-08,1
1653,customer1653@example.com,Ngô Hoa,Nữ,1983,40-49,Doanh nhân,Hà Nội,Expat,Silver,3,1,3,2021-09-29,2024-09-01,1
1654,customer1654@example.com,Hoàng Ánh,Nữ,1990,30-39,Chuyên gia tài chính,Khánh Hòa,Việt Nam,Diamond,3,1,3,2018-05-17,2023-02-09,1
1655,customer1655@example.com,Phan Hải,Nam,1967,50-59,Nhà đầu tư,Bình Dương,Việt Nam,Diamond,2,1,3,2017-01-10,2023-05-08,1
1656,customer1656@example.com,Phạm Ánh,Nữ,1975,40-49,Kiến trúc sư,TP HCM,Việt Nam,Gold,4,1,7,2018-05-28,2024-07-08,1
1657,customer1657@example.com,Đỗ Linh,Nữ,1983,40-49,Nhà đầu tư,TP HCM,Việt Nam,Platinum,2,1,9,2017-07-11,2023-11-17,0
1658,customer1658@example.com,Hoàng Hải,Nam,1968,50-59,Chuyên gia tài chính,Hà Nội,Việt Nam,Platinum,1,1,1,2023-04-24,2023-09-13,1
1659,customer1659@example.com,Trần Khánh,Nam,1965,50-59,Người nổi tiếng,Hà Nội,Việt Nam,Silver,4,1,8,2016-10-05,2024-03-11,1
1660,customer1660@example.com,Bùi Hải,Nam,1982,40-49,Chuyên gia tài chính,TP HCM,Việt Nam,Gold,3,1,3,2022-08-22,2023-12-21,1
1661,customer1661@example.com,Vũ Hoa,Nữ,1966,50-59,Chuyên gia tài chính,TP HCM,Việt Nam,Gold,1,1,6,2015-08-02,2024-06-25,1
1662,customer1662@example.com,Hoàng Trung,Nam,1983,40-49,Giám đốc,Hà Nội,Việt Nam,Silver,2,1,6,2022-02-28,2023-08-08,1
1663,customer1663@example.com,Đặng Thành,Nam,1979,40-49,Kiến trúc sư,Hà Nội,Việt Nam,Gold,3,1,10,2018-05-14,2024-12-20,1
1664,customer1664@example.com,Hoàng Thảo,Nữ,1972,50-59,Luật sư,Hà Nội,Việt Nam,Gold,1,1,4,2017-03-10,2023-05-08,1
1665,customer1665@example.com,Dương Hoa,Nữ,1965,50-59,Luật sư,Hà Nội,Việt Nam,Diamond,2,1,7,2015-06-03,2024-06-09,1
1666,customer1666@example.com,Trần Hải,Nam,1995,25-29,Bác sĩ,TP HCM,Việt Nam,Silver,4,1,3,2018-07-18,2024-12-01,0
1667,customer1667@example.com,Đặng Khánh,Nam,1967,50-59,Kiến trúc sư,TP HCM,Việt Nam,Silver,3,1,4,2020-05-30,2024-06-08,0
1668,customer1668@example.com,Vũ Anh,Nam,1982,40-49,Người nổi tiếng,Hà Nội,Việt Nam,Gold,1,1,8,2019-12-19,2024-01-23,1
1669,customer1669@example.com,Trần Thảo,Nữ,1997,25-29,Luật sư,Hà Nội,Việt Nam,Gold,3,1,7,2022-01-20,2024-03-16,1
1670,customer1670@example.com,Đỗ Phương,Nữ,1963,60+,Doanh nhân,TP HCM,Việt Nam,Gold,3,1,8,2017-07-22,2024-08-14,0
1671,customer1671@example.com,Lê Hùng,Nam,1981,40-49,Giám đốc,TP HCM,Việt Nam,Gold,3,1,3,2022-04-18,2023-10-29,1
1672,customer1672@example.com,Đỗ Nga,Nữ,1989,30-39,Người nổi tiếng,Hà Nội,Expat,Gold,4,1,6,2022-02-14,2024-12-28,1
1673,customer1673@example.com,Ngô Hùng,Nam,1993,30-39,Doanh nhân,Hà Nội,Việt Nam,Platinum,4,1,9,2021-10-31,2024-11-07,1
1674,customer1674@example.com,Hoàng Thành,Nam,1968,50-59,Luật sư,TP HCM,Expat,Gold,1,1,8,2015-02-28,2023-12-03,1
1675,customer1675@example.com,Phan Ngọc,Nữ,1976,40-49,Giám đốc,Hải Phòng,Việt Nam,Silver,4,1,3,2020-11-12,2024-02-05,1
1676,customer1676@example.com,Lê Khánh,Nam,1965,50-59,Luật sư,TP HCM,Việt Nam,Gold,4,1,9,2016-04-12,2023-03-25,1
1677,customer1677@example.com,Trần Thảo,Nữ,1994,30-39,Chuyên gia tài chính,TP HCM,Expat,Silver,2,1,2,2019-12-29,2024-04-24,1
1678,customer1678@example.com,Lê Yến,Nữ,1980,40-49,Nhà đầu tư,Đồng Nai,Việt Nam,Silver,3,1,2,2022-01-16,2024-11-03,1
1679,customer1679@example.com,Ngô Minh,Nam,1989,30-39,Chuyên gia tài chính,Hà Nội,Việt Nam,Silver,1,1,2,2021-06-15,2023-09-04,1
1680,customer1680@example.com,Phạm Thành,Nam,1960,60+,Bác sĩ,Bình Dương,Expat,Silver,3,1,6,2016-05-11,2023-09-07,1
1681,customer1681@example.com,Nguyễn Khánh,Nam,1996,25-29,Chuyên gia tài chính,Hải Phòng,Việt Nam,Platinum,1,1,1,2018-03-06,2023-12-02,0
1682,customer1682@example.com,Phạm Khánh,Nam,1979,40-49,Người nổi tiếng,Hà Nội,Việt Nam,Silver,4,1,4,2019-04-02,2024-02-16,1
1683,customer1683@example.com,Phạm Trang,Nữ,1965,50-59,Chuyên gia tài chính,TP HCM,Việt Nam,Gold,2,1,6,2017-09-18,2024-09-25,0
1684,customer1684@example.com,Bùi Hải,Nam,1981,40-49,Nhà đầu tư,Hà Nội,Việt Nam,Silver,2,1,2,2022-04-19,2023-12-09,1
1685,customer1685@example.com,Đỗ Thu,Nữ,1975,40-49,Bác sĩ,TP HCM,Việt Nam,Silver,4,1,5,2017-10-05,2024-02-07,1
1686,customer1686@example.com,Bùi Đức,Nam,1968,50-59,Người nổi tiếng,TP HCM,Việt Nam,Platinum,4,1,7,2019-08-06,2023-01-05,1
1687,customer1687@example.com,Lê Thành,Nam,1978,40-49,Giám đốc,TP HCM,Việt Nam,Silver,4,1,2,2015-05-24,2023-04-18,1
1688,customer1688@example.com,Hồ Linh,Nữ,1980,40-49,Chuyên gia tài chính,TP HCM,Việt Nam,Diamond,4,1,5,2015-06-25,2024-01-18,1
1689,customer1689@example.com,Hồ Thành,Nam,1972,50-59,Doanh nhân,Hà Nội,Expat,Silver,2,1,8,2019-09-16,2023-08-02,1
1690,customer1690@example.com,Hồ Long,Nam,1976,40-49,Kiến trúc sư,TP HCM,Việt Nam,Gold,3,1,4,2015-03-30,2024-08-12,1
1691,customer1691@example.com,Đặng Quang,Nam,1986,30-39,Kiến trúc sư,TP HCM,Expat,Platinum,1,1,10,2016-12-12,2023-06-27,1
1692,customer1692@example.com,Đặng Ngọc,Nữ,1992,30-39,Kiến trúc sư,Bình Dương,Việt Nam,Gold,2,1,6,2021-01-11,2024-04-09,1
1693,customer1693@example.com,Đặng Thảo,Nữ,1967,50-59,Luật sư,Hà Nội,Expat,Platinum,1,1,2,2023-06-30,2024-01-28,1
1694,customer1694@example.com,Phạm Thảo,Nữ,1962,60+,Luật sư,TP HCM,Việt Nam,Diamond,4,1,4,2021-02-24,2024-04-26,1
1695,customer1695@example.com,Phạm Trang,Nữ,1992,30-39,Luật sư,Hà Nội,Việt Nam,Gold,1,1,5,2016-01-22,2023-08-27,1
1696,customer1696@example.com,Phan Đức,Nam,1967,50-59,Nhà đầu tư,Khánh Hòa,Việt Nam,Silver,2,1,6,2017-12-19,2023-06-20,1
1697,customer1697@example.com,Hồ Hà,Nữ,1964,60+,Bác sĩ,Bình Dương,Việt Nam,Silver,1,1,6,2020-01-19,2024-04-17,1
1698,customer1698@example.com,Trần Lan,Nữ,1977,40-49,Doanh nhân,Đà Nẵng,Việt Nam,Gold,3,1,2,2021-05-03,2023-08-09,1
1699,customer1699@example.com,Bùi Ánh,Nữ,1975,40-49,Giám đốc,Hà Nội,Việt Nam,Gold,1,1,3,2016-08-13,2023-10-11,1
1700,customer1700@example.com,Đỗ Trang,Nữ,1961,60+,Người nổi tiếng,Hà Nội,Việt Nam,Silver,4,1,4,2017-01-20,2023-07-01,1
1701,customer1701@example.com,Dương Mai,Nữ,1979,40-49,Bác sĩ,Hà Nội,Việt Nam,Diamond,2,1,3,2019-09-14,2023-04-13,1
1702,customer1702@example.com,Phạm Long,Nam,1962,60+,Nhà đầu tư,TP HCM,Việt Nam,Gold,1,1,8,2015-02-19,2023-06-02,1
1703,customer1703@example.com,Nguyễn Mai,Nữ,1970,50-59,Doanh nhân,Hà Nội,Việt Nam,Platinum,4,1,7,2023-02-03,2023-05-19,0
1704,customer1704@example.com,Vũ Yến,Nữ,1972,50-59,Doanh nhân,Hà Nội,Việt Nam,Gold,1,1,1,2016-01-28,2024-05-21,1
1705,customer1705@example.com,Nguyễn Lan,Nữ,1996,25-29,Người nổi tiếng,Hà Nội,Việt Nam,Silver,1,1,8,2016-12-04,2023-06-14,1
1706,customer1706@example.com,Vũ Trung,Nam,1994,30-39,Doanh nhân,Đà Nẵng,Việt Nam,Silver,4,1,8,2016-08-06,2023-07-10,1
1707,customer1707@example.com,Ngô Ngọc,Nữ,1980,40-49,Kiến trúc sư,Đà Nẵng,Việt Nam,Diamond,1,1,10,2016-11-15,2024-07-14,1
1708,customer1708@example.com,Nguyễn Bình,Nam,1990,30-39,Kiến trúc sư,Hà Nội,Việt Nam,Diamond,2,1,4,2018-05-20,2023-10-28,1
1709,customer1709@example.com,Phan Tuấn,Nam,1971,50-59,Giám đốc,TP HCM,Việt Nam,Silver,2,1,10,2018-01-10,2023-03-26,1
1710,customer1710@example.com,Hoàng Long,Nam,1997,25-29,Người nổi tiếng,Hải Phòng,Việt Nam,Silver,1,1,4,2022-07-25,2023-07-07,1
1711,customer1711@example.com,Trần Linh,Nữ,1980,40-49,Bác sĩ,TP HCM,Việt Nam,Gold,3,1,9,2015-04-09,2024-11-24,1
1712,customer1712@example.com,Đỗ Yến,Nữ,1982,40-49,Chuyên gia tài chính,Hà Nội,Việt Nam,Silver,1,1,6,2021-01-08,2024-08-18,1
1713,customer1713@example.com,Dương Quang,Nam,1970,50-59,Nhà đầu tư,Quảng Ninh,Việt Nam,Platinum,4,1,5,2020-05-15,2024-07-23,1
1714,customer1714@example.com,Phạm Thu,Nữ,1968,50-59,Nhà đầu tư,Quảng Ninh,Expat,Gold,3,1,5,2020-02-12,2023-09-23,0
1715,customer1715@example.com,Hồ Thành,Nam,1988,30-39,Giám đốc,Quảng Ninh,Việt Nam,Silver,3,1,10,2021-05-12,2023-05-14,1
1716,customer1716@example.com,Nguyễn Hằng,Nữ,1962,60+,Luật sư,TP HCM,Expat,Gold,2,1,6,2017-08-01,2023-10-13,1
1717,customer1717@example.com,Đặng Lan,Nữ,1977,40-49,Bác sĩ,Hà Nội,Việt Nam,Gold,3,1,5,2019-11-04,2023-07-11,1
1718,customer1718@example.com,Trần Tuấn,Nam,1970,50-59,Luật sư,Đà Nẵng,Việt Nam,Diamond,2,1,1,2019-01-11,2023-12-03,0
1719,customer1719@example.com,Nguyễn Minh,Nam,1973,50-59,Doanh nhân,Hà Nội,Việt Nam,Silver,3,1,7,2020-02-01,2023-09-03,1
1720,customer1720@example.com,Bùi Thành,Nam,1960,60+,Giám đốc,Hà Nội,Việt Nam,Platinum,1,1,10,2016-01-14,2024-01-29,1
1721,customer1721@example.com,Lê Anh,Nam,1975,40-49,Người nổi tiếng,Hà Nội,Việt Nam,Platinum,4,1,10,2015-07-03,2024-02-02,0
1722,customer1722@example.com,Bùi Hà,Nữ,1979,40-49,Giám đốc,Khánh Hòa,Expat,Gold,4,1,5,2019-05-11,2023-09-08,0
1723,customer1723@example.com,Đỗ Thành,Nam,1998,25-29,Kiến trúc sư,TP HCM,Việt Nam,Silver,1,1,4,2019-12-31,2023-03-26,1
1724,customer1724@example.com,Trần Anh,Nam,1980,40-49,Chuyên gia tài chính,TP HCM,Việt Nam,Silver,3,1,3,2015-03-16,2023-07-13,1
1725,customer1725@example.com,Phan Đức,Nam,1964,60+,Chuyên gia tài chính,Đà Nẵng,Việt Nam,Gold,4,1,6,2019-03-17,2024-08-11,1
1726,customer1726@example.com,Đỗ Trang,Nữ,1978,40-49,Kiến trúc sư,Bình Dương,Việt Nam,Silver,1,1,2,2015-08-28,2024-07-17,1
1727,customer1727@example.com,Ngô Việt,Nam,1968,50-59,Giám đốc,TP HCM,Việt Nam,Silver,2,1,9,2020-01-04,2024-09-02,1
1728,customer1728@example.com,Lê Hằng,Nữ,1960,60+,Bác sĩ,Hà Nội,Việt Nam,Diamond,4,1,5,2022-09-22,2023-11-29,1
1729,customer1729@example.com,Dương Nga,Nữ,1974,50-59,Luật sư,TP HCM,Việt Nam,Diamond,3,1,8,2015-03-13,2023-01-09,1
1730,customer1730@example.com,Dương Thành,Nam,1966,50-59,Bác sĩ,TP HCM,Việt Nam,Gold,4,1,2,2022-01-17,2023-06-30,1
1731,customer1731@example.com,Đỗ Lan,Nữ,1982,40-49,Kiến trúc sư,TP HCM,Expat,Silver,1,1,1,2020-03-18,2024-09-08,1
1732,customer1732@example.com,Vũ Quang,Nam,1976,40-49,Doanh nhân,Hà Nội,Việt Nam,Silver,2,1,8,2015-12-21,2023-01-31,1
1733,customer1733@example.com,Lê Trung,Nam,1972,50-59,Nhà đầu tư,Hà Nội,Việt Nam,Silver,3,1,9,2023-01-08,2024-01-19,0
1734,customer1734@example.com,Dương Nga,Nữ,1987,30-39,Luật sư,Khánh Hòa,Việt Nam,Platinum,3,1,5,2019-04-13,2023-02-17,1
1735,customer1735@example.com,Lê Thu,Nữ,1971,50-59,Nhà đầu tư,Quảng Ninh,Expat,Silver,1,1,2,2021-12-22,2023-04-01,1
1736,customer1736@example.com,Đặng Khánh,Nam,1983,40-49,Luật sư,Khánh Hòa,Việt Nam,Platinum,3,1,4,2018-12-03,2024-07-25,1
1737,customer1737@example.com,Vũ Thành,Nam,1991,30-39,Bác sĩ,Hà Nội,Việt Nam,Silver,2,1,8,2022-06-29,2023-07-07,1
1738,customer1738@example.com,Vũ Quang,Nam,1992,30-39,Nhà đầu tư,Khánh Hòa,Expat,Platinum,2,1,3,2018-02-04,2023-03-20,1
1739,customer1739@example.com,Bùi Thu,Nữ,1986,30-39,Kiến trúc sư,Hải Phòng,Việt Nam,Gold,1,1,3,2021-06-26,2023-03-03,1
1740,customer1740@example.com,Nguyễn Hằng,Nữ,1960,60+,Giám đốc,Hải Phòng,Việt Nam,Gold,3,1,3,2016-05-29,2023-08-29,1
1741,customer1741@example.com,Hoàng Lan,Nữ,1973,50-59,Kiến trúc sư,Đà Nẵng,Expat,Platinum,2,1,2,2016-09-09,2023-03-30,1
1742,customer1742@example.com,Đỗ Trang,Nữ,1976,40-49,Chuyên gia tài chính,Hà Nội,Việt Nam,Platinum,1,1,7,2022-05-27,2024-12-08,1
1743,customer1743@example.com,Dương Hoa,Nữ,1965,50-59,Giám đốc,TP HCM,Việt Nam,Platinum,1,1,9,2016-08-24,2024-04-19,1
1744,customer1744@example.com,Hoàng Linh,Nữ,1974,50-59,Chuyên gia tài chính,TP HCM,Việt Nam,Gold,2,1,2,2020-12-03,2024-06-13,1
1745,customer1745@example.com,Nguyễn Hằng,Nữ,1994,30-39,Nhà đầu tư,Hà Nội,Việt Nam,Silver,1,1,2,2015-06-29,2023-07-06,1
1746,customer1746@example.com,Phạm Ánh,Nữ,1979,40-49,Kiến trúc sư,Hà Nội,Việt Nam,Silver,1,1,2,2022-12-10,2024-02-16,0
1747,customer1747@example.com,Phạm Thu,Nữ,1960,60+,Bác sĩ,Hà Nội,Việt Nam,Diamond,4,1,1,2015-08-28,2023-07-27,1
1748,customer1748@example.com,Đỗ Bình,Nam,1966,50-59,Doanh nhân,Hà Nội,Việt Nam,Silver,1,1,4,2018-05-04,2024-05-01,1
1749,customer1749@example.com,Dương Khánh,Nam,1966,50-59,Người nổi tiếng,Đà Nẵng,Việt Nam,Gold,4,1,1,2023-05-27,2023-04-18,1
1750,customer1750@example.com,Dương Nga,Nữ,1969,50-59,Doanh nhân,Đà Nẵng,Việt Nam,Gold,3,1,8,2020-11-15,2023-12-03,1
1751,customer1751@example.com,Trần Đức,Nam,1967,50-59,Người nổi tiếng,TP HCM,Việt Nam,Silver,1,1,1,2020-04-19,2023-06-20,1
1752,customer1752@example.com,Ngô Lan,Nữ,1993,30-39,Người nổi tiếng,Hà Nội,Việt Nam,Platinum,2,1,8,2016-04-03,2024-03-01,1
1753,customer1753@example.com,Ngô Thành,Nam,1995,25-29,Giám đốc,Đà Nẵng,Việt Nam,Platinum,2,1,4,2022-08-04,2024-09-02,1
1754,customer1754@example.com,Đặng Thu,Nữ,1976,40-49,Giám đốc,TP HCM,Việt Nam,Platinum,1,1,8,2019-09-14,2024-07-27,1
1755,customer1755@example.com,Dương Long,Nam,1971,50-59,Doanh nhân,TP HCM,Việt Nam,Gold,3,1,8,2020-08-12,2023-02-02,0
1756,customer1756@example.com,Phạm Ngọc,Nữ,1978,40-49,Bác sĩ,Hà Nội,Việt Nam,Silver,1,1,7,2021-07-24,2023-02-08,1
1757,customer1757@example.com,Hồ Ngọc,Nữ,1998,25-29,Nhà đầu tư,TP HCM,Việt Nam,Silver,4,1,1,2019-05-13,2024-03-29,1
1758,customer1758@example.com,Vũ Phương,Nữ,1964,60+,Giám đốc,Hà Nội,Việt Nam,Diamond,3,1,3,2016-01-02,2023-11-26,0
1759,customer1759@example.com,Hoàng Tuấn,Nam,1986,30-39,Nhà đầu tư,Hà Nội,Việt Nam,Silver,2,1,6,2015-07-10,2024-10-26,1
1760,customer1760@example.com,Hoàng Hà,Nữ,1970,50-59,Luật sư,Đà Nẵng,Việt Nam,Gold,2,1,10,2016-07-14,2023-10-23,1
1761,customer1761@example.com,Trần Linh,Nữ,1992,30-39,Doanh nhân,Hà Nội,Expat,Platinum,1,1,1,2018-07-19,2023-08-23,0
1762,customer1762@example.com,Trần Quang,Nam,1983,40-49,Người nổi tiếng,Đà Nẵng,Việt Nam,Platinum,4,1,5,2019-07-14,2024-12-31,1
1763,customer1763@example.com,Phạm Long,Nam,1981,40-49,Giám đốc,Hà Nội,Việt Nam,Platinum,3,1,8,2019-09-19,2023-09-23,1
1764,customer1764@example.com,Bùi Việt,Nam,1991,30-39,Nhà đầu tư,Bình Dương,Việt Nam,Gold,3,1,6,2023-05-08,2023-04-24,1
1765,customer1765@example.com,Đặng Hải,Nam,1988,30-39,Giám đốc,Hà Nội,Việt Nam,Platinum,4,1,9,2016-02-08,2023-12-16,1
1766,customer1766@example.com,Hồ Minh,Nam,1984,40-49,Người nổi tiếng,Hà Nội,Việt Nam,Silver,3,1,5,2019-11-18,2024-01-14,1
1767,customer1767@example.com,Đặng Mai,Nữ,1989,30-39,Doanh nhân,TP HCM,Việt Nam,Silver,2,1,1,2020-08-10,2024-04-19,1
1768,customer1768@example.com,Dương Ánh,Nữ,1976,40-49,Người nổi tiếng,TP HCM,Việt Nam,Silver,1,1,4,2016-02-05,2024-05-13,1
1769,customer1769@example.com,Nguyễn Việt,Nam,1993,30-39,Bác sĩ,Bình Dương,Việt Nam,Silver,3,1,9,2018-08-21,2024-12-23,1
1770,customer1770@example.com,Nguyễn Tuấn,Nam,1984,40-49,Bác sĩ,TP HCM,Việt Nam,Gold,4,1,3,2020-01-21,2023-07-10,1
1771,customer1771@example.com,Đặng Hằng,Nữ,1962,60+,Nhà đầu tư,Hà Nội,Việt Nam,Platinum,4,1,4,2016-08-12,2024-05-04,1
1772,customer1772@example.com,Phạm Khánh,Nam,1981,40-49,Nhà đầu tư,TP HCM,Việt Nam,Gold,2,1,4,2020-12-06,2024-03-17,1
1773,customer1773@example.com,Nguyễn Hằng,Nữ,1998,25-29,Doanh nhân,Hải Phòng,Việt Nam,Diamond,4,1,10,2022-08-14,2023-08-28,1
1774,customer1774@example.com,Dương Linh,Nữ,1983,40-49,Kiến trúc sư,Hà Nội,Việt Nam,Platinum,2,1,8,2017-03-30,2024-08-14,1
1775,customer1775@example.com,Đỗ Bình,Nam,1980,40-49,Nhà đầu tư,Khánh Hòa,Việt Nam,Silver,3,1,7,2020-01-19,2023-03-01,1
1776,customer1776@example.com,Ngô Nga,Nữ,1991,30-39,Chuyên gia tài chính,Hà Nội,Việt Nam,Silver,1,1,4,2020-11-28,2023-09-23,1
1777,customer1777@example.com,Phạm Quang,Nam,1990,30-39,Bác sĩ,TP HCM,Việt Nam,Silver,2,1,3,2022-03-20,2023-05-31,1
1778,customer1778@example.com,Đặng Hải,Nam,1964,60+,Người nổi tiếng,TP HCM,Việt Nam,Gold,4,1,3,2015-08-23,2023-10-29,1
1779,customer1779@example.com,Hoàng Thảo,Nữ,1967,50-59,Nhà đầu tư,TP HCM,Việt Nam,Gold,1,1,7,2021-06-27,2023-01-09,1
1780,customer1780@example.com,Nguyễn Tuấn,Nam,1971,50-59,Nhà đầu tư,Quảng Ninh,Expat,Platinum,1,1,2,2017-12-26,2023-07-08,1
1781,customer1781@example.com,Trần Lan,Nữ,1991,30-39,Nhà đầu tư,TP HCM,Expat,Gold,1,1,4,2015-11-26,2024-02-14,1
1782,customer1782@example.com,Phan Ánh,Nữ,1962,60+,Doanh nhân,Khánh Hòa,Việt Nam,Silver,2,1,7,2020-02-23,2023-07-07,1
1783,customer1783@example.com,Đỗ Linh,Nữ,1984,40-49,Giám đốc,Bình Dương,Việt Nam,Gold,4,1,7,2017-09-16,2024-07-22,0
1784,customer1784@example.com,Nguyễn Khánh,Nam,1996,25-29,Nhà đầu tư,Đà Nẵng,Việt Nam,Silver,3,1,10,2023-03-04,2024-09-19,1
1785,customer1785@example.com,Ngô Phương,Nữ,1966,50-59,Luật sư,Đà Nẵng,Việt Nam,Gold,2,1,8,2017-01-08,2024-07-07,1
1786,customer1786@example.com,Trần Quang,Nam,1996,25-29,Luật sư,TP HCM,Việt Nam,Diamond,4,1,1,2016-05-28,2024-03-16,1
1787,customer1787@example.com,Hồ Nga,Nữ,1985,30-39,Bác sĩ,TP HCM,Việt Nam,Gold,3,1,4,2021-08-05,2024-05-15,1
1788,customer1788@example.com,Đặng Trang,Nữ,1961,60+,Doanh nhân,TP HCM,Việt Nam,Silver,1,1,7,2023-05-23,2024-05-22,1
1789,customer1789@example.com,Lê Lan,Nữ,1961,60+,Doanh nhân,TP HCM,Expat,Gold,2,1,10,2015-07-10,2023-06-19,1
1790,customer1790@example.com,Dương Long,Nam,1983,40-49,Luật sư,TP HCM,Việt Nam,Gold,1,1,10,2017-07-11,2023-06-27,1
1791,customer1791@example.com,Phạm Linh,Nữ,1972,50-59,Bác sĩ,Hà Nội,Việt Nam,Gold,1,1,3,2019-03-13,2024-10-29,1
1792,customer1792@example.com,Trần Phương,Nữ,1963,60+,Luật sư,Quảng Ninh,Việt Nam,Platinum,1,1,4,2019-07-17,2024-08-17,1
1793,customer1793@example.com,Đỗ Linh,Nữ,1973,50-59,Luật sư,Hà Nội,Việt Nam,Platinum,4,1,3,2021-08-22,2024-03-12,1
1794,customer1794@example.com,Đỗ Khánh,Nam,1982,40-49,Luật sư,Hà Nội,Việt Nam,Platinum,3,1,2,2016-10-24,2024-08-16,0
1795,customer1795@example.com,Vũ Nga,Nữ,1998,25-29,Bác sĩ,Khánh Hòa,Việt Nam,Silver,4,1,7,2017-03-22,2023-03-19,1
1796,customer1796@example.com,Phan Thảo,Nữ,1997,25-29,Bác sĩ,Hà Nội,Việt Nam,Silver,3,1,2,2021-05-08,2023-07-28,1
1797,customer1797@example.com,Đỗ Mai,Nữ,1966,50-59,Bác sĩ,TP HCM,Việt Nam,Silver,4,1,6,2017-08-08,2024-02-15,1
1798,customer1798@example.com,Đặng Nga,Nữ,1977,40-49,Bác sĩ,TP HCM,Việt Nam,Diamond,3,1,7,2016-02-26,2023-05-26,1
1799,customer1799@example.com,Đặng Ngọc,Nữ,1967,50-59,Luật sư,Hà Nội,Việt Nam,Silver,3,1,6,2016-07-16,2023-10-04,0
1800,customer1800@example.com,Trần Hải,Nam,1966,50-59,Luật sư,Bình Dương,Việt Nam,Silver,3,1,4,2023-01-27,2023-05-23,1
1801,customer1801@example.com,Phạm Anh,Nam,1979,40-49,Doanh nhân,TP HCM,Việt Nam,Diamond,4,1,3,2017-12-04,2024-04-22,1
1802,customer1802@example.com,Ngô Khánh,Nam,1983,40-49,Kiến trúc sư,Bình Dương,Việt Nam,Silver,2,1,5,2022-01-17,2024-11-22,1
1803,customer1803@example.com,Lê Khánh,Nam,1997,25-29,Doanh nhân,Hà Nội,Việt Nam,Gold,4,1,8,2022-02-10,2024-01-27,1
1804,customer1804@example.com,Phạm Việt,Nam,1973,50-59,Bác sĩ,TP HCM,Expat,Gold,1,1,6,2021-12-04,2023-02-28,1
1805,customer1805@example.com,Hồ Thảo,Nữ,1994,30-39,Nhà đầu tư,Hà Nội,Expat,Silver,3,1,9,2020-12-12,2023-07-16,1
1806,customer1806@example.com,Ngô Quang,Nam,1980,40-49,Người nổi tiếng,Hà Nội,Việt Nam,Silver,3,1,7,2020-05-29,2023-05-09,1
1807,customer1807@example.com,Hoàng Đức,Nam,1983,40-49,Chuyên gia tài chính,Đà Nẵng,Việt Nam,Gold,2,1,9,2016-10-13,2023-06-26,1
1808,customer1808@example.com,Dương Hoa,Nữ,1960,60+,Bác sĩ,TP HCM,Việt Nam,Diamond,4,1,3,2023-06-28,2023-11-04,1
1809,customer1809@example.com,Đỗ Ngọc,Nữ,1972,50-59,Kiến trúc sư,Bình Dương,Việt Nam,Silver,2,1,3,2017-10-03,2023-10-08,1
1810,customer1810@example.com,Nguyễn Việt,Nam,1998,25-29,Doanh nhân,TP HCM,Việt Nam,Gold,4,1,1,2016-07-04,2024-02-24,1
1811,customer1811@example.com,Nguyễn Phương,Nữ,1981,40-49,Chuyên gia tài chính,TP HCM,Việt Nam,Gold,3,1,1,2015-03-18,2023-08-26,1
1812,customer1812@example.com,Đỗ Đức,Nam,1965,50-59,Luật sư,TP HCM,Việt Nam,Gold,2,1,3,2018-05-05,2024-04-19,1
1813,customer1813@example.com,Nguyễn Khánh,Nam,1984,40-49,Doanh nhân,TP HCM,Việt Nam,Gold,4,1,8,2022-05-23,2023-02-08,1
1814,customer1814@example.com,Trần Ánh,Nữ,1985,30-39,Nhà đầu tư,Hải Phòng,Việt Nam,Diamond,2,1,7,2018-02-26,2023-08-12,1
1815,customer1815@example.com,Nguyễn Phương,Nữ,1960,60+,Chuyên gia tài chính,Hà Nội,Việt Nam,Silver,1,1,8,2019-10-10,2024-11-05,1
1816,customer1816@example.com,Phạm Đức,Nam,1967,50-59,Nhà đầu tư,Hà Nội,Việt Nam,Platinum,3,1,5,2022-12-28,2023-04-06,1
1817,customer1817@example.com,Phạm Trang,Nữ,1968,50-59,Giám đốc,TP HCM,Việt Nam,Platinum,1,1,4,2020-02-27,2023-07-02,1
1818,customer1818@example.com,Phan Thu,Nữ,1993,30-39,Nhà đầu tư,Đồng Nai,Việt Nam,Gold,2,1,5,2021-10-11,2023-10-27,1
1819,customer1819@example.com,Vũ Việt,Nam,1977,40-49,Giám đốc,TP HCM,Expat,Silver,4,1,1,2015-12-21,2024-05-21,1
1820,customer1820@example.com,Hoàng Khánh,Nam,1971,50-59,Bác sĩ,Hà Nội,Việt Nam,Gold,4,1,5,2017-12-28,2023-10-01,0
1821,customer1821@example.com,Phạm Thảo,Nữ,1970,50-59,Chuyên gia tài chính,TP HCM,Việt Nam,Silver,4,1,10,2017-11-12,2024-04-04,1
1822,customer1822@example.com,Phan Long,Nam,1970,50-59,Chuyên gia tài chính,Đà Nẵng,Việt Nam,Platinum,4,1,9,2021-05-14,2023-02-12,1
1823,customer1823@example.com,Phạm Yến,Nữ,1971,50-59,Nhà đầu tư,Đà Nẵng,Việt Nam,Platinum,1,1,10,2018-10-20,2023-08-21,1
1824,customer1824@example.com,Đặng Trang,Nữ,1980,40-49,Kiến trúc sư,Hà Nội,Việt Nam,Silver,3,1,10,2021-10-07,2023-01-17,1
1825,customer1825@example.com,Dương Đức,Nam,1997,25-29,Người nổi tiếng,TP HCM,Việt Nam,Gold,3,1,8,2022-04-06,2024-10-12,1
1826,customer1826@example.com,Phạm Bình,Nam,1978,40-49,Kiến trúc sư,Hà Nội,Việt Nam,Gold,4,1,2,2021-01-29,2024-04-07,1
1827,customer1827@example.com,Hoàng Hằng,Nữ,1986,30-39,Người nổi tiếng,Hà Nội,Expat,Platinum,4,1,9,2015-10-03,2024-01-12,1
1828,customer1828@example.com,Phan Thành,Nam,1993,30-39,Doanh nhân,Khánh Hòa,Việt Nam,Gold,2,1,10,2016-03-26,2023-01-12,1
1829,customer1829@example.com,Nguyễn Trang,Nữ,1981,40-49,Người nổi tiếng,TP HCM,Việt Nam,Gold,3,1,4,2019-01-28,2024-02-26,1
1830,customer1830@example.com,Phan Lan,Nữ,1962,60+,Luật sư,Đà Nẵng,Việt Nam,Diamond,2,1,4,2015-04-21,2024-02-10,1
1831,customer1831@example.com,Nguyễn Hà,Nữ,1973,50-59,Nhà đầu tư,TP HCM,Việt Nam,Diamond,2,1,3,2023-03-30,2023-07-07,1
1832,customer1832@example.com,Hồ Thảo,Nữ,1996,25-29,Giám đốc,TP HCM,Việt Nam,Gold,4,1,6,2017-06-12,2024-05-29,1
1833,customer1833@example.com,Đặng Việt,Nam,1984,40-49,Luật sư,TP HCM,Việt Nam,Platinum,2,1,9,2022-10-11,2024-09-24,1
1834,customer1834@example.com,Nguyễn Trang,Nữ,1985,30-39,Chuyên gia tài chính,Hải Phòng,Việt Nam,Platinum,3,1,10,2016-07-19,2023-05-23,1
1835,customer1835@example.com,Hoàng Ánh,Nữ,1963,60+,Nhà đầu tư,Đà Nẵng,Việt Nam,Gold,4,1,8,2015-05-02,2024-02-21,1
1836,customer1836@example.com,Dương Hùng,Nam,1963,60+,Nhà đầu tư,Đà Nẵng,Việt Nam,Diamond,1,1,8,2017-02-24,2024-08-17,1
1837,customer1837@example.com,Bùi Tuấn,Nam,1996,25-29,Người nổi tiếng,Hà Nội,Việt Nam,Platinum,2,1,4,2020-03-14,2023-04-03,1
1838,customer1838@example.com,Vũ Long,Nam,1994,30-39,Kiến trúc sư,Hà Nội,Việt Nam,Silver,2,1,10,2021-01-02,2024-12-04,1
1839,customer1839@example.com,Hồ Việt,Nam,1965,50-59,Luật sư,Khánh Hòa,Việt Nam,Diamond,1,1,2,2018-03-02,2024-01-03,1
1840,customer1840@example.com,Nguyễn Hằng,Nữ,1988,30-39,Bác sĩ,Hà Nội,Việt Nam,Gold,2,1,1,2019-02-15,2023-09-22,1
1841,customer1841@example.com,Phạm Thành,Nam,1977,40-49,Kiến trúc sư,TP HCM,Việt Nam,Silver,2,1,2,2020-03-23,2024-07-05,1
1842,customer1842@example.com,Nguyễn Hằng,Nữ,1992,30-39,Nhà đầu tư,Khánh Hòa,Việt Nam,Silver,1,1,6,2022-03-27,2024-06-24,1
1843,customer1843@example.com,Vũ Anh,Nam,1966,50-59,Kiến trúc sư,Bình Dương,Việt Nam,Platinum,2,1,9,2016-01-17,2023-12-03,0
1844,customer1844@example.com,Trần Thu,Nữ,1962,60+,Doanh nhân,Khánh Hòa,Expat,Gold,3,1,1,2020-01-02,2023-02-19,1
1845,customer1845@example.com,Hồ Hùng,Nam,1993,30-39,Người nổi tiếng,Hà Nội,Việt Nam,Silver,4,1,9,2016-12-13,2024-10-28,1
1846,customer1846@example.com,Bùi Nga,Nữ,1979,40-49,Doanh nhân,TP HCM,Việt Nam,Silver,3,1,10,2017-01-23,2024-10-18,1
1847,customer1847@example.com,Trần Hằng,Nữ,1965,50-59,Doanh nhân,TP HCM,Việt Nam,Silver,4,1,2,2016-12-03,2024-04-28,1
1848,customer1848@example.com,Bùi Minh,Nam,1960,60+,Bác sĩ,Bình Dương,Việt Nam,Silver,1,1,3,2019-09-22,2023-07-19,1
1849,customer1849@example.com,Hoàng Linh,Nữ,1977,40-49,Chuyên gia tài chính,Hải Phòng,Việt Nam,Platinum,3,1,6,2020-11-07,2024-11-27,1
1850,customer1850@example.com,Trần Mai,Nữ,1960,60+,Doanh nhân,Đà Nẵng,Việt Nam,Platinum,2,1,5,2016-10-26,2024-11-04,1
1851,customer1851@example.com,Đỗ Minh,Nam,1986,30-39,Giám đốc,Khánh Hòa,Việt Nam,Silver,3,1,4,2015-02-06,2023-07-07,1
1852,customer1852@example.com,Đặng Hằng,Nữ,1996,25-29,Doanh nhân,Hà Nội,Việt Nam,Platinum,1,1,3,2023-06-17,2023-10-28,1
1853,customer1853@example.com,Dương Trang,Nữ,1968,50-59,Kiến trúc sư,Hà Nội,Việt Nam,Platinum,4,1,5,2020-08-15,2023-03-23,1
1854,customer1854@example.com,Dương Thảo,Nữ,1983,40-49,Doanh nhân,Quảng Ninh,Expat,Platinum,3,1,9,2021-02-17,2023-05-31,1
1855,customer1855@example.com,Phạm Yến,Nữ,1991,30-39,Chuyên gia tài chính,Hà Nội,Việt Nam,Gold,2,1,3,2017-08-03,2024-03-14,0
1856,customer1856@example.com,Đỗ Ngọc,Nữ,1989,30-39,Nhà đầu tư,Hà Nội,Việt Nam,Gold,3,1,10,2020-06-07,2024-11-13,1
1857,customer1857@example.com,Hoàng Tuấn,Nam,1963,60+,Nhà đầu tư,Hà Nội,Expat,Gold,2,1,1,2019-04-22,2024-03-02,1
1858,customer1858@example.com,Đỗ Hằng,Nữ,1996,25-29,Bác sĩ,Hà Nội,Việt Nam,Gold,2,1,10,2023-04-08,2024-09-09,1
1859,customer1859@example.com,Phan Việt,Nam,1973,50-59,Người nổi tiếng,Bình Dương,Việt Nam,Gold,4,1,8,2021-11-07,2023-07-11,1
1860,customer1860@example.com,Hoàng Hoa,Nữ,1960,60+,Luật sư,Hà Nội,Việt Nam,Gold,3,1,10,2017-10-08,2023-04-08,1
1861,customer1861@example.com,Trần Tuấn,Nam,1998,25-29,Bác sĩ,TP HCM,Việt Nam,Diamond,3,1,5,2015-07-23,2024-10-30,1
1862,customer1862@example.com,Lê Hà,Nữ,1985,30-39,Giám đốc,Khánh Hòa,Việt Nam,Platinum,2,1,1,2018-03-10,2024-07-31,0
1863,customer1863@example.com,Nguyễn Linh,Nữ,1967,50-59,Người nổi tiếng,TP HCM,Expat,Platinum,4,1,3,2015-05-16,2024-08-28,1
1864,customer1864@example.com,Hồ Hằng,Nữ,1980,40-49,Kiến trúc sư,Hà Nội,Việt Nam,Diamond,2,1,5,2015-02-16,2023-12-04,1
1865,customer1865@example.com,Bùi Tuấn,Nam,1963,60+,Luật sư,TP HCM,Việt Nam,Gold,4,1,7,2019-10-20,2024-09-15,1
1866,customer1866@example.com,Bùi Trung,Nam,1976,40-49,Nhà đầu tư,Hà Nội,Expat,Diamond,1,1,6,2019-07-06,2024-06-30,1
1867,customer1867@example.com,Đặng Anh,Nam,1965,50-59,Chuyên gia tài chính,Hà Nội,Expat,Gold,4,1,7,2016-02-16,2024-06-22,1
1868,customer1868@example.com,Lê Ngọc,Nữ,1990,30-39,Kiến trúc sư,Bình Dương,Việt Nam,Silver,3,1,8,2017-11-21,2023-05-04,1
1869,customer1869@example.com,Trần Ánh,Nữ,1974,50-59,Luật sư,TP HCM,Việt Nam,Platinum,1,1,1,2015-08-01,2024-05-23,1
1870,customer1870@example.com,Trần Bình,Nam,1970,50-59,Chuyên gia tài chính,Hà Nội,Việt Nam,Platinum,2,1,1,2016-08-23,2024-12-12,1
1871,customer1871@example.com,Phạm Thành,Nam,1997,25-29,Người nổi tiếng,Hà Nội,Việt Nam,Silver,2,1,5,2018-06-25,2023-10-09,1
1872,customer1872@example.com,Đỗ Lan,Nữ,1995,25-29,Kiến trúc sư,TP HCM,Việt Nam,Platinum,4,1,3,2017-07-12,2023-11-19,1
1873,customer1873@example.com,Vũ Hải,Nam,1990,30-39,Giám đốc,Đà Nẵng,Việt Nam,Platinum,1,1,9,2019-01-03,2023-04-02,1
1874,customer1874@example.com,Bùi Trung,Nam,1970,50-59,Chuyên gia tài chính,Hà Nội,Việt Nam,Silver,3,1,1,2021-10-14,2023-03-17,1
1875,customer1875@example.com,Nguyễn Nga,Nữ,1992,30-39,Chuyên gia tài chính,TP HCM,Việt Nam,Platinum,1,1,6,2020-01-25,2023-09-24,1
1876,customer1876@example.com,Phạm Phương,Nữ,1983,40-49,Giám đốc,Đồng Nai,Việt Nam,Gold,4,1,1,2015-07-27,2023-10-19,0
1877,customer1877@example.com,Ngô Long,Nam,1960,60+,Chuyên gia tài chính,Đồng Nai,Việt Nam,Silver,1,1,4,2021-10-10,2024-12-29,1
1878,customer1878@example.com,Dương Thành,Nam,1965,50-59,Doanh nhân,TP HCM,Việt Nam,Gold,2,1,1,2017-09-04,2024-06-10,1
1879,customer1879@example.com,Hồ Trang,Nữ,1977,40-49,Doanh nhân,TP HCM,Việt Nam,Silver,4,1,6,2016-10-06,2024-09-14,1
1880,customer1880@example.com,Hoàng Khánh,Nam,1984,40-49,Nhà đầu tư,Đà Nẵng,Việt Nam,Silver,2,1,6,2023-01-31,2024-03-03,1
1881,customer1881@example.com,Đỗ Bình,Nam,1972,50-59,Kiến trúc sư,Hà Nội,Việt Nam,Diamond,1,1,7,2020-06-19,2023-02-13,1
1882,customer1882@example.com,Đỗ Mai,Nữ,1962,60+,Doanh nhân,Quảng Ninh,Việt Nam,Gold,1,1,9,2023-02-08,2024-12-10,1
1883,customer1883@example.com,Trần Hoa,Nữ,1974,50-59,Luật sư,TP HCM,Expat,Platinum,4,1,2,2016-01-30,2023-12-10,1
1884,customer1884@example.com,Nguyễn Nga,Nữ,1995,25-29,Bác sĩ,Hải Phòng,Việt Nam,Platinum,1,1,10,2022-05-11,2024-02-17,0
1885,customer1885@example.com,Lê Lan,Nữ,1970,50-59,Chuyên gia tài chính,Hà Nội,Expat,Platinum,4,1,8,2018-01-21,2024-01-08,1
1886,customer1886@example.com,Ngô Trang,Nữ,1990,30-39,Doanh nhân,Bình Dương,Việt Nam,Platinum,2,1,4,2015-11-24,2024-03-30,1
1887,customer1887@example.com,Ngô Hoa,Nữ,1984,40-49,Chuyên gia tài chính,Đà Nẵng,Việt Nam,Gold,4,1,7,2019-07-30,2023-05-16,1
1888,customer1888@example.com,Phan Khánh,Nam,1975,40-49,Nhà đầu tư,Đồng Nai,Việt Nam,Diamond,2,1,7,2015-10-29,2024-07-01,1
1889,customer1889@example.com,Đặng Thành,Nam,1983,40-49,Người nổi tiếng,Hà Nội,Expat,Gold,1,1,6,2015-08-01,2024-02-07,1
1890,customer1890@example.com,Phạm Hằng,Nữ,1985,30-39,Doanh nhân,TP HCM,Việt Nam,Gold,1,1,7,2017-12-25,2023-01-09,1
1891,customer1891@example.com,Phạm Trung,Nam,1960,60+,Doanh nhân,TP HCM,Expat,Silver,2,1,1,2016-08-09,2024-01-09,1
1892,customer1892@example.com,Lê Trang,Nữ,1981,40-49,Luật sư,Đà Nẵng,Việt Nam,Gold,4,1,10,2019-02-10,2023-08-25,1
1893,customer1893@example.com,Nguyễn Minh,Nam,1985,30-39,Nhà đầu tư,Hà Nội,Expat,Gold,4,1,5,2022-06-02,2023-11-26,1
1894,customer1894@example.com,Lê Lan,Nữ,1997,25-29,Chuyên gia tài chính,Hà Nội,Việt Nam,Gold,3,1,6,2017-07-11,2024-06-10,1
1895,customer1895@example.com,Trần Khánh,Nam,1995,25-29,Nhà đầu tư,TP HCM,Việt Nam,Silver,3,1,6,2019-06-19,2024-02-20,1
1896,customer1896@example.com,Dương Anh,Nam,1998,25-29,Chuyên gia tài chính,Hà Nội,Việt Nam,Gold,3,1,7,2019-04-06,2023-01-13,1
1897,customer1897@example.com,Dương Hằng,Nữ,1966,50-59,Bác sĩ,Hà Nội,Việt Nam,Gold,3,1,8,2022-03-07,2023-06-07,1
1898,customer1898@example.com,Lê Linh,Nữ,1961,60+,Chuyên gia tài chính,Hải Phòng,Việt Nam,Gold,1,1,2,2019-03-14,2023-07-23,1
1899,customer1899@example.com,Phạm Anh,Nam,1988,30-39,Giám đốc,TP HCM,Việt Nam,Silver,1,1,6,2020-11-26,2024-03-26,1
1900,customer1900@example.com,Lê Thảo,Nữ,1968,50-59,Kiến trúc sư,Hà Nội,Việt Nam,Silver,4,1,10,2017-12-22,2023-02-27,1
1901,customer1901@example.com,Phạm Hoa,Nữ,1983,40-49,Chuyên gia tài chính,TP HCM,Expat,Gold,1,1,6,2023-02-08,2024-04-16,1
1902,customer1902@example.com,Hồ Trung,Nam,1993,30-39,Nhà đầu tư,TP HCM,Việt Nam,Silver,4,1,10,2017-05-29,2024-03-15,1
1903,customer1903@example.com,Phạm Đức,Nam,1995,25-29,Chuyên gia tài chính,Đà Nẵng,Việt Nam,Gold,4,1,7,2021-02-18,2023-01-08,1
1904,customer1904@example.com,Dương Mai,Nữ,1963,60+,Luật sư,Quảng Ninh,Việt Nam,Platinum,1,1,9,2017-12-22,2023-09-08,1
1905,customer1905@example.com,Lê Tuấn,Nam,1996,25-29,Doanh nhân,TP HCM,Việt Nam,Silver,2,1,3,2022-09-28,2024-12-24,1
1906,customer1906@example.com,Dương Ánh,Nữ,1973,50-59,Bác sĩ,Hà Nội,Expat,Gold,3,1,1,2017-02-01,2024-07-28,1
1907,customer1907@example.com,Dương Mai,Nữ,1975,40-49,Nhà đầu tư,Khánh Hòa,Expat,Gold,2,1,5,2016-11-08,2024-03-25,1
1908,customer1908@example.com,Phạm Khánh,Nam,1970,50-59,Chuyên gia tài chính,TP HCM,Việt Nam,Silver,2,1,1,2021-06-14,2023-04-07,1
1909,customer1909@example.com,Vũ Trung,Nam,1964,60+,Luật sư,Hà Nội,Việt Nam,Gold,3,1,3,2017-05-20,2023-11-01,1
1910,customer1910@example.com,Đỗ Thành,Nam,1998,25-29,Bác sĩ,Bình Dương,Việt Nam,Platinum,3,1,6,2015-12-11,2023-12-03,1
1911,customer1911@example.com,Vũ Lan,Nữ,1968,50-59,Người nổi tiếng,TP HCM,Việt Nam,Gold,1,1,4,2021-03-07,2023-08-15,1
1912,customer1912@example.com,Dương Long,Nam,1985,30-39,Luật sư,Hà Nội,Việt Nam,Platinum,4,1,3,2016-06-09,2024-05-19,1
1913,customer1913@example.com,Phạm Hoa,Nữ,1973,50-59,Nhà đầu tư,Bình Dương,Việt Nam,Diamond,4,1,7,2018-05-08,2024-05-04,0
1914,customer1914@example.com,Phạm Yến,Nữ,1960,60+,Chuyên gia tài chính,Hà Nội,Việt Nam,Silver,3,1,3,2021-12-30,2024-05-30,1
1915,customer1915@example.com,Trần Khánh,Nam,1978,40-49,Doanh nhân,TP HCM,Việt Nam,Silver,1,1,3,2020-07-24,2023-10-04,0
1916,customer1916@example.com,Dương Ngọc,Nữ,1990,30-39,Chuyên gia tài chính,TP HCM,Việt Nam,Gold,3,1,10,2015-01-10,2024-03-16,1
1917,customer1917@example.com,Phạm Khánh,Nam,1962,60+,Nhà đầu tư,Hà Nội,Việt Nam,Diamond,4,1,5,2019-08-14,2023-03-14,1
1918,customer1918@example.com,Phan Phương,Nữ,1977,40-49,Người nổi tiếng,TP HCM,Việt Nam,Gold,2,1,10,2022-11-03,2024-08-07,1
1919,customer1919@example.com,Dương Hoa,Nữ,1998,25-29,Kiến trúc sư,TP HCM,Việt Nam,Gold,3,1,6,2015-02-28,2023-10-16,1
1920,customer1920@example.com,Vũ Việt,Nam,1969,50-59,Nhà đầu tư,Hà Nội,Việt Nam,Platinum,3,1,7,2016-02-20,2023-05-14,1
1921,customer1921@example.com,Phan Trung,Nam,1966,50-59,Kiến trúc sư,TP HCM,Việt Nam,Silver,1,1,2,2017-01-17,2024-12-02,1
1922,customer1922@example.com,Phạm Trung,Nam,1968,50-59,Kiến trúc sư,Khánh Hòa,Việt Nam,Platinum,2,1,6,2019-06-17,2024-04-17,1
1923,customer1923@example.com,Bùi Ngọc,Nữ,1964,60+,Bác sĩ,Đồng Nai,Việt Nam,Gold,4,1,1,2018-09-12,2024-11-04,1
1924,customer1924@example.com,Vũ Yến,Nữ,1964,60+,Doanh nhân,TP HCM,Việt Nam,Platinum,3,1,10,2022-03-16,2024-01-14,1
1925,customer1925@example.com,Đỗ Yến,Nữ,1996,25-29,Kiến trúc sư,TP HCM,Việt Nam,Silver,4,1,8,2021-12-28,2023-10-03,1
1926,customer1926@example.com,Hồ Yến,Nữ,1972,50-59,Luật sư,Quảng Ninh,Expat,Platinum,4,1,3,2017-04-04,2024-02-09,1
1927,customer1927@example.com,Nguyễn Trung,Nam,1994,30-39,Bác sĩ,TP HCM,Việt Nam,Silver,1,1,7,2018-08-14,2023-12-31,1
1928,customer1928@example.com,Vũ Thảo,Nữ,1992,30-39,Chuyên gia tài chính,TP HCM,Expat,Diamond,3,1,6,2023-06-06,2024-01-03,1
1929,customer1929@example.com,Lê Thảo,Nữ,1966,50-59,Người nổi tiếng,TP HCM,Việt Nam,Silver,4,1,6,2020-11-04,2024-02-29,1
1930,customer1930@example.com,Hồ Minh,Nam,1978,40-49,Chuyên gia tài chính,Hà Nội,Việt Nam,Silver,1,1,3,2016-12-18,2023-09-20,1
1931,customer1931@example.com,Dương Yến,Nữ,1964,60+,Người nổi tiếng,Khánh Hòa,Việt Nam,Platinum,2,1,4,2020-12-07,2024-02-21,1
1932,customer1932@example.com,Bùi Ngọc,Nữ,1961,60+,Luật sư,Hải Phòng,Việt Nam,Platinum,1,1,8,2015-03-23,2023-09-09,1
1933,customer1933@example.com,Dương Long,Nam,1979,40-49,Bác sĩ,Đồng Nai,Việt Nam,Gold,2,1,1,2022-10-12,2023-12-07,1
1934,customer1934@example.com,Đỗ Việt,Nam,1961,60+,Kiến trúc sư,Đà Nẵng,Việt Nam,Platinum,1,1,10,2019-11-10,2024-10-15,0
1935,customer1935@example.com,Đặng Hà,Nữ,1998,25-29,Người nổi tiếng,Hà Nội,Việt Nam,Diamond,3,1,2,2017-05-09,2024-01-07,1
1936,customer1936@example.com,Nguyễn Thảo,Nữ,1993,30-39,Chuyên gia tài chính,Đồng Nai,Việt Nam,Gold,4,1,8,2018-05-10,2024-06-05,1
1937,customer1937@example.com,Phan Bình,Nam,1996,25-29,Luật sư,TP HCM,Việt Nam,Diamond,1,1,3,2022-05-18,2024-03-18,0
1938,customer1938@example.com,Lê Ánh,Nữ,1977,40-49,Doanh nhân,Hải Phòng,Expat,Gold,2,1,6,2020-11-02,2023-10-15,1
1939,customer1939@example.com,Phạm Long,Nam,1989,30-39,Bác sĩ,Hà Nội,Việt Nam,Platinum,4,1,8,2018-03-16,2024-06-29,1
1940,customer1940@example.com,Trần Ánh,Nữ,1983,40-49,Kiến trúc sư,Hà Nội,Expat,Platinum,2,1,4,2015-01-16,2024-05-27,1
1941,customer1941@example.com,Phan Việt,Nam,1998,25-29,Nhà đầu tư,TP HCM,Việt Nam,Silver,4,1,3,2017-09-29,2024-10-24,1
1942,customer1942@example.com,Nguyễn Khánh,Nam,1987,30-39,Chuyên gia tài chính,Đà Nẵng,Việt Nam,Gold,3,1,3,2020-02-25,2024-03-06,1
1943,customer1943@example.com,Phạm Hoa,Nữ,1993,30-39,Người nổi tiếng,Hà Nội,Việt Nam,Gold,2,1,2,2019-03-02,2023-04-05,1
1944,customer1944@example.com,Bùi Thành,Nam,1989,30-39,Bác sĩ,Hà Nội,Việt Nam,Gold,3,1,6,2021-04-25,2023-11-16,1
1945,customer1945@example.com,Lê Đức,Nam,1986,30-39,Bác sĩ,TP HCM,Việt Nam,Platinum,1,1,8,2022-01-02,2024-05-29,1
1946,customer1946@example.com,Lê Đức,Nam,1969,50-59,Người nổi tiếng,TP HCM,Việt Nam,Silver,4,1,6,2018-01-22,2024-07-09,1
1947,customer1947@example.com,Hồ Yến,Nữ,1963,60+,Kiến trúc sư,Hải Phòng,Expat,Gold,3,1,2,2022-01-12,2024-03-31,1
1948,customer1948@example.com,Phạm Phương,Nữ,1980,40-49,Giám đốc,Quảng Ninh,Expat,Gold,1,1,8,2023-05-26,2023-08-04,1
1949,customer1949@example.com,Đỗ Hùng,Nam,1982,40-49,Chuyên gia tài chính,TP HCM,Việt Nam,Gold,3,1,9,2021-10-28,2024-12-30,1
1950,customer1950@example.com,Bùi Đức,Nam,1985,30-39,Kiến trúc sư,TP HCM,Việt Nam,Silver,1,1,3,2015-03-11,2024-12-02,1
1951,customer1951@example.com,Phạm Trung,Nam,1969,50-59,Nhà đầu tư,TP HCM,Việt Nam,Diamond,1,1,6,2023-04-12,2023-04-01,1
1952,customer1952@example.com,Đỗ Anh,Nam,1969,50-59,Nhà đầu tư,Bình Dương,Việt Nam,Silver,2,1,1,2022-04-11,2024-05-15,0
1953,customer1953@example.com,Ngô Ngọc,Nữ,1984,40-49,Doanh nhân,Bình Dương,Việt Nam,Gold,2,1,8,2016-08-24,2024-08-26,1
1954,customer1954@example.com,Đỗ Linh,Nữ,1995,25-29,Luật sư,Hà Nội,Việt Nam,Platinum,4,1,5,2021-10-24,2024-04-10,1
1955,customer1955@example.com,Nguyễn Quang,Nam,1980,40-49,Người nổi tiếng,TP HCM,Việt Nam,Gold,2,1,4,2018-10-17,2023-12-29,1
1956,customer1956@example.com,Đặng Đức,Nam,1991,30-39,Giám đốc,Đà Nẵng,Việt Nam,Platinum,2,1,2,2018-08-15,2023-12-04,1
1957,customer1957@example.com,Đặng Anh,Nam,1980,40-49,Doanh nhân,TP HCM,Việt Nam,Gold,2,1,9,2018-01-26,2024-12-28,1
1958,customer1958@example.com,Hoàng Nga,Nữ,1962,60+,Luật sư,Hà Nội,Việt Nam,Silver,4,1,1,2022-04-22,2024-12-19,1
1959,customer1959@example.com,Hồ Việt,Nam,1974,50-59,Chuyên gia tài chính,Bình Dương,Việt Nam,Gold,4,1,2,2018-08-21,2024-10-04,1
1960,customer1960@example.com,Đỗ Anh,Nam,1962,60+,Người nổi tiếng,Bình Dương,Việt Nam,Gold,1,1,3,2017-08-08,2024-10-16,1
1961,customer1961@example.com,Vũ Yến,Nữ,1982,40-49,Kiến trúc sư,Hà Nội,Expat,Gold,3,1,1,2017-08-07,2024-03-09,1
1962,customer1962@example.com,Nguyễn Hoa,Nữ,1979,40-49,Nhà đầu tư,Hà Nội,Việt Nam,Silver,2,1,8,2020-09-03,2024-11-08,1
1963,customer1963@example.com,Đỗ Bình,Nam,1982,40-49,Chuyên gia tài chính,TP HCM,Expat,Gold,2,1,8,2017-08-14,2023-04-17,1
1964,customer1964@example.com,Lê Trung,Nam,1962,60+,Giám đốc,TP HCM,Việt Nam,Platinum,3,1,3,2017-07-17,2023-08-21,1
1965,customer1965@example.com,Ngô Hải,Nam,1984,40-49,Giám đốc,TP HCM,Việt Nam,Silver,2,1,10,2019-11-08,2024-02-03,0
1966,customer1966@example.com,Hoàng Thảo,Nữ,1973,50-59,Nhà đầu tư,Bình Dương,Việt Nam,Gold,1,1,6,2023-05-02,2024-10-09,1
1967,customer1967@example.com,Hồ Thu,Nữ,1965,50-59,Kiến trúc sư,Đà Nẵng,Expat,Gold,4,1,2,2019-12-16,2023-01-04,1
1968,customer1968@example.com,Trần Thành,Nam,1970,50-59,Giám đốc,TP HCM,Việt Nam,Gold,3,1,2,2017-07-22,2023-11-04,1
1969,customer1969@example.com,Ngô Lan,Nữ,1984,40-49,Kiến trúc sư,Hải Phòng,Việt Nam,Gold,4,1,5,2015-04-16,2023-05-12,1
1970,customer1970@example.com,Vũ Long,Nam,1994,30-39,Luật sư,Quảng Ninh,Việt Nam,Silver,2,1,7,2022-02-11,2023-12-23,1
1971,customer1971@example.com,Ngô Anh,Nam,1996,25-29,Nhà đầu tư,Đà Nẵng,Việt Nam,Gold,2,1,7,2019-03-25,2024-04-08,1
1972,customer1972@example.com,Vũ Hằng,Nữ,1986,30-39,Giám đốc,Hà Nội,Expat,Platinum,2,1,5,2016-12-13,2023-02-02,1
1973,customer1973@example.com,Hồ Khánh,Nam,1968,50-59,Luật sư,Hà Nội,Việt Nam,Silver,2,1,8,2019-10-01,2024-07-21,1
1974,customer1974@example.com,Phan Phương,Nữ,1991,30-39,Doanh nhân,Hà Nội,Expat,Gold,3,1,3,2022-02-16,2023-11-08,1
1975,customer1975@example.com,Hoàng Thảo,Nữ,1967,50-59,Doanh nhân,TP HCM,Việt Nam,Platinum,3,1,2,2020-02-19,2023-11-08,1
1976,customer1976@example.com,Hoàng Mai,Nữ,1987,30-39,Nhà đầu tư,Hải Phòng,Việt Nam,Gold,4,1,3,2019-04-04,2023-08-12,0
1977,customer1977@example.com,Đỗ Ánh,Nữ,1984,40-49,Chuyên gia tài chính,TP HCM,Việt Nam,Gold,4,1,8,2019-03-19,2023-09-27,1
1978,customer1978@example.com,Nguyễn Lan,Nữ,1998,25-29,Luật sư,Đồng Nai,Expat,Diamond,3,1,1,2017-01-02,2023-12-09,1
1979,customer1979@example.com,Dương Long,Nam,1977,40-49,Kiến trúc sư,Bình Dương,Việt Nam,Silver,2,1,10,2015-01-04,2023-11-04,1
1980,customer1980@example.com,Trần Long,Nam,1974,50-59,Chuyên gia tài chính,Hà Nội,Việt Nam,Platinum,3,1,8,2018-04-12,2024-08-17,1
1981,customer1981@example.com,Trần Hùng,Nam,1982,40-49,Kiến trúc sư,TP HCM,Việt Nam,Gold,4,1,10,2018-07-21,2023-08-07,0
1982,customer1982@example.com,Nguyễn Trung,Nam,1978,40-49,Chuyên gia tài chính,Hà Nội,Việt Nam,Platinum,4,1,2,2020-10-05,2023-07-18,0
1983,customer1983@example.com,Nguyễn Lan,Nữ,1992,30-39,Giám đốc,Đà Nẵng,Việt Nam,Diamond,1,1,5,2017-04-24,2024-08-19,1
1984,customer1984@example.com,Hoàng Đức,Nam,1964,60+,Nhà đầu tư,TP HCM,Việt Nam,Gold,1,1,8,2021-02-24,2023-03-21,1
1985,customer1985@example.com,Đỗ Anh,Nam,1962,60+,Nhà đầu tư,TP HCM,Việt Nam,Silver,3,1,8,2015-08-05,2024-02-21,1
1986,customer1986@example.com,Vũ Trung,Nam,1969,50-59,Luật sư,Hà Nội,Việt Nam,Silver,3,1,3,2022-12-04,2023-07-20,0
1987,customer1987@example.com,Lê Đức,Nam,1963,60+,Doanh nhân,Hà Nội,Việt Nam,Diamond,3,1,1,2022-07-28,2023-12-01,1
1988,customer1988@example.com,Hoàng Khánh,Nam,1970,50-59,Giám đốc,Hà Nội,Việt Nam,Silver,4,1,8,2015-05-31,2023-04-16,1
1989,customer1989@example.com,Ngô Phương,Nữ,1980,40-49,Bác sĩ,Hà Nội,Expat,Gold,2,1,4,2023-04-20,2024-06-15,1
1990,customer1990@example.com,Hoàng Minh,Nam,1968,50-59,Doanh nhân,Quảng Ninh,Việt Nam,Diamond,2,1,3,2022-06-16,2023-06-30,0
1991,customer1991@example.com,Hồ Lan,Nữ,1968,50-59,Giám đốc,Khánh Hòa,Việt Nam,Platinum,1,1,2,2017-04-30,2023-09-20,1
1992,customer1992@example.com,Đỗ Hùng,Nam,1974,50-59,Luật sư,Hà Nội,Việt Nam,Silver,4,1,2,2017-05-29,2023-06-12,1
1993,customer1993@example.com,Vũ Ánh,Nữ,1981,40-49,Kiến trúc sư,TP HCM,Việt Nam,Silver,4,1,5,2018-05-05,2024-09-16,1
1994,customer1994@example.com,Hoàng Trung,Nam,1971,50-59,Nhà đầu tư,TP HCM,Việt Nam,Platinum,3,1,4,2019-11-27,2024-04-09,1
1995,customer1995@example.com,Hoàng Ánh,Nữ,1975,40-49,Chuyên gia tài chính,Hà Nội,Việt Nam,Silver,4,1,2,2018-10-02,2024-12-05,1
1996,customer1996@example.com,Phan Hà,Nữ,1985,30-39,Chuyên gia tài chính,TP HCM,Việt Nam,Gold,4,1,3,2019-02-23,2023-09-10,1
1997,customer1997@example.com,Vũ Long,Nam,1986,30-39,Giám đốc,Hà Nội,Việt Nam,Gold,2,1,7,2021-07-10,2024-12-15,1
1998,customer1998@example.com,Dương Thảo,Nữ,1988,30-39,Nhà đầu tư,TP HCM,Việt Nam,Silver,2,1,9,2021-07-05,2024-12-16,1
1999,customer1999@example.com,Dương Ánh,Nữ,1968,50-59,Chuyên gia tài chính,Đà Nẵng,Việt Nam,Silver,4,1,8,2021-08-23,2023-06-04,1
2000,customer2000@example.com,Trần Mai,Nữ,1990,30-39,Người nổi tiếng,Bình Dương,Việt Nam,Gold,2,1,9,2017-07-08,2023-11-28,1
2001,customer2001@example.com,Bùi Nga,Nữ,1986,30-39,Nhà đầu tư,Hà Nội,Việt Nam,Gold,1,1,7,2023-03-13,2024-07-05,1
2002,customer2002@example.com,Hồ Linh,Nữ,1997,25-29,Giám đốc,TP HCM,Việt Nam,Silver,1,1,2,2019-06-01,2024-06-11,1
2003,customer2003@example.com,Nguyễn Linh,Nữ,1965,50-59,Doanh nhân,TP HCM,Việt Nam,Silver,1,1,8,2022-10-01,2023-06-20,1
2004,customer2004@example.com,Hoàng Thành,Nam,1966,50-59,Nhà đầu tư,Hải Phòng,Expat,Diamond,1,1,9,2016-07-27,2024-01-31,1
2005,customer2005@example.com,Lê Hùng,Nam,1967,50-59,Kiến trúc sư,TP HCM,Việt Nam,Platinum,4,1,7,2017-01-23,2023-11-28,1
2006,customer2006@example.com,Hồ Tuấn,Nam,1997,25-29,Nhà đầu tư,Bình Dương,Việt Nam,Platinum,2,1,4,2021-09-14,2023-04-22,1
2007,customer2007@example.com,Phạm Hằng,Nữ,1960,60+,Kiến trúc sư,TP HCM,Việt Nam,Diamond,1,1,3,2022-03-14,2024-02-28,1
2008,customer2008@example.com,Đỗ Thu,Nữ,1978,40-49,Giám đốc,TP HCM,Việt Nam,Platinum,4,1,9,2017-07-07,2023-08-12,1
2009,customer2009@example.com,Trần Quang,Nam,1962,60+,Giám đốc,Hà Nội,Việt Nam,Gold,1,1,7,2023-01-21,2023-09-10,1
2010,customer2010@example.com,Nguyễn Ngọc,Nữ,1997,25-29,Giám đốc,Hà Nội,Việt Nam,Diamond,2,1,8,2022-06-20,2024-03-05,1
2011,customer2011@example.com,Bùi Việt,Nam,1977,40-49,Giám đốc,Hà Nội,Việt Nam,Gold,3,1,2,2023-03-03,2023-03-05,1
2012,customer2012@example.com,Đỗ Linh,Nữ,1991,30-39,Doanh nhân,Hà Nội,Việt Nam,Gold,1,1,7,2015-02-12,2023-10-17,1
2013,customer2013@example.com,Nguyễn Long,Nam,1961,60+,Bác sĩ,Đồng Nai,Việt Nam,Gold,4,1,7,2016-05-02,2024-02-18,1
2014,customer2014@example.com,Đỗ Trung,Nam,1964,60+,Doanh nhân,Hà Nội,Việt Nam,Diamond,2,1,5,2020-08-17,2023-12-04,1
2015,customer2015@example.com,Nguyễn Linh,Nữ,1969,50-59,Chuyên gia tài chính,Hà Nội,Việt Nam,Platinum,1,1,8,2021-08-20,2023-04-13,1
2016,customer2016@example.com,Trần Nga,Nữ,1963,60+,Người nổi tiếng,Hà Nội,Việt Nam,Silver,4,1,2,2017-04-12,2023-05-19,1
2017,customer2017@example.com,Hồ Long,Nam,1997,25-29,Doanh nhân,Quảng Ninh,Việt Nam,Gold,1,1,3,2020-11-03,2024-07-22,1
2018,customer2018@example.com,Trần Hùng,Nam,1978,40-49,Bác sĩ,Bình Dương,Việt Nam,Gold,3,1,3,2020-06-07,2024-12-14,0
2019,customer2019@example.com,Đặng Thành,Nam,1987,30-39,Chuyên gia tài chính,TP HCM,Việt Nam,Gold,1,1,4,2021-03-19,2023-03-23,0
2020,customer2020@example.com,Đỗ Hoa,Nữ,1979,40-49,Nhà đầu tư,Hà Nội,Việt Nam,Silver,2,1,3,2016-05-02,2023-12-23,1
2021,customer2021@example.com,Ngô Đức,Nam,1964,60+,Giám đốc,Đồng Nai,Việt Nam,Silver,4,1,3,2019-05-11,2023-03-10,1
2022,customer2022@example.com,Phan Mai,Nữ,1982,40-49,Chuyên gia tài chính,Hà Nội,Việt Nam,Platinum,1,1,1,2016-07-23,2024-10-10,1
2023,customer2023@example.com,Ngô Thu,Nữ,1964,60+,Kiến trúc sư,TP HCM,Expat,Gold,4,1,10,2018-03-02,2024-06-02,1
2024,customer2024@example.com,Nguyễn Hải,Nam,1963,60+,Giám đốc,TP HCM,Việt Nam,Platinum,4,1,8,2018-11-25,2024-11-10,1
2025,customer2025@example.com,Phan Việt,Nam,1983,40-49,Kiến trúc sư,Bình Dương,Expat,Silver,1,1,8,2016-10-01,2024-02-04,1
2026,customer2026@example.com,Phan Lan,Nữ,1985,30-39,Kiến trúc sư,TP HCM,Việt Nam,Silver,1,1,2,2018-04-19,2024-10-31,1
2027,customer2027@example.com,Nguyễn Quang,Nam,1974,50-59,Nhà đầu tư,Bình Dương,Việt Nam,Platinum,4,1,2,2015-01-22,2023-01-04,1
2028,customer2028@example.com,Bùi Phương,Nữ,1986,30-39,Doanh nhân,TP HCM,Expat,Platinum,1,1,8,2016-07-09,2024-07-03,1
2029,customer2029@example.com,Lê Linh,Nữ,1986,30-39,Giám đốc,Hà Nội,Expat,Platinum,2,1,4,2016-08-08,2024-07-19,1
2030,customer2030@example.com,Lê Long,Nam,1995,25-29,Doanh nhân,TP HCM,Việt Nam,Platinum,2,1,6,2021-10-18,2024-08-28,1
2031,customer2031@example.com,Hoàng Hùng,Nam,1960,60+,Doanh nhân,Đà Nẵng,Việt Nam,Gold,1,1,4,2019-03-08,2023-04-15,1
2032,customer2032@example.com,Hồ Minh,Nam,1982,40-49,Chuyên gia tài chính,Hà Nội,Expat,Diamond,2,1,3,2022-03-19,2024-06-27,1
2033,customer2033@example.com,Hoàng Hùng,Nam,1987,30-39,Chuyên gia tài chính,Khánh Hòa,Việt Nam,Silver,4,1,9,2017-09-11,2023-01-30,1
2034,customer2034@example.com,Nguyễn Long,Nam,1964,60+,Giám đốc,TP HCM,Expat,Platinum,3,1,4,2018-05-19,2023-03-21,1
2035,customer2035@example.com,Dương Hùng,Nam,1992,30-39,Kiến trúc sư,Hà Nội,Việt Nam,Platinum,3,1,3,2021-03-05,2023-02-07,1
2036,customer2036@example.com,Vũ Đức,Nam,1961,60+,Chuyên gia tài chính,TP HCM,Expat,Gold,1,1,4,2020-03-18,2024-07-25,1
2037,customer2037@example.com,Trần Đức,Nam,1969,50-59,Người nổi tiếng,Hà Nội,Expat,Silver,4,1,10,2021-06-16,2023-01-15,1
2038,customer2038@example.com,Phan Nga,Nữ,1995,25-29,Người nổi tiếng,Hải Phòng,Việt Nam,Silver,1,1,9,2018-02-13,2023-07-11,1
2039,customer2039@example.com,Đỗ Quang,Nam,1986,30-39,Doanh nhân,TP HCM,Việt Nam,Silver,4,1,1,2019-03-26,2023-03-10,1
2040,customer2040@example.com,Vũ Thu,Nữ,1981,40-49,Luật sư,Hà Nội,Việt Nam,Gold,1,1,2,2019-06-23,2023-11-22,1
2041,customer2041@example.com,Phạm Hằng,Nữ,1965,50-59,Giám đốc,Hà Nội,Expat,Silver,3,1,4,2022-02-14,2023-01-21,1
2042,customer2042@example.com,Ngô Quang,Nam,1990,30-39,Bác sĩ,TP HCM,Việt Nam,Silver,3,1,8,2020-08-05,2023-07-04,1
2043,customer2043@example.com,Hoàng Anh,Nam,1994,30-39,Bác sĩ,Hà Nội,Việt Nam,Silver,2,1,5,2020-09-29,2023-01-05,1
2044,customer2044@example.com,Đặng Trang,Nữ,1965,50-59,Bác sĩ,Hà Nội,Việt Nam,Silver,4,1,10,2016-03-18,2023-12-02,1
2045,customer2045@example.com,Hoàng Hà,Nữ,1989,30-39,Doanh nhân,TP HCM,Việt Nam,Gold,4,1,1,2016-10-26,2023-10-12,1
2046,customer2046@example.com,Phạm Ngọc,Nữ,1963,60+,Luật sư,Hà Nội,Việt Nam,Platinum,3,1,6,2017-01-12,2023-08-16,1
2047,customer2047@example.com,Dương Mai,Nữ,1994,30-39,Nhà đầu tư,Hà Nội,Việt Nam,Diamond,2,1,10,2019-11-18,2024-02-06,1
2048,customer2048@example.com,Lê Hùng,Nam,1988,30-39,Người nổi tiếng,Hà Nội,Việt Nam,Silver,2,1,1,2018-05-22,2023-03-31,1
2049,customer2049@example.com,Phan Anh,Nam,1967,50-59,Luật sư,TP HCM,Expat,Gold,2,1,8,2015-01-21,2024-02-10,1
2050,customer2050@example.com,Dương Minh,Nam,1982,40-49,Luật sư,Hà Nội,Việt Nam,Silver,1,1,5,2020-12-17,2024-01-02,0
2051,customer2051@example.com,Vũ Hùng,Nam,1962,60+,Doanh nhân,Hà Nội,Việt Nam,Silver,3,1,10,2017-07-13,2024-05-16,1
2052,customer2052@example.com,Nguyễn Minh,Nam,1998,25-29,Doanh nhân,TP HCM,Việt Nam,Gold,3,1,7,2016-02-12,2024-01-21,1
2053,customer2053@example.com,Ngô Trang,Nữ,1984,40-49,Kiến trúc sư,Đà Nẵng,Việt Nam,Platinum,3,1,10,2018-06-20,2023-01-03,1
2054,customer2054@example.com,Nguyễn Long,Nam,1974,50-59,Chuyên gia tài chính,Đà Nẵng,Expat,Silver,2,1,2,2019-04-27,2024-10-28,1
2055,customer2055@example.com,Dương Hoa,Nữ,1994,30-39,Kiến trúc sư,TP HCM,Việt Nam,Platinum,2,1,8,2015-02-22,2023-05-02,1
2056,customer2056@example.com,Hồ Phương,Nữ,1972,50-59,Giám đốc,Đồng Nai,Việt Nam,Diamond,4,1,7,2022-12-24,2024-03-14,1
2057,customer2057@example.com,Hồ Thu,Nữ,1971,50-59,Nhà đầu tư,Hà Nội,Việt Nam,Gold,1,1,6,2020-05-06,2024-07-14,0
2058,customer2058@example.com,Lê Tuấn,Nam,1963,60+,Luật sư,Hà Nội,Việt Nam,Gold,4,1,1,2019-05-02,2024-10-06,1
2059,customer2059@example.com,Phan Linh,Nữ,1973,50-59,Bác sĩ,Hà Nội,Việt Nam,Silver,3,1,10,2016-09-28,2023-03-15,1
2060,customer2060@example.com,Ngô Thảo,Nữ,1993,30-39,Chuyên gia tài chính,TP HCM,Expat,Silver,3,1,3,2021-10-19,2023-11-16,1
2061,customer2061@example.com,Ngô Đức,Nam,1961,60+,Người nổi tiếng,Hải Phòng,Việt Nam,Silver,2,1,4,2022-11-19,2024-12-15,0
2062,customer2062@example.com,Vũ Hải,Nam,1976,40-49,Nhà đầu tư,TP HCM,Việt Nam,Diamond,3,1,2,2020-07-03,2024-11-05,1
2063,customer2063@example.com,Phan Phương,Nữ,1986,30-39,Giám đốc,Bình Dương,Việt Nam,Silver,2,1,1,2016-01-22,2023-04-11,1
2064,customer2064@example.com,Dương Hải,Nam,1984,40-49,Bác sĩ,Đà Nẵng,Việt Nam,Silver,4,1,4,2019-02-19,2023-03-07,1
2065,customer2065@example.com,Hoàng Nga,Nữ,1971,50-59,Chuyên gia tài chính,Hà Nội,Việt Nam,Silver,3,1,7,2018-07-10,2024-01-31,1
2066,customer2066@example.com,Bùi Thu,Nữ,1976,40-49,Kiến trúc sư,TP HCM,Việt Nam,Silver,3,1,6,2016-05-07,2023-01-23,1
2067,customer2067@example.com,Nguyễn Quang,Nam,1980,40-49,Bác sĩ,Quảng Ninh,Việt Nam,Gold,3,1,2,2016-08-08,2024-11-19,0
2068,customer2068@example.com,Dương Thu,Nữ,1968,50-59,Nhà đầu tư,Đà Nẵng,Việt Nam,Diamond,3,1,1,2021-11-19,2024-03-27,1
2069,customer2069@example.com,Hồ Long,Nam,1976,40-49,Bác sĩ,Hà Nội,Việt Nam,Silver,3,1,1,2017-02-01,2023-05-31,1
2070,customer2070@example.com,Đặng Yến,Nữ,1991,30-39,Doanh nhân,Hà Nội,Việt Nam,Gold,4,1,3,2019-03-11,2023-04-30,1
2071,customer2071@example.com,Đặng Lan,Nữ,1963,60+,Luật sư,Hà Nội,Việt Nam,Silver,3,1,8,2021-03-25,2024-11-27,1
2072,customer2072@example.com,Phạm Bình,Nam,1975,40-49,Bác sĩ,TP HCM,Expat,Platinum,3,1,6,2015-09-20,2024-02-09,1
2073,customer2073@example.com,Vũ Linh,Nữ,1960,60+,Nhà đầu tư,TP HCM,Việt Nam,Platinum,4,1,4,2015-01-18,2023-04-26,0
2074,customer2074@example.com,Nguyễn Minh,Nam,1969,50-59,Kiến trúc sư,TP HCM,Việt Nam,Gold,3,1,9,2017-04-13,2023-07-29,1
2075,customer2075@example.com,Đặng Anh,Nam,1987,30-39,Nhà đầu tư,Hà Nội,Việt Nam,Silver,4,1,8,2023-02-12,2024-10-15,1
2076,customer2076@example.com,Nguyễn Hải,Nam,1984,40-49,Kiến trúc sư,TP HCM,Việt Nam,Gold,2,1,1,2021-04-22,2024-01-15,1
2077,customer2077@example.com,Ngô Hà,Nữ,1996,25-29,Doanh nhân,Hà Nội,Việt Nam,Silver,3,1,2,2021-04-28,2023-08-09,1
2078,customer2078@example.com,Trần Hải,Nam,1964,60+,Kiến trúc sư,TP HCM,Việt Nam,Platinum,1,1,9,2015-07-19,2023-08-10,1
2079,customer2079@example.com,Hoàng Anh,Nam,1978,40-49,Giám đốc,Hà Nội,Việt Nam,Silver,3,1,7,2019-04-26,2024-06-05,1
2080,customer2080@example.com,Phạm Thành,Nam,1981,40-49,Giám đốc,Hà Nội,Việt Nam,Gold,4,1,6,2018-12-13,2024-06-01,0
2081,customer2081@example.com,Trần Quang,Nam,1960,60+,Chuyên gia tài chính,TP HCM,Việt Nam,Gold,4,1,9,2017-12-10,2023-02-06,1
2082,customer2082@example.com,Đặng Việt,Nam,1969,50-59,Giám đốc,TP HCM,Việt Nam,Platinum,2,1,8,2022-11-14,2023-04-16,1
2083,customer2083@example.com,Bùi Quang,Nam,1983,40-49,Nhà đầu tư,Quảng Ninh,Việt Nam,Gold,1,1,10,2021-05-28,2024-04-26,1
2084,customer2084@example.com,Phan Phương,Nữ,1988,30-39,Luật sư,TP HCM,Việt Nam,Silver,1,1,6,2015-04-26,2023-12-07,1
2085,customer2085@example.com,Phạm Long,Nam,1983,40-49,Chuyên gia tài chính,TP HCM,Việt Nam,Silver,3,1,8,2022-11-30,2023-06-03,1
2086,customer2086@example.com,Phạm Đức,Nam,1983,40-49,Bác sĩ,Hà Nội,Việt Nam,Platinum,1,1,8,2022-11-08,2024-05-08,1
2087,customer2087@example.com,Hồ Hải,Nam,1964,60+,Kiến trúc sư,Đồng Nai,Việt Nam,Gold,2,1,1,2017-04-09,2023-01-07,1
2088,customer2088@example.com,Lê Hà,Nữ,1973,50-59,Người nổi tiếng,Hà Nội,Việt Nam,Gold,2,1,5,2018-07-21,2023-03-13,1
2089,customer2089@example.com,Phan Tuấn,Nam,1970,50-59,Chuyên gia tài chính,Khánh Hòa,Việt Nam,Diamond,1,1,9,2020-03-28,2023-07-15,1
2090,customer2090@example.com,Đỗ Bình,Nam,1994,30-39,Bác sĩ,Bình Dương,Việt Nam,Gold,2,1,9,2023-01-07,2023-06-20,1
2091,customer2091@example.com,Đặng Trang,Nữ,1990,30-39,Giám đốc,Hà Nội,Việt Nam,Silver,3,1,3,2022-10-10,2024-05-07,1
2092,customer2092@example.com,Nguyễn Ngọc,Nữ,1972,50-59,Doanh nhân,Hà Nội,Expat,Silver,1,1,3,2023-01-13,2023-10-13,1
2093,customer2093@example.com,Đặng Linh,Nữ,1978,40-49,Doanh nhân,TP HCM,Việt Nam,Platinum,4,1,8,2016-01-20,2024-09-25,1
2094,customer2094@example.com,Hồ Phương,Nữ,1967,50-59,Người nổi tiếng,Hà Nội,Việt Nam,Gold,3,1,7,2019-07-08,2024-04-11,1
2095,customer2095@example.com,Đỗ Khánh,Nam,1998,25-29,Nhà đầu tư,TP HCM,Việt Nam,Silver,3,1,1,2015-03-13,2024-09-21,1
2096,customer2096@example.com,Hoàng Tuấn,Nam,1970,50-59,Nhà đầu tư,TP HCM,Việt Nam,Platinum,2,1,3,2016-06-04,2023-04-01,1
2097,customer2097@example.com,Đỗ Trang,Nữ,1975,40-49,Doanh nhân,TP HCM,Việt Nam,Silver,2,1,7,2015-07-25,2023-04-27,1
2098,customer2098@example.com,Phan Minh,Nam,1965,50-59,Giám đốc,Hà Nội,Việt Nam,Platinum,2,1,7,2015-02-06,2023-02-01,1
2099,customer2099@example.com,Phan Thành,Nam,1985,30-39,Luật sư,TP HCM,Việt Nam,Diamond,4,1,9,2017-04-12,2023-08-14,1
2100,customer2100@example.com,Đặng Hùng,Nam,1982,40-49,Bác sĩ,Hà Nội,Việt Nam,Gold,1,1,5,2019-04-24,2023-09-06,1
2101,customer2101@example.com,Hoàng Ánh,Nữ,1984,40-49,Luật sư,Hải Phòng,Việt Nam,Silver,4,1,3,2022-05-16,2024-02-22,1
2102,customer2102@example.com,Lê Long,Nam,1993,30-39,Nhà đầu tư,TP HCM,Việt Nam,Diamond,2,1,8,2022-07-06,2023-05-12,1
2103,customer2103@example.com,Ngô Khánh,Nam,1962,60+,Bác sĩ,Hà Nội,Việt Nam,Silver,3,1,7,2015-03-13,2023-11-24,1
2104,customer2104@example.com,Dương Hải,Nam,1995,25-29,Kiến trúc sư,Hà Nội,Việt Nam,Diamond,4,1,4,2023-03-08,2023-02-28,1
2105,customer2105@example.com,Phan Quang,Nam,1975,40-49,Luật sư,TP HCM,Việt Nam,Platinum,2,1,1,2016-01-02,2023-03-01,0
2106,customer2106@example.com,Nguyễn Thành,Nam,1997,25-29,Luật sư,Hà Nội,Việt Nam,Silver,1,1,5,2020-12-17,2023-02-15,1
2107,customer2107@example.com,Ngô Long,Nam,1981,40-49,Giám đốc,TP HCM,Expat,Gold,2,1,10,2022-08-29,2023-02-21,1
2108,customer2108@example.com,Hoàng Khánh,Nam,1963,60+,Luật sư,TP HCM,Việt Nam,Silver,4,1,7,2016-11-28,2024-06-30,1
2109,customer2109@example.com,Dương Việt,Nam,1992,30-39,Giám đốc,Hà Nội,Việt Nam,Gold,1,1,6,2021-06-01,2023-11-07,1
2110,customer2110@example.com,Nguyễn Hà,Nữ,1989,30-39,Chuyên gia tài chính,Đồng Nai,Việt Nam,Diamond,1,1,1,2018-11-29,2024-11-28,1
2111,customer2111@example.com,Nguyễn Trung,Nam,1975,40-49,Nhà đầu tư,TP HCM,Việt Nam,Gold,3,1,3,2016-01-23,2024-07-25,1
2112,customer2112@example.com,Lê Anh,Nam,1979,40-49,Nhà đầu tư,TP HCM,Việt Nam,Gold,3,1,1,2023-06-30,2023-04-17,1
2113,customer2113@example.com,Đặng Trang,Nữ,1987,30-39,Giám đốc,TP HCM,Việt Nam,Platinum,2,1,9,2021-01-31,2023-08-10,1
2114,customer2114@example.com,Bùi Thành,Nam,1987,30-39,Chuyên gia tài chính,Hà Nội,Việt Nam,Gold,2,1,8,2019-07-03,2023-06-26,1
2115,customer2115@example.com,Vũ Quang,Nam,1987,30-39,Người nổi tiếng,TP HCM,Việt Nam,Silver,2,1,8,2022-03-21,2024-02-11,1
2116,customer2116@example.com,Lê Mai,Nữ,1980,40-49,Doanh nhân,TP HCM,Việt Nam,Silver,3,1,10,2021-01-02,2023-04-19,1
2117,customer2117@example.com,Đặng Thu,Nữ,1990,30-39,Bác sĩ,TP HCM,Expat,Platinum,4,1,5,2015-04-13,2024-07-16,1
2118,customer2118@example.com,Nguyễn Nga,Nữ,1994,30-39,Doanh nhân,Đồng Nai,Expat,Diamond,3,1,2,2019-12-11,2023-04-22,1
2119,customer2119@example.com,Đặng Yến,Nữ,1981,40-49,Luật sư,TP HCM,Expat,Silver,3,1,7,2018-12-08,2023-04-06,1
2120,customer2120@example.com,Hồ Hoa,Nữ,1965,50-59,Kiến trúc sư,TP HCM,Việt Nam,Diamond,3,1,1,2015-01-18,2024-09-09,1
2121,customer2121@example.com,Ngô Ánh,Nữ,1998,25-29,Bác sĩ,TP HCM,Việt Nam,Platinum,4,1,6,2022-03-04,2024-04-19,1
2122,customer2122@example.com,Dương Tuấn,Nam,1961,60+,Luật sư,Hà Nội,Việt Nam,Diamond,3,1,1,2015-09-19,2024-10-21,1
2123,customer2123@example.com,Hoàng Tuấn,Nam,1991,30-39,Doanh nhân,TP HCM,Việt Nam,Silver,2,1,3,2017-07-19,2023-07-13,1
2124,customer2124@example.com,Hồ Thành,Nam,1967,50-59,Doanh nhân,TP HCM,Expat,Silver,4,1,4,2015-03-23,2023-05-20,1
2125,customer2125@example.com,Hồ Khánh,Nam,1984,40-49,Nhà đầu tư,Hà Nội,Việt Nam,Gold,3,1,4,2020-04-07,2024-10-12,1
2126,customer2126@example.com,Đặng Việt,Nam,1980,40-49,Giám đốc,Hải Phòng,Việt Nam,Silver,3,1,7,2022-08-10,2024-05-22,1
2127,customer2127@example.com,Đặng Ngọc,Nữ,1994,30-39,Luật sư,TP HCM,Việt Nam,Diamond,2,1,5,2018-09-14,2023-03-09,1
2128,customer2128@example.com,Bùi Ánh,Nữ,1995,25-29,Nhà đầu tư,TP HCM,Expat,Silver,3,1,9,2017-03-23,2023-10-31,1
2129,customer2129@example.com,Hồ Thành,Nam,1982,40-49,Nhà đầu tư,TP HCM,Expat,Platinum,2,1,7,2019-05-24,2023-11-03,1
2130,customer2130@example.com,Nguyễn Anh,Nam,1969,50-59,Người nổi tiếng,TP HCM,Việt Nam,Silver,3,1,4,2016-10-13,2024-10-28,1
2131,customer2131@example.com,Hoàng Đức,Nam,1976,40-49,Nhà đầu tư,Quảng Ninh,Việt Nam,Platinum,1,1,6,2015-04-08,2023-11-09,1
2132,customer2132@example.com,Ngô Minh,Nam,1983,40-49,Bác sĩ,TP HCM,Việt Nam,Silver,1,1,1,2020-02-19,2023-07-21,1
2133,customer2133@example.com,Nguyễn Khánh,Nam,1996,25-29,Người nổi tiếng,TP HCM,Expat,Gold,2,1,10,2018-07-13,2023-10-04,1
2134,customer2134@example.com,Phạm Yến,Nữ,1960,60+,Doanh nhân,Hà Nội,Việt Nam,Gold,3,1,2,2018-12-22,2023-02-09,1
2135,customer2135@example.com,Phan Minh,Nam,1979,40-49,Bác sĩ,Khánh Hòa,Việt Nam,Silver,2,1,2,2016-07-24,2024-04-20,1
2136,customer2136@example.com,Dương Bình,Nam,1974,50-59,Chuyên gia tài chính,Hà Nội,Việt Nam,Platinum,1,1,2,2016-08-05,2023-09-02,1
2137,customer2137@example.com,Lê Quang,Nam,1977,40-49,Chuyên gia tài chính,Hà Nội,Việt Nam,Silver,4,1,7,2017-01-20,2024-11-14,1
2138,customer2138@example.com,Phan Bình,Nam,1993,30-39,Luật sư,TP HCM,Việt Nam,Platinum,3,1,5,2018-11-02,2023-03-24,1
2139,customer2139@example.com,Dương Phương,Nữ,1962,60+,Giám đốc,TP HCM,Việt Nam,Silver,3,1,6,2019-01-04,2023-11-17,1
2140,customer2140@example.com,Ngô Minh,Nam,1989,30-39,Nhà đầu tư,Hà Nội,Việt Nam,Platinum,4,1,8,2017-03-29,2023-09-11,1
2141,customer2141@example.com,Lê Hà,Nữ,1966,50-59,Giám đốc,TP HCM,Việt Nam,Gold,4,1,3,2019-10-09,2023-09-21,1
2142,customer2142@example.com,Nguyễn Thành,Nam,1987,30-39,Kiến trúc sư,TP HCM,Việt Nam,Platinum,4,1,7,2016-10-16,2023-01-15,1
2143,customer2143@example.com,Đỗ Đức,Nam,1987,30-39,Giám đốc,TP HCM,Việt Nam,Silver,2,1,10,2021-09-14,2023-12-11,1
2144,customer2144@example.com,Nguyễn Thảo,Nữ,1991,30-39,Chuyên gia tài chính,Hà Nội,Việt Nam,Gold,2,1,3,2022-08-05,2024-12-21,1
2145,customer2145@example.com,Hồ Ngọc,Nữ,1974,50-59,Giám đốc,Khánh Hòa,Expat,Silver,2,1,9,2021-03-27,2024-06-27,1
2146,customer2146@example.com,Phan Hà,Nữ,1992,30-39,Giám đốc,TP HCM,Việt Nam,Silver,3,1,10,2017-09-19,2024-02-15,1
2147,customer2147@example.com,Bùi Tuấn,Nam,1969,50-59,Luật sư,Hà Nội,Việt Nam,Gold,3,1,8,2019-03-31,2024-04-22,1
2148,customer2148@example.com,Ngô Hải,Nam,1967,50-59,Kiến trúc sư,TP HCM,Việt Nam,Gold,2,1,2,2020-11-05,2024-12-25,1
2149,customer2149@example.com,Vũ Phương,Nữ,1975,40-49,Chuyên gia tài chính,Hà Nội,Việt Nam,Diamond,2,1,10,2020-06-04,2024-05-10,1
2150,customer2150@example.com,Nguyễn Quang,Nam,1980,40-49,Bác sĩ,TP HCM,Việt Nam,Platinum,4,1,10,2016-06-02,2024-02-04,1
2151,customer2151@example.com,Đặng Linh,Nữ,1964,60+,Bác sĩ,TP HCM,Việt Nam,Silver,1,1,1,2023-03-14,2024-05-30,1
2152,customer2152@example.com,Trần Trung,Nam,1970,50-59,Luật sư,TP HCM,Expat,Platinum,4,1,4,2022-08-14,2024-04-16,1
2153,customer2153@example.com,Dương Lan,Nữ,1967,50-59,Chuyên gia tài chính,Hà Nội,Việt Nam,Gold,1,1,8,2022-03-20,2023-10-27,1
2154,customer2154@example.com,Phạm Minh,Nam,1983,40-49,Kiến trúc sư,Hà Nội,Việt Nam,Platinum,2,1,1,2016-06-20,2024-10-23,1
2155,customer2155@example.com,Đặng Thành,Nam,1995,25-29,Doanh nhân,Bình Dương,Việt Nam,Silver,3,1,1,2016-11-27,2024-08-31,1
2156,customer2156@example.com,Dương Hằng,Nữ,1988,30-39,Doanh nhân,Hà Nội,Việt Nam,Silver,2,1,5,2019-07-30,2024-12-02,1
2157,customer2157@example.com,Hồ Hoa,Nữ,1979,40-49,Bác sĩ,Hà Nội,Việt Nam,Gold,1,1,2,2017-09-24,2024-07-16,1
2158,customer2158@example.com,Trần Lan,Nữ,1971,50-59,Chuyên gia tài chính,Hà Nội,Việt Nam,Gold,1,1,9,2018-06-25,2023-06-13,1
2159,customer2159@example.com,Bùi Anh,Nam,1975,40-49,Bác sĩ,TP HCM,Việt Nam,Silver,2,1,2,2023-06-09,2024-11-19,1
2160,customer2160@example.com,Phạm Quang,Nam,1986,30-39,Doanh nhân,Hà Nội,Việt Nam,Platinum,1,1,8,2017-10-02,2024-01-25,1
2161,customer2161@example.com,Đỗ Trang,Nữ,1992,30-39,Kiến trúc sư,TP HCM,Việt Nam,Silver,1,1,1,2018-12-19,2023-05-13,1
2162,customer2162@example.com,Đặng Minh,Nam,1963,60+,Người nổi tiếng,Hà Nội,Việt Nam,Gold,1,1,9,2021-10-20,2023-11-25,1
2163,customer2163@example.com,Nguyễn Thành,Nam,1989,30-39,Chuyên gia tài chính,Hà Nội,Việt Nam,Platinum,1,1,10,2017-12-20,2024-10-20,1
2164,customer2164@example.com,Vũ Phương,Nữ,1983,40-49,Người nổi tiếng,Hà Nội,Việt Nam,Silver,1,1,10,2017-02-01,2024-04-09,1
2165,customer2165@example.com,Đặng Bình,Nam,1975,40-49,Giám đốc,TP HCM,Việt Nam,Gold,2,1,7,2017-09-12,2024-08-21,1
2166,customer2166@example.com,Ngô Quang,Nam,1968,50-59,Nhà đầu tư,Đồng Nai,Việt Nam,Silver,1,1,6,2019-01-28,2024-05-21,1
2167,customer2167@example.com,Bùi Thành,Nam,1972,50-59,Người nổi tiếng,Đà Nẵng,Việt Nam,Silver,2,1,4,2022-09-16,2024-11-02,1
2168,customer2168@example.com,Trần Thảo,Nữ,1984,40-49,Kiến trúc sư,Hải Phòng,Expat,Silver,4,1,4,2023-02-27,2023-08-12,0
2169,customer2169@example.com,Dương Bình,Nam,1964,60+,Nhà đầu tư,Đà Nẵng,Việt Nam,Silver,1,1,6,2017-01-30,2023-10-30,1
2170,customer2170@example.com,Vũ Thành,Nam,1998,25-29,Nhà đầu tư,Hà Nội,Expat,Silver,1,1,5,2019-05-10,2023-11-17,1
2171,customer2171@example.com,Bùi Thu,Nữ,1997,25-29,Doanh nhân,Hà Nội,Việt Nam,Platinum,2,1,1,2015-04-26,2023-10-12,1
2172,customer2172@example.com,Hồ Linh,Nữ,1998,25-29,Nhà đầu tư,Đà Nẵng,Việt Nam,Silver,3,1,10,2017-01-11,2023-05-29,1
2173,customer2173@example.com,Đặng Minh,Nam,1970,50-59,Nhà đầu tư,TP HCM,Việt Nam,Silver,3,1,1,2019-03-25,2024-12-03,1
2174,customer2174@example.com,Bùi Bình,Nam,1965,50-59,Bác sĩ,Hà Nội,Việt Nam,Gold,2,1,1,2015-12-25,2024-07-03,1
2175,customer2175@example.com,Đặng Nga,Nữ,1963,60+,Người nổi tiếng,TP HCM,Việt Nam,Platinum,3,1,10,2020-05-08,2023-10-19,1
2176,customer2176@example.com,Nguyễn Nga,Nữ,1998,25-29,Bác sĩ,Đồng Nai,Việt Nam,Gold,1,1,5,2021-02-15,2024-02-24,1
2177,customer2177@example.com,Bùi Trang,Nữ,1982,40-49,Giám đốc,TP HCM,Việt Nam,Silver,1,1,7,2015-11-12,2024-05-19,1
2178,customer2178@example.com,Phạm Hoa,Nữ,1986,30-39,Nhà đầu tư,Hà Nội,Việt Nam,Gold,3,1,6,2020-01-12,2023-07-02,1
2179,customer2179@example.com,Vũ Phương,Nữ,1966,50-59,Kiến trúc sư,TP HCM,Việt Nam,Diamond,1,1,2,2021-06-08,2023-08-05,1
2180,customer2180@example.com,Bùi Tuấn,Nam,1985,30-39,Doanh nhân,Hà Nội,Việt Nam,Platinum,4,1,2,2019-10-11,2024-05-20,1
2181,customer2181@example.com,Vũ Đức,Nam,1967,50-59,Luật sư,TP HCM,Việt Nam,Platinum,1,1,8,2021-11-19,2024-06-23,1
2182,customer2182@example.com,Hoàng Khánh,Nam,1962,60+,Doanh nhân,Hà Nội,Việt Nam,Gold,3,1,6,2020-10-14,2023-12-07,1
2183,customer2183@example.com,Phạm Ánh,Nữ,1986,30-39,Giám đốc,Hà Nội,Expat,Diamond,2,1,10,2022-02-02,2023-06-07,1
2184,customer2184@example.com,Trần Thu,Nữ,1981,40-49,Kiến trúc sư,Hà Nội,Việt Nam,Platinum,3,1,9,2015-10-01,2024-10-06,1
2185,customer2185@example.com,Vũ Mai,Nữ,1991,30-39,Giám đốc,Hải Phòng,Expat,Platinum,4,1,1,2016-05-12,2024-12-13,1
2186,customer2186@example.com,Đỗ Long,Nam,1996,25-29,Chuyên gia tài chính,Hà Nội,Việt Nam,Platinum,3,1,6,2017-08-15,2023-04-07,1
2187,customer2187@example.com,Đỗ Đức,Nam,1963,60+,Doanh nhân,Đồng Nai,Việt Nam,Gold,3,1,10,2015-07-08,2024-10-28,1
2188,customer2188@example.com,Dương Phương,Nữ,1983,40-49,Người nổi tiếng,Hà Nội,Việt Nam,Platinum,2,1,2,2020-03-02,2024-05-10,1
2189,customer2189@example.com,Hồ Việt,Nam,1981,40-49,Giám đốc,TP HCM,Việt Nam,Silver,2,1,4,2021-12-21,2024-04-26,1
2190,customer2190@example.com,Nguyễn Thu,Nữ,1988,30-39,Bác sĩ,Hà Nội,Việt Nam,Platinum,1,1,3,2018-06-05,2023-05-16,1
2191,customer2191@example.com,Trần Khánh,Nam,1977,40-49,Luật sư,Hải Phòng,Việt Nam,Platinum,2,1,3,2023-03-24,2023-08-29,1
2192,customer2192@example.com,Trần Yến,Nữ,1960,60+,Giám đốc,TP HCM,Việt Nam,Silver,3,1,9,2018-01-13,2023-06-09,1
2193,customer2193@example.com,Ngô Long,Nam,1970,50-59,Luật sư,Hải Phòng,Việt Nam,Silver,3,1,8,2019-08-12,2023-12-26,1
2194,customer2194@example.com,Hồ Khánh,Nam,1967,50-59,Nhà đầu tư,TP HCM,Expat,Gold,3,1,1,2021-11-14,2024-08-12,1
2195,customer2195@example.com,Phan Linh,Nữ,1991,30-39,Giám đốc,Đồng Nai,Việt Nam,Silver,2,1,5,2018-08-23,2023-04-06,1
2196,customer2196@example.com,Lê Quang,Nam,1992,30-39,Giám đốc,TP HCM,Việt Nam,Silver,2,1,6,2019-04-20,2023-11-24,1
2197,customer2197@example.com,Đỗ Tuấn,Nam,1996,25-29,Doanh nhân,TP HCM,Việt Nam,Gold,4,1,7,2021-07-16,2024-11-10,1
2198,customer2198@example.com,Lê Ngọc,Nữ,1998,25-29,Bác sĩ,TP HCM,Việt Nam,Gold,1,1,10,2017-10-21,2023-04-06,1
2199,customer2199@example.com,Hồ Minh,Nam,1998,25-29,Luật sư,Hải Phòng,Việt Nam,Silver,2,1,5,2015-01-10,2024-01-23,1
2200,customer2200@example.com,Ngô Đức,Nam,1992,30-39,Kiến trúc sư,TP HCM,Việt Nam,Silver,2,1,4,2017-11-20,2023-08-02,1
2201,customer2201@example.com,Vũ Quang,Nam,1993,30-39,Kiến trúc sư,Đà Nẵng,Việt Nam,Platinum,3,1,5,2016-12-20,2023-10-19,1
2202,customer2202@example.com,Đỗ Tuấn,Nam,1984,40-49,Chuyên gia tài chính,TP HCM,Việt Nam,Silver,1,1,10,2018-11-23,2023-06-17,1
2203,customer2203@example.com,Hoàng Thu,Nữ,1998,25-29,Doanh nhân,Hà Nội,Việt Nam,Diamond,4,1,5,2018-08-31,2023-08-03,1
2204,customer2204@example.com,Vũ Hải,Nam,1990,30-39,Doanh nhân,Hà Nội,Việt Nam,Gold,2,1,1,2015-06-04,2024-08-29,1
2205,customer2205@example.com,Lê Yến,Nữ,1977,40-49,Người nổi tiếng,Hà Nội,Việt Nam,Silver,4,1,7,2020-10-15,2024-03-20,1
2206,customer2206@example.com,Nguyễn Hằng,Nữ,1989,30-39,Giám đốc,TP HCM,Expat,Gold,4,1,10,2015-07-30,2023-03-29,1
2207,customer2207@example.com,Trần Lan,Nữ,1965,50-59,Luật sư,Hải Phòng,Việt Nam,Diamond,4,1,2,2018-10-11,2024-02-06,1
2208,customer2208@example.com,Vũ Trang,Nữ,1986,30-39,Chuyên gia tài chính,Hà Nội,Việt Nam,Gold,4,1,1,2022-09-11,2023-04-09,1
2209,customer2209@example.com,Đỗ Trang,Nữ,1976,40-49,Bác sĩ,Hà Nội,Việt Nam,Diamond,3,1,10,2022-03-05,2024-03-21,1
2210,customer2210@example.com,Hoàng Nga,Nữ,1961,60+,Doanh nhân,TP HCM,Việt Nam,Gold,2,1,8,2018-11-06,2023-11-15,0
2211,customer2211@example.com,Dương Yến,Nữ,1971,50-59,Nhà đầu tư,Hà Nội,Việt Nam,Gold,2,1,6,2019-12-31,2023-05-08,1
2212,customer2212@example.com,Phan Minh,Nam,1968,50-59,Luật sư,TP HCM,Expat,Diamond,4,1,3,2023-06-22,2024-01-21,1
2213,customer2213@example.com,Dương Hoa,Nữ,1992,30-39,Nhà đầu tư,Đà Nẵng,Việt Nam,Gold,2,1,7,2021-04-09,2023-02-23,1
2214,customer2214@example.com,Bùi Hải,Nam,1980,40-49,Luật sư,Hà Nội,Việt Nam,Silver,1,1,3,2019-12-05,2024-07-16,1
2215,customer2215@example.com,Dương Phương,Nữ,1965,50-59,Luật sư,Hà Nội,Việt Nam,Diamond,3,1,3,2022-12-10,2024-05-16,1
2216,customer2216@example.com,Nguyễn Linh,Nữ,1990,30-39,Nhà đầu tư,TP HCM,Việt Nam,Diamond,4,1,4,2017-11-05,2023-11-08,1
2217,customer2217@example.com,Hoàng Quang,Nam,1998,25-29,Nhà đầu tư,Đà Nẵng,Việt Nam,Silver,1,1,3,2017-03-14,2023-08-16,1
2218,customer2218@example.com,Đặng Trang,Nữ,1965,50-59,Doanh nhân,TP HCM,Việt Nam,Silver,4,1,5,2018-02-20,2024-01-01,1
2219,customer2219@example.com,Hồ Hằng,Nữ,1971,50-59,Bác sĩ,TP HCM,Expat,Gold,3,1,1,2020-09-17,2024-09-20,1
2220,customer2220@example.com,Hoàng Ngọc,Nữ,1991,30-39,Người nổi tiếng,Khánh Hòa,Expat,Gold,3,1,4,2018-03-14,2024-05-29,1
2221,customer2221@example.com,Phan Đức,Nam,1997,25-29,Người nổi tiếng,Đà Nẵng,Việt Nam,Diamond,1,1,4,2020-05-04,2024-02-03,1
2222,customer2222@example.com,Nguyễn Thảo,Nữ,1978,40-49,Bác sĩ,Hà Nội,Expat,Gold,3,1,2,2018-06-16,2024-09-03,1
2223,customer2223@example.com,Trần Hùng,Nam,1979,40-49,Chuyên gia tài chính,Đà Nẵng,Việt Nam,Platinum,2,1,1,2021-12-22,2024-08-25,0
2224,customer2224@example.com,Đỗ Long,Nam,1962,60+,Doanh nhân,Hải Phòng,Việt Nam,Gold,2,1,4,2023-05-09,2023-10-25,1
2225,customer2225@example.com,Bùi Ngọc,Nữ,1975,40-49,Chuyên gia tài chính,TP HCM,Việt Nam,Silver,2,1,4,2022-08-04,2023-05-14,1
2226,customer2226@example.com,Hồ Ánh,Nữ,1962,60+,Doanh nhân,Bình Dương,Việt Nam,Gold,1,1,2,2015-09-03,2023-09-09,1
2227,customer2227@example.com,Trần Hoa,Nữ,1986,30-39,Nhà đầu tư,Hải Phòng,Expat,Silver,1,1,6,2020-08-19,2023-08-09,1
2228,customer2228@example.com,Vũ Hằng,Nữ,1977,40-49,Giám đốc,Hà Nội,Việt Nam,Gold,1,1,9,2022-03-18,2024-10-25,1
2229,customer2229@example.com,Hoàng Trang,Nữ,1960,60+,Người nổi tiếng,Đà Nẵng,Việt Nam,Platinum,4,1,9,2016-08-26,2024-12-26,1
2230,customer2230@example.com,Phan Hằng,Nữ,1968,50-59,Chuyên gia tài chính,Quảng Ninh,Việt Nam,Silver,1,1,5,2023-01-21,2023-06-18,1
2231,customer2231@example.com,Ngô Tuấn,Nam,1960,60+,Bác sĩ,TP HCM,Expat,Platinum,3,1,5,2020-05-24,2024-11-27,1
2232,customer2232@example.com,Lê Hoa,Nữ,1971,50-59,Kiến trúc sư,Hà Nội,Việt Nam,Diamond,4,1,7,2015-05-13,2023-11-12,1
2233,customer2233@example.com,Phạm Yến,Nữ,1975,40-49,Giám đốc,Hà Nội,Việt Nam,Gold,2,1,5,2020-02-08,2023-11-03,1
2234,customer2234@example.com,Phạm Hải,Nam,1960,60+,Kiến trúc sư,Hà Nội,Việt Nam,Diamond,2,1,4,2020-08-28,2024-05-07,1
2235,customer2235@example.com,Bùi Trang,Nữ,1965,50-59,Nhà đầu tư,TP HCM,Expat,Platinum,4,1,5,2016-01-27,2023-07-28,1
2236,customer2236@example.com,Trần Thành,Nam,1983,40-49,Luật sư,Hà Nội,Việt Nam,Gold,3,1,7,2018-07-27,2024-07-01,1
2237,customer2237@example.com,Đỗ Yến,Nữ,1973,50-59,Chuyên gia tài chính,TP HCM,Việt Nam,Gold,3,1,6,2021-12-25,2024-09-26,0
2238,customer2238@example.com,Lê Yến,Nữ,1964,60+,Nhà đầu tư,TP HCM,Việt Nam,Platinum,1,1,7,2020-03-02,2023-12-20,1
2239,customer2239@example.com,Bùi Đức,Nam,1973,50-59,Giám đốc,TP HCM,Việt Nam,Platinum,1,1,9,2023-01-13,2023-02-12,1
2240,customer2240@example.com,Trần Long,Nam,1994,30-39,Nhà đầu tư,Hà Nội,Việt Nam,Gold,2,1,5,2016-10-05,2023-04-16,1
2241,customer2241@example.com,Đặng Trang,Nữ,1996,25-29,Luật sư,Quảng Ninh,Việt Nam,Platinum,1,1,3,2015-09-17,2024-06-11,1
2242,customer2242@example.com,Hoàng Hoa,Nữ,1972,50-59,Giám đốc,Hà Nội,Việt Nam,Silver,1,1,6,2022-03-11,2023-12-31,1
2243,customer2243@example.com,Phan Đức,Nam,1964,60+,Doanh nhân,Hà Nội,Việt Nam,Silver,4,1,8,2020-12-22,2023-04-01,1
2244,customer2244@example.com,Đỗ Khánh,Nam,1963,60+,Nhà đầu tư,TP HCM,Việt Nam,Platinum,3,1,6,2020-02-14,2024-02-21,1
2245,customer2245@example.com,Ngô Ngọc,Nữ,1975,40-49,Kiến trúc sư,TP HCM,Expat,Silver,2,1,10,2021-08-17,2023-04-11,1
2246,customer2246@example.com,Lê Lan,Nữ,1981,40-49,Nhà đầu tư,Hà Nội,Việt Nam,Gold,1,1,1,2019-09-14,2023-04-18,1
2247,customer2247@example.com,Ngô Phương,Nữ,1984,40-49,Giám đốc,Hà Nội,Expat,Diamond,2,1,3,2022-06-13,2023-09-14,1
2248,customer2248@example.com,Bùi Tuấn,Nam,1985,30-39,Nhà đầu tư,Hải Phòng,Expat,Silver,1,1,8,2018-12-28,2024-10-15,1
2249,customer2249@example.com,Dương Hằng,Nữ,1996,25-29,Bác sĩ,Hà Nội,Việt Nam,Silver,1,1,1,2015-02-15,2023-12-20,1
2250,customer2250@example.com,Đặng Tuấn,Nam,1982,40-49,Bác sĩ,TP HCM,Việt Nam,Platinum,2,1,3,2015-05-05,2023-02-17,1
2251,customer2251@example.com,Bùi Nga,Nữ,1977,40-49,Người nổi tiếng,Đà Nẵng,Việt Nam,Silver,4,1,2,2016-08-15,2024-09-16,1
2252,customer2252@example.com,Lê Trang,Nữ,1981,40-49,Doanh nhân,TP HCM,Expat,Diamond,1,1,3,2022-01-31,2024-06-12,1
2253,customer2253@example.com,Hoàng Yến,Nữ,1962,60+,Doanh nhân,Hà Nội,Expat,Silver,1,1,7,2019-01-08,2023-11-04,1
2254,customer2254@example.com,Dương Hằng,Nữ,1988,30-39,Chuyên gia tài chính,Hà Nội,Việt Nam,Silver,1,1,9,2023-03-04,2024-08-21,1
2255,customer2255@example.com,Ngô Thảo,Nữ,1985,30-39,Luật sư,Hà Nội,Expat,Silver,3,1,7,2016-07-05,2023-08-14,1
2256,customer2256@example.com,Bùi Yến,Nữ,1993,30-39,Người nổi tiếng,Đà Nẵng,Việt Nam,Gold,2,1,2,2017-04-23,2024-02-03,1
2257,customer2257@example.com,Hồ Tuấn,Nam,1986,30-39,Bác sĩ,Bình Dương,Việt Nam,Silver,1,1,4,2021-03-27,2024-01-27,0
2258,customer2258@example.com,Đỗ Thảo,Nữ,1990,30-39,Người nổi tiếng,Đồng Nai,Việt Nam,Gold,1,1,4,2020-09-15,2023-01-18,1
2259,customer2259@example.com,Bùi Trung,Nam,1976,40-49,Chuyên gia tài chính,Đà Nẵng,Việt Nam,Diamond,3,1,5,2015-10-28,2024-08-26,1
2260,customer2260@example.com,Đặng Việt,Nam,1976,40-49,Doanh nhân,Khánh Hòa,Việt Nam,Gold,2,1,10,2019-01-08,2023-04-06,1
2261,customer2261@example.com,Phạm Ánh,Nữ,1990,30-39,Doanh nhân,Hải Phòng,Việt Nam,Silver,4,1,8,2015-02-02,2024-07-23,1
2262,customer2262@example.com,Ngô Ngọc,Nữ,1993,30-39,Nhà đầu tư,Hải Phòng,Việt Nam,Platinum,2,1,10,2016-11-14,2024-01-12,1
2263,customer2263@example.com,Bùi Tuấn,Nam,1970,50-59,Doanh nhân,Đà Nẵng,Việt Nam,Silver,2,1,6,2017-05-08,2023-02-12,1
2264,customer2264@example.com,Bùi Trang,Nữ,1987,30-39,Kiến trúc sư,TP HCM,Việt Nam,Gold,4,1,8,2020-08-19,2023-01-19,1
2265,customer2265@example.com,Phan Ngọc,Nữ,1977,40-49,Luật sư,TP HCM,Việt Nam,Silver,3,1,10,2020-04-29,2023-12-09,1
2266,customer2266@example.com,Hồ Đức,Nam,1982,40-49,Giám đốc,Khánh Hòa,Việt Nam,Silver,3,1,10,2022-01-18,2023-06-12,1
2267,customer2267@example.com,Bùi Trang,Nữ,1977,40-49,Người nổi tiếng,Khánh Hòa,Việt Nam,Platinum,3,1,9,2019-04-30,2024-12-01,1
2268,customer2268@example.com,Đặng Hải,Nam,1987,30-39,Giám đốc,Hải Phòng,Việt Nam,Platinum,4,1,7,2017-11-19,2023-12-09,1
2269,customer2269@example.com,Dương Nga,Nữ,1982,40-49,Giám đốc,Đà Nẵng,Việt Nam,Gold,1,1,10,2019-07-10,2024-03-27,1
2270,customer2270@example.com,Ngô Lan,Nữ,1975,40-49,Doanh nhân,TP HCM,Việt Nam,Platinum,2,1,1,2016-03-27,2024-02-10,1
2271,customer2271@example.com,Dương Khánh,Nam,1965,50-59,Chuyên gia tài chính,TP HCM,Việt Nam,Silver,3,1,3,2016-06-01,2024-06-20,1
2272,customer2272@example.com,Dương Anh,Nam,1979,40-49,Bác sĩ,TP HCM,Việt Nam,Silver,3,1,7,2022-05-06,2024-12-11,0
2273,customer2273@example.com,Nguyễn Long,Nam,1992,30-39,Doanh nhân,Hải Phòng,Việt Nam,Silver,1,1,2,2018-09-28,2023-08-13,1
2274,customer2274@example.com,Dương Thành,Nam,1983,40-49,Nhà đầu tư,TP HCM,Việt Nam,Silver,3,1,6,2017-12-05,2023-10-07,1
2275,customer2275@example.com,Phạm Trung,Nam,1982,40-49,Bác sĩ,Đồng Nai,Việt Nam,Diamond,4,1,5,2023-05-21,2024-02-17,1
2276,customer2276@example.com,Lê Minh,Nam,1991,30-39,Chuyên gia tài chính,Đà Nẵng,Việt Nam,Platinum,3,1,10,2021-06-06,2023-03-06,1
2277,customer2277@example.com,Phan Quang,Nam,1993,30-39,Người nổi tiếng,Đà Nẵng,Expat,Silver,3,1,1,2016-11-30,2023-03-29,1
2278,customer2278@example.com,Ngô Hà,Nữ,1980,40-49,Luật sư,TP HCM,Expat,Platinum,4,1,6,2018-08-03,2024-07-16,1
2279,customer2279@example.com,Lê Quang,Nam,1984,40-49,Kiến trúc sư,Hà Nội,Việt Nam,Gold,3,1,5,2023-05-24,2024-02-09,0
2280,customer2280@example.com,Phan Hùng,Nam,1990,30-39,Giám đốc,TP HCM,Việt Nam,Gold,3,1,2,2016-09-19,2024-08-09,1
2281,customer2281@example.com,Trần Ngọc,Nữ,1979,40-49,Kiến trúc sư,TP HCM,Việt Nam,Silver,1,1,7,2018-02-02,2024-09-26,1
2282,customer2282@example.com,Dương Anh,Nam,1993,30-39,Chuyên gia tài chính,TP HCM,Việt Nam,Gold,4,1,6,2019-04-03,2023-11-23,1
2283,customer2283@example.com,Nguyễn Hải,Nam,1990,30-39,Chuyên gia tài chính,Hà Nội,Việt Nam,Gold,2,1,5,2017-06-30,2024-03-18,1
2284,customer2284@example.com,Phan Hà,Nữ,1966,50-59,Nhà đầu tư,Hải Phòng,Việt Nam,Silver,1,1,10,2017-12-24,2024-09-19,1
2285,customer2285@example.com,Vũ Khánh,Nam,1991,30-39,Luật sư,Hà Nội,Việt Nam,Silver,4,1,8,2016-05-26,2023-02-22,1
2286,customer2286@example.com,Phan Anh,Nam,1967,50-59,Kiến trúc sư,TP HCM,Expat,Platinum,3,1,4,2022-06-09,2023-03-15,1
2287,customer2287@example.com,Đặng Mai,Nữ,1994,30-39,Bác sĩ,TP HCM,Việt Nam,Diamond,3,1,7,2017-11-08,2023-04-17,1
2288,customer2288@example.com,Hoàng Hoa,Nữ,1991,30-39,Nhà đầu tư,TP HCM,Expat,Gold,2,1,10,2022-06-17,2023-11-18,1
2289,customer2289@example.com,Phan Hải,Nam,1994,30-39,Chuyên gia tài chính,TP HCM,Việt Nam,Platinum,3,1,8,2023-05-18,2024-09-04,1
2290,customer2290@example.com,Bùi Hoa,Nữ,1983,40-49,Nhà đầu tư,TP HCM,Việt Nam,Diamond,3,1,2,2017-03-03,2024-02-25,1
2291,customer2291@example.com,Đặng Minh,Nam,1979,40-49,Kiến trúc sư,Hà Nội,Việt Nam,Gold,4,1,2,2017-11-08,2024-05-19,1
2292,customer2292@example.com,Hoàng Hoa,Nữ,1975,40-49,Chuyên gia tài chính,Đà Nẵng,Việt Nam,Diamond,2,1,8,2018-03-06,2024-01-17,1
2293,customer2293@example.com,Trần Thu,Nữ,1962,60+,Doanh nhân,Hà Nội,Việt Nam,Silver,1,1,8,2018-11-26,2024-09-22,1
2294,customer2294@example.com,Đặng Khánh,Nam,1966,50-59,Doanh nhân,Khánh Hòa,Việt Nam,Platinum,3,1,10,2015-05-17,2024-05-15,1
2295,customer2295@example.com,Phan Hải,Nam,1993,30-39,Giám đốc,TP HCM,Việt Nam,Silver,3,1,10,2017-08-26,2024-11-11,1
2296,customer2296@example.com,Vũ Ánh,Nữ,1988,30-39,Luật sư,TP HCM,Việt Nam,Gold,2,1,6,2022-07-22,2023-12-31,1
2297,customer2297@example.com,Đặng Lan,Nữ,1962,60+,Người nổi tiếng,Hà Nội,Việt Nam,Silver,1,1,4,2017-08-02,2023-12-20,1
2298,customer2298@example.com,Trần Long,Nam,1960,60+,Luật sư,Hà Nội,Việt Nam,Platinum,2,1,8,2022-02-14,2023-11-14,1
2299,customer2299@example.com,Vũ Anh,Nam,1987,30-39,Luật sư,Hà Nội,Việt Nam,Platinum,4,1,8,2015-09-14,2024-12-12,1
2300,customer2300@example.com,Ngô Việt,Nam,1972,50-59,Doanh nhân,TP HCM,Expat,Platinum,2,1,6,2022-01-19,2024-03-23,1
2301,customer2301@example.com,Nguyễn Thành,Nam,1984,40-49,Bác sĩ,Quảng Ninh,Việt Nam,Diamond,4,1,4,2023-03-07,2024-04-27,1
2302,customer2302@example.com,Lê Yến,Nữ,1964,60+,Nhà đầu tư,TP HCM,Việt Nam,Silver,2,1,3,2017-03-14,2023-06-20,0
2303,customer2303@example.com,Lê Việt,Nam,1980,40-49,Nhà đầu tư,Hà Nội,Việt Nam,Gold,2,1,6,2021-12-09,2023-11-10,1
2304,customer2304@example.com,Hoàng Ánh,Nữ,1988,30-39,Kiến trúc sư,TP HCM,Việt Nam,Silver,3,1,6,2018-02-21,2023-10-21,1
2305,customer2305@example.com,Trần Việt,Nam,1993,30-39,Chuyên gia tài chính,Hà Nội,Việt Nam,Gold,1,1,6,2016-08-14,2023-03-01,1
2306,customer2306@example.com,Phạm Bình,Nam,1997,25-29,Nhà đầu tư,TP HCM,Việt Nam,Gold,3,1,8,2015-11-25,2023-09-24,1
2307,customer2307@example.com,Nguyễn Hùng,Nam,1970,50-59,Kiến trúc sư,TP HCM,Việt Nam,Silver,3,1,1,2016-02-04,2023-04-24,1
2308,customer2308@example.com,Phạm Quang,Nam,1994,30-39,Doanh nhân,Hà Nội,Việt Nam,Diamond,4,1,5,2020-04-03,2024-05-09,0
2309,customer2309@example.com,Hồ Anh,Nam,1986,30-39,Người nổi tiếng,TP HCM,Expat,Silver,4,1,7,2016-08-14,2024-09-10,1
2310,customer2310@example.com,Hồ Thu,Nữ,1986,30-39,Giám đốc,TP HCM,Việt Nam,Silver,2,1,1,2018-02-28,2024-07-12,1
2311,customer2311@example.com,Nguyễn Ánh,Nữ,1995,25-29,Kiến trúc sư,Hà Nội,Việt Nam,Gold,1,1,4,2022-07-12,2023-06-15,1
2312,customer2312@example.com,Dương Hằng,Nữ,1981,40-49,Kiến trúc sư,TP HCM,Việt Nam,Silver,1,1,7,2015-06-01,2023-11-27,1
2313,customer2313@example.com,Hồ Minh,Nam,1998,25-29,Nhà đầu tư,Hải Phòng,Việt Nam,Platinum,1,1,10,2023-01-25,2024-12-27,1
2314,customer2314@example.com,Hoàng Tuấn,Nam,1974,50-59,Chuyên gia tài chính,Hải Phòng,Expat,Platinum,4,1,1,2016-05-20,2024-07-19,0
2315,customer2315@example.com,Đỗ Hoa,Nữ,1995,25-29,Luật sư,TP HCM,Việt Nam,Gold,4,1,1,2020-03-08,2023-10-11,1
2316,customer2316@example.com,Trần Phương,Nữ,1975,40-49,Luật sư,TP HCM,Việt Nam,Silver,3,1,3,2019-07-03,2023-01-04,1
2317,customer2317@example.com,Đỗ Khánh,Nam,1987,30-39,Doanh nhân,TP HCM,Việt Nam,Gold,3,1,9,2015-02-12,2023-05-25,1
2318,customer2318@example.com,Dương Hải,Nam,1972,50-59,Luật sư,Đà Nẵng,Việt Nam,Silver,1,1,1,2019-07-31,2024-01-06,1
2319,customer2319@example.com,Đặng Thảo,Nữ,1965,50-59,Chuyên gia tài chính,Đồng Nai,Việt Nam,Silver,3,1,2,2015-04-17,2023-06-16,1
2320,customer2320@example.com,Dương Ngọc,Nữ,1963,60+,Giám đốc,Hà Nội,Việt Nam,Silver,3,1,6,2020-10-03,2024-10-12,1
2321,customer2321@example.com,Đỗ Lan,Nữ,1996,25-29,Luật sư,TP HCM,Việt Nam,Gold,1,1,8,2020-07-12,2023-03-25,1
2322,customer2322@example.com,Nguyễn Hải,Nam,1972,50-59,Nhà đầu tư,TP HCM,Expat,Diamond,3,1,2,2016-06-14,2023-09-17,1
2323,customer2323@example.com,Phan Hoa,Nữ,1960,60+,Nhà đầu tư,Hà Nội,Việt Nam,Platinum,3,1,4,2017-09-06,2024-04-03,1
2324,customer2324@example.com,Dương Yến,Nữ,1967,50-59,Người nổi tiếng,Đà Nẵng,Việt Nam,Gold,4,1,1,2015-02-08,2024-02-02,1
2325,customer2325@example.com,Hồ Hà,Nữ,1980,40-49,Người nổi tiếng,TP HCM,Việt Nam,Silver,1,1,8,2017-08-26,2023-02-15,1
2326,customer2326@example.com,Đỗ Việt,Nam,1976,40-49,Nhà đầu tư,Đà Nẵng,Việt Nam,Gold,4,1,5,2018-10-25,2023-04-30,1
2327,customer2327@example.com,Hoàng Yến,Nữ,1994,30-39,Doanh nhân,TP HCM,Việt Nam,Diamond,2,1,2,2021-01-26,2023-04-05,1
2328,customer2328@example.com,Phan Hà,Nữ,1961,60+,Kiến trúc sư,Hà Nội,Việt Nam,Gold,3,1,10,2023-01-20,2023-11-03,1
2329,customer2329@example.com,Trần Hoa,Nữ,1967,50-59,Doanh nhân,TP HCM,Expat,Gold,3,1,8,2019-01-22,2023-10-24,1
2330,customer2330@example.com,Phan Thu,Nữ,1986,30-39,Bác sĩ,TP HCM,Việt Nam,Silver,4,1,10,2017-05-10,2023-10-31,1
2331,customer2331@example.com,Dương Linh,Nữ,1961,60+,Doanh nhân,TP HCM,Việt Nam,Platinum,3,1,7,2015-02-16,2024-03-20,1
2332,customer2332@example.com,Trần Đức,Nam,1986,30-39,Bác sĩ,Khánh Hòa,Việt Nam,Gold,4,1,8,2020-02-12,2024-03-25,1
2333,customer2333@example.com,Dương Ánh,Nữ,1962,60+,Luật sư,TP HCM,Expat,Gold,4,1,4,2020-07-28,2024-04-24,1
2334,customer2334@example.com,Hồ Ngọc,Nữ,1964,60+,Giám đốc,Hà Nội,Việt Nam,Silver,3,1,2,2016-06-16,2024-07-21,1
2335,customer2335@example.com,Hồ Việt,Nam,1971,50-59,Doanh nhân,TP HCM,Expat,Platinum,2,1,5,2017-04-06,2023-06-17,1
2336,customer2336@example.com,Dương Tuấn,Nam,1963,60+,Luật sư,TP HCM,Expat,Silver,4,1,1,2019-07-02,2024-12-26,1
2337,customer2337@example.com,Hoàng Trang,Nữ,1996,25-29,Luật sư,TP HCM,Việt Nam,Gold,2,1,4,2018-10-28,2024-03-24,1
2338,customer2338@example.com,Dương Mai,Nữ,1980,40-49,Kiến trúc sư,Hà Nội,Việt Nam,Silver,1,1,1,2019-04-16,2023-09-29,1
2339,customer2339@example.com,Bùi Thu,Nữ,1978,40-49,Chuyên gia tài chính,Hà Nội,Việt Nam,Gold,1,1,5,2016-11-13,2024-01-06,1
2340,customer2340@example.com,Bùi Ngọc,Nữ,1969,50-59,Doanh nhân,TP HCM,Expat,Gold,3,1,3,2019-02-04,2023-12-08,1
2341,customer2341@example.com,Vũ Yến,Nữ,1995,25-29,Người nổi tiếng,TP HCM,Việt Nam,Silver,2,1,10,2016-06-16,2023-06-22,1
2342,customer2342@example.com,Nguyễn Hùng,Nam,1990,30-39,Chuyên gia tài chính,TP HCM,Expat,Diamond,2,1,9,2020-04-17,2024-08-02,1
2343,customer2343@example.com,Bùi Thu,Nữ,1970,50-59,Luật sư,Hải Phòng,Việt Nam,Silver,2,1,5,2021-05-13,2024-01-06,1
2344,customer2344@example.com,Trần Bình,Nam,1996,25-29,Nhà đầu tư,Hà Nội,Việt Nam,Silver,2,1,3,2021-01-28,2024-07-24,1
2345,customer2345@example.com,Nguyễn Nga,Nữ,1960,60+,Giám đốc,Đà Nẵng,Việt Nam,Gold,3,1,2,2016-09-06,2023-01-22,1
2346,customer2346@example.com,Trần Khánh,Nam,1960,60+,Người nổi tiếng,TP HCM,Việt Nam,Silver,4,1,5,2020-12-10,2024-05-25,1
2347,customer2347@example.com,Hoàng Quang,Nam,1963,60+,Nhà đầu tư,Hà Nội,Việt Nam,Platinum,1,1,2,2018-12-27,2023-06-25,1
2348,customer2348@example.com,Hoàng Mai,Nữ,1976,40-49,Doanh nhân,Hà Nội,Việt Nam,Silver,3,1,5,2023-03-30,2024-07-09,1
2349,customer2349@example.com,Nguyễn Trung,Nam,1972,50-59,Chuyên gia tài chính,TP HCM,Việt Nam,Diamond,2,1,7,2020-12-30,2024-12-25,1
2350,customer2350@example.com,Dương Hoa,Nữ,1963,60+,Kiến trúc sư,TP HCM,Expat,Silver,2,1,7,2020-06-11,2023-03-19,1
2351,customer2351@example.com,Ngô Hoa,Nữ,1992,30-39,Người nổi tiếng,Hà Nội,Việt Nam,Platinum,4,1,8,2021-10-31,2024-05-09,1
2352,customer2352@example.com,Phan Hùng,Nam,1968,50-59,Bác sĩ,Hà Nội,Việt Nam,Silver,3,1,3,2017-09-02,2023-08-21,1
2353,customer2353@example.com,Hoàng Phương,Nữ,1960,60+,Luật sư,Đà Nẵng,Việt Nam,Gold,1,1,6,2021-01-02,2024-10-08,1
2354,customer2354@example.com,Trần Hằng,Nữ,1967,50-59,Luật sư,Hải Phòng,Việt Nam,Silver,2,1,1,2020-03-26,2023-12-09,1
2355,customer2355@example.com,Ngô Hà,Nữ,1979,40-49,Giám đốc,Quảng Ninh,Expat,Diamond,3,1,9,2020-03-30,2023-09-01,1
2356,customer2356@example.com,Lê Hải,Nam,1984,40-49,Giám đốc,TP HCM,Việt Nam,Platinum,2,1,5,2022-04-29,2024-08-11,1
2357,customer2357@example.com,Phạm Ngọc,Nữ,1988,30-39,Nhà đầu tư,Đà Nẵng,Việt Nam,Silver,3,1,5,2017-02-22,2024-10-12,1
2358,customer2358@example.com,Đỗ Thu,Nữ,1979,40-49,Người nổi tiếng,Hà Nội,Expat,Gold,4,1,2,2018-10-14,2024-02-20,1
2359,customer2359@example.com,Bùi Hà,Nữ,1974,50-59,Doanh nhân,Hải Phòng,Việt Nam,Gold,2,1,5,2020-12-27,2024-10-24,0
2360,customer2360@example.com,Hoàng Thu,Nữ,1968,50-59,Nhà đầu tư,Khánh Hòa,Việt Nam,Platinum,3,1,1,2021-09-29,2023-03-09,1
2361,customer2361@example.com,Phạm Thu,Nữ,1990,30-39,Nhà đầu tư,Hà Nội,Expat,Gold,2,1,3,2019-02-08,2023-09-25,1
2362,customer2362@example.com,Vũ Việt,Nam,1974,50-59,Luật sư,Hà Nội,Việt Nam,Platinum,3,1,1,2016-02-15,2024-11-26,1
2363,customer2363@example.com,Trần Trang,Nữ,1975,40-49,Giám đốc,Đà Nẵng,Việt Nam,Silver,3,1,2,2017-11-25,2024-05-18,1
2364,customer2364@example.com,Đỗ Ngọc,Nữ,1986,30-39,Doanh nhân,Bình Dương,Việt Nam,Gold,2,1,10,2017-07-01,2023-08-11,1
2365,customer2365@example.com,Dương Thảo,Nữ,1988,30-39,Bác sĩ,Hà Nội,Việt Nam,Silver,3,1,10,2019-09-06,2024-12-01,1
2366,customer2366@example.com,Dương Hoa,Nữ,1990,30-39,Chuyên gia tài chính,Hà Nội,Việt Nam,Platinum,2,1,7,2016-10-31,2023-11-05,1
2367,customer2367@example.com,Phan Minh,Nam,1985,30-39,Doanh nhân,Đà Nẵng,Việt Nam,Gold,1,1,1,2019-11-06,2023-11-04,1
2368,customer2368@example.com,Hồ Thảo,Nữ,1964,60+,Kiến trúc sư,Hà Nội,Việt Nam,Silver,3,1,6,2017-11-30,2024-11-05,1
2369,customer2369@example.com,Hồ Linh,Nữ,1971,50-59,Giám đốc,TP HCM,Việt Nam,Silver,1,1,7,2019-12-20,2024-01-08,1
2370,customer2370@example.com,Phạm Phương,Nữ,1996,25-29,Luật sư,Hà Nội,Việt Nam,Gold,1,1,5,2018-08-01,2023-08-06,1
2371,customer2371@example.com,Lê Thành,Nam,1982,40-49,Người nổi tiếng,TP HCM,Việt Nam,Gold,2,1,9,2016-02-08,2023-08-15,1
2372,customer2372@example.com,Hoàng Nga,Nữ,1974,50-59,Luật sư,TP HCM,Việt Nam,Silver,2,1,4,2019-09-30,2023-11-14,1
2373,customer2373@example.com,Hoàng Việt,Nam,1969,50-59,Người nổi tiếng,Khánh Hòa,Việt Nam,Gold,3,1,4,2023-01-05,2024-04-14,1
2374,customer2374@example.com,Phan Minh,Nam,1974,50-59,Chuyên gia tài chính,Đồng Nai,Việt Nam,Silver,2,1,6,2016-01-28,2023-01-30,1
2375,customer2375@example.com,Phan Hải,Nam,1983,40-49,Người nổi tiếng,Hà Nội,Việt Nam,Diamond,1,1,5,2016-09-14,2023-06-05,1
2376,customer2376@example.com,Vũ Thảo,Nữ,1981,40-49,Giám đốc,Hà Nội,Việt Nam,Gold,3,1,2,2016-06-23,2023-11-25,1
2377,customer2377@example.com,Dương Thành,Nam,1991,30-39,Giám đốc,TP HCM,Việt Nam,Platinum,3,1,1,2018-12-01,2023-08-17,1
2378,customer2378@example.com,Dương Hoa,Nữ,1976,40-49,Người nổi tiếng,Hà Nội,Việt Nam,Platinum,3,1,6,2020-07-25,2023-05-05,1
2379,customer2379@example.com,Dương Linh,Nữ,1987,30-39,Bác sĩ,Khánh Hòa,Việt Nam,Silver,3,1,7,2017-10-04,2023-01-18,1
2380,customer2380@example.com,Ngô Hằng,Nữ,1967,50-59,Bác sĩ,Bình Dương,Việt Nam,Platinum,3,1,7,2017-08-30,2023-11-20,1
2381,customer2381@example.com,Vũ Hùng,Nam,1989,30-39,Chuyên gia tài chính,Hà Nội,Việt Nam,Silver,4,1,9,2019-01-08,2024-11-14,1
2382,customer2382@example.com,Trần Thảo,Nữ,1989,30-39,Luật sư,TP HCM,Việt Nam,Gold,1,1,10,2015-06-05,2023-04-22,0
2383,customer2383@example.com,Ngô Hoa,Nữ,1986,30-39,Doanh nhân,Đà Nẵng,Việt Nam,Gold,1,1,9,2021-08-29,2023-08-01,0
2384,customer2384@example.com,Vũ Linh,Nữ,1967,50-59,Giám đốc,TP HCM,Việt Nam,Platinum,3,1,2,2020-11-30,2024-12-02,1
2385,customer2385@example.com,Nguyễn Nga,Nữ,1998,25-29,Doanh nhân,TP HCM,Việt Nam,Diamond,2,1,7,2020-05-14,2023-06-30,1
2386,customer2386@example.com,Lê Khánh,Nam,1990,30-39,Người nổi tiếng,Hà Nội,Việt Nam,Gold,1,1,5,2020-01-07,2023-06-08,1
2387,customer2387@example.com,Phan Hằng,Nữ,1973,50-59,Kiến trúc sư,Hà Nội,Việt Nam,Platinum,1,1,9,2017-06-28,2023-02-20,1
2388,customer2388@example.com,Dương Phương,Nữ,1993,30-39,Chuyên gia tài chính,Hà Nội,Việt Nam,Diamond,2,1,7,2020-03-05,2023-03-23,1
2389,customer2389@example.com,Đỗ Lan,Nữ,1976,40-49,Nhà đầu tư,TP HCM,Việt Nam,Gold,3,1,2,2021-04-17,2023-12-12,1
2390,customer2390@example.com,Vũ Long,Nam,1965,50-59,Chuyên gia tài chính,TP HCM,Việt Nam,Gold,3,1,7,2017-04-28,2023-11-07,1
2391,customer2391@example.com,Nguyễn Anh,Nam,1992,30-39,Người nổi tiếng,Hà Nội,Expat,Silver,1,1,3,2018-12-02,2024-06-25,1
2392,customer2392@example.com,Phan Ngọc,Nữ,1987,30-39,Luật sư,Hà Nội,Việt Nam,Gold,2,1,1,2022-08-05,2023-07-24,1
2393,customer2393@example.com,Đặng Hoa,Nữ,1995,25-29,Bác sĩ,Hải Phòng,Việt Nam,Silver,4,1,3,2015-02-21,2023-04-16,1
2394,customer2394@example.com,Phan Long,Nam,1968,50-59,Chuyên gia tài chính,TP HCM,Việt Nam,Diamond,3,1,10,2015-05-09,2024-06-03,1
2395,customer2395@example.com,Đỗ Thành,Nam,1996,25-29,Luật sư,TP HCM,Việt Nam,Gold,2,1,9,2020-09-19,2024-05-04,1
2396,customer2396@example.com,Vũ Linh,Nữ,1966,50-59,Doanh nhân,Hà Nội,Việt Nam,Silver,2,1,1,2015-04-23,2023-01-31,1
2397,customer2397@example.com,Phan Mai,Nữ,1974,50-59,Kiến trúc sư,TP HCM,Việt Nam,Silver,3,1,2,2019-11-28,2024-08-04,1
2398,customer2398@example.com,Hoàng Hằng,Nữ,1980,40-49,Nhà đầu tư,Hà Nội,Việt Nam,Platinum,3,1,2,2020-11-07,2024-09-12,1
2399,customer2399@example.com,Phan Tuấn,Nam,1969,50-59,Người nổi tiếng,Đà Nẵng,Việt Nam,Silver,2,1,3,2017-10-20,2023-02-08,1
2400,customer2400@example.com,Phan Hằng,Nữ,1962,60+,Người nổi tiếng,TP HCM,Việt Nam,Diamond,2,1,6,2015-11-19,2024-11-06,1
2401,customer2401@example.com,Trần Thành,Nam,1976,40-49,Bác sĩ,Đà Nẵng,Việt Nam,Diamond,3,1,2,2019-08-18,2024-02-17,1
2402,customer2402@example.com,Phạm Trung,Nam,1971,50-59,Bác sĩ,TP HCM,Việt Nam,Platinum,4,1,10,2015-05-18,2024-08-20,1
2403,customer2403@example.com,Trần Hải,Nam,1986,30-39,Bác sĩ,TP HCM,Việt Nam,Platinum,3,1,5,2018-05-25,2023-06-09,0
2404,customer2404@example.com,Ngô Thành,Nam,1976,40-49,Bác sĩ,Hà Nội,Việt Nam,Gold,1,1,4,2020-03-05,2023-08-29,1
2405,customer2405@example.com,Nguyễn Linh,Nữ,1983,40-49,Giám đốc,Hải Phòng,Expat,Diamond,1,1,3,2019-04-07,2024-11-26,1
2406,customer2406@example.com,Dương Hùng,Nam,1976,40-49,Luật sư,TP HCM,Việt Nam,Gold,1,1,5,2020-02-04,2023-04-05,1
2407,customer2407@example.com,Đỗ Việt,Nam,1966,50-59,Bác sĩ,Đà Nẵng,Việt Nam,Gold,2,1,5,2023-02-22,2024-05-12,1
2408,customer2408@example.com,Trần Minh,Nam,1978,40-49,Luật sư,Hà Nội,Việt Nam,Silver,1,1,9,2016-02-29,2023-04-24,1
2409,customer2409@example.com,Nguyễn Hải,Nam,1979,40-49,Giám đốc,TP HCM,Việt Nam,Silver,1,1,8,2021-08-02,2024-11-15,0
2410,customer2410@example.com,Nguyễn Yến,Nữ,1988,30-39,Chuyên gia tài chính,TP HCM,Việt Nam,Silver,1,1,7,2020-01-31,2023-04-13,1
2411,customer2411@example.com,Phạm Hoa,Nữ,1993,30-39,Doanh nhân,Hà Nội,Việt Nam,Platinum,4,1,5,2018-07-13,2024-04-30,1
2412,customer2412@example.com,Phan Anh,Nam,1989,30-39,Người nổi tiếng,TP HCM,Việt Nam,Gold,3,1,1,2017-06-30,2023-08-08,1
2413,customer2413@example.com,Hoàng Phương,Nữ,1976,40-49,Người nổi tiếng,Hà Nội,Expat,Silver,1,1,4,2019-05-30,2024-09-21,1
2414,customer2414@example.com,Hoàng Hùng,Nam,1985,30-39,Doanh nhân,Hải Phòng,Việt Nam,Silver,4,1,6,2017-08-15,2023-03-08,1
2415,customer2415@example.com,Đặng Quang,Nam,1982,40-49,Luật sư,Hà Nội,Việt Nam,Silver,4,1,6,2018-04-24,2024-02-21,1
2416,customer2416@example.com,Phạm Quang,Nam,1980,40-49,Doanh nhân,TP HCM,Việt Nam,Silver,4,1,5,2020-11-04,2024-02-14,1
2417,customer2417@example.com,Vũ Ngọc,Nữ,1995,25-29,Kiến trúc sư,TP HCM,Việt Nam,Gold,2,1,7,2016-03-12,2023-01-26,1
2418,customer2418@example.com,Nguyễn Ngọc,Nữ,1989,30-39,Giám đốc,TP HCM,Expat,Platinum,2,1,8,2018-07-06,2024-08-10,1
2419,customer2419@example.com,Nguyễn Bình,Nam,1972,50-59,Giám đốc,Hà Nội,Expat,Gold,4,1,1,2015-05-30,2023-10-12,1
2420,customer2420@example.com,Hoàng Long,Nam,1965,50-59,Kiến trúc sư,Hà Nội,Expat,Gold,4,1,8,2018-02-18,2023-08-21,1
2421,customer2421@example.com,Ngô Hằng,Nữ,1996,25-29,Chuyên gia tài chính,TP HCM,Việt Nam,Gold,1,1,8,2022-08-16,2023-01-28,1
2422,customer2422@example.com,Phạm Minh,Nam,1983,40-49,Doanh nhân,Hà Nội,Việt Nam,Gold,2,1,7,2022-01-10,2024-02-18,1
2423,customer2423@example.com,Ngô Hùng,Nam,1984,40-49,Người nổi tiếng,TP HCM,Việt Nam,Silver,4,1,4,2021-05-15,2023-11-07,1
2424,customer2424@example.com,Bùi Bình,Nam,1977,40-49,Bác sĩ,Đồng Nai,Việt Nam,Platinum,3,1,9,2019-03-21,2023-12-04,1
2425,customer2425@example.com,Đặng Anh,Nam,1969,50-59,Nhà đầu tư,TP HCM,Việt Nam,Silver,1,1,4,2018-01-25,2024-08-13,1
2426,customer2426@example.com,Đỗ Quang,Nam,1990,30-39,Người nổi tiếng,Khánh Hòa,Việt Nam,Gold,1,1,8,2017-07-26,2023-11-24,1
2427,customer2427@example.com,Ngô Hùng,Nam,1967,50-59,Nhà đầu tư,Hà Nội,Việt Nam,Platinum,2,1,6,2023-05-31,2023-09-27,1
2428,customer2428@example.com,Đỗ Yến,Nữ,1973,50-59,Người nổi tiếng,Hà Nội,Expat,Platinum,3,1,6,2020-06-13,2023-01-06,1
2429,customer2429@example.com,Ngô Đức,Nam,1998,25-29,Kiến trúc sư,TP HCM,Việt Nam,Platinum,1,1,9,2019-06-07,2024-02-12,1
2430,customer2430@example.com,Phan Tuấn,Nam,1983,40-49,Doanh nhân,TP HCM,Việt Nam,Silver,1,1,1,2015-07-16,2024-11-13,1
2431,customer2431@example.com,Trần Hải,Nam,1963,60+,Nhà đầu tư,Hà Nội,Việt Nam,Gold,2,1,9,2017-11-22,2023-09-16,1
2432,customer2432@example.com,Trần Đức,Nam,1968,50-59,Doanh nhân,Hà Nội,Việt Nam,Gold,2,1,9,2018-05-25,2024-11-12,1
2433,customer2433@example.com,Vũ Bình,Nam,1995,25-29,Bác sĩ,Hà Nội,Expat,Silver,3,1,5,2020-12-07,2023-05-08,1
2434,customer2434@example.com,Hồ Hằng,Nữ,1975,40-49,Chuyên gia tài chính,Khánh Hòa,Việt Nam,Silver,2,1,3,2015-10-22,2024-06-27,1
2435,customer2435@example.com,Vũ Đức,Nam,1961,60+,Giám đốc,TP HCM,Expat,Platinum,1,1,8,2019-04-24,2023-03-06,1
2436,customer2436@example.com,Lê Đức,Nam,1961,60+,Nhà đầu tư,Hà Nội,Việt Nam,Gold,2,1,7,2020-09-06,2023-07-13,1
2437,customer2437@example.com,Đặng Quang,Nam,1986,30-39,Kiến trúc sư,Hà Nội,Việt Nam,Silver,1,1,10,2023-03-27,2023-08-22,1
2438,customer2438@example.com,Dương Yến,Nữ,1968,50-59,Bác sĩ,Bình Dương,Việt Nam,Gold,4,1,2,2016-12-17,2024-01-25,1
2439,customer2439@example.com,Đỗ Long,Nam,1989,30-39,Chuyên gia tài chính,Bình Dương,Việt Nam,Silver,2,1,10,2019-08-25,2023-09-21,1
2440,customer2440@example.com,Dương Trang,Nữ,1975,40-49,Nhà đầu tư,Đà Nẵng,Việt Nam,Gold,1,1,2,2015-11-01,2023-11-13,1
2441,customer2441@example.com,Nguyễn Quang,Nam,1974,50-59,Kiến trúc sư,Hà Nội,Việt Nam,Silver,4,1,8,2015-12-15,2023-12-08,1
2442,customer2442@example.com,Hồ Ánh,Nữ,1998,25-29,Doanh nhân,Đà Nẵng,Expat,Platinum,2,1,8,2020-12-13,2024-05-05,1
2443,customer2443@example.com,Phan Trung,Nam,1970,50-59,Giám đốc,TP HCM,Việt Nam,Platinum,4,1,4,2020-03-31,2023-06-22,1
2444,customer2444@example.com,Vũ Khánh,Nam,1985,30-39,Doanh nhân,Hà Nội,Việt Nam,Gold,1,1,9,2015-01-28,2023-06-29,1
2445,customer2445@example.com,Đỗ Thu,Nữ,1997,25-29,Người nổi tiếng,Đà Nẵng,Việt Nam,Diamond,2,1,10,2019-01-10,2024-05-15,1
2446,customer2446@example.com,Trần Phương,Nữ,1982,40-49,Bác sĩ,Hà Nội,Việt Nam,Platinum,1,1,2,2020-05-17,2024-11-22,1
2447,customer2447@example.com,Nguyễn Linh,Nữ,1989,30-39,Nhà đầu tư,Hà Nội,Việt Nam,Diamond,4,1,7,2016-03-02,2023-04-16,1
2448,customer2448@example.com,Phạm Linh,Nữ,1970,50-59,Doanh nhân,Hải Phòng,Việt Nam,Gold,2,1,1,2023-05-02,2024-06-04,1
2449,customer2449@example.com,Hồ Thành,Nam,1976,40-49,Bác sĩ,TP HCM,Việt Nam,Diamond,2,1,2,2015-06-11,2024-04-28,1
2450,customer2450@example.com,Lê Anh,Nam,1965,50-59,Người nổi tiếng,Hà Nội,Việt Nam,Gold,3,1,9,2018-11-30,2023-06-02,1
2451,customer2451@example.com,Nguyễn Hoa,Nữ,1968,50-59,Người nổi tiếng,Bình Dương,Việt Nam,Silver,4,1,5,2022-07-21,2023-03-13,1
2452,customer2452@example.com,Đỗ Khánh,Nam,1991,30-39,Nhà đầu tư,Đà Nẵng,Việt Nam,Gold,1,1,3,2022-01-02,2023-12-02,1
2453,customer2453@example.com,Nguyễn Hải,Nam,1961,60+,Giám đốc,Hà Nội,Việt Nam,Silver,3,1,3,2016-06-11,2024-03-15,1
2454,customer2454@example.com,Nguyễn Đức,Nam,1963,60+,Nhà đầu tư,Hà Nội,Việt Nam,Silver,3,1,1,2016-09-20,2024-10-31,1
2455,customer2455@example.com,Hồ Long,Nam,1972,50-59,Bác sĩ,Bình Dương,Việt Nam,Silver,4,1,6,2017-04-18,2024-08-11,1
2456,customer2456@example.com,Lê Hà,Nữ,1996,25-29,Doanh nhân,Bình Dương,Việt Nam,Gold,4,1,4,2016-05-22,2024-03-08,1
2457,customer2457@example.com,Bùi Thu,Nữ,1984,40-49,Kiến trúc sư,Hà Nội,Việt Nam,Silver,3,1,5,2017-11-01,2023-03-07,1
2458,customer2458@example.com,Vũ Hằng,Nữ,1966,50-59,Kiến trúc sư,TP HCM,Việt Nam,Platinum,3,1,5,2023-03-28,2023-12-06,1
2459,customer2459@example.com,Ngô Anh,Nam,1981,40-49,Giám đốc,TP HCM,Việt Nam,Gold,4,1,3,2020-10-13,2023-01-04,1
2460,customer2460@example.com,Trần Nga,Nữ,1966,50-59,Doanh nhân,Hà Nội,Việt Nam,Gold,4,1,10,2021-06-05,2024-12-23,1
2461,customer2461@example.com,Phan Tuấn,Nam,1967,50-59,Chuyên gia tài chính,TP HCM,Việt Nam,Platinum,2,1,9,2015-07-16,2023-11-29,1
2462,customer2462@example.com,Hồ Bình,Nam,1989,30-39,Kiến trúc sư,Hà Nội,Expat,Platinum,3,1,8,2019-07-16,2023-06-28,1
2463,customer2463@example.com,Phan Minh,Nam,1998,25-29,Giám đốc,Hà Nội,Expat,Platinum,3,1,6,2020-09-05,2024-12-03,1
2464,customer2464@example.com,Đặng Khánh,Nam,1989,30-39,Bác sĩ,TP HCM,Việt Nam,Diamond,3,1,9,2021-08-03,2023-01-20,1
2465,customer2465@example.com,Phan Việt,Nam,1976,40-49,Doanh nhân,Đà Nẵng,Việt Nam,Silver,4,1,2,2018-06-21,2023-05-15,1
2466,customer2466@example.com,Ngô Hải,Nam,1983,40-49,Kiến trúc sư,TP HCM,Việt Nam,Diamond,1,1,6,2023-04-05,2023-12-28,1
2467,customer2467@example.com,Đặng Thu,Nữ,1980,40-49,Giám đốc,Hà Nội,Việt Nam,Gold,2,1,1,2022-12-12,2023-11-09,1
2468,customer2468@example.com,Lê Thu,Nữ,1986,30-39,Kiến trúc sư,TP HCM,Expat,Silver,4,1,1,2021-02-28,2024-08-06,1
2469,customer2469@example.com,Đỗ Thu,Nữ,1993,30-39,Doanh nhân,Hải Phòng,Việt Nam,Silver,2,1,3,2016-04-21,2023-07-30,1
2470,customer2470@example.com,Nguyễn Yến,Nữ,1963,60+,Luật sư,Hà Nội,Việt Nam,Platinum,2,1,9,2022-02-16,2024-08-14,1
2471,customer2471@example.com,Hồ Bình,Nam,1960,60+,Kiến trúc sư,TP HCM,Việt Nam,Silver,2,1,10,2021-10-11,2024-10-16,1
2472,customer2472@example.com,Trần Anh,Nam,1989,30-39,Chuyên gia tài chính,TP HCM,Expat,Diamond,2,1,4,2020-11-03,2024-11-24,1
2473,customer2473@example.com,Bùi Nga,Nữ,1969,50-59,Nhà đầu tư,TP HCM,Việt Nam,Platinum,3,1,4,2021-06-14,2024-04-23,1
2474,customer2474@example.com,Ngô Trung,Nam,1963,60+,Doanh nhân,TP HCM,Việt Nam,Gold,3,1,10,2021-07-13,2024-09-18,1
2475,customer2475@example.com,Phan Thu,Nữ,1977,40-49,Kiến trúc sư,Bình Dương,Việt Nam,Silver,1,1,8,2019-07-09,2024-08-18,1
2476,customer2476@example.com,Lê Quang,Nam,1987,30-39,Chuyên gia tài chính,Hà Nội,Việt Nam,Platinum,3,1,10,2016-03-22,2024-12-06,1
2477,customer2477@example.com,Phan Phương,Nữ,1975,40-49,Luật sư,Đồng Nai,Việt Nam,Diamond,1,1,8,2021-10-18,2024-12-21,1
2478,customer2478@example.com,Bùi Hà,Nữ,1983,40-49,Chuyên gia tài chính,TP HCM,Việt Nam,Diamond,4,1,6,2019-09-03,2024-11-12,1
2479,customer2479@example.com,Đặng Thành,Nam,1984,40-49,Kiến trúc sư,Quảng Ninh,Việt Nam,Silver,1,1,8,2022-10-11,2023-08-04,0
2480,customer2480@example.com,Dương Ánh,Nữ,1966,50-59,Người nổi tiếng,TP HCM,Việt Nam,Diamond,2,1,6,2022-05-17,2023-01-27,1
2481,customer2481@example.com,Bùi Thành,Nam,1991,30-39,Luật sư,TP HCM,Việt Nam,Silver,3,1,5,2015-02-25,2023-08-30,1
2482,customer2482@example.com,Đỗ Phương,Nữ,1997,25-29,Chuyên gia tài chính,Hà Nội,Việt Nam,Platinum,1,1,3,2017-07-07,2023-03-31,1
2483,customer2483@example.com,Phan Đức,Nam,1985,30-39,Bác sĩ,TP HCM,Việt Nam,Platinum,3,1,2,2018-03-12,2024-09-30,1
2484,customer2484@example.com,Ngô Lan,Nữ,1998,25-29,Luật sư,Hà Nội,Việt Nam,Silver,4,1,2,2018-04-11,2024-03-10,1
2485,customer2485@example.com,Đỗ Linh,Nữ,1962,60+,Chuyên gia tài chính,Hà Nội,Việt Nam,Gold,1,1,3,2015-05-31,2023-02-11,1
2486,customer2486@example.com,Trần Linh,Nữ,1976,40-49,Nhà đầu tư,Quảng Ninh,Việt Nam,Diamond,3,1,10,2018-01-27,2024-04-26,1
2487,customer2487@example.com,Trần Thành,Nam,1970,50-59,Luật sư,Đồng Nai,Việt Nam,Diamond,2,1,8,2022-08-04,2023-01-15,1
2488,customer2488@example.com,Đặng Trang,Nữ,1961,60+,Nhà đầu tư,Hà Nội,Việt Nam,Platinum,2,1,1,2019-02-02,2024-01-31,1
2489,customer2489@example.com,Ngô Nga,Nữ,1995,25-29,Luật sư,TP HCM,Expat,Gold,3,1,6,2021-07-06,2023-12-07,0
2490,customer2490@example.com,Ngô Nga,Nữ,1973,50-59,Nhà đầu tư,Hà Nội,Việt Nam,Platinum,3,1,4,2017-08-08,2024-10-23,1
2491,customer2491@example.com,Đỗ Trang,Nữ,1972,50-59,Doanh nhân,Hà Nội,Việt Nam,Silver,2,1,4,2019-06-28,2024-08-02,1
2492,customer2492@example.com,Đỗ Minh,Nam,1987,30-39,Bác sĩ,Khánh Hòa,Việt Nam,Silver,4,1,6,2018-10-13,2024-11-23,0
2493,customer2493@example.com,Dương Trung,Nam,1989,30-39,Doanh nhân,TP HCM,Expat,Gold,1,1,6,2022-08-09,2023-04-21,1
2494,customer2494@example.com,Đỗ Đức,Nam,1973,50-59,Kiến trúc sư,Hà Nội,Việt Nam,Gold,4,1,3,2016-04-14,2024-01-27,1
2495,customer2495@example.com,Hồ Đức,Nam,1995,25-29,Luật sư,Đà Nẵng,Việt Nam,Gold,1,1,10,2016-10-07,2024-08-14,1
2496,customer2496@example.com,Nguyễn Hải,Nam,1967,50-59,Luật sư,Hà Nội,Việt Nam,Silver,4,1,1,2015-08-16,2024-07-26,1
2497,customer2497@example.com,Phạm Anh,Nam,1992,30-39,Người nổi tiếng,TP HCM,Việt Nam,Gold,1,1,6,2018-03-17,2024-09-27,1
2498,customer2498@example.com,Bùi Thu,Nữ,1994,30-39,Bác sĩ,Đồng Nai,Expat,Silver,2,1,3,2016-10-12,2024-12-10,1
2499,customer2499@example.com,Lê Quang,Nam,1965,50-59,Doanh nhân,Đồng Nai,Việt Nam,Platinum,3,1,9,2021-07-02,2023-11-28,1
2500,customer2500@example.com,Vũ Lan,Nữ,1991,30-39,Nhà đầu tư,Hải Phòng,Việt Nam,Gold,3,1,8,2016-09-29,2024-12-12,1
2501,customer2501@example.com,Phan Thu,Nữ,1971,50-59,Luật sư,TP HCM,Việt Nam,Silver,4,1,9,2021-01-05,2023-09-25,0
2502,customer2502@example.com,Hoàng Quang,Nam,1998,25-29,Chuyên gia tài chính,TP HCM,Việt Nam,Platinum,4,1,2,2016-08-05,2024-09-21,1
2503,customer2503@example.com,Bùi Thảo,Nữ,1969,50-59,Bác sĩ,TP HCM,Việt Nam,Gold,2,1,7,2022-09-15,2023-03-14,1
2504,customer2504@example.com,Trần Thu,Nữ,1976,40-49,Doanh nhân,Hà Nội,Việt Nam,Gold,4,1,1,2018-10-02,2024-02-01,1
2505,customer2505@example.com,Bùi Lan,Nữ,1994,30-39,Luật sư,Hà Nội,Việt Nam,Gold,4,1,5,2020-04-17,2024-08-14,1
2506,customer2506@example.com,Đặng Trung,Nam,1969,50-59,Luật sư,Đồng Nai,Expat,Platinum,3,1,3,2021-03-30,2024-12-02,1
2507,customer2507@example.com,Trần Hà,Nữ,1977,40-49,Nhà đầu tư,Hải Phòng,Việt Nam,Gold,3,1,9,2015-03-22,2024-06-18,1
2508,customer2508@example.com,Nguyễn Khánh,Nam,1990,30-39,Nhà đầu tư,TP HCM,Expat,Gold,1,1,8,2020-03-29,2024-10-26,1
2509,customer2509@example.com,Hoàng Minh,Nam,1990,30-39,Kiến trúc sư,Hà Nội,Việt Nam,Gold,3,1,8,2021-09-11,2024-01-24,1
2510,customer2510@example.com,Vũ Hùng,Nam,1978,40-49,Doanh nhân,TP HCM,Việt Nam,Silver,1,1,1,2022-08-02,2024-04-25,0
2511,customer2511@example.com,Bùi Khánh,Nam,1991,30-39,Chuyên gia tài chính,Hà Nội,Việt Nam,Gold,2,1,6,2022-06-17,2023-10-23,1
2512,customer2512@example.com,Ngô Anh,Nam,1974,50-59,Bác sĩ,Hà Nội,Việt Nam,Platinum,4,1,6,2022-01-01,2024-09-09,1
2513,customer2513@example.com,Hồ Linh,Nữ,1981,40-49,Nhà đầu tư,TP HCM,Expat,Diamond,3,1,5,2016-11-15,2023-12-21,1
2514,customer2514@example.com,Nguyễn Thảo,Nữ,1970,50-59,Giám đốc,TP HCM,Việt Nam,Platinum,2,1,8,2018-04-09,2023-02-10,1
2515,customer2515@example.com,Phạm Linh,Nữ,1965,50-59,Người nổi tiếng,Khánh Hòa,Expat,Platinum,4,1,7,2023-06-06,2024-02-09,1
2516,customer2516@example.com,Bùi Hoa,Nữ,1984,40-49,Nhà đầu tư,Đà Nẵng,Việt Nam,Gold,3,1,8,2015-12-29,2024-04-13,1
2517,customer2517@example.com,Bùi Long,Nam,1983,40-49,Nhà đầu tư,TP HCM,Việt Nam,Silver,1,1,9,2015-08-27,2023-08-05,1
2518,customer2518@example.com,Vũ Mai,Nữ,1992,30-39,Kiến trúc sư,Đà Nẵng,Việt Nam,Gold,3,1,6,2015-04-20,2024-08-01,1
2519,customer2519@example.com,Lê Thảo,Nữ,1973,50-59,Chuyên gia tài chính,Đà Nẵng,Việt Nam,Diamond,1,1,2,2016-04-22,2023-04-03,1
2520,customer2520@example.com,Phan Việt,Nam,1993,30-39,Giám đốc,Khánh Hòa,Việt Nam,Platinum,3,1,10,2017-06-29,2023-06-19,0
2521,customer2521@example.com,Vũ Hoa,Nữ,1996,25-29,Luật sư,Hà Nội,Việt Nam,Platinum,2,1,5,2022-10-10,2024-06-28,0
2522,customer2522@example.com,Lê Anh,Nam,1969,50-59,Nhà đầu tư,Hà Nội,Việt Nam,Diamond,4,1,3,2015-02-05,2023-12-09,1
2523,customer2523@example.com,Lê Hà,Nữ,1994,30-39,Người nổi tiếng,Đồng Nai,Việt Nam,Silver,2,1,2,2018-02-28,2024-04-26,1
2524,customer2524@example.com,Ngô Yến,Nữ,1998,25-29,Kiến trúc sư,TP HCM,Việt Nam,Silver,2,1,8,2016-02-29,2024-05-08,1
2525,customer2525@example.com,Dương Mai,Nữ,1990,30-39,Giám đốc,Hà Nội,Việt Nam,Silver,3,1,9,2015-07-14,2023-10-05,1
2526,customer2526@example.com,Vũ Bình,Nam,1971,50-59,Nhà đầu tư,TP HCM,Việt Nam,Gold,4,1,10,2021-01-28,2024-06-21,1
2527,customer2527@example.com,Hoàng Thảo,Nữ,1981,40-49,Chuyên gia tài chính,TP HCM,Expat,Platinum,1,1,4,2018-02-11,2023-01-05,1
2528,customer2528@example.com,Ngô Đức,Nam,1997,25-29,Nhà đầu tư,Quảng Ninh,Expat,Platinum,4,1,3,2022-10-19,2024-04-09,1
2529,customer2529@example.com,Phạm Long,Nam,1997,25-29,Nhà đầu tư,Đồng Nai,Việt Nam,Silver,2,1,5,2020-12-02,2023-10-21,1
2530,customer2530@example.com,Phạm Hằng,Nữ,1998,25-29,Chuyên gia tài chính,TP HCM,Expat,Silver,3,1,7,2021-03-20,2024-02-16,1
2531,customer2531@example.com,Nguyễn Việt,Nam,1975,40-49,Người nổi tiếng,Hà Nội,Việt Nam,Gold,1,1,6,2017-08-08,2023-04-15,1
2532,customer2532@example.com,Đặng Anh,Nam,1968,50-59,Kiến trúc sư,Hà Nội,Việt Nam,Platinum,2,1,8,2015-10-04,2024-07-03,1
2533,customer2533@example.com,Hoàng Bình,Nam,1978,40-49,Chuyên gia tài chính,TP HCM,Expat,Platinum,1,1,3,2022-01-06,2023-03-20,1
2534,customer2534@example.com,Bùi Tuấn,Nam,1991,30-39,Người nổi tiếng,TP HCM,Việt Nam,Diamond,4,1,2,2018-07-30,2024-12-14,1
2535,customer2535@example.com,Phan Yến,Nữ,1992,30-39,Nhà đầu tư,TP HCM,Việt Nam,Silver,3,1,2,2020-11-11,2023-01-30,1
2536,customer2536@example.com,Lê Hùng,Nam,1981,40-49,Bác sĩ,Đồng Nai,Việt Nam,Gold,4,1,10,2015-06-19,2023-11-20,1
2537,customer2537@example.com,Đỗ Trang,Nữ,1984,40-49,Kiến trúc sư,Hà Nội,Việt Nam,Silver,3,1,8,2015-05-28,2023-12-03,1
2538,customer2538@example.com,Hồ Đức,Nam,1965,50-59,Bác sĩ,Hải Phòng,Việt Nam,Platinum,4,1,2,2023-03-24,2023-06-21,1
2539,customer2539@example.com,Phạm Quang,Nam,1961,60+,Nhà đầu tư,TP HCM,Expat,Silver,4,1,8,2021-02-10,2024-02-03,1
2540,customer2540@example.com,Đặng Mai,Nữ,1971,50-59,Người nổi tiếng,Đà Nẵng,Expat,Platinum,2,1,1,2020-09-02,2024-05-09,1
2541,customer2541@example.com,Đặng Hùng,Nam,1977,40-49,Doanh nhân,TP HCM,Việt Nam,Silver,2,1,5,2022-02-25,2024-10-10,1
2542,customer2542@example.com,Phạm Nga,Nữ,1990,30-39,Nhà đầu tư,Hà Nội,Expat,Silver,4,1,8,2022-03-24,2024-12-31,1
2543,customer2543@example.com,Phan Đức,Nam,1976,40-49,Chuyên gia tài chính,TP HCM,Việt Nam,Gold,1,1,3,2020-03-08,2023-08-14,1
2544,customer2544@example.com,Bùi Hải,Nam,1970,50-59,Người nổi tiếng,Đồng Nai,Việt Nam,Platinum,3,1,1,2023-02-25,2023-06-06,1
2545,customer2545@example.com,Vũ Yến,Nữ,1978,40-49,Luật sư,Quảng Ninh,Việt Nam,Diamond,4,1,1,2018-04-15,2023-04-17,1
2546,customer2546@example.com,Bùi Hà,Nữ,1995,25-29,Giám đốc,TP HCM,Việt Nam,Gold,3,1,7,2022-03-26,2024-04-16,1
2547,customer2547@example.com,Vũ Phương,Nữ,1981,40-49,Doanh nhân,Hà Nội,Expat,Gold,3,1,7,2020-08-07,2023-08-22,1
2548,customer2548@example.com,Ngô Tuấn,Nam,1964,60+,Kiến trúc sư,TP HCM,Việt Nam,Gold,4,1,1,2015-02-13,2024-11-06,1
2549,customer2549@example.com,Hồ Trung,Nam,1975,40-49,Kiến trúc sư,Khánh Hòa,Việt Nam,Gold,3,1,3,2019-09-24,2023-10-09,0
2550,customer2550@example.com,Hồ Yến,Nữ,1961,60+,Chuyên gia tài chính,Hà Nội,Việt Nam,Diamond,1,1,4,2017-09-30,2024-08-12,1
2551,customer2551@example.com,Ngô Thành,Nam,1975,40-49,Người nổi tiếng,Hà Nội,Việt Nam,Silver,2,1,4,2018-12-28,2024-03-10,1
2552,customer2552@example.com,Bùi Việt,Nam,1980,40-49,Giám đốc,Hà Nội,Việt Nam,Diamond,3,1,4,2017-04-26,2024-04-13,1
2553,customer2553@example.com,Vũ Bình,Nam,1980,40-49,Doanh nhân,Hà Nội,Việt Nam,Gold,4,1,2,2018-07-29,2024-01-26,1
2554,customer2554@example.com,Đặng Trang,Nữ,1983,40-49,Kiến trúc sư,TP HCM,Việt Nam,Gold,3,1,6,2015-04-15,2023-12-17,1
2555,customer2555@example.com,Lê Trung,Nam,1984,40-49,Giám đốc,TP HCM,Việt Nam,Gold,3,1,2,2021-04-09,2023-08-18,1
2556,customer2556@example.com,Lê Khánh,Nam,1980,40-49,Chuyên gia tài chính,Hà Nội,Expat,Diamond,2,1,2,2019-06-04,2024-10-27,1
2557,customer2557@example.com,Trần Long,Nam,1971,50-59,Chuyên gia tài chính,TP HCM,Việt Nam,Silver,1,1,4,2015-06-15,2024-11-11,1
2558,customer2558@example.com,Đặng Linh,Nữ,1976,40-49,Doanh nhân,TP HCM,Việt Nam,Silver,1,1,4,2023-03-05,2024-01-07,1
2559,customer2559@example.com,Ngô Hùng,Nam,1971,50-59,Bác sĩ,Đà Nẵng,Việt Nam,Diamond,1,1,3,2021-07-14,2023-07-25,1
2560,customer2560@example.com,Hoàng Ánh,Nữ,1974,50-59,Doanh nhân,TP HCM,Việt Nam,Platinum,1,1,9,2015-06-08,2024-01-06,1
2561,customer2561@example.com,Đặng Trung,Nam,1982,40-49,Chuyên gia tài chính,TP HCM,Việt Nam,Silver,4,1,10,2017-11-01,2023-04-01,1
2562,customer2562@example.com,Phan Long,Nam,1969,50-59,Nhà đầu tư,Hà Nội,Việt Nam,Gold,1,1,4,2018-05-24,2023-08-27,1
2563,customer2563@example.com,Trần Linh,Nữ,1990,30-39,Luật sư,TP HCM,Việt Nam,Gold,2,1,8,2019-10-18,2024-07-13,1
2564,customer2564@example.com,Phạm Long,Nam,1991,30-39,Bác sĩ,Hà Nội,Việt Nam,Silver,2,1,10,2015-12-20,2024-12-13,1
2565,customer2565@example.com,Nguyễn Hùng,Nam,1974,50-59,Kiến trúc sư,TP HCM,Việt Nam,Silver,1,1,9,2021-02-10,2024-10-22,1
2566,customer2566@example.com,Vũ Anh,Nam,1997,25-29,Nhà đầu tư,Hà Nội,Việt Nam,Silver,1,1,10,2021-08-14,2023-02-06,1
2567,customer2567@example.com,Phạm Hải,Nam,1973,50-59,Nhà đầu tư,Khánh Hòa,Việt Nam,Platinum,1,1,8,2016-09-12,2023-08-28,1
2568,customer2568@example.com,Nguyễn Thảo,Nữ,1991,30-39,Giám đốc,Đồng Nai,Việt Nam,Platinum,2,1,9,2021-04-25,2023-04-05,1
2569,customer2569@example.com,Nguyễn Nga,Nữ,1978,40-49,Doanh nhân,Hà Nội,Việt Nam,Platinum,1,1,4,2018-01-20,2023-09-27,1
2570,customer2570@example.com,Đặng Hoa,Nữ,1961,60+,Kiến trúc sư,Đồng Nai,Việt Nam,Gold,1,1,8,2020-02-02,2023-12-22,1
2571,customer2571@example.com,Ngô Anh,Nam,1982,40-49,Người nổi tiếng,Hà Nội,Việt Nam,Gold,2,1,2,2019-06-04,2023-01-27,1
2572,customer2572@example.com,Ngô Hoa,Nữ,1992,30-39,Giám đốc,TP HCM,Expat,Platinum,1,1,6,2022-09-27,2024-03-26,1
2573,customer2573@example.com,Dương Trung,Nam,1972,50-59,Nhà đầu tư,Bình Dương,Việt Nam,Gold,4,1,1,2015-02-25,2023-12-20,1
2574,customer2574@example.com,Đỗ Hà,Nữ,1985,30-39,Nhà đầu tư,TP HCM,Việt Nam,Platinum,2,1,4,2017-06-12,2024-12-07,1
2575,customer2575@example.com,Trần Khánh,Nam,1991,30-39,Chuyên gia tài chính,TP HCM,Việt Nam,Silver,4,1,2,2018-01-28,2024-11-02,0
2576,customer2576@example.com,Phạm Mai,Nữ,1972,50-59,Luật sư,Hà Nội,Việt Nam,Platinum,4,1,6,2020-12-29,2024-05-17,1
2577,customer2577@example.com,Phạm Bình,Nam,1970,50-59,Chuyên gia tài chính,TP HCM,Việt Nam,Gold,2,1,3,2020-11-18,2023-11-29,1
2578,customer2578@example.com,Bùi Hải,Nam,1983,40-49,Kiến trúc sư,TP HCM,Expat,Silver,1,1,10,2019-09-20,2023-01-25,1
2579,customer2579@example.com,Lê Ngọc,Nữ,1993,30-39,Luật sư,TP HCM,Việt Nam,Diamond,4,1,4,2019-06-12,2024-07-30,1
2580,customer2580@example.com,Phạm Thành,Nam,1969,50-59,Doanh nhân,Hà Nội,Việt Nam,Gold,4,1,6,2020-10-26,2023-11-15,1
2581,customer2581@example.com,Vũ Trang,Nữ,1993,30-39,Người nổi tiếng,Khánh Hòa,Việt Nam,Gold,4,1,2,2016-06-17,2023-02-09,1
2582,customer2582@example.com,Phan Hải,Nam,1989,30-39,Bác sĩ,TP HCM,Việt Nam,Silver,3,1,6,2020-10-03,2023-11-06,0
2583,customer2583@example.com,Ngô Việt,Nam,1967,50-59,Kiến trúc sư,Hà Nội,Việt Nam,Gold,1,1,5,2022-12-23,2023-08-08,1
2584,customer2584@example.com,Vũ Thành,Nam,1964,60+,Nhà đầu tư,Hà Nội,Việt Nam,Diamond,2,1,7,2015-11-08,2023-04-02,1
2585,customer2585@example.com,Ngô Khánh,Nam,1985,30-39,Doanh nhân,Hải Phòng,Việt Nam,Platinum,3,1,7,2018-12-07,2023-09-22,1
2586,customer2586@example.com,Phạm Hằng,Nữ,1992,30-39,Kiến trúc sư,Đồng Nai,Expat,Diamond,2,1,8,2020-01-26,2023-04-02,1
2587,customer2587@example.com,Hoàng Việt,Nam,1972,50-59,Kiến trúc sư,TP HCM,Việt Nam,Diamond,3,1,7,2019-10-03,2023-01-30,0
2588,customer2588@example.com,Trần Trung,Nam,1965,50-59,Nhà đầu tư,TP HCM,Việt Nam,Gold,2,1,4,2020-11-10,2024-01-21,1
2589,customer2589@example.com,Hồ Mai,Nữ,1977,40-49,Giám đốc,TP HCM,Việt Nam,Platinum,2,1,7,2020-12-12,2023-08-26,1
2590,customer2590@example.com,Phan Anh,Nam,1997,25-29,Người nổi tiếng,Hà Nội,Việt Nam,Silver,1,1,10,2021-06-07,2023-03-29,1
2591,customer2591@example.com,Bùi Hoa,Nữ,1962,60+,Giám đốc,Hà Nội,Việt Nam,Platinum,1,1,4,2018-01-31,2024-06-24,1
2592,customer2592@example.com,Ngô Thu,Nữ,1972,50-59,Người nổi tiếng,Hà Nội,Việt Nam,Silver,4,1,10,2018-09-16,2024-12-30,1
2593,customer2593@example.com,Hoàng Ngọc,Nữ,1967,50-59,Bác sĩ,TP HCM,Việt Nam,Silver,4,1,7,2021-06-17,2023-12-04,1
2594,customer2594@example.com,Ngô Khánh,Nam,1990,30-39,Chuyên gia tài chính,Bình Dương,Việt Nam,Silver,1,1,1,2016-04-04,2024-02-29,1
2595,customer2595@example.com,Phạm Long,Nam,1988,30-39,Kiến trúc sư,TP HCM,Việt Nam,Silver,3,1,10,2017-01-24,2023-08-28,1
2596,customer2596@example.com,Ngô Đức,Nam,1986,30-39,Luật sư,Hải Phòng,Việt Nam,Diamond,4,1,2,2022-09-14,2024-11-30,1
2597,customer2597@example.com,Đặng Minh,Nam,1965,50-59,Người nổi tiếng,TP HCM,Expat,Silver,3,1,6,2020-01-11,2024-02-19,1
2598,customer2598@example.com,Hoàng Việt,Nam,1962,60+,Kiến trúc sư,TP HCM,Việt Nam,Diamond,3,1,3,2022-01-06,2024-12-23,1
2599,customer2599@example.com,Ngô Hải,Nam,1980,40-49,Bác sĩ,Hải Phòng,Expat,Diamond,2,1,4,2020-06-02,2023-06-23,1
2600,customer2600@example.com,Vũ Ánh,Nữ,1982,40-49,Người nổi tiếng,TP HCM,Việt Nam,Platinum,1,1,3,2019-08-26,2023-11-30,1
2601,customer2601@example.com,Trần Hà,Nữ,1990,30-39,Giám đốc,TP HCM,Việt Nam,Diamond,1,1,9,2020-04-03,2023-02-08,1
2602,customer2602@example.com,Ngô Lan,Nữ,1964,60+,Người nổi tiếng,Đà Nẵng,Việt Nam,Diamond,1,1,2,2018-05-16,2024-02-15,1
2603,customer2603@example.com,Trần Phương,Nữ,1965,50-59,Luật sư,Hà Nội,Việt Nam,Gold,3,1,3,2023-03-16,2023-11-06,1
2604,customer2604@example.com,Ngô Hà,Nữ,1973,50-59,Chuyên gia tài chính,Quảng Ninh,Việt Nam,Gold,4,1,5,2021-04-10,2024-11-21,1
2605,customer2605@example.com,Nguyễn Lan,Nữ,1989,30-39,Người nổi tiếng,TP HCM,Expat,Gold,3,1,4,2016-12-07,2023-12-09,1
2606,customer2606@example.com,Dương Anh,Nam,1965,50-59,Doanh nhân,TP HCM,Việt Nam,Silver,4,1,10,2021-07-26,2023-03-03,1
2607,customer2607@example.com,Ngô Lan,Nữ,1986,30-39,Bác sĩ,TP HCM,Việt Nam,Platinum,2,1,9,2017-05-30,2024-08-07,1
2608,customer2608@example.com,Trần Hằng,Nữ,1989,30-39,Kiến trúc sư,TP HCM,Việt Nam,Gold,1,1,1,2015-02-26,2023-07-13,1
2609,customer2609@example.com,Dương Trang,Nữ,1960,60+,Doanh nhân,TP HCM,Việt Nam,Gold,1,1,9,2022-01-30,2024-06-08,1
2610,customer2610@example.com,Dương Ngọc,Nữ,1987,30-39,Luật sư,Hà Nội,Việt Nam,Platinum,1,1,10,2020-10-09,2023-08-29,1
2611,customer2611@example.com,Lê Ánh,Nữ,1998,25-29,Nhà đầu tư,TP HCM,Việt Nam,Gold,4,1,3,2021-11-26,2024-02-24,1
2612,customer2612@example.com,Hồ Hà,Nữ,1978,40-49,Kiến trúc sư,Hải Phòng,Việt Nam,Gold,4,1,8,2019-06-07,2024-01-05,1
2613,customer2613@example.com,Bùi Tuấn,Nam,1998,25-29,Giám đốc,TP HCM,Việt Nam,Gold,3,1,1,2015-06-15,2023-07-18,1
2614,customer2614@example.com,Nguyễn Tuấn,Nam,1969,50-59,Nhà đầu tư,Quảng Ninh,Việt Nam,Diamond,2,1,1,2017-06-06,2023-05-09,1
2615,customer2615@example.com,Phan Mai,Nữ,1976,40-49,Chuyên gia tài chính,Khánh Hòa,Việt Nam,Silver,1,1,8,2023-06-14,2023-09-22,1
2616,customer2616@example.com,Phạm Hải,Nam,1984,40-49,Giám đốc,TP HCM,Việt Nam,Gold,3,1,8,2019-06-26,2024-05-05,1
2617,customer2617@example.com,Ngô Thành,Nam,1981,40-49,Luật sư,TP HCM,Việt Nam,Gold,1,1,1,2023-01-28,2024-01-02,1
2618,customer2618@example.com,Ngô Việt,Nam,1985,30-39,Nhà đầu tư,TP HCM,Việt Nam,Silver,4,1,4,2017-06-08,2023-09-22,1
2619,customer2619@example.com,Lê Ngọc,Nữ,1985,30-39,Luật sư,TP HCM,Expat,Platinum,2,1,8,2022-07-24,2023-06-30,1
2620,customer2620@example.com,Nguyễn Đức,Nam,1966,50-59,Luật sư,Đà Nẵng,Việt Nam,Platinum,1,1,1,2021-02-03,2024-12-10,1
2621,customer2621@example.com,Hoàng Minh,Nam,1973,50-59,Luật sư,Đà Nẵng,Việt Nam,Silver,2,1,4,2022-08-28,2023-05-07,1
2622,customer2622@example.com,Hoàng Hải,Nam,1994,30-39,Nhà đầu tư,TP HCM,Expat,Silver,4,1,9,2022-01-07,2023-01-13,1
2623,customer2623@example.com,Trần Trung,Nam,1988,30-39,Chuyên gia tài chính,Đà Nẵng,Việt Nam,Silver,4,1,10,2022-05-22,2024-01-30,1
2624,customer2624@example.com,Phan Hà,Nữ,1978,40-49,Chuyên gia tài chính,Hà Nội,Việt Nam,Platinum,1,1,6,2020-06-27,2024-11-12,1
2625,customer2625@example.com,Đỗ Anh,Nam,1989,30-39,Bác sĩ,TP HCM,Việt Nam,Silver,2,1,8,2017-03-22,2024-10-25,1
2626,customer2626@example.com,Bùi Nga,Nữ,1993,30-39,Luật sư,Hà Nội,Expat,Gold,2,1,10,2015-06-05,2023-08-15,1
2627,customer2627@example.com,Phạm Ánh,Nữ,1993,30-39,Luật sư,Hà Nội,Việt Nam,Silver,1,1,10,2020-09-19,2024-01-19,1
2628,customer2628@example.com,Dương Nga,Nữ,1982,40-49,Giám đốc,TP HCM,Việt Nam,Silver,1,1,7,2019-11-21,2024-03-20,1
2629,customer2629@example.com,Vũ Ánh,Nữ,1962,60+,Người nổi tiếng,Hà Nội,Việt Nam,Gold,1,1,5,2021-05-16,2024-08-13,1
2630,customer2630@example.com,Lê Yến,Nữ,1975,40-49,Chuyên gia tài chính,Đà Nẵng,Việt Nam,Platinum,2,1,9,2018-10-03,2023-07-09,1
2631,customer2631@example.com,Lê Mai,Nữ,1984,40-49,Giám đốc,TP HCM,Việt Nam,Gold,4,1,5,2017-04-23,2024-08-09,1
2632,customer2632@example.com,Đỗ Phương,Nữ,1974,50-59,Kiến trúc sư,TP HCM,Expat,Silver,2,1,9,2021-04-24,2023-12-23,1
2633,customer2633@example.com,Phan Hằng,Nữ,1986,30-39,Chuyên gia tài chính,Hà Nội,Việt Nam,Gold,2,1,1,2015-08-08,2023-06-03,1
2634,customer2634@example.com,Hồ Tuấn,Nam,1961,60+,Người nổi tiếng,Khánh Hòa,Việt Nam,Gold,2,1,6,2023-04-02,2024-02-04,1
2635,customer2635@example.com,Ngô Trang,Nữ,1973,50-59,Bác sĩ,Hà Nội,Việt Nam,Silver,4,1,5,2021-04-30,2023-08-07,1
2636,customer2636@example.com,Hồ Quang,Nam,1987,30-39,Doanh nhân,Hải Phòng,Việt Nam,Silver,1,1,5,2021-02-25,2024-06-15,1
2637,customer2637@example.com,Phạm Khánh,Nam,1988,30-39,Bác sĩ,TP HCM,Việt Nam,Platinum,2,1,8,2020-10-06,2024-01-01,1
2638,customer2638@example.com,Đặng Hằng,Nữ,1965,50-59,Doanh nhân,Hải Phòng,Việt Nam,Silver,2,1,8,2016-02-01,2024-02-29,1
2639,customer2639@example.com,Trần Lan,Nữ,1995,25-29,Kiến trúc sư,TP HCM,Việt Nam,Silver,3,1,7,2019-11-19,2024-08-11,1
2640,customer2640@example.com,Dương Linh,Nữ,1991,30-39,Luật sư,TP HCM,Việt Nam,Diamond,3,1,3,2020-08-14,2024-08-09,0
2641,customer2641@example.com,Vũ Nga,Nữ,1984,40-49,Giám đốc,TP HCM,Việt Nam,Platinum,3,1,8,2019-12-18,2023-04-03,1
2642,customer2642@example.com,Hoàng Đức,Nam,1988,30-39,Kiến trúc sư,TP HCM,Việt Nam,Gold,3,1,10,2017-05-27,2024-05-30,0
2643,customer2643@example.com,Nguyễn Tuấn,Nam,1980,40-49,Luật sư,Hà Nội,Expat,Gold,4,1,5,2019-05-30,2024-09-14,1
2644,customer2644@example.com,Phạm Long,Nam,1976,40-49,Luật sư,TP HCM,Việt Nam,Gold,2,1,2,2017-02-03,2023-04-15,1
2645,customer2645@example.com,Phạm Yến,Nữ,1962,60+,Người nổi tiếng,Hà Nội,Việt Nam,Silver,3,1,5,2019-09-15,2024-09-28,1
2646,customer2646@example.com,Hoàng Phương,Nữ,1960,60+,Doanh nhân,Hà Nội,Việt Nam,Gold,4,1,7,2023-03-29,2024-08-19,1
2647,customer2647@example.com,Trần Tuấn,Nam,1987,30-39,Bác sĩ,Hà Nội,Việt Nam,Diamond,2,1,10,2022-08-19,2024-02-19,1
2648,customer2648@example.com,Dương Hằng,Nữ,1995,25-29,Giám đốc,TP HCM,Expat,Silver,3,1,2,2018-07-09,2024-06-17,1
2649,customer2649@example.com,Phan Tuấn,Nam,1973,50-59,Nhà đầu tư,Đà Nẵng,Việt Nam,Silver,2,1,9,2018-07-09,2023-11-20,1
2650,customer2650@example.com,Đỗ Hải,Nam,1970,50-59,Người nổi tiếng,Hà Nội,Việt Nam,Silver,1,1,2,2017-01-25,2023-10-29,1
2651,customer2651@example.com,Bùi Hoa,Nữ,1966,50-59,Chuyên gia tài chính,TP HCM,Việt Nam,Diamond,1,1,10,2018-04-24,2024-09-14,1
2652,customer2652@example.com,Vũ Anh,Nam,1972,50-59,Chuyên gia tài chính,Hà Nội,Việt Nam,Silver,1,1,10,2017-06-30,2024-08-13,1
2653,customer2653@example.com,Bùi Hằng,Nữ,1965,50-59,Người nổi tiếng,Hà Nội,Việt Nam,Silver,3,1,10,2016-08-27,2024-09-03,1
2654,customer2654@example.com,Ngô Việt,Nam,1995,25-29,Chuyên gia tài chính,Hà Nội,Expat,Platinum,4,1,2,2016-09-21,2024-08-28,1
2655,customer2655@example.com,Dương Đức,Nam,1964,60+,Kiến trúc sư,TP HCM,Việt Nam,Silver,3,1,1,2022-06-19,2023-02-23,1
2656,customer2656@example.com,Hồ Hùng,Nam,1990,30-39,Người nổi tiếng,TP HCM,Việt Nam,Silver,2,1,8,2017-11-10,2024-07-07,0
2657,customer2657@example.com,Trần Trang,Nữ,1966,50-59,Bác sĩ,Đồng Nai,Việt Nam,Platinum,1,1,4,2015-09-01,2024-02-02,1
2658,customer2658@example.com,Vũ Nga,Nữ,1964,60+,Người nổi tiếng,TP HCM,Việt Nam,Silver,4,1,1,2022-03-19,2023-03-06,1
2659,customer2659@example.com,Hồ Khánh,Nam,1968,50-59,Luật sư,Bình Dương,Việt Nam,Gold,2,1,4,2015-08-31,2023-07-06,1
2660,customer2660@example.com,Ngô Mai,Nữ,1997,25-29,Doanh nhân,TP HCM,Việt Nam,Silver,3,1,6,2021-09-23,2024-03-16,1
2661,customer2661@example.com,Đỗ Khánh,Nam,1961,60+,Nhà đầu tư,TP HCM,Việt Nam,Gold,1,1,5,2019-01-11,2023-02-01,1
2662,customer2662@example.com,Lê Việt,Nam,1964,60+,Doanh nhân,Bình Dương,Việt Nam,Silver,1,1,7,2018-01-27,2023-04-16,1
2663,customer2663@example.com,Hoàng Khánh,Nam,1976,40-49,Nhà đầu tư,Hải Phòng,Expat,Platinum,4,1,2,2017-11-17,2023-02-09,1
2664,customer2664@example.com,Vũ Trung,Nam,1977,40-49,Chuyên gia tài chính,Hà Nội,Việt Nam,Gold,4,1,1,2021-08-16,2024-11-27,1
2665,customer2665@example.com,Nguyễn Hằng,Nữ,1992,30-39,Bác sĩ,TP HCM,Việt Nam,Silver,4,1,10,2021-04-02,2023-08-14,1
2666,customer2666@example.com,Hồ Lan,Nữ,1996,25-29,Người nổi tiếng,Hà Nội,Việt Nam,Silver,3,1,3,2022-06-17,2024-09-25,1
2667,customer2667@example.com,Đặng Hà,Nữ,1982,40-49,Người nổi tiếng,Đồng Nai,Việt Nam,Platinum,3,1,8,2019-07-22,2024-02-04,1
2668,customer2668@example.com,Nguyễn Hoa,Nữ,1972,50-59,Nhà đầu tư,Khánh Hòa,Expat,Gold,4,1,2,2020-04-06,2023-10-28,1
2669,customer2669@example.com,Phan Phương,Nữ,1993,30-39,Doanh nhân,Hà Nội,Việt Nam,Platinum,2,1,10,2020-01-01,2024-02-02,1
2670,customer2670@example.com,Lê Ngọc,Nữ,1984,40-49,Nhà đầu tư,TP HCM,Việt Nam,Silver,2,1,5,2019-06-27,2024-07-15,1
2671,customer2671@example.com,Hồ Lan,Nữ,1990,30-39,Giám đốc,TP HCM,Việt Nam,Platinum,4,1,5,2015-07-03,2023-06-11,0
2672,customer2672@example.com,Lê Linh,Nữ,1991,30-39,Giám đốc,Đà Nẵng,Việt Nam,Silver,2,1,4,2018-10-25,2023-06-05,1
2673,customer2673@example.com,Nguyễn Yến,Nữ,1962,60+,Chuyên gia tài chính,Đà Nẵng,Việt Nam,Gold,4,1,2,2020-01-28,2023-07-04,1
2674,customer2674@example.com,Dương Tuấn,Nam,1981,40-49,Doanh nhân,TP HCM,Expat,Diamond,3,1,4,2015-12-26,2023-07-12,1
2675,customer2675@example.com,Vũ Lan,Nữ,1983,40-49,Chuyên gia tài chính,TP HCM,Việt Nam,Silver,2,1,4,2016-09-04,2023-05-10,1
2676,customer2676@example.com,Đỗ Hùng,Nam,1960,60+,Bác sĩ,Đồng Nai,Việt Nam,Diamond,2,1,2,2018-02-09,2024-12-16,1
2677,customer2677@example.com,Nguyễn Việt,Nam,1977,40-49,Người nổi tiếng,TP HCM,Việt Nam,Diamond,2,1,8,2020-05-27,2024-08-28,1
2678,customer2678@example.com,Nguyễn Việt,Nam,1979,40-49,Bác sĩ,Hà Nội,Việt Nam,Diamond,2,1,4,2016-01-15,2023-08-11,1
2679,customer2679@example.com,Trần Anh,Nam,1992,30-39,Doanh nhân,Khánh Hòa,Việt Nam,Gold,2,1,5,2016-10-28,2024-02-23,1
2680,customer2680@example.com,Dương Phương,Nữ,1993,30-39,Nhà đầu tư,Hải Phòng,Việt Nam,Gold,4,1,8,2018-03-02,2023-12-22,1
2681,customer2681@example.com,Dương Trang,Nữ,1973,50-59,Kiến trúc sư,TP HCM,Expat,Silver,4,1,3,2018-07-12,2023-11-15,1
2682,customer2682@example.com,Hồ Hải,Nam,1968,50-59,Luật sư,TP HCM,Việt Nam,Gold,2,1,9,2015-04-14,2023-12-06,0
2683,customer2683@example.com,Phan Hải,Nam,1976,40-49,Luật sư,TP HCM,Việt Nam,Gold,4,1,3,2015-01-30,2023-09-26,1
2684,customer2684@example.com,Vũ Hằng,Nữ,1987,30-39,Doanh nhân,TP HCM,Việt Nam,Diamond,3,1,6,2022-12-04,2024-12-14,1
2685,customer2685@example.com,Ngô Ánh,Nữ,1965,50-59,Bác sĩ,Hà Nội,Việt Nam,Silver,2,1,7,2021-03-25,2024-01-04,1
2686,customer2686@example.com,Dương Việt,Nam,1983,40-49,Bác sĩ,TP HCM,Việt Nam,Platinum,4,1,5,2022-12-25,2023-03-26,1
2687,customer2687@example.com,Nguyễn Ánh,Nữ,1974,50-59,Giám đốc,Hà Nội,Việt Nam,Silver,3,1,6,2016-08-06,2024-08-28,1
2688,customer2688@example.com,Phan Trang,Nữ,1979,40-49,Người nổi tiếng,Hà Nội,Expat,Silver,4,1,2,2016-05-16,2024-11-30,1
2689,customer2689@example.com,Phạm Long,Nam,1974,50-59,Người nổi tiếng,Hà Nội,Việt Nam,Gold,1,1,2,2015-04-14,2023-02-16,1
2690,customer2690@example.com,Hoàng Thảo,Nữ,1974,50-59,Người nổi tiếng,TP HCM,Việt Nam,Platinum,4,1,2,2023-03-25,2024-06-27,1
2691,customer2691@example.com,Bùi Quang,Nam,1990,30-39,Doanh nhân,Khánh Hòa,Expat,Platinum,2,1,2,2019-02-09,2024-08-09,1
2692,customer2692@example.com,Hoàng Linh,Nữ,1998,25-29,Người nổi tiếng,TP HCM,Expat,Gold,4,1,5,2021-07-17,2023-02-16,1
2693,customer2693@example.com,Trần Tuấn,Nam,1973,50-59,Bác sĩ,Hà Nội,Expat,Silver,1,1,8,2015-02-26,2023-10-24,1
2694,customer2694@example.com,Ngô Khánh,Nam,1979,40-49,Luật sư,Hải Phòng,Việt Nam,Silver,4,1,8,2017-11-13,2023-01-07,1
2695,customer2695@example.com,Vũ Quang,Nam,1985,30-39,Chuyên gia tài chính,TP HCM,Việt Nam,Diamond,4,1,3,2016-10-25,2024-07-16,1
2696,customer2696@example.com,Dương Anh,Nam,1971,50-59,Bác sĩ,Hà Nội,Việt Nam,Silver,4,1,9,2016-11-06,2024-05-07,1
2697,customer2697@example.com,Lê Hằng,Nữ,1988,30-39,Kiến trúc sư,Đà Nẵng,Việt Nam,Silver,1,1,5,2023-02-04,2024-01-04,1
2698,customer2698@example.com,Lê Ánh,Nữ,1996,25-29,Doanh nhân,Đồng Nai,Việt Nam,Diamond,1,1,5,2021-02-02,2023-12-27,1
2699,customer2699@example.com,Phạm Long,Nam,1971,50-59,Kiến trúc sư,Hà Nội,Việt Nam,Platinum,3,1,10,2021-04-22,2023-04-04,1
2700,customer2700@example.com,Phan Hoa,Nữ,1987,30-39,Bác sĩ,Khánh Hòa,Việt Nam,Silver,4,1,4,2020-03-30,2024-07-24,1
2701,customer2701@example.com,Hoàng Yến,Nữ,1961,60+,Luật sư,Hải Phòng,Việt Nam,Diamond,1,1,2,2022-09-24,2024-02-25,1
2702,customer2702@example.com,Ngô Hà,Nữ,1983,40-49,Chuyên gia tài chính,TP HCM,Việt Nam,Silver,2,1,8,2021-06-08,2023-07-22,1
2703,customer2703@example.com,Phạm Khánh,Nam,1986,30-39,Nhà đầu tư,TP HCM,Việt Nam,Gold,4,1,7,2020-10-29,2024-05-19,1
2704,customer2704@example.com,Phạm Nga,Nữ,1996,25-29,Nhà đầu tư,Hà Nội,Việt Nam,Silver,4,1,5,2021-09-05,2023-03-16,1
2705,customer2705@example.com,Nguyễn Thành,Nam,1995,25-29,Kiến trúc sư,Hà Nội,Việt Nam,Platinum,2,1,4,2021-10-25,2024-09-13,0
2706,customer2706@example.com,Trần Nga,Nữ,1985,30-39,Doanh nhân,Hà Nội,Việt Nam,Silver,1,1,6,2018-06-15,2024-06-22,1
2707,customer2707@example.com,Lê Trang,Nữ,1978,40-49,Luật sư,TP HCM,Việt Nam,Gold,1,1,5,2021-07-24,2024-09-10,0
2708,customer2708@example.com,Vũ Hùng,Nam,1993,30-39,Nhà đầu tư,Đà Nẵng,Expat,Silver,4,1,10,2015-03-17,2023-11-16,1
2709,customer2709@example.com,Đặng Đức,Nam,1981,40-49,Doanh nhân,TP HCM,Việt Nam,Gold,4,1,4,2019-05-05,2024-04-07,1
2710,customer2710@example.com,Hồ Quang,Nam,1997,25-29,Giám đốc,Hà Nội,Việt Nam,Silver,2,1,7,2018-06-05,2023-08-18,1
2711,customer2711@example.com,Bùi Việt,Nam,1983,40-49,Nhà đầu tư,TP HCM,Việt Nam,Silver,3,1,6,2021-12-16,2024-04-25,1
2712,customer2712@example.com,Hồ Thu,Nữ,1983,40-49,Luật sư,Hà Nội,Expat,Gold,1,1,2,2022-08-22,2023-12-10,1
2713,customer2713@example.com,Hồ Bình,Nam,1989,30-39,Luật sư,TP HCM,Việt Nam,Platinum,4,1,1,2021-07-29,2024-03-10,1
2714,customer2714@example.com,Bùi Trang,Nữ,1992,30-39,Nhà đầu tư,Đà Nẵng,Việt Nam,Platinum,3,1,10,2020-04-26,2023-07-25,1
2715,customer2715@example.com,Đỗ Thảo,Nữ,1990,30-39,Luật sư,Khánh Hòa,Expat,Diamond,4,1,5,2018-01-17,2024-05-23,0
2716,customer2716@example.com,Lê Thu,Nữ,1972,50-59,Nhà đầu tư,Hải Phòng,Việt Nam,Diamond,3,1,10,2019-06-01,2023-09-28,1
2717,customer2717@example.com,Vũ Phương,Nữ,1984,40-49,Kiến trúc sư,Hải Phòng,Việt Nam,Diamond,1,1,6,2018-12-19,2024-10-05,1
2718,customer2718@example.com,Đặng Long,Nam,1977,40-49,Chuyên gia tài chính,TP HCM,Việt Nam,Silver,1,1,6,2017-09-15,2024-03-29,1
2719,customer2719@example.com,Ngô Long,Nam,1995,25-29,Nhà đầu tư,Hà Nội,Việt Nam,Gold,3,1,1,2017-08-28,2024-03-27,1
2720,customer2720@example.com,Bùi Hà,Nữ,1977,40-49,Doanh nhân,Đà Nẵng,Việt Nam,Silver,2,1,9,2017-06-03,2023-07-23,1
2721,customer2721@example.com,Đỗ Linh,Nữ,1985,30-39,Bác sĩ,Đà Nẵng,Việt Nam,Gold,4,1,5,2023-04-21,2024-06-21,0
2722,customer2722@example.com,Đặng Linh,Nữ,1961,60+,Người nổi tiếng,Hà Nội,Expat,Diamond,1,1,6,2015-01-06,2024-01-31,1
2723,customer2723@example.com,Phan Hoa,Nữ,1961,60+,Doanh nhân,Hải Phòng,Expat,Gold,2,1,9,2020-01-26,2024-10-08,1
2724,customer2724@example.com,Hoàng Quang,Nam,1972,50-59,Người nổi tiếng,Hà Nội,Việt Nam,Platinum,4,1,7,2023-05-12,2023-02-08,1
2725,customer2725@example.com,Phạm Việt,Nam,1991,30-39,Người nổi tiếng,Hà Nội,Việt Nam,Silver,1,1,10,2018-03-07,2023-03-13,0
2726,customer2726@example.com,Lê Anh,Nam,1961,60+,Người nổi tiếng,TP HCM,Việt Nam,Gold,3,1,2,2019-05-24,2023-11-03,1
2727,customer2727@example.com,Đặng Thu,Nữ,1997,25-29,Người nổi tiếng,Hà Nội,Việt Nam,Silver,1,1,7,2015-12-24,2023-09-27,1
2728,customer2728@example.com,Hồ Nga,Nữ,1988,30-39,Kiến trúc sư,Đà Nẵng,Việt Nam,Gold,3,1,1,2018-11-09,2024-11-15,1
2729,customer2729@example.com,Nguyễn Tuấn,Nam,1986,30-39,Người nổi tiếng,Hà Nội,Việt Nam,Gold,3,1,7,2023-06-25,2024-04-26,0
2730,customer2730@example.com,Hồ Hùng,Nam,1994,30-39,Bác sĩ,TP HCM,Việt Nam,Platinum,1,1,4,2021-05-23,2023-04-23,1
2731,customer2731@example.com,Hoàng Nga,Nữ,1989,30-39,Kiến trúc sư,Khánh Hòa,Việt Nam,Platinum,2,1,4,2020-08-02,2024-02-26,1
2732,customer2732@example.com,Phan Trang,Nữ,1960,60+,Doanh nhân,TP HCM,Việt Nam,Silver,4,1,6,2016-05-02,2023-01-31,1
2733,customer2733@example.com,Đặng Lan,Nữ,1962,60+,Người nổi tiếng,TP HCM,Việt Nam,Platinum,3,1,8,2020-12-14,2023-10-03,1
2734,customer2734@example.com,Phạm Long,Nam,1960,60+,Chuyên gia tài chính,TP HCM,Việt Nam,Platinum,3,1,1,2018-04-07,2023-09-26,1
2735,customer2735@example.com,Bùi Lan,Nữ,1971,50-59,Doanh nhân,Hà Nội,Expat,Gold,2,1,7,2017-11-15,2023-09-09,1
2736,customer2736@example.com,Đặng Khánh,Nam,1987,30-39,Chuyên gia tài chính,Đà Nẵng,Việt Nam,Silver,3,1,5,2015-06-20,2024-07-18,1
2737,customer2737@example.com,Phạm Lan,Nữ,1997,25-29,Luật sư,Quảng Ninh,Expat,Silver,3,1,7,2015-01-21,2024-12-31,1
2738,customer2738@example.com,Đỗ Trung,Nam,1987,30-39,Doanh nhân,Hà Nội,Việt Nam,Silver,1,1,3,2021-10-22,2024-09-04,1
2739,customer2739@example.com,Phạm Linh,Nữ,1984,40-49,Doanh nhân,Khánh Hòa,Việt Nam,Silver,2,1,6,2019-06-25,2023-12-28,1
2740,customer2740@example.com,Nguyễn Bình,Nam,1975,40-49,Giám đốc,Hải Phòng,Việt Nam,Platinum,1,1,3,2022-08-28,2024-04-19,1
2741,customer2741@example.com,Trần Tuấn,Nam,1961,60+,Chuyên gia tài chính,Hà Nội,Việt Nam,Diamond,1,1,1,2018-04-11,2023-05-12,1
2742,customer2742@example.com,Dương Khánh,Nam,1962,60+,Nhà đầu tư,Khánh Hòa,Việt Nam,Diamond,3,1,9,2016-05-24,2024-12-10,0
2743,customer2743@example.com,Phan Long,Nam,1963,60+,Kiến trúc sư,Đà Nẵng,Việt Nam,Gold,4,1,8,2021-09-23,2024-04-02,1
2744,customer2744@example.com,Ngô Hải,Nam,1977,40-49,Chuyên gia tài chính,Hà Nội,Việt Nam,Gold,1,1,9,2016-10-04,2024-05-12,1
2745,customer2745@example.com,Lê Quang,Nam,1992,30-39,Kiến trúc sư,Bình Dương,Việt Nam,Platinum,1,1,9,2018-11-07,2023-07-09,1
2746,customer2746@example.com,Hồ Hằng,Nữ,1989,30-39,Giám đốc,TP HCM,Việt Nam,Silver,1,1,9,2016-05-22,2024-08-11,1
2747,customer2747@example.com,Hoàng Trang,Nữ,1979,40-49,Người nổi tiếng,TP HCM,Việt Nam,Silver,3,1,9,2021-03-20,2023-10-16,1
2748,customer2748@example.com,Ngô Minh,Nam,1980,40-49,Bác sĩ,TP HCM,Việt Nam,Platinum,1,1,4,2018-09-23,2023-01-28,1
2749,customer2749@example.com,Phan Nga,Nữ,1998,25-29,Chuyên gia tài chính,TP HCM,Việt Nam,Diamond,3,1,6,2020-09-13,2024-06-07,0
2750,customer2750@example.com,Dương Khánh,Nam,1992,30-39,Bác sĩ,TP HCM,Việt Nam,Platinum,3,1,8,2020-01-26,2024-10-04,1
2751,customer2751@example.com,Phan Phương,Nữ,1977,40-49,Bác sĩ,TP HCM,Expat,Silver,2,1,9,2020-01-07,2023-06-01,1
2752,customer2752@example.com,Đỗ Bình,Nam,1990,30-39,Doanh nhân,Hà Nội,Việt Nam,Silver,3,1,6,2021-09-22,2023-10-19,1
2753,customer2753@example.com,Ngô Trang,Nữ,1996,25-29,Nhà đầu tư,TP HCM,Việt Nam,Platinum,1,1,7,2019-10-13,2023-05-16,1
2754,customer2754@example.com,Hồ Hà,Nữ,1986,30-39,Người nổi tiếng,Hà Nội,Việt Nam,Gold,3,1,1,2016-11-22,2024-04-06,1
2755,customer2755@example.com,Vũ Thảo,Nữ,1961,60+,Giám đốc,Hải Phòng,Expat,Diamond,4,1,3,2022-08-15,2024-05-09,1
2756,customer2756@example.com,Hoàng Hải,Nam,1964,60+,Giám đốc,TP HCM,Việt Nam,Silver,1,1,1,2018-10-20,2023-10-17,1
2757,customer2757@example.com,Phạm Ngọc,Nữ,1995,25-29,Kiến trúc sư,TP HCM,Việt Nam,Silver,3,1,7,2017-02-06,2023-05-06,1
2758,customer2758@example.com,Phan Việt,Nam,1973,50-59,Người nổi tiếng,TP HCM,Expat,Gold,1,1,9,2021-11-14,2023-12-31,1
2759,customer2759@example.com,Trần Lan,Nữ,1997,25-29,Nhà đầu tư,Đà Nẵng,Việt Nam,Silver,4,1,2,2019-02-26,2023-12-04,1
2760,customer2760@example.com,Trần Ánh,Nữ,1970,50-59,Người nổi tiếng,TP HCM,Việt Nam,Gold,1,1,10,2022-08-24,2023-09-06,1
2761,customer2761@example.com,Bùi Phương,Nữ,1962,60+,Chuyên gia tài chính,TP HCM,Việt Nam,Silver,3,1,6,2021-03-10,2023-07-21,1
2762,customer2762@example.com,Phan Đức,Nam,1966,50-59,Bác sĩ,Hà Nội,Việt Nam,Silver,2,1,4,2022-12-08,2023-08-11,1
2763,customer2763@example.com,Đặng Phương,Nữ,1975,40-49,Doanh nhân,Hà Nội,Việt Nam,Platinum,2,1,9,2021-04-14,2024-10-13,1
2764,customer2764@example.com,Bùi Thành,Nam,1964,60+,Luật sư,TP HCM,Việt Nam,Diamond,1,1,7,2020-01-29,2024-03-18,1
2765,customer2765@example.com,Ngô Lan,Nữ,1968,50-59,Luật sư,Hà Nội,Việt Nam,Silver,2,1,7,2019-11-17,2023-10-27,1
2766,customer2766@example.com,Hoàng Long,Nam,1986,30-39,Doanh nhân,Hà Nội,Việt Nam,Silver,2,1,8,2021-09-20,2024-03-20,1
2767,customer2767@example.com,Dương Ánh,Nữ,1998,25-29,Chuyên gia tài chính,TP HCM,Việt Nam,Gold,4,1,5,2018-01-21,2024-09-16,1
2768,customer2768@example.com,Bùi Thu,Nữ,1984,40-49,Giám đốc,Hà Nội,Expat,Gold,2,1,10,2021-11-30,2024-12-21,1
2769,customer2769@example.com,Phan Việt,Nam,1980,40-49,Nhà đầu tư,TP HCM,Việt Nam,Silver,3,1,1,2016-09-17,2024-10-03,1
2770,customer2770@example.com,Đỗ Việt,Nam,1995,25-29,Nhà đầu tư,Hà Nội,Expat,Gold,4,1,9,2015-09-19,2023-05-05,1
2771,customer2771@example.com,Đỗ Việt,Nam,1968,50-59,Bác sĩ,Hà Nội,Việt Nam,Gold,2,1,5,2019-04-21,2024-07-27,1
2772,customer2772@example.com,Phạm Bình,Nam,1963,60+,Luật sư,Hà Nội,Việt Nam,Platinum,1,1,7,2022-07-29,2024-12-30,0
2773,customer2773@example.com,Hoàng Trang,Nữ,1991,30-39,Chuyên gia tài chính,TP HCM,Việt Nam,Diamond,3,1,6,2021-07-20,2024-01-30,1
2774,customer2774@example.com,Hồ Hằng,Nữ,1988,30-39,Chuyên gia tài chính,Hải Phòng,Việt Nam,Gold,1,1,1,2018-12-15,2023-12-12,0
2775,customer2775@example.com,Hồ Khánh,Nam,1985,30-39,Người nổi tiếng,TP HCM,Việt Nam,Silver,3,1,4,2019-08-24,2023-08-18,1
2776,customer2776@example.com,Vũ Hùng,Nam,1983,40-49,Kiến trúc sư,Khánh Hòa,Việt Nam,Diamond,3,1,3,2015-06-23,2023-03-04,1
2777,customer2777@example.com,Vũ Bình,Nam,1992,30-39,Kiến trúc sư,TP HCM,Việt Nam,Gold,1,1,4,2018-08-27,2023-03-26,1
2778,customer2778@example.com,Bùi Hải,Nam,1996,25-29,Doanh nhân,Hải Phòng,Việt Nam,Gold,2,1,4,2018-07-20,2024-07-14,1
2779,customer2779@example.com,Phạm Tuấn,Nam,1976,40-49,Bác sĩ,Đà Nẵng,Việt Nam,Diamond,4,1,7,2022-12-19,2023-07-29,1
2780,customer2780@example.com,Ngô Trang,Nữ,1997,25-29,Doanh nhân,Đà Nẵng,Việt Nam,Silver,1,1,1,2019-07-06,2023-02-11,1
2781,customer2781@example.com,Nguyễn Minh,Nam,1991,30-39,Chuyên gia tài chính,Hà Nội,Việt Nam,Gold,3,1,8,2022-05-04,2023-10-30,1
2782,customer2782@example.com,Đỗ Phương,Nữ,1983,40-49,Doanh nhân,TP HCM,Việt Nam,Silver,2,1,6,2021-11-29,2024-09-27,1
2783,customer2783@example.com,Phạm Hải,Nam,1978,40-49,Luật sư,Hà Nội,Expat,Silver,4,1,8,2023-03-16,2024-01-11,1
2784,customer2784@example.com,Trần Minh,Nam,1987,30-39,Bác sĩ,Đồng Nai,Expat,Silver,4,1,5,2018-10-21,2023-07-25,1
2785,customer2785@example.com,Đặng Đức,Nam,1978,40-49,Bác sĩ,Hà Nội,Việt Nam,Gold,4,1,5,2017-10-16,2023-03-31,1
2786,customer2786@example.com,Phan Hằng,Nữ,1986,30-39,Doanh nhân,Hà Nội,Việt Nam,Silver,4,1,6,2018-10-23,2024-06-06,0
2787,customer2787@example.com,Đặng Hải,Nam,1976,40-49,Chuyên gia tài chính,TP HCM,Việt Nam,Diamond,1,1,4,2019-07-18,2024-10-06,1
2788,customer2788@example.com,Đặng Khánh,Nam,1969,50-59,Chuyên gia tài chính,Hà Nội,Việt Nam,Diamond,4,1,9,2020-06-19,2023-02-12,1
2789,customer2789@example.com,Đặng Hùng,Nam,1980,40-49,Giám đốc,Quảng Ninh,Việt Nam,Gold,4,1,8,2022-09-19,2024-09-05,1
2790,customer2790@example.com,Phan Việt,Nam,1975,40-49,Luật sư,TP HCM,Việt Nam,Platinum,2,1,1,2022-01-23,2024-01-15,1
2791,customer2791@example.com,Ngô Nga,Nữ,1997,25-29,Giám đốc,Bình Dương,Việt Nam,Gold,1,1,8,2021-07-10,2023-10-31,1
2792,customer2792@example.com,Phạm Minh,Nam,1993,30-39,Bác sĩ,Hà Nội,Việt Nam,Silver,3,1,6,2023-04-16,2023-04-24,1
2793,customer2793@example.com,Hoàng Hùng,Nam,1962,60+,Giám đốc,TP HCM,Việt Nam,Gold,3,1,2,2015-07-24,2024-09-13,1
2794,customer2794@example.com,Dương Nga,Nữ,1985,30-39,Luật sư,Hà Nội,Việt Nam,Platinum,1,1,6,2020-05-28,2024-12-26,1
2795,customer2795@example.com,Đặng Trang,Nữ,1972,50-59,Doanh nhân,Hà Nội,Việt Nam,Diamond,1,1,7,2017-12-15,2023-08-27,1
2796,customer2796@example.com,Hồ Ánh,Nữ,1962,60+,Bác sĩ,Hà Nội,Việt Nam,Platinum,3,1,8,2015-09-09,2023-04-24,1
2797,customer2797@example.com,Bùi Ánh,Nữ,1970,50-59,Luật sư,Bình Dương,Expat,Gold,4,1,2,2020-01-14,2024-10-19,1
2798,customer2798@example.com,Bùi Hoa,Nữ,1984,40-49,Người nổi tiếng,TP HCM,Việt Nam,Silver,1,1,8,2023-04-17,2023-08-31,1
2799,customer2799@example.com,Dương Khánh,Nam,1961,60+,Giám đốc,Quảng Ninh,Việt Nam,Platinum,1,1,7,2021-10-20,2024-07-15,1
2800,customer2800@example.com,Đỗ Đức,Nam,1991,30-39,Nhà đầu tư,Hà Nội,Việt Nam,Gold,3,1,5,2015-06-26,2024-01-30,1
2801,customer2801@example.com,Lê Trang,Nữ,1982,40-49,Chuyên gia tài chính,TP HCM,Expat,Gold,1,1,8,2019-04-15,2024-01-13,0
2802,customer2802@example.com,Lê Hà,Nữ,1985,30-39,Doanh nhân,TP HCM,Expat,Silver,2,1,3,2020-01-18,2023-04-24,1
2803,customer2803@example.com,Nguyễn Việt,Nam,1986,30-39,Bác sĩ,Quảng Ninh,Việt Nam,Platinum,1,1,2,2021-04-17,2024-03-22,1
2804,customer2804@example.com,Nguyễn Trung,Nam,1967,50-59,Luật sư,TP HCM,Việt Nam,Gold,3,1,10,2015-01-15,2024-07-23,0
2805,customer2805@example.com,Nguyễn Hà,Nữ,1963,60+,Luật sư,Quảng Ninh,Việt Nam,Gold,2,1,9,2015-04-09,2023-12-19,1
2806,customer2806@example.com,Đặng Hà,Nữ,1989,30-39,Người nổi tiếng,Hải Phòng,Việt Nam,Platinum,4,1,3,2022-10-28,2024-01-30,1
2807,customer2807@example.com,Đỗ Hải,Nam,1966,50-59,Nhà đầu tư,TP HCM,Việt Nam,Gold,4,1,5,2019-11-13,2023-01-29,1
2808,customer2808@example.com,Hồ Nga,Nữ,1972,50-59,Chuyên gia tài chính,TP HCM,Việt Nam,Platinum,2,1,3,2015-06-01,2023-12-29,1
2809,customer2809@example.com,Phan Quang,Nam,1973,50-59,Luật sư,Bình Dương,Việt Nam,Gold,4,1,5,2023-03-12,2024-06-27,1
2810,customer2810@example.com,Nguyễn Minh,Nam,1982,40-49,Người nổi tiếng,TP HCM,Việt Nam,Platinum,4,1,8,2017-02-13,2024-01-07,1
2811,customer2811@example.com,Đặng Khánh,Nam,1967,50-59,Người nổi tiếng,Hà Nội,Việt Nam,Diamond,4,1,8,2021-10-23,2023-09-02,1
2812,customer2812@example.com,Hoàng Linh,Nữ,1995,25-29,Luật sư,TP HCM,Việt Nam,Gold,1,1,3,2018-12-07,2023-05-29,1
2813,customer2813@example.com,Nguyễn Khánh,Nam,1972,50-59,Nhà đầu tư,Đồng Nai,Việt Nam,Gold,2,1,7,2020-07-03,2023-04-25,1
2814,customer2814@example.com,Đỗ Linh,Nữ,1997,25-29,Luật sư,TP HCM,Việt Nam,Silver,1,1,4,2021-03-23,2024-05-04,1
2815,customer2815@example.com,Hồ Quang,Nam,1980,40-49,Bác sĩ,TP HCM,Việt Nam,Platinum,3,1,4,2017-08-22,2023-12-04,1
2816,customer2816@example.com,Ngô Tuấn,Nam,1987,30-39,Doanh nhân,Hà Nội,Việt Nam,Platinum,4,1,5,2020-05-20,2024-05-31,1
2817,customer2817@example.com,Lê Quang,Nam,1995,25-29,Luật sư,Hà Nội,Việt Nam,Gold,2,1,3,2016-07-16,2024-08-15,1
2818,customer2818@example.com,Bùi Hằng,Nữ,1989,30-39,Chuyên gia tài chính,Đồng Nai,Việt Nam,Silver,3,1,8,2019-03-10,2024-10-21,1
2819,customer2819@example.com,Đặng Trang,Nữ,1980,40-49,Người nổi tiếng,Đà Nẵng,Việt Nam,Gold,4,1,5,2017-04-14,2023-03-17,1
2820,customer2820@example.com,Hoàng Ánh,Nữ,1973,50-59,Chuyên gia tài chính,Hà Nội,Việt Nam,Diamond,1,1,2,2022-09-26,2023-12-05,1
2821,customer2821@example.com,Lê Bình,Nam,1997,25-29,Bác sĩ,Hà Nội,Việt Nam,Silver,2,1,7,2021-08-19,2024-12-19,1
2822,customer2822@example.com,Vũ Mai,Nữ,1982,40-49,Kiến trúc sư,Hà Nội,Việt Nam,Gold,4,1,8,2015-01-20,2024-06-17,1
2823,customer2823@example.com,Vũ Phương,Nữ,1961,60+,Kiến trúc sư,Hà Nội,Expat,Gold,3,1,5,2016-03-10,2023-03-03,1
2824,customer2824@example.com,Hoàng Tuấn,Nam,1961,60+,Người nổi tiếng,Đà Nẵng,Việt Nam,Silver,2,1,6,2018-02-14,2024-08-21,1
2825,customer2825@example.com,Bùi Việt,Nam,1966,50-59,Giám đốc,TP HCM,Expat,Gold,1,1,4,2016-09-29,2024-10-04,1
2826,customer2826@example.com,Phan Linh,Nữ,1988,30-39,Kiến trúc sư,Hải Phòng,Expat,Silver,1,1,6,2023-01-14,2024-05-26,0
2827,customer2827@example.com,Đặng Hải,Nam,1979,40-49,Nhà đầu tư,Hà Nội,Việt Nam,Diamond,4,1,5,2022-09-15,2023-06-15,1
2828,customer2828@example.com,Phan Thảo,Nữ,1981,40-49,Nhà đầu tư,Quảng Ninh,Việt Nam,Silver,1,1,4,2018-10-31,2024-12-27,1
2829,customer2829@example.com,Lê Ánh,Nữ,1970,50-59,Luật sư,TP HCM,Việt Nam,Platinum,1,1,8,2017-10-05,2024-11-13,1
2830,customer2830@example.com,Vũ Lan,Nữ,1984,40-49,Chuyên gia tài chính,Hải Phòng,Việt Nam,Platinum,1,1,7,2015-07-27,2023-09-13,1
2831,customer2831@example.com,Đặng Trung,Nam,1963,60+,Chuyên gia tài chính,Hà Nội,Việt Nam,Silver,3,1,2,2023-04-20,2023-07-01,0
2832,customer2832@example.com,Hoàng Anh,Nam,1970,50-59,Giám đốc,TP HCM,Việt Nam,Gold,1,1,10,2018-10-14,2024-03-22,1
2833,customer2833@example.com,Ngô Hải,Nam,1993,30-39,Kiến trúc sư,Hà Nội,Việt Nam,Silver,4,1,6,2023-03-13,2023-01-13,1
2834,customer2834@example.com,Dương Hoa,Nữ,1998,25-29,Chuyên gia tài chính,Đồng Nai,Việt Nam,Diamond,1,1,8,2022-04-03,2024-09-19,1
2835,customer2835@example.com,Bùi Mai,Nữ,1990,30-39,Doanh nhân,Đà Nẵng,Việt Nam,Platinum,2,1,3,2015-12-17,2024-08-21,1
2836,customer2836@example.com,Lê Trung,Nam,1978,40-49,Kiến trúc sư,TP HCM,Việt Nam,Silver,1,1,4,2020-10-03,2024-01-06,1
2837,customer2837@example.com,Đỗ Linh,Nữ,1996,25-29,Giám đốc,Hà Nội,Việt Nam,Silver,1,1,2,2016-10-26,2024-12-28,0
2838,customer2838@example.com,Nguyễn Mai,Nữ,1979,40-49,Doanh nhân,TP HCM,Việt Nam,Silver,3,1,7,2021-12-07,2024-05-30,1
2839,customer2839@example.com,Phan Phương,Nữ,1985,30-39,Kiến trúc sư,TP HCM,Việt Nam,Silver,2,1,10,2016-05-25,2023-09-11,1
2840,customer2840@example.com,Đỗ Hoa,Nữ,1980,40-49,Nhà đầu tư,Hà Nội,Việt Nam,Gold,1,1,6,2017-02-22,2023-06-03,1
2841,customer2841@example.com,Trần Đức,Nam,1966,50-59,Doanh nhân,TP HCM,Expat,Silver,3,1,7,2020-12-25,2023-06-24,1
2842,customer2842@example.com,Lê Thành,Nam,1978,40-49,Kiến trúc sư,Khánh Hòa,Expat,Platinum,2,1,5,2019-06-05,2023-06-28,1
2843,customer2843@example.com,Hồ Linh,Nữ,1965,50-59,Bác sĩ,Hà Nội,Việt Nam,Silver,3,1,3,2017-09-17,2024-07-03,1
2844,customer2844@example.com,Đặng Quang,Nam,1988,30-39,Doanh nhân,Hà Nội,Việt Nam,Diamond,2,1,10,2023-06-05,2024-07-02,1
2845,customer2845@example.com,Đặng Thảo,Nữ,1985,30-39,Doanh nhân,Quảng Ninh,Việt Nam,Diamond,4,1,8,2016-07-03,2023-03-18,0
2846,customer2846@example.com,Dương Thảo,Nữ,1971,50-59,Doanh nhân,Hà Nội,Việt Nam,Platinum,3,1,2,2015-03-18,2024-12-05,1
2847,customer2847@example.com,Hoàng Ngọc,Nữ,1969,50-59,Người nổi tiếng,Hải Phòng,Việt Nam,Silver,4,1,6,2018-03-31,2023-03-08,1
2848,customer2848@example.com,Lê Bình,Nam,1997,25-29,Nhà đầu tư,Đà Nẵng,Expat,Platinum,2,1,10,2021-03-06,2023-11-23,1
2849,customer2849@example.com,Hồ Hùng,Nam,1995,25-29,Bác sĩ,Hải Phòng,Việt Nam,Silver,4,1,4,2022-07-09,2024-10-03,1
2850,customer2850@example.com,Hồ Hằng,Nữ,1995,25-29,Doanh nhân,TP HCM,Expat,Diamond,3,1,3,2022-04-19,2023-08-26,1
2851,customer2851@example.com,Trần Yến,Nữ,1974,50-59,Chuyên gia tài chính,TP HCM,Việt Nam,Silver,4,1,10,2021-08-26,2023-07-11,1
2852,customer2852@example.com,Phạm Long,Nam,1980,40-49,Người nổi tiếng,Đà Nẵng,Việt Nam,Platinum,1,1,8,2020-05-17,2024-01-19,0
2853,customer2853@example.com,Hoàng Ánh,Nữ,1996,25-29,Nhà đầu tư,Hà Nội,Việt Nam,Gold,4,1,7,2016-05-28,2023-03-14,1
2854,customer2854@example.com,Đỗ Hải,Nam,1980,40-49,Giám đốc,TP HCM,Việt Nam,Gold,3,1,5,2023-05-23,2023-06-25,1
2855,customer2855@example.com,Phan Nga,Nữ,1997,25-29,Giám đốc,Hà Nội,Việt Nam,Silver,1,1,6,2021-11-13,2023-03-10,1
2856,customer2856@example.com,Vũ Đức,Nam,1997,25-29,Chuyên gia tài chính,Hà Nội,Việt Nam,Diamond,1,1,1,2021-09-09,2024-02-25,1
2857,customer2857@example.com,Hồ Linh,Nữ,1966,50-59,Nhà đầu tư,Hà Nội,Việt Nam,Platinum,1,1,6,2023-03-26,2023-02-01,1
2858,customer2858@example.com,Đặng Mai,Nữ,1975,40-49,Bác sĩ,Hà Nội,Việt Nam,Platinum,4,1,9,2020-03-24,2023-02-10,1
2859,customer2859@example.com,Phạm Anh,Nam,1971,50-59,Giám đốc,Hà Nội,Việt Nam,Silver,2,1,6,2018-06-12,2024-11-21,1
2860,customer2860@example.com,Trần Hoa,Nữ,1968,50-59,Bác sĩ,TP HCM,Việt Nam,Gold,2,1,8,2017-06-09,2023-03-14,1
2861,customer2861@example.com,Trần Minh,Nam,1975,40-49,Nhà đầu tư,Hà Nội,Việt Nam,Platinum,3,1,10,2017-11-28,2024-11-20,1
2862,customer2862@example.com,Bùi Hùng,Nam,1975,40-49,Doanh nhân,Hà Nội,Việt Nam,Gold,3,1,2,2022-08-07,2023-02-08,1
2863,customer2863@example.com,Bùi Tuấn,Nam,1964,60+,Kiến trúc sư,Hà Nội,Việt Nam,Gold,4,1,1,2016-07-05,2024-06-14,1
2864,customer2864@example.com,Vũ Ánh,Nữ,1964,60+,Người nổi tiếng,TP HCM,Việt Nam,Gold,2,1,2,2018-02-27,2024-08-04,1
2865,customer2865@example.com,Phạm Ánh,Nữ,1960,60+,Bác sĩ,Khánh Hòa,Việt Nam,Gold,4,1,5,2017-05-22,2023-07-29,1
2866,customer2866@example.com,Nguyễn Quang,Nam,1966,50-59,Chuyên gia tài chính,Hà Nội,Việt Nam,Silver,4,1,1,2015-09-26,2023-01-13,1
2867,customer2867@example.com,Trần Đức,Nam,1972,50-59,Chuyên gia tài chính,TP HCM,Expat,Gold,3,1,3,2015-07-13,2024-04-28,1
2868,customer2868@example.com,Hồ Đức,Nam,1968,50-59,Chuyên gia tài chính,TP HCM,Expat,Platinum,2,1,2,2020-06-26,2024-01-22,1
2869,customer2869@example.com,Dương Việt,Nam,1993,30-39,Người nổi tiếng,Đà Nẵng,Expat,Platinum,4,1,7,2020-05-04,2024-03-24,1
2870,customer2870@example.com,Bùi Bình,Nam,1973,50-59,Người nổi tiếng,TP HCM,Việt Nam,Silver,1,1,9,2021-06-08,2023-08-17,1
2871,customer2871@example.com,Hoàng Thành,Nam,1962,60+,Người nổi tiếng,Hà Nội,Việt Nam,Silver,3,1,6,2018-10-31,2024-05-28,1
2872,customer2872@example.com,Ngô Đức,Nam,1989,30-39,Kiến trúc sư,Hà Nội,Việt Nam,Platinum,4,1,10,2022-05-16,2024-02-17,1
2873,customer2873@example.com,Hồ Anh,Nam,1975,40-49,Giám đốc,TP HCM,Việt Nam,Silver,3,1,10,2017-02-28,2024-08-05,1
2874,customer2874@example.com,Hồ Hằng,Nữ,1975,40-49,Bác sĩ,Hà Nội,Expat,Platinum,2,1,4,2021-07-18,2023-07-07,1
2875,customer2875@example.com,Nguyễn Hằng,Nữ,1976,40-49,Luật sư,TP HCM,Việt Nam,Diamond,1,1,3,2015-08-12,2024-04-24,1
2876,customer2876@example.com,Phạm Bình,Nam,1982,40-49,Kiến trúc sư,Hà Nội,Việt Nam,Silver,3,1,6,2023-06-23,2023-08-13,1
2877,customer2877@example.com,Dương Hà,Nữ,1978,40-49,Doanh nhân,TP HCM,Expat,Gold,4,1,8,2020-03-31,2024-12-16,1
2878,customer2878@example.com,Dương Hùng,Nam,1968,50-59,Doanh nhân,Đà Nẵng,Việt Nam,Silver,1,1,5,2015-03-30,2024-09-25,1
2879,customer2879@example.com,Dương Tuấn,Nam,1967,50-59,Kiến trúc sư,TP HCM,Việt Nam,Gold,4,1,9,2022-10-08,2023-01-16,1
2880,customer2880@example.com,Nguyễn Trang,Nữ,1966,50-59,Kiến trúc sư,TP HCM,Việt Nam,Silver,4,1,5,2018-01-24,2023-06-02,1
2881,customer2881@example.com,Hoàng Bình,Nam,1978,40-49,Doanh nhân,TP HCM,Việt Nam,Gold,1,1,2,2015-03-06,2023-05-01,1
2882,customer2882@example.com,Phạm Linh,Nữ,1960,60+,Bác sĩ,TP HCM,Việt Nam,Platinum,3,1,4,2023-06-19,2023-01-30,1
2883,customer2883@example.com,Vũ Anh,Nam,1979,40-49,Nhà đầu tư,Đà Nẵng,Việt Nam,Gold,4,1,5,2021-09-26,2024-11-26,0
2884,customer2884@example.com,Hoàng Việt,Nam,1963,60+,Luật sư,TP HCM,Việt Nam,Gold,2,1,5,2019-07-13,2024-08-10,1
2885,customer2885@example.com,Hoàng Hà,Nữ,1961,60+,Giám đốc,Hà Nội,Expat,Silver,1,1,9,2019-10-11,2023-10-23,1
2886,customer2886@example.com,Hoàng Hải,Nam,1965,50-59,Nhà đầu tư,Hải Phòng,Việt Nam,Platinum,2,1,8,2019-02-13,2024-08-31,1
2887,customer2887@example.com,Nguyễn Linh,Nữ,1963,60+,Kiến trúc sư,Hà Nội,Việt Nam,Silver,2,1,6,2019-04-11,2024-11-30,1
2888,customer2888@example.com,Phạm Quang,Nam,1981,40-49,Bác sĩ,Hà Nội,Expat,Platinum,2,1,2,2015-10-27,2023-12-11,1
2889,customer2889@example.com,Đỗ Minh,Nam,1967,50-59,Bác sĩ,Hà Nội,Việt Nam,Silver,4,1,10,2017-04-15,2023-02-24,1
2890,customer2890@example.com,Lê Hoa,Nữ,1968,50-59,Kiến trúc sư,Hà Nội,Việt Nam,Gold,4,1,4,2023-05-23,2024-01-10,1
2891,customer2891@example.com,Phan Ngọc,Nữ,1968,50-59,Nhà đầu tư,Hà Nội,Việt Nam,Silver,3,1,10,2021-05-27,2024-09-17,1
2892,customer2892@example.com,Dương Khánh,Nam,1986,30-39,Giám đốc,TP HCM,Expat,Silver,2,1,8,2018-07-21,2024-07-02,1
2893,customer2893@example.com,Lê Trang,Nữ,1993,30-39,Chuyên gia tài chính,Hà Nội,Việt Nam,Platinum,3,1,1,2017-01-19,2023-07-16,1
2894,customer2894@example.com,Phan Phương,Nữ,1995,25-29,Luật sư,Hải Phòng,Việt Nam,Platinum,3,1,3,2020-09-11,2024-06-14,0
2895,customer2895@example.com,Phan Minh,Nam,1991,30-39,Người nổi tiếng,Đà Nẵng,Việt Nam,Gold,4,1,4,2019-01-17,2023-09-23,1
2896,customer2896@example.com,Phan Mai,Nữ,1968,50-59,Kiến trúc sư,Đà Nẵng,Việt Nam,Gold,3,1,5,2018-01-25,2024-08-02,1
2897,customer2897@example.com,Hoàng Quang,Nam,1962,60+,Kiến trúc sư,Hải Phòng,Việt Nam,Silver,2,1,7,2018-05-04,2024-07-13,1
2898,customer2898@example.com,Dương Nga,Nữ,1983,40-49,Luật sư,TP HCM,Việt Nam,Platinum,3,1,5,2022-04-29,2024-01-24,0
2899,customer2899@example.com,Trần Minh,Nam,1968,50-59,Kiến trúc sư,Hà Nội,Việt Nam,Gold,3,1,4,2021-10-06,2024-03-21,0
2900,customer2900@example.com,Đỗ Hà,Nữ,1963,60+,Luật sư,Hà Nội,Việt Nam,Silver,1,1,8,2021-04-27,2023-05-27,1
2901,customer2901@example.com,Hồ Việt,Nam,1983,40-49,Giám đốc,Đà Nẵng,Việt Nam,Silver,4,1,1,2017-06-10,2023-05-15,1
2902,customer2902@example.com,Hoàng Đức,Nam,1997,25-29,Kiến trúc sư,Khánh Hòa,Expat,Gold,3,1,3,2022-09-09,2023-09-06,1
2903,customer2903@example.com,Hoàng Phương,Nữ,1997,25-29,Nhà đầu tư,Đà Nẵng,Việt Nam,Platinum,3,1,10,2018-12-21,2024-04-12,1
2904,customer2904@example.com,Đặng Khánh,Nam,1971,50-59,Luật sư,Đà Nẵng,Việt Nam,Diamond,2,1,8,2023-03-07,2023-04-20,1
2905,customer2905@example.com,Hồ Long,Nam,1969,50-59,Doanh nhân,Hà Nội,Việt Nam,Silver,2,1,8,2019-05-07,2023-04-15,1
2906,customer2906@example.com,Dương Ánh,Nữ,1961,60+,Kiến trúc sư,Quảng Ninh,Việt Nam,Diamond,3,1,6,2016-02-11,2023-03-24,1
2907,customer2907@example.com,Bùi Hoa,Nữ,1974,50-59,Giám đốc,Khánh Hòa,Việt Nam,Diamond,2,1,9,2023-01-21,2024-09-09,1
2908,customer2908@example.com,Hồ Ánh,Nữ,1978,40-49,Chuyên gia tài chính,TP HCM,Việt Nam,Diamond,2,1,8,2019-09-17,2024-05-17,1
2909,customer2909@example.com,Phạm Phương,Nữ,1971,50-59,Luật sư,Hà Nội,Việt Nam,Diamond,2,1,8,2017-03-03,2023-05-17,1
2910,customer2910@example.com,Vũ Việt,Nam,1998,25-29,Bác sĩ,Hà Nội,Expat,Silver,1,1,3,2019-04-03,2023-01-02,1
2911,customer2911@example.com,Hoàng Đức,Nam,1964,60+,Kiến trúc sư,Khánh Hòa,Việt Nam,Gold,4,1,6,2017-06-06,2024-05-23,0
2912,customer2912@example.com,Phạm Hoa,Nữ,1990,30-39,Doanh nhân,TP HCM,Việt Nam,Gold,2,1,2,2021-03-27,2024-04-09,1
2913,customer2913@example.com,Đặng Phương,Nữ,1963,60+,Luật sư,Bình Dương,Việt Nam,Platinum,2,1,2,2016-06-17,2024-09-18,1
2914,customer2914@example.com,Trần Khánh,Nam,1977,40-49,Kiến trúc sư,TP HCM,Việt Nam,Diamond,2,1,8,2022-07-06,2024-01-18,1
2915,customer2915@example.com,Lê Quang,Nam,1993,30-39,Doanh nhân,Hà Nội,Việt Nam,Silver,1,1,9,2022-05-07,2024-10-05,1
2916,customer2916@example.com,Bùi Trung,Nam,1967,50-59,Kiến trúc sư,TP HCM,Việt Nam,Diamond,3,1,10,2019-08-21,2023-02-08,1
2917,customer2917@example.com,Phan Việt,Nam,1964,60+,Người nổi tiếng,Khánh Hòa,Việt Nam,Gold,1,1,4,2016-11-16,2023-07-21,0
2918,customer2918@example.com,Nguyễn Trung,Nam,1987,30-39,Kiến trúc sư,Khánh Hòa,Việt Nam,Silver,3,1,2,2017-06-24,2023-01-25,0
2919,customer2919@example.com,Hồ Nga,Nữ,1991,30-39,Người nổi tiếng,TP HCM,Việt Nam,Silver,1,1,10,2018-10-19,2024-08-11,1
2920,customer2920@example.com,Nguyễn Thảo,Nữ,1981,40-49,Người nổi tiếng,Hà Nội,Việt Nam,Gold,3,1,7,2016-06-08,2024-04-01,1
2921,customer2921@example.com,Trần Yến,Nữ,1981,40-49,Giám đốc,Hà Nội,Việt Nam,Silver,2,1,9,2018-01-12,2024-11-09,1
2922,customer2922@example.com,Vũ Tuấn,Nam,1976,40-49,Giám đốc,TP HCM,Việt Nam,Platinum,3,1,10,2017-04-04,2024-08-10,1
2923,customer2923@example.com,Dương Khánh,Nam,1987,30-39,Nhà đầu tư,TP HCM,Expat,Gold,4,1,10,2020-09-23,2024-12-14,1
2924,customer2924@example.com,Phan Thu,Nữ,1994,30-39,Kiến trúc sư,TP HCM,Expat,Silver,4,1,7,2020-02-18,2024-10-18,1
2925,customer2925@example.com,Trần Yến,Nữ,1978,40-49,Người nổi tiếng,TP HCM,Việt Nam,Gold,3,1,4,2020-02-05,2024-04-29,0
2926,customer2926@example.com,Đỗ Đức,Nam,1977,40-49,Giám đốc,TP HCM,Việt Nam,Platinum,2,1,5,2017-10-08,2024-03-25,1
2927,customer2927@example.com,Nguyễn Thảo,Nữ,1988,30-39,Doanh nhân,TP HCM,Việt Nam,Gold,1,1,9,2020-01-06,2024-01-18,1
2928,customer2928@example.com,Ngô Trung,Nam,1987,30-39,Bác sĩ,Đà Nẵng,Việt Nam,Platinum,2,1,3,2020-04-07,2023-08-02,1
2929,customer2929@example.com,Lê Nga,Nữ,1967,50-59,Nhà đầu tư,Đồng Nai,Expat,Diamond,2,1,4,2015-01-20,2023-01-28,1
2930,customer2930@example.com,Hồ Yến,Nữ,1989,30-39,Chuyên gia tài chính,Hải Phòng,Việt Nam,Silver,3,1,3,2018-10-26,2024-02-02,1
2931,customer2931@example.com,Bùi Việt,Nam,1997,25-29,Doanh nhân,Bình Dương,Việt Nam,Gold,2,1,7,2022-04-30,2024-09-12,0
2932,customer2932@example.com,Phạm Long,Nam,1961,60+,Giám đốc,Hải Phòng,Expat,Platinum,4,1,6,2022-05-03,2023-07-13,1
2933,customer2933@example.com,Ngô Yến,Nữ,1987,30-39,Kiến trúc sư,TP HCM,Việt Nam,Diamond,4,1,8,2015-04-24,2024-05-25,1
2934,customer2934@example.com,Nguyễn Thu,Nữ,1962,60+,Kiến trúc sư,Khánh Hòa,Việt Nam,Silver,2,1,4,2019-12-29,2023-02-02,1
2935,customer2935@example.com,Trần Trang,Nữ,1997,25-29,Người nổi tiếng,Quảng Ninh,Expat,Silver,4,1,9,2019-11-28,2023-03-26,1
2936,customer2936@example.com,Bùi Trang,Nữ,1975,40-49,Người nổi tiếng,TP HCM,Expat,Diamond,4,1,8,2018-05-18,2023-01-07,1
2937,customer2937@example.com,Bùi Hằng,Nữ,1983,40-49,Nhà đầu tư,Hà Nội,Việt Nam,Platinum,4,1,5,2015-10-02,2023-10-08,1
2938,customer2938@example.com,Hồ Hoa,Nữ,1974,50-59,Kiến trúc sư,Hà Nội,Việt Nam,Gold,4,1,3,2019-09-10,2023-08-01,1
2939,customer2939@example.com,Hồ Tuấn,Nam,1965,50-59,Bác sĩ,Hà Nội,Việt Nam,Platinum,2,1,2,2018-07-10,2024-07-30,1
2940,customer2940@example.com,Ngô Hùng,Nam,1989,30-39,Luật sư,Bình Dương,Việt Nam,Platinum,3,1,5,2020-09-25,2023-09-22,1
2941,customer2941@example.com,Đặng Ngọc,Nữ,1986,30-39,Người nổi tiếng,Hà Nội,Việt Nam,Platinum,1,1,8,2022-04-16,2024-12-13,1
2942,customer2942@example.com,Phan Quang,Nam,1978,40-49,Luật sư,TP HCM,Expat,Gold,3,1,6,2019-12-08,2024-10-30,1
2943,customer2943@example.com,Phan Hà,Nữ,1985,30-39,Người nổi tiếng,Đà Nẵng,Việt Nam,Platinum,4,1,7,2015-07-11,2024-07-29,1
2944,customer2944@example.com,Hồ Khánh,Nam,1992,30-39,Chuyên gia tài chính,Bình Dương,Việt Nam,Gold,3,1,6,2017-01-27,2023-03-14,1
2945,customer2945@example.com,Đỗ Trung,Nam,1978,40-49,Người nổi tiếng,TP HCM,Việt Nam,Gold,2,1,8,2019-01-16,2023-11-03,1
2946,customer2946@example.com,Nguyễn Quang,Nam,1970,50-59,Giám đốc,TP HCM,Việt Nam,Platinum,4,1,10,2016-11-28,2024-09-01,1
2947,customer2947@example.com,Hồ Yến,Nữ,1974,50-59,Nhà đầu tư,Hải Phòng,Việt Nam,Silver,4,1,3,2018-06-04,2024-02-29,1
2948,customer2948@example.com,Đỗ Lan,Nữ,1972,50-59,Luật sư,Hà Nội,Expat,Silver,1,1,4,2015-12-31,2024-07-11,1
2949,customer2949@example.com,Nguyễn Hùng,Nam,1975,40-49,Giám đốc,Đồng Nai,Việt Nam,Gold,1,1,7,2018-12-19,2023-09-15,1
2950,customer2950@example.com,Bùi Thu,Nữ,1981,40-49,Chuyên gia tài chính,TP HCM,Việt Nam,Gold,4,1,2,2018-11-08,2023-03-18,1
2951,customer2951@example.com,Đặng Thảo,Nữ,1998,25-29,Chuyên gia tài chính,TP HCM,Expat,Silver,1,1,8,2021-05-31,2024-07-13,1
2952,customer2952@example.com,Hồ Linh,Nữ,1965,50-59,Chuyên gia tài chính,TP HCM,Việt Nam,Gold,4,1,4,2022-05-15,2023-07-28,1
2953,customer2953@example.com,Vũ Ánh,Nữ,1994,30-39,Kiến trúc sư,Hà Nội,Việt Nam,Diamond,3,1,7,2015-07-08,2024-12-10,1
2954,customer2954@example.com,Lê Long,Nam,1987,30-39,Nhà đầu tư,Khánh Hòa,Việt Nam,Gold,2,1,10,2017-03-13,2024-02-07,1
2955,customer2955@example.com,Vũ Yến,Nữ,1968,50-59,Chuyên gia tài chính,Hải Phòng,Việt Nam,Gold,2,1,7,2020-05-25,2024-08-01,1
2956,customer2956@example.com,Nguyễn Tuấn,Nam,1965,50-59,Người nổi tiếng,Hải Phòng,Việt Nam,Silver,3,1,3,2015-02-06,2023-07-12,1
2957,customer2957@example.com,Trần Mai,Nữ,1970,50-59,Giám đốc,Đà Nẵng,Việt Nam,Gold,1,1,5,2018-12-12,2024-01-27,1
2958,customer2958@example.com,Vũ Trang,Nữ,1977,40-49,Bác sĩ,Hà Nội,Việt Nam,Silver,4,1,4,2022-02-02,2023-08-30,1
2959,customer2959@example.com,Bùi Mai,Nữ,1962,60+,Kiến trúc sư,Hà Nội,Việt Nam,Silver,2,1,9,2016-01-10,2023-10-11,0
2960,customer2960@example.com,Phan Hải,Nam,1991,30-39,Kiến trúc sư,Hà Nội,Việt Nam,Silver,2,1,5,2020-12-07,2023-11-01,1
2961,customer2961@example.com,Đặng Thảo,Nữ,1963,60+,Chuyên gia tài chính,Hà Nội,Expat,Gold,2,1,3,2020-10-12,2023-02-25,1
2962,customer2962@example.com,Lê Thảo,Nữ,1961,60+,Kiến trúc sư,Hà Nội,Expat,Silver,1,1,10,2015-02-19,2024-04-24,1
2963,customer2963@example.com,Hồ Hải,Nam,1975,40-49,Luật sư,Khánh Hòa,Việt Nam,Platinum,4,1,4,2020-06-28,2024-03-22,1
2964,customer2964@example.com,Vũ Hoa,Nữ,1988,30-39,Người nổi tiếng,Hà Nội,Việt Nam,Diamond,3,1,6,2018-06-23,2024-07-24,1
2965,customer2965@example.com,Trần Mai,Nữ,1989,30-39,Nhà đầu tư,TP HCM,Việt Nam,Diamond,2,1,10,2017-06-08,2024-08-13,1
2966,customer2966@example.com,Hoàng Tuấn,Nam,1998,25-29,Người nổi tiếng,Đà Nẵng,Việt Nam,Diamond,3,1,1,2022-03-13,2023-04-11,1
2967,customer2967@example.com,Hồ Linh,Nữ,1974,50-59,Doanh nhân,TP HCM,Việt Nam,Platinum,3,1,9,2017-01-11,2023-10-22,1
2968,customer2968@example.com,Phạm Trang,Nữ,1972,50-59,Giám đốc,Hải Phòng,Việt Nam,Gold,1,1,4,2020-01-17,2023-04-25,1
2969,customer2969@example.com,Đặng Hải,Nam,1969,50-59,Luật sư,TP HCM,Việt Nam,Silver,1,1,5,2017-01-10,2023-03-28,1
2970,customer2970@example.com,Hồ Tuấn,Nam,1986,30-39,Bác sĩ,Hà Nội,Expat,Gold,3,1,10,2015-12-30,2023-02-16,0
2971,customer2971@example.com,Phạm Hằng,Nữ,1976,40-49,Kiến trúc sư,Bình Dương,Việt Nam,Silver,2,1,3,2023-05-25,2024-07-30,1
2972,customer2972@example.com,Trần Thảo,Nữ,1997,25-29,Bác sĩ,Hà Nội,Việt Nam,Diamond,1,1,1,2020-03-13,2024-10-06,1
2973,customer2973@example.com,Ngô Yến,Nữ,1985,30-39,Luật sư,Hà Nội,Việt Nam,Silver,4,1,9,2018-08-02,2024-11-15,1
2974,customer2974@example.com,Phạm Đức,Nam,1998,25-29,Chuyên gia tài chính,Hà Nội,Việt Nam,Gold,1,1,7,2017-05-17,2024-10-11,1
2975,customer2975@example.com,Ngô Hà,Nữ,1992,30-39,Nhà đầu tư,TP HCM,Việt Nam,Gold,3,1,5,2019-07-07,2024-01-14,1
2976,customer2976@example.com,Lê Thành,Nam,1990,30-39,Kiến trúc sư,Khánh Hòa,Việt Nam,Silver,3,1,7,2022-02-25,2023-08-10,1
2977,customer2977@example.com,Phan Ánh,Nữ,1984,40-49,Nhà đầu tư,Bình Dương,Việt Nam,Diamond,1,1,6,2018-04-30,2024-02-25,1
2978,customer2978@example.com,Đặng Nga,Nữ,1967,50-59,Người nổi tiếng,Hà Nội,Expat,Platinum,3,1,2,2023-03-06,2024-05-26,1
2979,customer2979@example.com,Ngô Hà,Nữ,1982,40-49,Chuyên gia tài chính,Đồng Nai,Việt Nam,Platinum,1,1,1,2022-03-08,2023-08-23,1
2980,customer2980@example.com,Lê Mai,Nữ,1980,40-49,Nhà đầu tư,Đà Nẵng,Việt Nam,Gold,1,1,1,2021-04-28,2023-06-13,1
2981,customer2981@example.com,Trần Khánh,Nam,1980,40-49,Kiến trúc sư,TP HCM,Việt Nam,Gold,3,1,4,2020-01-31,2024-10-18,1
2982,customer2982@example.com,Vũ Lan,Nữ,1985,30-39,Kiến trúc sư,Hà Nội,Việt Nam,Gold,2,1,1,2017-01-27,2024-09-25,1
2983,customer2983@example.com,Trần Đức,Nam,1994,30-39,Người nổi tiếng,Hà Nội,Việt Nam,Silver,1,1,10,2017-03-31,2024-01-06,1
2984,customer2984@example.com,Hồ Đức,Nam,1979,40-49,Bác sĩ,Hà Nội,Việt Nam,Silver,3,1,10,2019-06-03,2023-05-17,1
2985,customer2985@example.com,Dương Quang,Nam,1989,30-39,Chuyên gia tài chính,Hà Nội,Việt Nam,Gold,2,1,5,2023-06-06,2024-05-25,1
2986,customer2986@example.com,Đặng Thành,Nam,1963,60+,Bác sĩ,Hà Nội,Việt Nam,Diamond,4,1,10,2018-06-18,2024-12-05,1
2987,customer2987@example.com,Hồ Phương,Nữ,1960,60+,Kiến trúc sư,Hà Nội,Việt Nam,Silver,3,1,1,2020-12-08,2023-12-01,1
2988,customer2988@example.com,Dương Anh,Nam,1981,40-49,Nhà đầu tư,Hà Nội,Việt Nam,Silver,4,1,10,2023-06-03,2023-05-30,1
2989,customer2989@example.com,Đặng Khánh,Nam,1980,40-49,Bác sĩ,TP HCM,Việt Nam,Silver,4,1,9,2023-01-18,2024-09-12,1
2990,customer2990@example.com,Ngô Ánh,Nữ,1963,60+,Kiến trúc sư,TP HCM,Việt Nam,Platinum,2,1,5,2022-02-26,2023-09-15,1
2991,customer2991@example.com,Vũ Hoa,Nữ,1986,30-39,Doanh nhân,TP HCM,Expat,Silver,4,1,2,2021-02-17,2023-02-19,1
2992,customer2992@example.com,Bùi Hà,Nữ,1970,50-59,Nhà đầu tư,Đà Nẵng,Việt Nam,Platinum,4,1,10,2016-11-24,2023-10-06,1
2993,customer2993@example.com,Dương Linh,Nữ,1961,60+,Chuyên gia tài chính,Hà Nội,Expat,Gold,3,1,7,2015-12-22,2023-08-24,1
2994,customer2994@example.com,Bùi Yến,Nữ,1963,60+,Luật sư,TP HCM,Việt Nam,Silver,2,1,9,2015-04-24,2023-05-05,1
2995,customer2995@example.com,Đặng Quang,Nam,1977,40-49,Giám đốc,Hải Phòng,Việt Nam,Platinum,2,1,8,2020-07-15,2024-09-08,1
2996,customer2996@example.com,Dương Minh,Nam,1995,25-29,Giám đốc,Đà Nẵng,Expat,Silver,1,1,2,2019-04-29,2023-08-09,1
2997,customer2997@example.com,Nguyễn Lan,Nữ,1971,50-59,Bác sĩ,Hà Nội,Việt Nam,Silver,1,1,4,2017-09-19,2024-02-09,1
2998,customer2998@example.com,Hoàng Việt,Nam,1964,60+,Doanh nhân,TP HCM,Việt Nam,Silver,1,1,3,2017-09-28,2023-05-06,1
2999,customer2999@example.com,Lê Lan,Nữ,1990,30-39,Giám đốc,Hà Nội,Việt Nam,Silver,2,1,2,2022-06-09,2024-04-12,1
3000,customer3000@example.com,Đỗ Trang,Nữ,1985,30-39,Doanh nhân,Hà Nội,Việt Nam,Silver,1,1,8,2019-03-21,2023-12-17,1
3001,customer3001@example.com,Hoàng Long,Nam,1971,50-59,Luật sư,Hà Nội,Việt Nam,Platinum,4,1,2,2019-03-07,2023-03-16,1
3002,customer3002@example.com,Vũ Phương,Nữ,1979,40-49,Giám đốc,Hà Nội,Expat,Silver,4,1,1,2016-06-30,2024-05-09,1
3003,customer3003@example.com,Hoàng Minh,Nam,1962,60+,Doanh nhân,TP HCM,Việt Nam,Platinum,1,1,9,2023-02-26,2023-07-26,1
3004,customer3004@example.com,Phạm Tuấn,Nam,1971,50-59,Giám đốc,TP HCM,Việt Nam,Silver,2,1,3,2017-12-22,2024-12-15,0
3005,customer3005@example.com,Hồ Khánh,Nam,1968,50-59,Chuyên gia tài chính,Hà Nội,Việt Nam,Silver,2,1,1,2016-11-02,2023-04-01,1
3006,customer3006@example.com,Đặng Trung,Nam,1987,30-39,Chuyên gia tài chính,Đà Nẵng,Việt Nam,Diamond,2,1,3,2019-05-02,2024-05-20,1
3007,customer3007@example.com,Vũ Bình,Nam,1965,50-59,Giám đốc,Hà Nội,Việt Nam,Diamond,4,1,3,2021-09-14,2023-01-08,1
3008,customer3008@example.com,Phạm Thành,Nam,1981,40-49,Nhà đầu tư,Bình Dương,Việt Nam,Gold,2,1,1,2016-11-29,2023-06-25,0
3009,customer3009@example.com,Đặng Ánh,Nữ,1965,50-59,Chuyên gia tài chính,Hà Nội,Expat,Silver,1,1,6,2017-03-19,2023-03-21,1
3010,customer3010@example.com,Nguyễn Ánh,Nữ,1964,60+,Chuyên gia tài chính,Hà Nội,Việt Nam,Silver,3,1,9,2018-08-03,2023-06-17,1
3011,customer3011@example.com,Đặng Lan,Nữ,1991,30-39,Luật sư,Hải Phòng,Việt Nam,Gold,4,1,1,2023-03-25,2023-01-08,1
3012,customer3012@example.com,Hồ Bình,Nam,1961,60+,Nhà đầu tư,Hà Nội,Việt Nam,Silver,2,1,6,2018-09-04,2023-01-08,1
3013,customer3013@example.com,Lê Bình,Nam,1988,30-39,Người nổi tiếng,Hà Nội,Việt Nam,Gold,1,1,2,2022-09-25,2024-07-14,1
3014,customer3014@example.com,Phan Hùng,Nam,1960,60+,Giám đốc,Đà Nẵng,Việt Nam,Silver,1,1,7,2017-03-11,2024-01-28,1
3015,customer3015@example.com,Nguyễn Hải,Nam,1998,25-29,Doanh nhân,Hà Nội,Việt Nam,Silver,1,1,8,2022-02-26,2024-12-31,1
3016,customer3016@example.com,Ngô Hoa,Nữ,1964,60+,Người nổi tiếng,Hà Nội,Việt Nam,Gold,4,1,10,2019-11-20,2024-06-06,1
3017,customer3017@example.com,Lê Việt,Nam,1965,50-59,Kiến trúc sư,Hải Phòng,Việt Nam,Platinum,1,1,5,2022-02-12,2023-11-01,1
3018,customer3018@example.com,Bùi Anh,Nam,1975,40-49,Giám đốc,TP HCM,Expat,Silver,3,1,6,2022-11-01,2024-02-21,1
3019,customer3019@example.com,Đặng Hằng,Nữ,1989,30-39,Giám đốc,TP HCM,Việt Nam,Silver,4,1,1,2016-01-30,2024-05-10,0
3020,customer3020@example.com,Đặng Quang,Nam,1966,50-59,Kiến trúc sư,TP HCM,Expat,Gold,4,1,1,2016-06-12,2023-06-06,1
3021,customer3021@example.com,Ngô Hải,Nam,1976,40-49,Luật sư,Hà Nội,Việt Nam,Silver,4,1,3,2018-08-14,2023-07-14,1
3022,customer3022@example.com,Hồ Trung,Nam,1982,40-49,Bác sĩ,TP HCM,Việt Nam,Gold,2,1,6,2022-12-13,2024-05-29,1
3023,customer3023@example.com,Đỗ Phương,Nữ,1970,50-59,Luật sư,Hà Nội,Việt Nam,Platinum,1,1,3,2022-11-07,2023-09-19,0
3024,customer3024@example.com,Bùi Quang,Nam,1996,25-29,Nhà đầu tư,Hà Nội,Việt Nam,Gold,4,1,5,2020-12-26,2023-10-20,1
3025,customer3025@example.com,Đỗ Yến,Nữ,1975,40-49,Luật sư,Hà Nội,Việt Nam,Platinum,3,1,3,2022-12-18,2023-09-03,1
3026,customer3026@example.com,Vũ Mai,Nữ,1989,30-39,Bác sĩ,TP HCM,Việt Nam,Diamond,2,1,4,2018-06-30,2023-01-04,1
3027,customer3027@example.com,Trần Quang,Nam,1963,60+,Nhà đầu tư,Hà Nội,Việt Nam,Silver,3,1,3,2016-01-12,2024-01-19,1
3028,customer3028@example.com,Ngô Hải,Nam,1976,40-49,Bác sĩ,Quảng Ninh,Việt Nam,Gold,4,1,3,2017-06-08,2023-07-19,1
3029,customer3029@example.com,Hoàng Long,Nam,1978,40-49,Chuyên gia tài chính,TP HCM,Việt Nam,Platinum,3,1,4,2018-01-14,2023-10-25,1
3030,customer3030@example.com,Trần Bình,Nam,1964,60+,Chuyên gia tài chính,Hà Nội,Việt Nam,Silver,3,1,8,2022-03-12,2023-10-23,1
3031,customer3031@example.com,Bùi Khánh,Nam,1995,25-29,Kiến trúc sư,Hà Nội,Việt Nam,Silver,2,1,9,2016-03-25,2024-01-11,0
3032,customer3032@example.com,Vũ Long,Nam,1967,50-59,Người nổi tiếng,TP HCM,Việt Nam,Silver,4,1,5,2016-12-30,2024-08-23,1
3033,customer3033@example.com,Hoàng Thu,Nữ,1971,50-59,Luật sư,TP HCM,Việt Nam,Gold,4,1,6,2022-03-27,2024-08-06,1
3034,customer3034@example.com,Nguyễn Lan,Nữ,1975,40-49,Người nổi tiếng,Hà Nội,Việt Nam,Gold,1,1,9,2017-06-21,2023-10-12,1
3035,customer3035@example.com,Nguyễn Hải,Nam,1975,40-49,Người nổi tiếng,Hải Phòng,Việt Nam,Silver,2,1,2,2015-04-16,2024-05-30,1
3036,customer3036@example.com,Hoàng Linh,Nữ,1985,30-39,Người nổi tiếng,TP HCM,Việt Nam,Diamond,2,1,5,2017-04-22,2023-02-18,1
3037,customer3037@example.com,Hồ Quang,Nam,1977,40-49,Doanh nhân,TP HCM,Việt Nam,Gold,1,1,1,2019-03-27,2024-09-01,1
3038,customer3038@example.com,Hoàng Trung,Nam,1988,30-39,Giám đốc,Bình Dương,Việt Nam,Platinum,1,1,9,2020-07-04,2024-09-04,1
3039,customer3039@example.com,Phan Minh,Nam,1984,40-49,Nhà đầu tư,Hà Nội,Việt Nam,Gold,3,1,10,2015-02-06,2023-04-15,1
3040,customer3040@example.com,Nguyễn Tuấn,Nam,1980,40-49,Luật sư,Hà Nội,Việt Nam,Diamond,1,1,3,2020-05-22,2023-06-19,1
3041,customer3041@example.com,Phạm Ánh,Nữ,1992,30-39,Bác sĩ,Hà Nội,Việt Nam,Gold,1,1,5,2023-05-20,2024-12-19,1
3042,customer3042@example.com,Phan Lan,Nữ,1969,50-59,Người nổi tiếng,TP HCM,Việt Nam,Gold,4,1,9,2017-12-06,2023-06-17,0
3043,customer3043@example.com,Hoàng Hùng,Nam,1964,60+,Kiến trúc sư,Hải Phòng,Việt Nam,Gold,4,1,4,2020-06-23,2023-06-23,1
3044,customer3044@example.com,Ngô Nga,Nữ,1964,60+,Chuyên gia tài chính,Hà Nội,Việt Nam,Platinum,3,1,8,2018-08-18,2024-11-06,1
3045,customer3045@example.com,Dương Thu,Nữ,1973,50-59,Bác sĩ,TP HCM,Việt Nam,Silver,4,1,10,2020-04-05,2024-11-06,1
3046,customer3046@example.com,Đặng Quang,Nam,1984,40-49,Doanh nhân,TP HCM,Việt Nam,Silver,3,1,10,2017-06-13,2024-09-11,1
3047,customer3047@example.com,Nguyễn Việt,Nam,1980,40-49,Kiến trúc sư,Hải Phòng,Việt Nam,Silver,2,1,6,2019-11-12,2023-01-27,1
3048,customer3048@example.com,Hồ Hằng,Nữ,1995,25-29,Nhà đầu tư,TP HCM,Việt Nam,Gold,2,1,6,2018-06-12,2024-11-23,1
3049,customer3049@example.com,Đặng Nga,Nữ,1961,60+,Giám đốc,Hải Phòng,Việt Nam,Silver,3,1,3,2019-05-15,2023-06-19,1
3050,customer3050@example.com,Hồ Thảo,Nữ,1979,40-49,Giám đốc,TP HCM,Expat,Silver,3,1,6,2021-07-13,2023-10-28,0
3051,customer3051@example.com,Hồ Linh,Nữ,1998,25-29,Chuyên gia tài chính,TP HCM,Việt Nam,Silver,3,1,4,2020-04-11,2024-04-09,1
3052,customer3052@example.com,Đặng Trang,Nữ,1962,60+,Nhà đầu tư,Đồng Nai,Expat,Platinum,3,1,8,2017-07-04,2024-05-12,1
3053,customer3053@example.com,Dương Trang,Nữ,1995,25-29,Chuyên gia tài chính,Đà Nẵng,Việt Nam,Silver,2,1,3,2018-09-17,2024-07-18,1
3054,customer3054@example.com,Dương Phương,Nữ,1989,30-39,Doanh nhân,Hà Nội,Việt Nam,Silver,2,1,3,2020-05-21,2024-08-26,1
3055,customer3055@example.com,Đỗ Anh,Nam,1977,40-49,Nhà đầu tư,TP HCM,Việt Nam,Platinum,4,1,8,2017-11-09,2024-11-25,1
3056,customer3056@example.com,Nguyễn Đức,Nam,1969,50-59,Chuyên gia tài chính,Hà Nội,Việt Nam,Silver,3,1,2,2018-11-03,2024-08-07,1
3057,customer3057@example.com,Lê Quang,Nam,1978,40-49,Chuyên gia tài chính,TP HCM,Việt Nam,Platinum,3,1,2,2022-12-06,2023-07-26,1
3058,customer3058@example.com,Ngô Linh,Nữ,1984,40-49,Chuyên gia tài chính,Hà Nội,Việt Nam,Silver,2,1,7,2023-05-22,2023-06-21,0
3059,customer3059@example.com,Phan Tuấn,Nam,1992,30-39,Doanh nhân,TP HCM,Việt Nam,Silver,4,1,2,2015-10-10,2024-06-23,1
3060,customer3060@example.com,Đặng Mai,Nữ,1972,50-59,Bác sĩ,TP HCM,Expat,Diamond,2,1,4,2022-10-03,2024-06-03,0
3061,customer3061@example.com,Đặng Hùng,Nam,1964,60+,Nhà đầu tư,Hà Nội,Việt Nam,Diamond,2,1,1,2020-08-28,2024-01-18,1
3062,customer3062@example.com,Hồ Long,Nam,1993,30-39,Luật sư,TP HCM,Việt Nam,Gold,2,1,1,2022-01-26,2024-09-11,1
3063,customer3063@example.com,Đặng Thành,Nam,1974,50-59,Doanh nhân,Đà Nẵng,Việt Nam,Silver,2,1,7,2020-06-11,2024-02-28,1
3064,customer3064@example.com,Đặng Linh,Nữ,1989,30-39,Nhà đầu tư,TP HCM,Expat,Gold,3,1,6,2018-05-08,2023-12-05,1
3065,customer3065@example.com,Hoàng Thành,Nam,1973,50-59,Giám đốc,TP HCM,Việt Nam,Platinum,2,1,6,2023-04-16,2023-04-24,1
3066,customer3066@example.com,Vũ Trung,Nam,1968,50-59,Luật sư,TP HCM,Việt Nam,Silver,1,1,9,2021-12-07,2023-05-19,1
3067,customer3067@example.com,Hồ Hùng,Nam,1972,50-59,Luật sư,TP HCM,Việt Nam,Silver,3,1,6,2023-05-17,2023-01-30,1
3068,customer3068@example.com,Hoàng Minh,Nam,1984,40-49,Nhà đầu tư,Hà Nội,Việt Nam,Silver,4,1,5,2023-01-17,2023-04-19,1
3069,customer3069@example.com,Hoàng Thành,Nam,1979,40-49,Người nổi tiếng,TP HCM,Việt Nam,Diamond,4,1,5,2021-04-22,2023-09-08,1
3070,customer3070@example.com,Đặng Trang,Nữ,1968,50-59,Người nổi tiếng,Hà Nội,Việt Nam,Silver,4,1,10,2018-09-02,2024-05-04,1
3071,customer3071@example.com,Hồ Lan,Nữ,1970,50-59,Bác sĩ,Hà Nội,Việt Nam,Diamond,2,1,8,2020-03-07,2023-04-25,1
3072,customer3072@example.com,Hoàng Thành,Nam,1994,30-39,Giám đốc,TP HCM,Expat,Platinum,3,1,10,2019-01-07,2023-03-26,1
3073,customer3073@example.com,Trần Trang,Nữ,1997,25-29,Kiến trúc sư,Hà Nội,Việt Nam,Platinum,3,1,5,2019-11-07,2023-09-15,1
3074,customer3074@example.com,Đỗ Minh,Nam,1975,40-49,Doanh nhân,Hà Nội,Expat,Silver,2,1,9,2019-03-19,2024-05-22,1
3075,customer3075@example.com,Đặng Lan,Nữ,1976,40-49,Giám đốc,TP HCM,Việt Nam,Gold,3,1,1,2016-05-26,2024-12-02,1
3076,customer3076@example.com,Ngô Phương,Nữ,1962,60+,Luật sư,TP HCM,Việt Nam,Gold,3,1,1,2023-05-01,2023-05-12,1
3077,customer3077@example.com,Dương Khánh,Nam,1963,60+,Kiến trúc sư,TP HCM,Việt Nam,Diamond,1,1,8,2017-09-15,2023-10-04,1
3078,customer3078@example.com,Hồ Linh,Nữ,1962,60+,Giám đốc,TP HCM,Việt Nam,Silver,4,1,10,2021-12-06,2023-05-11,1
3079,customer3079@example.com,Hoàng Hải,Nam,1984,40-49,Người nổi tiếng,TP HCM,Việt Nam,Silver,2,1,9,2022-12-24,2024-11-13,1
3080,customer3080@example.com,Dương Quang,Nam,1995,25-29,Người nổi tiếng,TP HCM,Việt Nam,Diamond,3,1,1,2019-09-29,2024-02-05,1
3081,customer3081@example.com,Phan Khánh,Nam,1982,40-49,Người nổi tiếng,Hà Nội,Việt Nam,Platinum,4,1,2,2019-09-22,2024-02-29,1
3082,customer3082@example.com,Đỗ Linh,Nữ,1962,60+,Nhà đầu tư,Khánh Hòa,Việt Nam,Silver,1,1,6,2021-05-18,2024-01-15,1
3083,customer3083@example.com,Trần Linh,Nữ,1967,50-59,Luật sư,TP HCM,Việt Nam,Silver,2,1,5,2019-03-02,2023-03-18,1
3084,customer3084@example.com,Đỗ Hằng,Nữ,1985,30-39,Giám đốc,TP HCM,Việt Nam,Silver,4,1,10,2020-01-22,2023-11-16,1
3085,customer3085@example.com,Đặng Yến,Nữ,1997,25-29,Kiến trúc sư,TP HCM,Việt Nam,Platinum,4,1,4,2015-12-16,2024-08-08,1
3086,customer3086@example.com,Phan Tuấn,Nam,1963,60+,Người nổi tiếng,TP HCM,Việt Nam,Silver,2,1,3,2018-11-24,2024-07-30,1
3087,customer3087@example.com,Lê Linh,Nữ,1976,40-49,Doanh nhân,Khánh Hòa,Việt Nam,Silver,1,1,2,2020-06-21,2024-02-04,1
3088,customer3088@example.com,Trần Trung,Nam,1998,25-29,Nhà đầu tư,Hà Nội,Expat,Platinum,3,1,6,2017-07-15,2024-02-02,0
3089,customer3089@example.com,Phạm Minh,Nam,1971,50-59,Nhà đầu tư,Hà Nội,Việt Nam,Silver,3,1,8,2020-02-06,2024-01-18,1
3090,customer3090@example.com,Dương Phương,Nữ,1970,50-59,Kiến trúc sư,Hải Phòng,Việt Nam,Silver,1,1,1,2017-06-08,2023-06-13,1
3091,customer3091@example.com,Dương Tuấn,Nam,1973,50-59,Kiến trúc sư,Đà Nẵng,Việt Nam,Gold,4,1,4,2023-05-23,2023-11-29,1
3092,customer3092@example.com,Vũ Hùng,Nam,1981,40-49,Giám đốc,TP HCM,Việt Nam,Silver,2,1,9,2015-01-14,2024-12-04,1
3093,customer3093@example.com,Hồ Hằng,Nữ,1992,30-39,Bác sĩ,TP HCM,Việt Nam,Silver,1,1,2,2016-01-20,2024-11-02,1
3094,customer3094@example.com,Đặng Việt,Nam,1989,30-39,Doanh nhân,Hải Phòng,Việt Nam,Gold,4,1,7,2017-07-25,2024-02-06,1
3095,customer3095@example.com,Lê Yến,Nữ,1990,30-39,Giám đốc,TP HCM,Việt Nam,Diamond,3,1,10,2020-10-12,2023-10-14,1
3096,customer3096@example.com,Hồ Bình,Nam,1972,50-59,Doanh nhân,Đà Nẵng,Việt Nam,Gold,1,1,4,2020-07-02,2024-01-05,1
3097,customer3097@example.com,Hồ Đức,Nam,1966,50-59,Bác sĩ,Đà Nẵng,Việt Nam,Silver,4,1,6,2019-08-26,2024-04-07,1
3098,customer3098@example.com,Dương Hà,Nữ,1963,60+,Luật sư,Hà Nội,Việt Nam,Gold,1,1,8,2015-10-02,2023-05-09,1
3099,customer3099@example.com,Lê Thảo,Nữ,1981,40-49,Kiến trúc sư,Hải Phòng,Việt Nam,Gold,2,1,10,2020-08-31,2023-09-01,1
3100,customer3100@example.com,Ngô Hùng,Nam,1960,60+,Chuyên gia tài chính,Hà Nội,Việt Nam,Gold,4,1,5,2021-06-10,2023-04-02,1
3101,customer3101@example.com,Phan Bình,Nam,1986,30-39,Nhà đầu tư,Hải Phòng,Việt Nam,Diamond,2,1,3,2022-11-20,2024-02-01,1
3102,customer3102@example.com,Ngô Phương,Nữ,1977,40-49,Doanh nhân,Bình Dương,Expat,Gold,3,1,10,2018-04-29,2023-07-14,1
3103,customer3103@example.com,Đặng Thu,Nữ,1980,40-49,Nhà đầu tư,Bình Dương,Việt Nam,Diamond,4,1,6,2022-01-05,2023-12-15,0
3104,customer3104@example.com,Trần Khánh,Nam,1997,25-29,Chuyên gia tài chính,TP HCM,Việt Nam,Platinum,2,1,3,2017-05-03,2024-07-31,1
3105,customer3105@example.com,Dương Linh,Nữ,1997,25-29,Nhà đầu tư,Hải Phòng,Expat,Gold,3,1,2,2016-09-23,2024-10-14,1
3106,customer3106@example.com,Trần Yến,Nữ,1984,40-49,Chuyên gia tài chính,TP HCM,Việt Nam,Platinum,4,1,9,2015-06-20,2024-03-24,1
3107,customer3107@example.com,Phạm Anh,Nam,1961,60+,Luật sư,TP HCM,Việt Nam,Diamond,2,1,1,2021-06-24,2024-09-24,1
3108,customer3108@example.com,Phạm Thu,Nữ,1987,30-39,Bác sĩ,Khánh Hòa,Việt Nam,Gold,3,1,5,2020-08-23,2023-08-18,1
3109,customer3109@example.com,Vũ Thu,Nữ,1983,40-49,Doanh nhân,TP HCM,Việt Nam,Gold,1,1,6,2019-07-20,2024-11-06,1
3110,customer3110@example.com,Phạm Phương,Nữ,1978,40-49,Nhà đầu tư,TP HCM,Việt Nam,Silver,4,1,4,2021-09-27,2023-09-07,0
3111,customer3111@example.com,Nguyễn Phương,Nữ,1998,25-29,Chuyên gia tài chính,Hà Nội,Việt Nam,Gold,4,1,4,2023-01-22,2024-11-07,0
3112,customer3112@example.com,Bùi Hằng,Nữ,1993,30-39,Giám đốc,Hà Nội,Việt Nam,Silver,1,1,3,2021-08-12,2023-06-30,1
3113,customer3113@example.com,Phan Thảo,Nữ,1968,50-59,Người nổi tiếng,Đà Nẵng,Expat,Platinum,3,1,9,2015-07-31,2023-11-10,0
3114,customer3114@example.com,Vũ Hùng,Nam,1978,40-49,Chuyên gia tài chính,TP HCM,Việt Nam,Platinum,1,1,1,2015-10-16,2024-08-16,1
3115,customer3115@example.com,Phạm Thành,Nam,1988,30-39,Chuyên gia tài chính,Hà Nội,Việt Nam,Platinum,2,1,5,2023-03-03,2024-05-23,1
3116,customer3116@example.com,Phạm Hà,Nữ,1996,25-29,Doanh nhân,TP HCM,Việt Nam,Silver,3,1,10,2019-03-29,2024-05-24,0
3117,customer3117@example.com,Trần Đức,Nam,1969,50-59,Doanh nhân,TP HCM,Việt Nam,Platinum,3,1,3,2019-01-08,2024-10-07,0
3118,customer3118@example.com,Hồ Minh,Nam,1997,25-29,Luật sư,Đà Nẵng,Việt Nam,Platinum,1,1,10,2018-04-18,2023-06-20,1
3119,customer3119@example.com,Lê Nga,Nữ,1964,60+,Người nổi tiếng,TP HCM,Việt Nam,Gold,2,1,3,2017-10-08,2024-07-25,1
3120,customer3120@example.com,Đặng Hằng,Nữ,1986,30-39,Nhà đầu tư,Hà Nội,Việt Nam,Platinum,3,1,2,2017-04-07,2023-11-14,0
3121,customer3121@example.com,Đỗ Bình,Nam,1996,25-29,Luật sư,TP HCM,Việt Nam,Platinum,2,1,1,2020-12-02,2023-04-13,1
3122,customer3122@example.com,Lê Trang,Nữ,1975,40-49,Luật sư,TP HCM,Expat,Platinum,1,1,3,2019-04-26,2024-01-27,1
3123,customer3123@example.com,Đặng Hùng,Nam,1960,60+,Chuyên gia tài chính,Khánh Hòa,Việt Nam,Gold,1,1,4,2017-07-03,2023-04-18,0
3124,customer3124@example.com,Vũ Lan,Nữ,1992,30-39,Chuyên gia tài chính,TP HCM,Việt Nam,Platinum,4,1,2,2021-08-25,2023-05-20,1
3125,customer3125@example.com,Phạm Minh,Nam,1962,60+,Bác sĩ,TP HCM,Expat,Gold,4,1,5,2015-05-18,2024-01-02,1
3126,customer3126@example.com,Hồ Minh,Nam,1975,40-49,Luật sư,TP HCM,Việt Nam,Gold,4,1,2,2021-09-01,2024-10-20,1
3127,customer3127@example.com,Vũ Nga,Nữ,1971,50-59,Chuyên gia tài chính,Đà Nẵng,Việt Nam,Silver,4,1,5,2021-06-18,2024-02-29,1
3128,customer3128@example.com,Trần Trang,Nữ,1983,40-49,Kiến trúc sư,Hà Nội,Việt Nam,Platinum,3,1,8,2023-01-24,2023-11-04,1
3129,customer3129@example.com,Bùi Mai,Nữ,1993,30-39,Chuyên gia tài chính,Hà Nội,Việt Nam,Platinum,1,1,2,2020-11-02,2024-01-10,1
3130,customer3130@example.com,Phan Khánh,Nam,1967,50-59,Nhà đầu tư,TP HCM,Việt Nam,Silver,3,1,2,2018-08-02,2024-04-15,1
3131,customer3131@example.com,Nguyễn Ánh,Nữ,1991,30-39,Chuyên gia tài chính,Hà Nội,Việt Nam,Platinum,1,1,10,2021-02-08,2023-07-27,1
3132,customer3132@example.com,Đỗ Đức,Nam,1964,60+,Kiến trúc sư,TP HCM,Việt Nam,Silver,4,1,6,2020-09-16,2024-03-14,0
3133,customer3133@example.com,Vũ Linh,Nữ,1982,40-49,Luật sư,Bình Dương,Việt Nam,Gold,2,1,5,2021-12-29,2024-01-04,1
3134,customer3134@example.com,Nguyễn Nga,Nữ,1988,30-39,Giám đốc,Hà Nội,Expat,Silver,4,1,9,2022-02-26,2023-05-17,1
3135,customer3135@example.com,Dương Tuấn,Nam,1972,50-59,Kiến trúc sư,Quảng Ninh,Việt Nam,Diamond,4,1,2,2019-03-27,2023-04-23,1
3136,customer3136@example.com,Ngô Trang,Nữ,1970,50-59,Nhà đầu tư,TP HCM,Việt Nam,Platinum,4,1,7,2023-02-10,2023-07-04,1
3137,customer3137@example.com,Nguyễn Đức,Nam,1990,30-39,Chuyên gia tài chính,TP HCM,Việt Nam,Gold,4,1,3,2019-08-20,2024-06-23,1
3138,customer3138@example.com,Dương Trung,Nam,1967,50-59,Bác sĩ,Hà Nội,Việt Nam,Silver,2,1,4,2016-07-25,2024-06-06,1
3139,customer3139@example.com,Lê Hải,Nam,1985,30-39,Luật sư,TP HCM,Việt Nam,Platinum,3,1,5,2018-10-31,2024-01-12,1
3140,customer3140@example.com,Bùi Thành,Nam,1980,40-49,Luật sư,Hà Nội,Việt Nam,Silver,2,1,6,2019-07-06,2023-08-19,0
3141,customer3141@example.com,Lê Quang,Nam,1992,30-39,Người nổi tiếng,Hà Nội,Việt Nam,Diamond,1,1,5,2020-01-04,2024-08-16,1
3142,customer3142@example.com,Đặng Hoa,Nữ,1983,40-49,Nhà đầu tư,Hải Phòng,Việt Nam,Platinum,2,1,2,2017-03-08,2023-06-01,1
3143,customer3143@example.com,Bùi Hằng,Nữ,1963,60+,Bác sĩ,Bình Dương,Việt Nam,Gold,4,1,5,2022-01-04,2023-08-04,1
3144,customer3144@example.com,Hồ Ánh,Nữ,1963,60+,Bác sĩ,Hà Nội,Việt Nam,Platinum,4,1,3,2020-11-02,2024-09-04,1
3145,customer3145@example.com,Đặng Ánh,Nữ,1985,30-39,Luật sư,TP HCM,Việt Nam,Silver,1,1,9,2018-04-17,2024-02-01,0
3146,customer3146@example.com,Ngô Hằng,Nữ,1970,50-59,Bác sĩ,TP HCM,Việt Nam,Diamond,4,1,5,2021-10-29,2023-02-20,1
3147,customer3147@example.com,Hoàng Phương,Nữ,1991,30-39,Giám đốc,TP HCM,Việt Nam,Diamond,3,1,4,2022-08-16,2023-02-05,1
3148,customer3148@example.com,Ngô Khánh,Nam,1963,60+,Giám đốc,TP HCM,Việt Nam,Gold,2,1,3,2020-11-16,2023-10-08,1
3149,customer3149@example.com,Trần Thảo,Nữ,1979,40-49,Doanh nhân,TP HCM,Việt Nam,Gold,4,1,3,2016-10-28,2024-08-11,1
3150,customer3150@example.com,Bùi Long,Nam,1960,60+,Nhà đầu tư,Hà Nội,Việt Nam,Diamond,4,1,1,2023-04-19,2024-11-06,1
3151,customer3151@example.com,Nguyễn Long,Nam,1984,40-49,Nhà đầu tư,TP HCM,Việt Nam,Gold,3,1,4,2020-09-24,2024-10-11,1
3152,customer3152@example.com,Hoàng Thảo,Nữ,1968,50-59,Giám đốc,Khánh Hòa,Việt Nam,Gold,3,1,6,2020-04-11,2023-08-15,1
3153,customer3153@example.com,Vũ Hải,Nam,1964,60+,Doanh nhân,Bình Dương,Expat,Silver,2,1,9,2021-06-01,2023-07-19,1
3154,customer3154@example.com,Đặng Hoa,Nữ,1960,60+,Giám đốc,TP HCM,Việt Nam,Gold,2,1,10,2020-10-13,2024-01-19,0
3155,customer3155@example.com,Phan Anh,Nam,1961,60+,Doanh nhân,Bình Dương,Việt Nam,Silver,3,1,4,2017-06-29,2024-11-03,1
3156,customer3156@example.com,Dương Hùng,Nam,1991,30-39,Kiến trúc sư,TP HCM,Việt Nam,Gold,1,1,3,2021-04-24,2024-07-19,1
3157,customer3157@example.com,Lê Mai,Nữ,1997,25-29,Doanh nhân,Hải Phòng,Việt Nam,Diamond,1,1,6,2022-05-01,2023-07-05,0
3158,customer3158@example.com,Trần Hà,Nữ,1968,50-59,Người nổi tiếng,Bình Dương,Việt Nam,Silver,2,1,7,2021-10-23,2024-03-16,1
3159,customer3159@example.com,Dương Minh,Nam,1980,40-49,Người nổi tiếng,Đà Nẵng,Expat,Silver,1,1,4,2021-09-26,2023-10-30,1
3160,customer3160@example.com,Phan Minh,Nam,1970,50-59,Bác sĩ,TP HCM,Việt Nam,Platinum,2,1,9,2017-08-01,2024-06-01,1
3161,customer3161@example.com,Dương Ánh,Nữ,1963,60+,Luật sư,TP HCM,Việt Nam,Silver,3,1,3,2023-03-15,2024-07-29,1
3162,customer3162@example.com,Phạm Minh,Nam,1972,50-59,Nhà đầu tư,TP HCM,Việt Nam,Silver,4,1,4,2016-06-08,2024-08-27,1
3163,customer3163@example.com,Phan Lan,Nữ,1961,60+,Kiến trúc sư,Khánh Hòa,Việt Nam,Gold,1,1,6,2021-07-22,2023-01-29,1
3164,customer3164@example.com,Lê Đức,Nam,1995,25-29,Người nổi tiếng,TP HCM,Việt Nam,Gold,4,1,5,2018-03-29,2023-09-21,1
3165,customer3165@example.com,Trần Khánh,Nam,1996,25-29,Giám đốc,TP HCM,Việt Nam,Silver,1,1,1,2017-03-31,2024-12-28,1
3166,customer3166@example.com,Hồ Yến,Nữ,1993,30-39,Kiến trúc sư,Đồng Nai,Việt Nam,Silver,4,1,4,2020-05-15,2023-10-28,1
3167,customer3167@example.com,Vũ Lan,Nữ,1985,30-39,Người nổi tiếng,Hà Nội,Việt Nam,Platinum,3,1,8,2017-12-14,2023-04-17,1
3168,customer3168@example.com,Nguyễn Đức,Nam,1994,30-39,Nhà đầu tư,TP HCM,Việt Nam,Gold,3,1,3,2020-12-25,2024-11-25,1
3169,customer3169@example.com,Hoàng Linh,Nữ,1960,60+,Luật sư,Đà Nẵng,Việt Nam,Silver,4,1,10,2022-12-12,2023-12-03,1
3170,customer3170@example.com,Lê Trang,Nữ,1983,40-49,Nhà đầu tư,TP HCM,Việt Nam,Gold,1,1,4,2022-06-22,2023-04-12,1
3171,customer3171@example.com,Bùi Hoa,Nữ,1990,30-39,Người nổi tiếng,Hà Nội,Việt Nam,Gold,1,1,4,2018-10-17,2023-09-07,1
3172,customer3172@example.com,Đỗ Hà,Nữ,1970,50-59,Luật sư,Đà Nẵng,Việt Nam,Silver,3,1,4,2021-09-21,2024-01-11,1
3173,customer3173@example.com,Bùi Ánh,Nữ,1962,60+,Chuyên gia tài chính,Hà Nội,Việt Nam,Gold,4,1,4,2018-04-03,2024-12-22,1
3174,customer3174@example.com,Hoàng Trung,Nam,1965,50-59,Người nổi tiếng,Hải Phòng,Việt Nam,Diamond,3,1,8,2017-04-06,2024-11-19,1
3175,customer3175@example.com,Nguyễn Thảo,Nữ,1989,30-39,Doanh nhân,TP HCM,Việt Nam,Gold,3,1,6,2019-05-14,2023-12-11,1
3176,customer3176@example.com,Đỗ Hằng,Nữ,1974,50-59,Giám đốc,Đà Nẵng,Việt Nam,Silver,3,1,1,2018-11-06,2024-04-26,1
3177,customer3177@example.com,Ngô Phương,Nữ,1994,30-39,Giám đốc,Đồng Nai,Việt Nam,Platinum,3,1,2,2022-11-30,2024-11-21,1
3178,customer3178@example.com,Đỗ Ánh,Nữ,1987,30-39,Kiến trúc sư,Đồng Nai,Việt Nam,Platinum,2,1,2,2022-09-05,2024-05-29,1
3179,customer3179@example.com,Dương Hoa,Nữ,1989,30-39,Nhà đầu tư,Khánh Hòa,Việt Nam,Silver,3,1,9,2020-03-09,2023-07-05,1
3180,customer3180@example.com,Dương Hùng,Nam,1979,40-49,Giám đốc,Hà Nội,Việt Nam,Silver,4,1,8,2016-03-28,2023-05-29,1
3181,customer3181@example.com,Bùi Hà,Nữ,1970,50-59,Giám đốc,TP HCM,Việt Nam,Platinum,1,1,3,2020-07-02,2024-07-29,1
3182,customer3182@example.com,Hoàng Phương,Nữ,1970,50-59,Giám đốc,TP HCM,Việt Nam,Gold,3,1,2,2023-01-24,2024-12-13,1
3183,customer3183@example.com,Phạm Thu,Nữ,1983,40-49,Luật sư,Hà Nội,Việt Nam,Silver,4,1,4,2016-05-22,2024-06-26,1
3184,customer3184@example.com,Nguyễn Thu,Nữ,1991,30-39,Giám đốc,TP HCM,Việt Nam,Silver,1,1,5,2023-05-29,2023-11-09,0
3185,customer3185@example.com,Nguyễn Việt,Nam,1977,40-49,Người nổi tiếng,TP HCM,Việt Nam,Silver,1,1,1,2023-02-24,2024-03-08,1
3186,customer3186@example.com,Dương Trung,Nam,1988,30-39,Người nổi tiếng,Hà Nội,Việt Nam,Platinum,2,1,9,2020-08-23,2024-11-08,1
3187,customer3187@example.com,Đặng Linh,Nữ,1969,50-59,Kiến trúc sư,Hà Nội,Việt Nam,Gold,2,1,6,2016-04-15,2024-10-19,1
3188,customer3188@example.com,Dương Hằng,Nữ,1972,50-59,Nhà đầu tư,TP HCM,Expat,Diamond,4,1,6,2020-09-14,2024-04-17,1
3189,customer3189@example.com,Trần Minh,Nam,1990,30-39,Chuyên gia tài chính,Hà Nội,Việt Nam,Platinum,3,1,10,2015-08-14,2024-03-16,1
3190,customer3190@example.com,Trần Yến,Nữ,1989,30-39,Chuyên gia tài chính,Hà Nội,Việt Nam,Platinum,1,1,8,2018-03-31,2023-08-18,1
3191,customer3191@example.com,Lê Nga,Nữ,1963,60+,Nhà đầu tư,Khánh Hòa,Việt Nam,Silver,2,1,2,2019-08-03,2024-11-29,1
3192,customer3192@example.com,Phan Mai,Nữ,1989,30-39,Người nổi tiếng,Đà Nẵng,Việt Nam,Silver,2,1,8,2021-06-15,2024-12-24,1
3193,customer3193@example.com,Đặng Hằng,Nữ,1966,50-59,Luật sư,Đà Nẵng,Việt Nam,Gold,3,1,3,2022-10-23,2024-04-14,1
3194,customer3194@example.com,Phạm Thành,Nam,1978,40-49,Giám đốc,TP HCM,Việt Nam,Gold,2,1,3,2019-12-01,2023-02-05,1
3195,customer3195@example.com,Phạm Hoa,Nữ,1979,40-49,Nhà đầu tư,TP HCM,Expat,Gold,3,1,9,2018-06-19,2024-03-07,1
3196,customer3196@example.com,Phan Hằng,Nữ,1968,50-59,Doanh nhân,Hải Phòng,Việt Nam,Gold,2,1,1,2022-08-25,2023-07-29,1
3197,customer3197@example.com,Ngô Hùng,Nam,1985,30-39,Chuyên gia tài chính,Đà Nẵng,Việt Nam,Silver,2,1,7,2015-09-22,2023-09-01,1
3198,customer3198@example.com,Trần Hà,Nữ,1974,50-59,Bác sĩ,Hà Nội,Việt Nam,Silver,4,1,7,2019-12-04,2024-03-21,1
3199,customer3199@example.com,Hồ Lan,Nữ,1978,40-49,Chuyên gia tài chính,Hà Nội,Việt Nam,Silver,1,1,7,2021-05-04,2023-10-12,1
3200,customer3200@example.com,Bùi Khánh,Nam,1970,50-59,Nhà đầu tư,Đồng Nai,Việt Nam,Platinum,3,1,9,2015-10-05,2023-09-03,1
3201,customer3201@example.com,Đặng Đức,Nam,1981,40-49,Bác sĩ,Hà Nội,Việt Nam,Platinum,4,1,5,2019-01-01,2023-12-07,1
3202,customer3202@example.com,Trần Hải,Nam,1986,30-39,Giám đốc,Hà Nội,Việt Nam,Platinum,3,1,8,2015-02-04,2024-01-08,1
3203,customer3203@example.com,Nguyễn Thành,Nam,1983,40-49,Nhà đầu tư,TP HCM,Expat,Silver,1,1,3,2017-02-21,2023-12-18,1
3204,customer3204@example.com,Phan Yến,Nữ,1971,50-59,Nhà đầu tư,TP HCM,Expat,Silver,4,1,1,2015-05-24,2024-01-28,1
3205,customer3205@example.com,Trần Nga,Nữ,1982,40-49,Giám đốc,TP HCM,Việt Nam,Gold,4,1,6,2015-11-06,2024-08-22,1
3206,customer3206@example.com,Phan Linh,Nữ,1997,25-29,Giám đốc,Hải Phòng,Việt Nam,Platinum,3,1,5,2018-10-01,2024-06-26,1
3207,customer3207@example.com,Vũ Khánh,Nam,1991,30-39,Bác sĩ,Hà Nội,Expat,Gold,1,1,7,2018-02-09,2024-11-30,1
3208,customer3208@example.com,Ngô Ngọc,Nữ,1969,50-59,Nhà đầu tư,Đà Nẵng,Việt Nam,Platinum,2,1,5,2020-01-16,2023-02-10,1
3209,customer3209@example.com,Trần Long,Nam,1960,60+,Giám đốc,Hà Nội,Việt Nam,Silver,3,1,1,2021-03-25,2024-09-07,1
3210,customer3210@example.com,Đặng Ngọc,Nữ,1975,40-49,Kiến trúc sư,TP HCM,Việt Nam,Platinum,1,1,3,2019-07-04,2024-06-11,1
3211,customer3211@example.com,Ngô Minh,Nam,1960,60+,Doanh nhân,TP HCM,Việt Nam,Gold,1,1,6,2022-05-04,2024-06-04,0
3212,customer3212@example.com,Nguyễn Đức,Nam,1977,40-49,Luật sư,Hà Nội,Việt Nam,Silver,1,1,9,2023-04-24,2023-04-26,1
3213,customer3213@example.com,Vũ Khánh,Nam,1981,40-49,Luật sư,TP HCM,Việt Nam,Platinum,4,1,10,2021-08-14,2023-02-08,1
3214,customer3214@example.com,Trần Hùng,Nam,1975,40-49,Nhà đầu tư,Đà Nẵng,Việt Nam,Gold,2,1,2,2016-10-20,2023-10-25,1
3215,customer3215@example.com,Dương Thảo,Nữ,1987,30-39,Bác sĩ,TP HCM,Việt Nam,Platinum,3,1,10,2020-11-15,2023-07-14,1
3216,customer3216@example.com,Đặng Việt,Nam,1963,60+,Kiến trúc sư,TP HCM,Việt Nam,Platinum,3,1,10,2022-09-28,2023-11-25,1
3217,customer3217@example.com,Nguyễn Trung,Nam,1984,40-49,Bác sĩ,Hà Nội,Việt Nam,Platinum,3,1,7,2019-02-22,2024-03-03,1
3218,customer3218@example.com,Ngô Hà,Nữ,1991,30-39,Giám đốc,Đà Nẵng,Việt Nam,Gold,1,1,4,2015-04-03,2023-10-20,1
3219,customer3219@example.com,Hoàng Linh,Nữ,1963,60+,Nhà đầu tư,Hà Nội,Việt Nam,Silver,1,1,9,2019-04-29,2023-05-28,1
3220,customer3220@example.com,Dương Mai,Nữ,1972,50-59,Bác sĩ,Bình Dương,Việt Nam,Diamond,3,1,9,2020-06-26,2024-01-30,1
3221,customer3221@example.com,Trần Đức,Nam,1986,30-39,Chuyên gia tài chính,Hải Phòng,Expat,Gold,3,1,6,2021-02-06,2024-02-11,1
3222,customer3222@example.com,Bùi Đức,Nam,1980,40-49,Luật sư,Hà Nội,Expat,Gold,3,1,5,2022-02-07,2023-10-13,1
3223,customer3223@example.com,Bùi Nga,Nữ,1992,30-39,Giám đốc,TP HCM,Việt Nam,Gold,3,1,7,2021-11-16,2023-07-20,1
3224,customer3224@example.com,Đặng Hằng,Nữ,1969,50-59,Bác sĩ,Hà Nội,Việt Nam,Silver,2,1,8,2018-10-26,2023-08-25,1
3225,customer3225@example.com,Phạm Trung,Nam,1994,30-39,Chuyên gia tài chính,Khánh Hòa,Việt Nam,Gold,1,1,3,2016-07-03,2024-06-10,0
3226,customer3226@example.com,Trần Ánh,Nữ,1991,30-39,Doanh nhân,TP HCM,Việt Nam,Gold,1,1,3,2023-05-26,2024-01-31,1
3227,customer3227@example.com,Đặng Linh,Nữ,1977,40-49,Chuyên gia tài chính,TP HCM,Việt Nam,Diamond,3,1,4,2021-12-19,2023-03-16,0
3228,customer3228@example.com,Phạm Khánh,Nam,1971,50-59,Giám đốc,Hải Phòng,Việt Nam,Platinum,4,1,8,2021-06-05,2024-10-14,0
3229,customer3229@example.com,Hồ Thu,Nữ,1987,30-39,Kiến trúc sư,TP HCM,Việt Nam,Silver,1,1,2,2015-11-22,2024-11-08,1
3230,customer3230@example.com,Bùi Linh,Nữ,1960,60+,Kiến trúc sư,Hà Nội,Việt Nam,Gold,4,1,1,2015-12-14,2024-10-19,1
3231,customer3231@example.com,Dương Phương,Nữ,1990,30-39,Chuyên gia tài chính,TP HCM,Việt Nam,Diamond,3,1,3,2016-06-29,2023-11-29,1
3232,customer3232@example.com,Lê Long,Nam,1968,50-59,Bác sĩ,TP HCM,Việt Nam,Gold,2,1,8,2020-02-12,2023-09-16,1
3233,customer3233@example.com,Lê Hoa,Nữ,1963,60+,Chuyên gia tài chính,Hà Nội,Việt Nam,Diamond,3,1,7,2015-05-23,2023-08-21,1
3234,customer3234@example.com,Phạm Trung,Nam,1993,30-39,Nhà đầu tư,Đà Nẵng,Việt Nam,Gold,3,1,3,2015-03-06,2024-11-14,1
3235,customer3235@example.com,Dương Yến,Nữ,1997,25-29,Luật sư,TP HCM,Việt Nam,Gold,4,1,8,2015-08-18,2024-01-28,1
3236,customer3236@example.com,Lê Thành,Nam,1997,25-29,Chuyên gia tài chính,Hà Nội,Việt Nam,Silver,3,1,5,2019-07-27,2023-03-25,1
3237,customer3237@example.com,Hoàng Hằng,Nữ,1997,25-29,Người nổi tiếng,TP HCM,Việt Nam,Platinum,4,1,4,2023-01-18,2024-02-29,1
3238,customer3238@example.com,Đỗ Hải,Nam,1974,50-59,Kiến trúc sư,Hải Phòng,Việt Nam,Platinum,2,1,2,2016-04-15,2024-12-30,1
3239,customer3239@example.com,Phạm Ánh,Nữ,1971,50-59,Chuyên gia tài chính,Khánh Hòa,Việt Nam,Gold,4,1,4,2020-07-17,2024-05-14,1
3240,customer3240@example.com,Hồ Đức,Nam,1985,30-39,Nhà đầu tư,Bình Dương,Việt Nam,Platinum,4,1,8,2021-05-24,2023-03-29,1
3241,customer3241@example.com,Nguyễn Minh,Nam,1968,50-59,Giám đốc,Hà Nội,Việt Nam,Platinum,2,1,9,2019-07-29,2024-11-14,1
3242,customer3242@example.com,Lê Hải,Nam,1985,30-39,Giám đốc,TP HCM,Việt Nam,Silver,3,1,10,2023-06-19,2023-02-13,1
3243,customer3243@example.com,Trần Ánh,Nữ,1988,30-39,Doanh nhân,TP HCM,Việt Nam,Platinum,3,1,9,2022-10-16,2024-05-10,1
3244,customer3244@example.com,Hồ Mai,Nữ,1970,50-59,Người nổi tiếng,Bình Dương,Expat,Silver,4,1,7,2018-12-02,2024-12-21,1
3245,customer3245@example.com,Phạm Hà,Nữ,1993,30-39,Doanh nhân,Khánh Hòa,Việt Nam,Gold,4,1,3,2023-05-02,2023-12-06,0
3246,customer3246@example.com,Phạm Việt,Nam,1976,40-49,Luật sư,TP HCM,Expat,Gold,4,1,8,2020-07-31,2024-03-30,1
3247,customer3247@example.com,Dương Việt,Nam,1984,40-49,Chuyên gia tài chính,TP HCM,Việt Nam,Silver,1,1,1,2018-05-11,2024-12-26,1
3248,customer3248@example.com,Trần Thảo,Nữ,1998,25-29,Doanh nhân,TP HCM,Việt Nam,Gold,2,1,9,2015-05-03,2024-02-27,1
3249,customer3249@example.com,Hoàng Quang,Nam,1990,30-39,Nhà đầu tư,Bình Dương,Expat,Gold,4,1,5,2020-04-27,2023-06-05,1
3250,customer3250@example.com,Trần Việt,Nam,1989,30-39,Bác sĩ,Hà Nội,Việt Nam,Gold,2,1,1,2017-06-12,2023-06-07,1
3251,customer3251@example.com,Đỗ Hải,Nam,1984,40-49,Bác sĩ,Bình Dương,Việt Nam,Gold,4,1,8,2017-04-27,2023-11-24,1
3252,customer3252@example.com,Dương Hoa,Nữ,1995,25-29,Doanh nhân,TP HCM,Việt Nam,Platinum,3,1,8,2019-05-01,2023-10-02,1
3253,customer3253@example.com,Lê Ánh,Nữ,1964,60+,Nhà đầu tư,Hà Nội,Việt Nam,Gold,2,1,7,2022-07-08,2023-08-31,1
3254,customer3254@example.com,Đặng Nga,Nữ,1971,50-59,Nhà đầu tư,TP HCM,Việt Nam,Gold,1,1,10,2018-07-28,2023-03-07,1
3255,customer3255@example.com,Vũ Linh,Nữ,1985,30-39,Doanh nhân,Hà Nội,Việt Nam,Gold,1,1,1,2019-01-09,2024-11-26,0
3256,customer3256@example.com,Đặng Yến,Nữ,1963,60+,Người nổi tiếng,Bình Dương,Expat,Platinum,1,1,5,2020-08-15,2023-04-21,1
3257,customer3257@example.com,Ngô Trang,Nữ,1972,50-59,Người nổi tiếng,Đà Nẵng,Expat,Gold,4,1,6,2016-10-17,2024-05-09,1
3258,customer3258@example.com,Phan Trung,Nam,1998,25-29,Nhà đầu tư,TP HCM,Việt Nam,Silver,3,1,5,2020-10-17,2024-08-29,1
3259,customer3259@example.com,Trần Tuấn,Nam,1990,30-39,Nhà đầu tư,TP HCM,Việt Nam,Silver,3,1,9,2017-01-19,2024-05-04,0
3260,customer3260@example.com,Phạm Đức,Nam,1996,25-29,Giám đốc,Hà Nội,Việt Nam,Gold,2,1,8,2017-12-08,2024-03-06,0
3261,customer3261@example.com,Vũ Việt,Nam,1975,40-49,Kiến trúc sư,Hà Nội,Việt Nam,Silver,2,1,10,2015-10-04,2024-06-22,1
3262,customer3262@example.com,Ngô Phương,Nữ,1964,60+,Chuyên gia tài chính,Hải Phòng,Việt Nam,Gold,3,1,6,2021-04-04,2024-09-06,1
3263,customer3263@example.com,Phan Tuấn,Nam,1983,40-49,Chuyên gia tài chính,TP HCM,Việt Nam,Platinum,4,1,4,2015-01-24,2024-11-13,1
3264,customer3264@example.com,Dương Khánh,Nam,1995,25-29,Bác sĩ,TP HCM,Việt Nam,Silver,2,1,9,2019-12-03,2024-06-23,1
3265,customer3265@example.com,Ngô Đức,Nam,1983,40-49,Chuyên gia tài chính,Hải Phòng,Việt Nam,Gold,4,1,3,2019-08-09,2024-06-22,1
3266,customer3266@example.com,Vũ Thảo,Nữ,1977,40-49,Chuyên gia tài chính,TP HCM,Việt Nam,Silver,2,1,2,2015-02-10,2023-05-06,1
3267,customer3267@example.com,Bùi Yến,Nữ,1963,60+,Doanh nhân,Khánh Hòa,Việt Nam,Gold,3,1,6,2023-05-31,2023-01-27,1
3268,customer3268@example.com,Trần Ánh,Nữ,1994,30-39,Doanh nhân,TP HCM,Việt Nam,Silver,4,1,8,2021-09-01,2024-05-18,1
3269,customer3269@example.com,Đặng Hằng,Nữ,1976,40-49,Giám đốc,TP HCM,Việt Nam,Platinum,4,1,7,2017-03-05,2024-01-29,1
3270,customer3270@example.com,Dương Nga,Nữ,1984,40-49,Luật sư,Khánh Hòa,Việt Nam,Platinum,4,1,5,2023-05-05,2024-08-10,1
3271,customer3271@example.com,Đặng Trung,Nam,1972,50-59,Bác sĩ,Hà Nội,Expat,Platinum,2,1,9,2016-04-13,2024-09-22,1
3272,customer3272@example.com,Lê Linh,Nữ,1960,60+,Người nổi tiếng,Hà Nội,Việt Nam,Gold,2,1,5,2018-07-06,2023-02-21,1
3273,customer3273@example.com,Đỗ Long,Nam,1967,50-59,Doanh nhân,Hà Nội,Việt Nam,Silver,2,1,7,2015-04-19,2024-10-01,1
3274,customer3274@example.com,Đỗ Hoa,Nữ,1970,50-59,Kiến trúc sư,TP HCM,Việt Nam,Gold,4,1,7,2015-03-07,2024-08-08,1
3275,customer3275@example.com,Trần Phương,Nữ,1997,25-29,Giám đốc,TP HCM,Việt Nam,Diamond,2,1,7,2019-11-21,2024-01-09,1
3276,customer3276@example.com,Bùi Nga,Nữ,1993,30-39,Người nổi tiếng,Hải Phòng,Việt Nam,Gold,3,1,6,2020-01-29,2023-04-30,1
3277,customer3277@example.com,Hoàng Ngọc,Nữ,1976,40-49,Nhà đầu tư,Hà Nội,Việt Nam,Platinum,3,1,3,2018-10-20,2024-05-05,1
3278,customer3278@example.com,Hoàng Linh,Nữ,1990,30-39,Người nổi tiếng,TP HCM,Việt Nam,Silver,3,1,9,2020-02-08,2024-03-31,1
3279,customer3279@example.com,Bùi Việt,Nam,1965,50-59,Người nổi tiếng,TP HCM,Việt Nam,Diamond,2,1,3,2023-03-12,2023-07-11,1
3280,customer3280@example.com,Nguyễn Hải,Nam,1961,60+,Doanh nhân,Hà Nội,Việt Nam,Silver,2,1,7,2018-08-12,2024-07-17,1
3281,customer3281@example.com,Ngô Trung,Nam,1980,40-49,Giám đốc,TP HCM,Việt Nam,Diamond,3,1,7,2016-05-29,2024-11-04,1
3282,customer3282@example.com,Lê Linh,Nữ,1966,50-59,Luật sư,Hà Nội,Expat,Silver,4,1,6,2017-08-27,2023-07-27,1
3283,customer3283@example.com,Đỗ Bình,Nam,1983,40-49,Chuyên gia tài chính,Khánh Hòa,Việt Nam,Platinum,1,1,10,2019-06-10,2023-06-10,1
3284,customer3284@example.com,Vũ Minh,Nam,1998,25-29,Người nổi tiếng,TP HCM,Việt Nam,Silver,4,1,9,2022-04-23,2024-07-19,1
3285,customer3285@example.com,Đặng Hà,Nữ,1972,50-59,Nhà đầu tư,Hà Nội,Việt Nam,Gold,2,1,10,2022-03-11,2024-06-11,1
3286,customer3286@example.com,Vũ Lan,Nữ,1984,40-49,Người nổi tiếng,TP HCM,Expat,Gold,3,1,6,2015-02-15,2023-02-26,1
3287,customer3287@example.com,Phan Ánh,Nữ,1977,40-49,Doanh nhân,TP HCM,Việt Nam,Gold,1,1,2,2015-03-12,2024-03-28,1
3288,customer3288@example.com,Vũ Hải,Nam,1969,50-59,Bác sĩ,TP HCM,Việt Nam,Silver,2,1,1,2018-09-24,2024-09-28,1
3289,customer3289@example.com,Vũ Bình,Nam,1982,40-49,Giám đốc,Hà Nội,Việt Nam,Silver,4,1,3,2018-02-12,2024-10-14,1
3290,customer3290@example.com,Dương Thành,Nam,1997,25-29,Người nổi tiếng,TP HCM,Expat,Platinum,3,1,1,2020-07-19,2023-12-04,1
3291,customer3291@example.com,Dương Minh,Nam,1995,25-29,Chuyên gia tài chính,Hà Nội,Việt Nam,Gold,4,1,3,2019-11-27,2024-06-18,1
3292,customer3292@example.com,Dương Thu,Nữ,1962,60+,Doanh nhân,TP HCM,Việt Nam,Platinum,4,1,10,2019-08-29,2024-04-04,1
3293,customer3293@example.com,Trần Hải,Nam,1994,30-39,Nhà đầu tư,TP HCM,Việt Nam,Platinum,2,1,8,2020-11-02,2023-12-08,1
3294,customer3294@example.com,Hoàng Khánh,Nam,1967,50-59,Bác sĩ,Hà Nội,Việt Nam,Silver,2,1,1,2019-10-12,2024-12-06,1
3295,customer3295@example.com,Phan Thành,Nam,1993,30-39,Luật sư,Hà Nội,Việt Nam,Platinum,2,1,7,2020-10-14,2023-05-07,1
3296,customer3296@example.com,Bùi Quang,Nam,1972,50-59,Nhà đầu tư,TP HCM,Việt Nam,Diamond,4,1,8,2019-03-02,2023-12-25,1
3297,customer3297@example.com,Ngô Ngọc,Nữ,1975,40-49,Chuyên gia tài chính,Hà Nội,Việt Nam,Silver,4,1,8,2022-05-23,2023-05-14,1
3298,customer3298@example.com,Nguyễn Tuấn,Nam,1978,40-49,Chuyên gia tài chính,TP HCM,Việt Nam,Gold,1,1,1,2022-01-17,2024-07-07,1
3299,customer3299@example.com,Đặng Mai,Nữ,1993,30-39,Luật sư,TP HCM,Việt Nam,Platinum,4,1,3,2015-07-10,2024-06-23,0
3300,customer3300@example.com,Nguyễn Ngọc,Nữ,1967,50-59,Kiến trúc sư,Hà Nội,Việt Nam,Gold,3,1,10,2017-09-29,2023-04-30,1
3301,customer3301@example.com,Hồ Hùng,Nam,1993,30-39,Nhà đầu tư,Đà Nẵng,Việt Nam,Silver,3,1,7,2019-11-24,2023-04-02,1
3302,customer3302@example.com,Ngô Thảo,Nữ,1961,60+,Người nổi tiếng,TP HCM,Việt Nam,Silver,3,1,6,2021-03-10,2023-11-05,0
3303,customer3303@example.com,Hồ Bình,Nam,1968,50-59,Doanh nhân,TP HCM,Expat,Gold,1,1,7,2018-06-24,2024-09-13,1
3304,customer3304@example.com,Vũ Anh,Nam,1981,40-49,Chuyên gia tài chính,Đà Nẵng,Expat,Gold,1,1,4,2022-05-08,2024-02-08,1
3305,customer3305@example.com,Hoàng Bình,Nam,1985,30-39,Bác sĩ,Bình Dương,Việt Nam,Silver,1,1,8,2015-06-07,2024-06-20,1
3306,customer3306@example.com,Trần Việt,Nam,1982,40-49,Kiến trúc sư,Bình Dương,Việt Nam,Silver,4,1,7,2022-11-16,2023-09-11,1
3307,customer3307@example.com,Ngô Minh,Nam,1962,60+,Kiến trúc sư,TP HCM,Việt Nam,Diamond,1,1,5,2022-11-13,2024-07-17,1
3308,customer3308@example.com,Hồ Mai,Nữ,1991,30-39,Chuyên gia tài chính,Hà Nội,Việt Nam,Gold,1,1,8,2015-07-28,2024-08-01,1
3309,customer3309@example.com,Trần Thu,Nữ,1973,50-59,Doanh nhân,Khánh Hòa,Việt Nam,Silver,4,1,7,2020-12-24,2024-07-28,1
3310,customer3310@example.com,Hồ Thành,Nam,1974,50-59,Kiến trúc sư,TP HCM,Việt Nam,Silver,1,1,6,2015-08-12,2023-04-14,1
3311,customer3311@example.com,Vũ Hằng,Nữ,1976,40-49,Bác sĩ,TP HCM,Việt Nam,Silver,3,1,4,2019-09-24,2023-04-21,1
3312,customer3312@example.com,Bùi Thu,Nữ,1997,25-29,Nhà đầu tư,Hà Nội,Expat,Platinum,3,1,8,2023-05-13,2024-10-16,1
3313,customer3313@example.com,Hoàng Nga,Nữ,1991,30-39,Doanh nhân,TP HCM,Việt Nam,Gold,4,1,2,2020-03-24,2023-08-26,1
3314,customer3314@example.com,Dương Bình,Nam,1981,40-49,Giám đốc,Khánh Hòa,Việt Nam,Silver,4,1,2,2017-12-21,2023-09-16,1
3315,customer3315@example.com,Nguyễn Hà,Nữ,1981,40-49,Kiến trúc sư,Hà Nội,Việt Nam,Silver,3,1,5,2018-11-14,2024-11-29,1
3316,customer3316@example.com,Dương Quang,Nam,1998,25-29,Kiến trúc sư,Đà Nẵng,Việt Nam,Silver,1,1,4,2023-03-11,2024-04-19,1
3317,customer3317@example.com,Bùi Thu,Nữ,1998,25-29,Nhà đầu tư,Hà Nội,Việt Nam,Platinum,2,1,8,2017-10-06,2024-08-31,1
3318,customer3318@example.com,Hoàng Mai,Nữ,1970,50-59,Người nổi tiếng,TP HCM,Việt Nam,Platinum,3,1,2,2018-06-27,2024-03-23,1
3319,customer3319@example.com,Dương Mai,Nữ,1960,60+,Nhà đầu tư,TP HCM,Việt Nam,Silver,2,1,6,2018-12-17,2023-12-16,1
3320,customer3320@example.com,Vũ Khánh,Nam,1969,50-59,Bác sĩ,Hải Phòng,Việt Nam,Silver,1,1,6,2018-11-12,2023-03-16,1
3321,customer3321@example.com,Lê Hà,Nữ,1977,40-49,Chuyên gia tài chính,Đà Nẵng,Expat,Silver,3,1,7,2021-01-25,2024-05-30,1
3322,customer3322@example.com,Lê Trang,Nữ,1993,30-39,Doanh nhân,TP HCM,Việt Nam,Silver,2,1,4,2018-06-10,2023-02-03,1
3323,customer3323@example.com,Đặng Thành,Nam,1973,50-59,Giám đốc,Đà Nẵng,Việt Nam,Gold,2,1,8,2017-10-10,2023-09-07,1
3324,customer3324@example.com,Đặng Thu,Nữ,1968,50-59,Nhà đầu tư,TP HCM,Việt Nam,Gold,1,1,10,2022-02-12,2023-10-27,1
3325,customer3325@example.com,Dương Thảo,Nữ,1989,30-39,Bác sĩ,Quảng Ninh,Việt Nam,Gold,2,1,2,2017-04-04,2024-03-03,1
3326,customer3326@example.com,Ngô Ngọc,Nữ,1970,50-59,Nhà đầu tư,TP HCM,Việt Nam,Platinum,1,1,6,2017-07-30,2024-02-19,1
3327,customer3327@example.com,Phạm Ngọc,Nữ,1992,30-39,Bác sĩ,Hà Nội,Việt Nam,Silver,2,1,2,2020-06-04,2024-04-05,1
3328,customer3328@example.com,Hoàng Lan,Nữ,1975,40-49,Luật sư,TP HCM,Việt Nam,Silver,1,1,6,2022-06-15,2023-04-09,1
3329,customer3329@example.com,Vũ Long,Nam,1985,30-39,Doanh nhân,Hà Nội,Việt Nam,Gold,1,1,10,2017-06-28,2024-05-27,1
3330,customer3330@example.com,Trần Hoa,Nữ,1972,50-59,Chuyên gia tài chính,Hà Nội,Expat,Diamond,4,1,9,2016-01-22,2024-01-04,1
3331,customer3331@example.com,Phan Phương,Nữ,1965,50-59,Giám đốc,Hà Nội,Việt Nam,Gold,4,1,3,2017-08-23,2024-01-25,1
3332,customer3332@example.com,Nguyễn Mai,Nữ,1985,30-39,Nhà đầu tư,Đồng Nai,Việt Nam,Platinum,3,1,8,2021-03-11,2024-10-16,1
3333,customer3333@example.com,Trần Anh,Nam,1981,40-49,Bác sĩ,Bình Dương,Expat,Diamond,1,1,4,2018-10-13,2023-02-14,1
3334,customer3334@example.com,Nguyễn Thành,Nam,1964,60+,Kiến trúc sư,Hà Nội,Việt Nam,Gold,4,1,1,2019-06-05,2023-05-20,1
3335,customer3335@example.com,Đỗ Trung,Nam,1962,60+,Người nổi tiếng,TP HCM,Việt Nam,Diamond,4,1,7,2019-03-13,2023-02-20,1
3336,customer3336@example.com,Bùi Hùng,Nam,1986,30-39,Nhà đầu tư,TP HCM,Việt Nam,Diamond,1,1,5,2015-06-21,2024-03-29,1
3337,customer3337@example.com,Nguyễn Yến,Nữ,1972,50-59,Người nổi tiếng,Hà Nội,Việt Nam,Silver,1,1,4,2021-12-10,2023-01-11,1
3338,customer3338@example.com,Nguyễn Hải,Nam,1961,60+,Nhà đầu tư,Hà Nội,Việt Nam,Gold,2,1,5,2020-07-10,2023-10-20,1
3339,customer3339@example.com,Đỗ Yến,Nữ,1988,30-39,Bác sĩ,Hà Nội,Việt Nam,Silver,1,1,6,2016-12-14,2023-06-06,1
3340,customer3340@example.com,Lê Trung,Nam,1971,50-59,Người nổi tiếng,TP HCM,Việt Nam,Platinum,3,1,1,2016-04-04,2023-10-31,1
3341,customer3341@example.com,Hồ Long,Nam,1995,25-29,Người nổi tiếng,Đà Nẵng,Việt Nam,Silver,1,1,9,2021-01-08,2024-02-16,1
3342,customer3342@example.com,Hoàng Thu,Nữ,1998,25-29,Doanh nhân,Hà Nội,Việt Nam,Platinum,2,1,5,2023-06-14,2024-03-14,1
3343,customer3343@example.com,Bùi Linh,Nữ,1998,25-29,Người nổi tiếng,Bình Dương,Việt Nam,Gold,3,1,1,2018-02-21,2023-12-11,1
3344,customer3344@example.com,Nguyễn Lan,Nữ,1983,40-49,Người nổi tiếng,Đà Nẵng,Expat,Gold,1,1,4,2016-04-18,2024-03-30,1
3345,customer3345@example.com,Dương Đức,Nam,1964,60+,Chuyên gia tài chính,Quảng Ninh,Việt Nam,Silver,2,1,4,2017-08-26,2023-04-23,1
3346,customer3346@example.com,Đỗ Hằng,Nữ,1986,30-39,Kiến trúc sư,Hà Nội,Việt Nam,Silver,1,1,2,2021-12-06,2024-11-24,1
3347,customer3347@example.com,Lê Minh,Nam,1980,40-49,Nhà đầu tư,Hà Nội,Việt Nam,Diamond,1,1,10,2017-04-28,2023-03-21,1
3348,customer3348@example.com,Dương Hằng,Nữ,1968,50-59,Nhà đầu tư,Hải Phòng,Việt Nam,Silver,1,1,5,2015-08-03,2024-07-16,1
3349,customer3349@example.com,Nguyễn Hùng,Nam,1966,50-59,Người nổi tiếng,Hà Nội,Việt Nam,Gold,3,1,6,2020-03-20,2023-09-14,0
3350,customer3350@example.com,Hồ Anh,Nam,1998,25-29,Chuyên gia tài chính,Hà Nội,Việt Nam,Diamond,1,1,1,2023-06-29,2023-12-07,1
3351,customer3351@example.com,Hồ Nga,Nữ,1974,50-59,Bác sĩ,Hải Phòng,Expat,Gold,3,1,2,2020-04-16,2024-03-18,1
3352,customer3352@example.com,Trần Đức,Nam,1976,40-49,Doanh nhân,Hà Nội,Việt Nam,Diamond,4,1,8,2016-02-05,2023-02-25,1
3353,customer3353@example.com,Nguyễn Mai,Nữ,1987,30-39,Kiến trúc sư,TP HCM,Expat,Gold,4,1,8,2019-12-23,2023-10-22,1
3354,customer3354@example.com,Nguyễn Nga,Nữ,1997,25-29,Người nổi tiếng,Hà Nội,Việt Nam,Silver,4,1,10,2021-12-06,2024-05-20,1
3355,customer3355@example.com,Vũ Hoa,Nữ,1970,50-59,Chuyên gia tài chính,TP HCM,Expat,Gold,1,1,7,2023-03-04,2024-07-21,1
3356,customer3356@example.com,Trần Hải,Nam,1990,30-39,Giám đốc,Hà Nội,Việt Nam,Platinum,1,1,3,2018-04-14,2024-12-19,1
3357,customer3357@example.com,Hoàng Hằng,Nữ,1983,40-49,Người nổi tiếng,Hà Nội,Expat,Diamond,4,1,2,2023-04-24,2024-04-26,1
3358,customer3358@example.com,Đỗ Lan,Nữ,1965,50-59,Nhà đầu tư,TP HCM,Việt Nam,Diamond,3,1,1,2021-02-01,2023-12-27,1
3359,customer3359@example.com,Hoàng Minh,Nam,1972,50-59,Giám đốc,TP HCM,Việt Nam,Diamond,4,1,2,2020-03-05,2023-01-30,1
3360,customer3360@example.com,Trần Hùng,Nam,1962,60+,Bác sĩ,TP HCM,Việt Nam,Platinum,1,1,8,2016-10-26,2023-01-31,1
3361,customer3361@example.com,Đỗ Hằng,Nữ,1990,30-39,Chuyên gia tài chính,Khánh Hòa,Việt Nam,Silver,1,1,10,2015-09-19,2024-11-12,1
3362,customer3362@example.com,Lê Ngọc,Nữ,1978,40-49,Nhà đầu tư,Đà Nẵng,Việt Nam,Diamond,2,1,5,2015-11-04,2023-05-06,1
3363,customer3363@example.com,Hoàng Ngọc,Nữ,1973,50-59,Bác sĩ,Hà Nội,Việt Nam,Diamond,1,1,2,2017-11-04,2024-04-29,1
3364,customer3364@example.com,Vũ Mai,Nữ,1985,30-39,Kiến trúc sư,Đồng Nai,Việt Nam,Silver,1,1,7,2018-04-18,2023-05-10,1
3365,customer3365@example.com,Bùi Long,Nam,1987,30-39,Nhà đầu tư,Hà Nội,Việt Nam,Diamond,3,1,2,2022-01-15,2024-12-19,1
3366,customer3366@example.com,Hoàng Khánh,Nam,1975,40-49,Nhà đầu tư,TP HCM,Việt Nam,Platinum,4,1,5,2019-10-06,2023-09-21,1
3367,customer3367@example.com,Vũ Việt,Nam,1966,50-59,Kiến trúc sư,TP HCM,Việt Nam,Gold,3,1,5,2016-02-28,2023-04-09,1
3368,customer3368@example.com,Hồ Hùng,Nam,1990,30-39,Luật sư,TP HCM,Việt Nam,Gold,2,1,2,2023-06-28,2024-12-01,0
3369,customer3369@example.com,Đỗ Hà,Nữ,1994,30-39,Doanh nhân,TP HCM,Việt Nam,Gold,3,1,8,2023-05-21,2024-01-20,0
3370,customer3370@example.com,Hoàng Hùng,Nam,1960,60+,Chuyên gia tài chính,TP HCM,Expat,Gold,4,1,5,2020-08-03,2023-09-04,1
3371,customer3371@example.com,Hồ Anh,Nam,1983,40-49,Người nổi tiếng,Hà Nội,Việt Nam,Gold,1,1,7,2020-08-18,2024-01-04,1
3372,customer3372@example.com,Trần Ánh,Nữ,1975,40-49,Người nổi tiếng,Hải Phòng,Việt Nam,Silver,1,1,10,2017-05-27,2024-04-30,0
3373,customer3373@example.com,Phan Trung,Nam,1993,30-39,Nhà đầu tư,TP HCM,Việt Nam,Silver,1,1,10,2019-01-08,2023-06-23,1
3374,customer3374@example.com,Nguyễn Phương,Nữ,1982,40-49,Chuyên gia tài chính,TP HCM,Việt Nam,Gold,3,1,8,2023-03-09,2023-06-06,1
3375,customer3375@example.com,Phạm Khánh,Nam,1985,30-39,Bác sĩ,Hà Nội,Việt Nam,Gold,1,1,10,2018-11-19,2023-10-03,0
3376,customer3376@example.com,Ngô Thu,Nữ,1971,50-59,Doanh nhân,TP HCM,Việt Nam,Platinum,1,1,7,2020-08-19,2023-07-26,1
3377,customer3377@example.com,Hồ Hùng,Nam,1969,50-59,Người nổi tiếng,Khánh Hòa,Việt Nam,Silver,2,1,3,2017-05-08,2023-09-05,1
3378,customer3378@example.com,Vũ Bình,Nam,1981,40-49,Người nổi tiếng,Hà Nội,Việt Nam,Platinum,2,1,9,2018-11-10,2024-03-15,1
3379,customer3379@example.com,Ngô Hùng,Nam,1989,30-39,Kiến trúc sư,Hà Nội,Việt Nam,Silver,4,1,4,2016-08-12,2023-07-26,1
3380,customer3380@example.com,Ngô Thu,Nữ,1974,50-59,Kiến trúc sư,Hà Nội,Việt Nam,Platinum,3,1,3,2015-02-18,2024-09-15,1
3381,customer3381@example.com,Đỗ Đức,Nam,1988,30-39,Người nổi tiếng,Hà Nội,Việt Nam,Gold,1,1,10,2022-12-13,2024-09-23,1
3382,customer3382@example.com,Hồ Nga,Nữ,1963,60+,Bác sĩ,TP HCM,Việt Nam,Silver,1,1,10,2019-01-31,2024-01-03,1
3383,customer3383@example.com,Đỗ Ngọc,Nữ,1991,30-39,Luật sư,TP HCM,Việt Nam,Silver,2,1,8,2021-07-24,2023-12-23,1
3384,customer3384@example.com,Ngô Anh,Nam,1993,30-39,Giám đốc,TP HCM,Việt Nam,Diamond,2,1,10,2016-08-31,2023-03-29,1
3385,customer3385@example.com,Hồ Anh,Nam,1966,50-59,Giám đốc,Hà Nội,Việt Nam,Silver,4,1,6,2017-02-07,2024-01-17,1
3386,customer3386@example.com,Hoàng Quang,Nam,1971,50-59,Kiến trúc sư,Khánh Hòa,Việt Nam,Platinum,1,1,3,2017-05-14,2023-05-23,1
3387,customer3387@example.com,Phạm Tuấn,Nam,1971,50-59,Doanh nhân,TP HCM,Việt Nam,Gold,3,1,8,2015-08-31,2024-08-12,1
3388,customer3388@example.com,Đặng Minh,Nam,1975,40-49,Chuyên gia tài chính,TP HCM,Việt Nam,Gold,4,1,10,2016-11-25,2023-05-07,1
3389,customer3389@example.com,Ngô Thành,Nam,1987,30-39,Bác sĩ,Hà Nội,Việt Nam,Gold,2,1,8,2015-10-04,2024-01-17,1
3390,customer3390@example.com,Đặng Thành,Nam,1964,60+,Kiến trúc sư,Hà Nội,Việt Nam,Gold,2,1,9,2015-01-13,2023-07-22,1
3391,customer3391@example.com,Ngô Ngọc,Nữ,1988,30-39,Luật sư,TP HCM,Việt Nam,Platinum,4,1,1,2022-07-12,2023-09-14,1
3392,customer3392@example.com,Hoàng Hà,Nữ,1970,50-59,Chuyên gia tài chính,Hà Nội,Việt Nam,Platinum,1,1,1,2018-08-07,2023-08-27,1
3393,customer3393@example.com,Bùi Mai,Nữ,1992,30-39,Luật sư,Đồng Nai,Việt Nam,Silver,1,1,9,2015-04-23,2024-11-14,1
3394,customer3394@example.com,Hồ Khánh,Nam,1996,25-29,Luật sư,TP HCM,Việt Nam,Platinum,2,1,9,2018-02-22,2024-05-18,1
3395,customer3395@example.com,Bùi Bình,Nam,1981,40-49,Chuyên gia tài chính,Hà Nội,Việt Nam,Gold,3,1,2,2018-08-08,2023-08-29,1
3396,customer3396@example.com,Dương Minh,Nam,1988,30-39,Nhà đầu tư,TP HCM,Việt Nam,Gold,4,1,4,2017-08-12,2023-04-03,1
3397,customer3397@example.com,Ngô Hùng,Nam,1987,30-39,Giám đốc,Quảng Ninh,Việt Nam,Silver,2,1,1,2021-09-02,2023-09-08,1
3398,customer3398@example.com,Hoàng Anh,Nam,1972,50-59,Doanh nhân,Hà Nội,Việt Nam,Silver,4,1,1,2017-05-30,2024-05-12,1
3399,customer3399@example.com,Vũ Hùng,Nam,1961,60+,Bác sĩ,Bình Dương,Expat,Silver,3,1,9,2016-06-14,2023-02-16,1
3400,customer3400@example.com,Lê Long,Nam,1985,30-39,Người nổi tiếng,Quảng Ninh,Việt Nam,Silver,3,1,8,2017-09-25,2023-05-31,1
3401,customer3401@example.com,Dương Hằng,Nữ,1963,60+,Chuyên gia tài chính,Hải Phòng,Việt Nam,Gold,3,1,4,2019-04-25,2024-03-27,1
3402,customer3402@example.com,Nguyễn Bình,Nam,1968,50-59,Bác sĩ,Đồng Nai,Việt Nam,Silver,3,1,8,2021-02-25,2024-11-08,1
3403,customer3403@example.com,Phan Khánh,Nam,1974,50-59,Chuyên gia tài chính,Hà Nội,Expat,Silver,4,1,9,2023-05-20,2023-09-27,1
3404,customer3404@example.com,Ngô Thu,Nữ,1980,40-49,Giám đốc,Hải Phòng,Việt Nam,Silver,2,1,1,2018-07-12,2023-09-24,0
3405,customer3405@example.com,Phan Trang,Nữ,1965,50-59,Chuyên gia tài chính,TP HCM,Việt Nam,Silver,2,1,1,2016-04-24,2024-02-08,1
3406,customer3406@example.com,Ngô Phương,Nữ,1998,25-29,Luật sư,Hà Nội,Expat,Silver,3,1,2,2018-05-26,2023-02-04,1
3407,customer3407@example.com,Hồ Bình,Nam,1984,40-49,Doanh nhân,TP HCM,Việt Nam,Platinum,3,1,7,2019-01-11,2023-11-13,1
3408,customer3408@example.com,Nguyễn Minh,Nam,1963,60+,Kiến trúc sư,Hà Nội,Việt Nam,Gold,3,1,5,2021-12-27,2024-04-18,1
3409,customer3409@example.com,Ngô Thành,Nam,1978,40-49,Người nổi tiếng,TP HCM,Việt Nam,Silver,2,1,5,2019-06-12,2024-03-11,1
3410,customer3410@example.com,Nguyễn Hoa,Nữ,1987,30-39,Luật sư,TP HCM,Việt Nam,Gold,1,1,2,2020-09-08,2023-04-25,1
3411,customer3411@example.com,Phan Tuấn,Nam,1984,40-49,Chuyên gia tài chính,Hà Nội,Việt Nam,Gold,3,1,10,2015-04-03,2023-11-12,1
3412,customer3412@example.com,Đặng Hà,Nữ,1961,60+,Giám đốc,Đà Nẵng,Việt Nam,Gold,3,1,8,2020-06-06,2024-11-08,1
3413,customer3413@example.com,Hồ Minh,Nam,1966,50-59,Luật sư,Đà Nẵng,Việt Nam,Silver,4,1,7,2020-04-16,2023-03-01,1
3414,customer3414@example.com,Trần Hằng,Nữ,1984,40-49,Kiến trúc sư,Đồng Nai,Việt Nam,Gold,3,1,6,2022-03-21,2024-06-01,1
3415,customer3415@example.com,Hồ Long,Nam,1976,40-49,Giám đốc,Khánh Hòa,Việt Nam,Silver,1,1,2,2017-09-18,2024-03-30,1
3416,customer3416@example.com,Dương Thu,Nữ,1977,40-49,Bác sĩ,Hải Phòng,Việt Nam,Platinum,1,1,5,2018-05-11,2024-06-26,1
3417,customer3417@example.com,Nguyễn Phương,Nữ,1961,60+,Kiến trúc sư,TP HCM,Expat,Platinum,3,1,7,2017-08-19,2024-08-16,1
3418,customer3418@example.com,Ngô Hà,Nữ,1995,25-29,Người nổi tiếng,TP HCM,Việt Nam,Gold,2,1,8,2019-06-16,2024-11-13,1
3419,customer3419@example.com,Dương Thảo,Nữ,1986,30-39,Người nổi tiếng,Đồng Nai,Việt Nam,Silver,2,1,5,2016-08-29,2023-12-26,1
3420,customer3420@example.com,Đặng Hùng,Nam,1994,30-39,Nhà đầu tư,Hà Nội,Việt Nam,Gold,4,1,7,2020-02-18,2024-03-18,1
3421,customer3421@example.com,Ngô Phương,Nữ,1963,60+,Giám đốc,TP HCM,Việt Nam,Diamond,2,1,7,2017-11-02,2023-05-10,1
3422,customer3422@example.com,Đặng Quang,Nam,1967,50-59,Người nổi tiếng,Bình Dương,Việt Nam,Gold,3,1,7,2023-06-08,2024-04-03,1
3423,customer3423@example.com,Hồ Hải,Nam,1961,60+,Nhà đầu tư,Đà Nẵng,Việt Nam,Diamond,4,1,8,2015-07-10,2024-11-08,1
3424,customer3424@example.com,Đặng Thu,Nữ,1988,30-39,Giám đốc,Hà Nội,Việt Nam,Gold,4,1,1,2016-07-06,2024-01-09,1
3425,customer3425@example.com,Phan Hải,Nam,1965,50-59,Kiến trúc sư,Hà Nội,Việt Nam,Gold,3,1,8,2018-08-19,2023-05-16,1
3426,customer3426@example.com,Hoàng Long,Nam,1991,30-39,Kiến trúc sư,TP HCM,Việt Nam,Platinum,4,1,7,2023-06-11,2024-11-20,1
3427,customer3427@example.com,Ngô Long,Nam,1981,40-49,Bác sĩ,Hà Nội,Expat,Silver,3,1,4,2015-02-10,2024-12-03,1
3428,customer3428@example.com,Lê Yến,Nữ,1990,30-39,Bác sĩ,TP HCM,Việt Nam,Platinum,4,1,1,2023-01-17,2024-07-22,1
3429,customer3429@example.com,Ngô Ánh,Nữ,1970,50-59,Nhà đầu tư,Hải Phòng,Việt Nam,Gold,4,1,10,2021-01-22,2023-02-01,1
3430,customer3430@example.com,Vũ Anh,Nam,1989,30-39,Kiến trúc sư,Hà Nội,Việt Nam,Diamond,3,1,4,2022-10-05,2024-01-05,0
3431,customer3431@example.com,Vũ Ngọc,Nữ,1998,25-29,Giám đốc,TP HCM,Việt Nam,Gold,4,1,9,2017-11-14,2023-05-23,1
3432,customer3432@example.com,Hoàng Trung,Nam,1986,30-39,Giám đốc,TP HCM,Việt Nam,Diamond,4,1,10,2018-09-28,2023-01-23,1
3433,customer3433@example.com,Phan Phương,Nữ,1971,50-59,Bác sĩ,TP HCM,Việt Nam,Gold,3,1,7,2021-11-16,2024-05-02,1
3434,customer3434@example.com,Lê Linh,Nữ,1992,30-39,Doanh nhân,TP HCM,Việt Nam,Gold,2,1,4,2023-06-17,2023-11-12,1
3435,customer3435@example.com,Phạm Việt,Nam,1969,50-59,Người nổi tiếng,Hà Nội,Việt Nam,Diamond,2,1,5,2021-12-28,2023-10-16,1
3436,customer3436@example.com,Ngô Quang,Nam,1965,50-59,Chuyên gia tài chính,Đồng Nai,Việt Nam,Silver,2,1,10,2018-05-15,2024-03-06,1
3437,customer3437@example.com,Trần Hùng,Nam,1975,40-49,Bác sĩ,TP HCM,Expat,Diamond,3,1,7,2019-01-03,2024-08-27,1
3438,customer3438@example.com,Nguyễn Việt,Nam,1969,50-59,Luật sư,Hải Phòng,Việt Nam,Diamond,1,1,6,2021-10-04,2024-01-30,1
3439,customer3439@example.com,Hoàng Mai,Nữ,1997,25-29,Luật sư,TP HCM,Expat,Platinum,2,1,8,2019-01-03,2024-11-23,1
3440,customer3440@example.com,Bùi Yến,Nữ,1970,50-59,Kiến trúc sư,TP HCM,Việt Nam,Gold,3,1,9,2022-01-24,2023-11-29,0
3441,customer3441@example.com,Ngô Tuấn,Nam,1960,60+,Người nổi tiếng,TP HCM,Việt Nam,Platinum,4,1,10,2017-04-17,2023-03-18,1
3442,customer3442@example.com,Phan Nga,Nữ,1962,60+,Luật sư,Hà Nội,Việt Nam,Gold,3,1,5,2022-07-30,2024-12-20,1
3443,customer3443@example.com,Vũ Yến,Nữ,1969,50-59,Người nổi tiếng,Đà Nẵng,Việt Nam,Diamond,3,1,10,2015-11-21,2023-06-25,1
3444,customer3444@example.com,Lê Yến,Nữ,1988,30-39,Người nổi tiếng,TP HCM,Việt Nam,Gold,1,1,1,2018-04-21,2023-01-19,1
3445,customer3445@example.com,Vũ Trung,Nam,1998,25-29,Nhà đầu tư,Hà Nội,Việt Nam,Silver,3,1,8,2017-06-21,2023-03-18,1
3446,customer3446@example.com,Nguyễn Long,Nam,1969,50-59,Doanh nhân,Hà Nội,Việt Nam,Silver,1,1,10,2015-10-10,2023-05-18,1
3447,customer3447@example.com,Dương Trang,Nữ,1975,40-49,Luật sư,TP HCM,Expat,Silver,3,1,8,2020-12-07,2023-04-13,1
3448,customer3448@example.com,Dương Nga,Nữ,1974,50-59,Chuyên gia tài chính,Hà Nội,Việt Nam,Gold,1,1,2,2015-05-05,2023-04-27,1
3449,customer3449@example.com,Vũ Thu,Nữ,1983,40-49,Luật sư,Khánh Hòa,Việt Nam,Silver,1,1,1,2023-02-13,2024-12-15,1
3450,customer3450@example.com,Đỗ Linh,Nữ,1977,40-49,Giám đốc,Đồng Nai,Việt Nam,Gold,1,1,8,2017-08-13,2023-01-07,1
3451,customer3451@example.com,Phạm Bình,Nam,1988,30-39,Luật sư,Hà Nội,Việt Nam,Platinum,1,1,2,2015-01-24,2023-04-11,1
3452,customer3452@example.com,Lê Hằng,Nữ,1996,25-29,Bác sĩ,Hà Nội,Việt Nam,Gold,2,1,3,2023-02-21,2024-11-24,1
3453,customer3453@example.com,Vũ Hùng,Nam,1960,60+,Luật sư,TP HCM,Việt Nam,Platinum,4,1,7,2015-08-06,2023-06-25,1
3454,customer3454@example.com,Hoàng Linh,Nữ,1965,50-59,Chuyên gia tài chính,TP HCM,Việt Nam,Silver,4,1,2,2015-09-20,2024-07-24,1
3455,customer3455@example.com,Hoàng Hải,Nam,1962,60+,Doanh nhân,Hà Nội,Việt Nam,Silver,1,1,2,2021-06-01,2023-12-02,1
3456,customer3456@example.com,Lê Thu,Nữ,1963,60+,Nhà đầu tư,TP HCM,Việt Nam,Diamond,3,1,8,2020-06-08,2024-09-13,1
3457,customer3457@example.com,Hoàng Thành,Nam,1980,40-49,Chuyên gia tài chính,TP HCM,Việt Nam,Silver,3,1,3,2017-01-05,2023-11-14,1
3458,customer3458@example.com,Vũ Phương,Nữ,1963,60+,Kiến trúc sư,TP HCM,Việt Nam,Gold,1,1,8,2018-10-14,2023-09-22,1
3459,customer3459@example.com,Dương Bình,Nam,1991,30-39,Giám đốc,Hải Phòng,Việt Nam,Gold,1,1,7,2015-08-16,2024-01-13,1
3460,customer3460@example.com,Đỗ Bình,Nam,1964,60+,Chuyên gia tài chính,TP HCM,Việt Nam,Gold,4,1,8,2023-04-11,2024-07-15,1
3461,customer3461@example.com,Hoàng Thảo,Nữ,1962,60+,Kiến trúc sư,Hà Nội,Việt Nam,Diamond,2,1,10,2017-12-03,2023-05-29,1
3462,customer3462@example.com,Bùi Yến,Nữ,1961,60+,Doanh nhân,TP HCM,Việt Nam,Silver,1,1,4,2019-12-01,2024-11-16,1
3463,customer3463@example.com,Vũ Yến,Nữ,1971,50-59,Kiến trúc sư,Bình Dương,Expat,Gold,3,1,3,2017-11-09,2023-03-06,1
3464,customer3464@example.com,Lê Minh,Nam,1978,40-49,Người nổi tiếng,Quảng Ninh,Việt Nam,Silver,1,1,1,2019-10-24,2024-07-01,0
3465,customer3465@example.com,Vũ Nga,Nữ,1974,50-59,Người nổi tiếng,Hà Nội,Expat,Gold,4,1,7,2019-08-11,2023-04-18,1
3466,customer3466@example.com,Trần Hà,Nữ,1976,40-49,Người nổi tiếng,Hải Phòng,Việt Nam,Silver,4,1,7,2015-02-26,2023-03-24,1
3467,customer3467@example.com,Dương Hoa,Nữ,1982,40-49,Doanh nhân,Hà Nội,Việt Nam,Gold,3,1,3,2020-09-07,2023-10-18,1
3468,customer3468@example.com,Vũ Hoa,Nữ,1989,30-39,Nhà đầu tư,Đồng Nai,Việt Nam,Silver,4,1,8,2016-06-21,2024-12-05,1
3469,customer3469@example.com,Bùi Việt,Nam,1971,50-59,Luật sư,Hà Nội,Expat,Silver,1,1,10,2016-09-10,2023-04-24,1
3470,customer3470@example.com,Ngô Nga,Nữ,1971,50-59,Người nổi tiếng,TP HCM,Việt Nam,Diamond,4,1,5,2022-09-19,2023-02-25,1
3471,customer3471@example.com,Hồ Việt,Nam,1970,50-59,Doanh nhân,TP HCM,Việt Nam,Silver,3,1,8,2022-01-16,2024-02-05,1
3472,customer3472@example.com,Lê Anh,Nam,1965,50-59,Bác sĩ,TP HCM,Việt Nam,Silver,2,1,7,2016-01-29,2023-01-15,1
3473,customer3473@example.com,Phan Bình,Nam,1969,50-59,Doanh nhân,Hải Phòng,Việt Nam,Diamond,2,1,1,2023-03-31,2024-10-31,1
3474,customer3474@example.com,Nguyễn Đức,Nam,1989,30-39,Chuyên gia tài chính,Đồng Nai,Việt Nam,Diamond,1,1,6,2016-05-19,2024-02-05,1
3475,customer3475@example.com,Vũ Trang,Nữ,1964,60+,Nhà đầu tư,Hà Nội,Việt Nam,Diamond,3,1,9,2019-06-13,2023-07-17,1
3476,customer3476@example.com,Dương Hải,Nam,1968,50-59,Luật sư,Quảng Ninh,Việt Nam,Gold,2,1,1,2021-12-09,2023-06-01,1
3477,customer3477@example.com,Nguyễn Ngọc,Nữ,1983,40-49,Doanh nhân,TP HCM,Việt Nam,Gold,4,1,4,2022-04-14,2024-07-26,1
3478,customer3478@example.com,Phạm Anh,Nam,1994,30-39,Kiến trúc sư,Đồng Nai,Việt Nam,Diamond,1,1,7,2019-05-15,2023-11-27,1
3479,customer3479@example.com,Ngô Ngọc,Nữ,1975,40-49,Luật sư,Khánh Hòa,Việt Nam,Silver,1,1,4,2022-11-13,2023-11-17,1
3480,customer3480@example.com,Ngô Yến,Nữ,1960,60+,Người nổi tiếng,Bình Dương,Việt Nam,Gold,2,1,8,2019-03-08,2024-09-30,1
3481,customer3481@example.com,Đặng Phương,Nữ,1978,40-49,Doanh nhân,TP HCM,Expat,Platinum,2,1,1,2017-12-12,2024-04-26,0
3482,customer3482@example.com,Đỗ Lan,Nữ,1993,30-39,Bác sĩ,Bình Dương,Việt Nam,Gold,2,1,1,2022-09-09,2023-02-18,1
3483,customer3483@example.com,Đỗ Thành,Nam,1967,50-59,Chuyên gia tài chính,Đồng Nai,Việt Nam,Gold,1,1,9,2018-03-04,2023-07-04,1
3484,customer3484@example.com,Lê Thành,Nam,1984,40-49,Bác sĩ,TP HCM,Việt Nam,Gold,3,1,6,2017-07-05,2023-07-08,0
3485,customer3485@example.com,Phan Hùng,Nam,1994,30-39,Chuyên gia tài chính,Bình Dương,Expat,Silver,3,1,3,2017-11-01,2024-04-24,1
3486,customer3486@example.com,Bùi Thu,Nữ,1995,25-29,Chuyên gia tài chính,Hà Nội,Việt Nam,Silver,1,1,9,2022-02-14,2023-10-01,1
3487,customer3487@example.com,Ngô Hùng,Nam,1982,40-49,Kiến trúc sư,Hà Nội,Việt Nam,Platinum,1,1,8,2017-11-23,2024-10-09,1
3488,customer3488@example.com,Trần Nga,Nữ,1983,40-49,Nhà đầu tư,TP HCM,Expat,Silver,2,1,8,2019-07-26,2024-12-17,1
3489,customer3489@example.com,Đỗ Phương,Nữ,1995,25-29,Kiến trúc sư,TP HCM,Việt Nam,Platinum,2,1,1,2021-05-12,2023-06-04,1
3490,customer3490@example.com,Đỗ Minh,Nam,1973,50-59,Nhà đầu tư,Quảng Ninh,Việt Nam,Silver,1,1,8,2015-11-28,2023-06-02,1
3491,customer3491@example.com,Đặng Đức,Nam,1973,50-59,Kiến trúc sư,TP HCM,Việt Nam,Silver,1,1,10,2017-06-27,2024-03-16,1
3492,customer3492@example.com,Vũ Thảo,Nữ,1972,50-59,Luật sư,Khánh Hòa,Việt Nam,Platinum,1,1,5,2023-04-16,2023-11-19,1
3493,customer3493@example.com,Vũ Yến,Nữ,1983,40-49,Giám đốc,TP HCM,Việt Nam,Gold,1,1,5,2019-04-12,2024-12-19,1
3494,customer3494@example.com,Đặng Trung,Nam,1994,30-39,Người nổi tiếng,Bình Dương,Việt Nam,Silver,1,1,3,2017-03-23,2023-01-09,1
3495,customer3495@example.com,Phạm Khánh,Nam,1975,40-49,Luật sư,Hà Nội,Việt Nam,Silver,2,1,6,2015-04-21,2024-09-17,1
3496,customer3496@example.com,Nguyễn Long,Nam,1991,30-39,Doanh nhân,Hà Nội,Việt Nam,Platinum,4,1,7,2019-10-23,2024-06-11,1
3497,customer3497@example.com,Hồ Tuấn,Nam,1991,30-39,Nhà đầu tư,Hà Nội,Việt Nam,Silver,4,1,7,2017-04-09,2024-02-28,1
3498,customer3498@example.com,Đặng Linh,Nữ,1973,50-59,Doanh nhân,Bình Dương,Việt Nam,Diamond,2,1,4,2017-02-16,2023-02-14,1
3499,customer3499@example.com,Đỗ Việt,Nam,1965,50-59,Bác sĩ,Hà Nội,Việt Nam,Gold,4,1,6,2016-02-11,2024-06-20,1
3500,customer3500@example.com,Trần Lan,Nữ,1968,50-59,Nhà đầu tư,Hải Phòng,Việt Nam,Gold,2,1,9,2022-04-11,2024-10-27,0
3501,customer3501@example.com,Đỗ Hằng,Nữ,1994,30-39,Doanh nhân,Hà Nội,Việt Nam,Diamond,1,1,3,2020-06-15,2024-08-25,0
3502,customer3502@example.com,Lê Thành,Nam,1983,40-49,Kiến trúc sư,TP HCM,Việt Nam,Silver,1,1,8,2021-09-10,2023-05-18,1
3503,customer3503@example.com,Hồ Phương,Nữ,1966,50-59,Người nổi tiếng,Quảng Ninh,Việt Nam,Silver,1,1,9,2015-09-13,2024-06-27,1
3504,customer3504@example.com,Phan Khánh,Nam,1994,30-39,Kiến trúc sư,Hà Nội,Việt Nam,Gold,1,1,5,2020-12-27,2023-09-10,1
3505,customer3505@example.com,Bùi Hằng,Nữ,1980,40-49,Người nổi tiếng,Đồng Nai,Việt Nam,Gold,2,1,2,2017-06-05,2023-03-13,1
3506,customer3506@example.com,Ngô Quang,Nam,1987,30-39,Nhà đầu tư,Hà Nội,Việt Nam,Gold,4,1,5,2017-06-30,2024-10-17,0
3507,customer3507@example.com,Nguyễn Hà,Nữ,1995,25-29,Luật sư,TP HCM,Việt Nam,Diamond,3,1,4,2019-12-03,2023-04-20,1
3508,customer3508@example.com,Hoàng Hoa,Nữ,1961,60+,Chuyên gia tài chính,Hải Phòng,Việt Nam,Gold,1,1,4,2022-01-31,2024-03-26,1
3509,customer3509@example.com,Lê Hùng,Nam,1978,40-49,Người nổi tiếng,TP HCM,Việt Nam,Silver,4,1,10,2021-10-02,2023-10-10,1
3510,customer3510@example.com,Phạm Hà,Nữ,1975,40-49,Giám đốc,TP HCM,Việt Nam,Gold,1,1,6,2022-04-13,2024-09-23,1
3511,customer3511@example.com,Nguyễn Yến,Nữ,1968,50-59,Kiến trúc sư,Hải Phòng,Expat,Gold,3,1,7,2017-11-02,2023-01-14,1
3512,customer3512@example.com,Đặng Thảo,Nữ,1988,30-39,Nhà đầu tư,Quảng Ninh,Việt Nam,Gold,4,1,9,2022-06-05,2023-11-21,1
3513,customer3513@example.com,Phan Nga,Nữ,1968,50-59,Kiến trúc sư,Hà Nội,Việt Nam,Platinum,4,1,8,2016-12-15,2024-09-16,1
3514,customer3514@example.com,Lê Tuấn,Nam,1989,30-39,Nhà đầu tư,TP HCM,Việt Nam,Gold,1,1,2,2018-07-11,2023-09-24,1
3515,customer3515@example.com,Ngô Đức,Nam,1988,30-39,Nhà đầu tư,TP HCM,Việt Nam,Diamond,2,1,4,2021-01-06,2024-11-13,1
3516,customer3516@example.com,Lê Nga,Nữ,1968,50-59,Kiến trúc sư,TP HCM,Việt Nam,Gold,4,1,7,2015-12-22,2023-03-03,1
3517,customer3517@example.com,Đặng Thảo,Nữ,1983,40-49,Doanh nhân,TP HCM,Việt Nam,Gold,1,1,5,2021-07-02,2023-06-14,1
3518,customer3518@example.com,Hồ Nga,Nữ,1974,50-59,Doanh nhân,TP HCM,Việt Nam,Platinum,2,1,7,2019-08-17,2023-10-20,1
3519,customer3519@example.com,Dương Quang,Nam,1997,25-29,Giám đốc,Hà Nội,Việt Nam,Gold,1,1,1,2015-07-12,2024-09-03,1
3520,customer3520@example.com,Hồ Phương,Nữ,1982,40-49,Chuyên gia tài chính,Hà Nội,Expat,Diamond,2,1,1,2015-08-12,2023-04-09,1
3521,customer3521@example.com,Lê Ánh,Nữ,1985,30-39,Người nổi tiếng,Đà Nẵng,Expat,Platinum,2,1,1,2022-04-02,2023-11-19,1
3522,customer3522@example.com,Hồ Anh,Nam,1981,40-49,Người nổi tiếng,TP HCM,Việt Nam,Silver,2,1,3,2016-03-22,2024-02-26,1
3523,customer3523@example.com,Đỗ Hoa,Nữ,1985,30-39,Doanh nhân,Đà Nẵng,Việt Nam,Gold,4,1,2,2016-04-28,2024-05-21,1
3524,customer3524@example.com,Hồ Mai,Nữ,1960,60+,Chuyên gia tài chính,Hà Nội,Việt Nam,Silver,2,1,8,2019-09-19,2023-09-21,1
3525,customer3525@example.com,Phan Mai,Nữ,1986,30-39,Nhà đầu tư,TP HCM,Expat,Silver,3,1,4,2018-03-11,2024-05-26,1
3526,customer3526@example.com,Trần Hằng,Nữ,1965,50-59,Doanh nhân,Hà Nội,Việt Nam,Gold,3,1,4,2023-01-16,2024-07-16,1
3527,customer3527@example.com,Phan Phương,Nữ,1981,40-49,Người nổi tiếng,Đồng Nai,Việt Nam,Platinum,1,1,5,2023-02-12,2023-03-13,1
3528,customer3528@example.com,Dương Yến,Nữ,1970,50-59,Bác sĩ,Đà Nẵng,Việt Nam,Platinum,4,1,5,2023-03-04,2023-08-25,0
3529,customer3529@example.com,Đỗ Bình,Nam,1968,50-59,Người nổi tiếng,Đà Nẵng,Việt Nam,Platinum,2,1,4,2023-01-18,2023-05-29,1
3530,customer3530@example.com,Hồ Thu,Nữ,1982,40-49,Nhà đầu tư,Khánh Hòa,Expat,Platinum,3,1,1,2018-04-23,2024-04-28,1
3531,customer3531@example.com,Hồ Anh,Nam,1976,40-49,Nhà đầu tư,Đà Nẵng,Expat,Gold,2,1,5,2016-02-25,2024-07-30,1
3532,customer3532@example.com,Hồ Ngọc,Nữ,1988,30-39,Giám đốc,Hà Nội,Việt Nam,Gold,3,1,5,2016-12-12,2024-09-20,1
3533,customer3533@example.com,Vũ Anh,Nam,1964,60+,Kiến trúc sư,Hà Nội,Việt Nam,Silver,3,1,9,2018-11-29,2024-09-10,1
3534,customer3534@example.com,Hoàng Thành,Nam,1971,50-59,Giám đốc,Hà Nội,Việt Nam,Gold,1,1,6,2020-12-05,2023-09-25,1
3535,customer3535@example.com,Phan Hoa,Nữ,1984,40-49,Bác sĩ,Quảng Ninh,Việt Nam,Silver,3,1,5,2015-08-17,2024-04-23,1
3536,customer3536@example.com,Hồ Đức,Nam,1986,30-39,Giám đốc,Khánh Hòa,Việt Nam,Silver,3,1,4,2018-08-14,2024-04-05,1
3537,customer3537@example.com,Đỗ Lan,Nữ,1980,40-49,Người nổi tiếng,Hà Nội,Việt Nam,Platinum,2,1,9,2016-10-31,2023-03-17,1
3538,customer3538@example.com,Vũ Long,Nam,1971,50-59,Bác sĩ,Hà Nội,Việt Nam,Silver,3,1,5,2020-07-23,2024-07-20,1
3539,customer3539@example.com,Hồ Bình,Nam,1989,30-39,Doanh nhân,TP HCM,Việt Nam,Silver,1,1,10,2019-02-28,2024-10-22,1
3540,customer3540@example.com,Vũ Ánh,Nữ,1968,50-59,Luật sư,Hà Nội,Việt Nam,Diamond,2,1,3,2019-10-17,2023-12-09,1
3541,customer3541@example.com,Đỗ Thành,Nam,1991,30-39,Doanh nhân,Hà Nội,Việt Nam,Gold,2,1,8,2021-10-11,2024-06-13,1
3542,customer3542@example.com,Ngô Ánh,Nữ,1970,50-59,Luật sư,TP HCM,Việt Nam,Platinum,2,1,7,2021-05-06,2023-04-22,1
3543,customer3543@example.com,Hoàng Thảo,Nữ,1983,40-49,Giám đốc,Bình Dương,Việt Nam,Gold,2,1,9,2019-01-24,2024-04-08,1
3544,customer3544@example.com,Lê Quang,Nam,1993,30-39,Bác sĩ,Đà Nẵng,Việt Nam,Gold,3,1,2,2018-07-17,2024-09-09,1
3545,customer3545@example.com,Đặng Thảo,Nữ,1970,50-59,Người nổi tiếng,Bình Dương,Việt Nam,Platinum,4,1,2,2019-01-19,2024-10-20,1
3546,customer3546@example.com,Phạm Hùng,Nam,1972,50-59,Người nổi tiếng,TP HCM,Việt Nam,Silver,2,1,5,2020-07-20,2023-12-04,1
3547,customer3547@example.com,Ngô Hùng,Nam,1987,30-39,Người nổi tiếng,TP HCM,Việt Nam,Silver,1,1,1,2015-06-27,2023-06-25,1
3548,customer3548@example.com,Hồ Phương,Nữ,1979,40-49,Chuyên gia tài chính,Bình Dương,Việt Nam,Platinum,4,1,1,2015-01-21,2023-12-26,1
3549,customer3549@example.com,Phạm Thành,Nam,1980,40-49,Doanh nhân,Bình Dương,Việt Nam,Silver,1,1,6,2017-06-02,2024-05-22,1
3550,customer3550@example.com,Phạm Mai,Nữ,1998,25-29,Người nổi tiếng,TP HCM,Expat,Platinum,4,1,5,2022-07-29,2024-01-30,1
3551,customer3551@example.com,Bùi Anh,Nam,1985,30-39,Người nổi tiếng,Hà Nội,Việt Nam,Platinum,3,1,3,2022-06-30,2023-09-24,1
3552,customer3552@example.com,Đặng Tuấn,Nam,1994,30-39,Doanh nhân,TP HCM,Việt Nam,Silver,1,1,5,2022-04-20,2023-11-03,1
3553,customer3553@example.com,Đỗ Trang,Nữ,1967,50-59,Nhà đầu tư,TP HCM,Việt Nam,Platinum,4,1,3,2022-02-05,2023-09-27,1
3554,customer3554@example.com,Đỗ Trang,Nữ,1960,60+,Bác sĩ,Đà Nẵng,Việt Nam,Platinum,3,1,8,2017-07-25,2024-11-12,1
3555,customer3555@example.com,Hồ Thu,Nữ,1960,60+,Doanh nhân,TP HCM,Việt Nam,Gold,3,1,2,2022-04-01,2023-05-02,1
3556,customer3556@example.com,Hồ Thành,Nam,1965,50-59,Nhà đầu tư,TP HCM,Expat,Gold,1,1,5,2018-02-11,2024-01-18,1
3557,customer3557@example.com,Dương Quang,Nam,1986,30-39,Người nổi tiếng,TP HCM,Việt Nam,Diamond,3,1,1,2023-01-13,2023-10-04,1
3558,customer3558@example.com,Nguyễn Tuấn,Nam,1965,50-59,Nhà đầu tư,TP HCM,Việt Nam,Gold,3,1,8,2019-02-25,2024-03-05,1
3559,customer3559@example.com,Ngô Thu,Nữ,1983,40-49,Luật sư,Đà Nẵng,Việt Nam,Gold,3,1,2,2015-08-29,2023-12-12,0
3560,customer3560@example.com,Dương Ngọc,Nữ,1961,60+,Bác sĩ,Hà Nội,Việt Nam,Platinum,4,1,3,2016-04-25,2023-11-15,1
3561,customer3561@example.com,Trần Quang,Nam,1986,30-39,Chuyên gia tài chính,Hà Nội,Việt Nam,Gold,1,1,6,2017-04-14,2023-10-31,1
3562,customer3562@example.com,Ngô Thành,Nam,1991,30-39,Giám đốc,TP HCM,Việt Nam,Silver,2,1,1,2021-06-15,2024-10-26,1
3563,customer3563@example.com,Đặng Hoa,Nữ,1963,60+,Doanh nhân,TP HCM,Việt Nam,Gold,2,1,7,2020-02-26,2023-03-01,1
3564,customer3564@example.com,Trần Hùng,Nam,1977,40-49,Người nổi tiếng,TP HCM,Việt Nam,Platinum,4,1,8,2021-10-29,2024-03-17,1
3565,customer3565@example.com,Đỗ Long,Nam,1998,25-29,Nhà đầu tư,TP HCM,Việt Nam,Gold,1,1,9,2020-03-04,2023-10-05,1
3566,customer3566@example.com,Lê Trung,Nam,1969,50-59,Luật sư,Hà Nội,Việt Nam,Gold,3,1,8,2020-01-27,2024-07-30,1
3567,customer3567@example.com,Dương Đức,Nam,1976,40-49,Người nổi tiếng,TP HCM,Việt Nam,Gold,4,1,9,2022-09-13,2024-03-17,1
3568,customer3568@example.com,Bùi Mai,Nữ,1976,40-49,Luật sư,Hà Nội,Việt Nam,Silver,4,1,2,2018-08-21,2023-09-21,1
3569,customer3569@example.com,Phan Lan,Nữ,1997,25-29,Giám đốc,Hải Phòng,Việt Nam,Platinum,2,1,7,2020-01-27,2023-06-05,1
3570,customer3570@example.com,Phan Quang,Nam,1964,60+,Người nổi tiếng,Đà Nẵng,Việt Nam,Silver,1,1,9,2016-10-14,2024-07-01,1
3571,customer3571@example.com,Hoàng Phương,Nữ,1985,30-39,Giám đốc,TP HCM,Việt Nam,Gold,3,1,1,2021-05-15,2023-10-13,1
3572,customer3572@example.com,Hồ Hùng,Nam,1973,50-59,Chuyên gia tài chính,Đồng Nai,Việt Nam,Silver,1,1,4,2016-04-28,2024-10-31,1
3573,customer3573@example.com,Trần Thành,Nam,1983,40-49,Giám đốc,Đà Nẵng,Việt Nam,Gold,1,1,1,2018-02-03,2024-03-26,1
3574,customer3574@example.com,Ngô Thảo,Nữ,1987,30-39,Kiến trúc sư,TP HCM,Việt Nam,Silver,1,1,6,2016-02-07,2024-09-11,1
3575,customer3575@example.com,Đặng Yến,Nữ,1969,50-59,Giám đốc,Quảng Ninh,Việt Nam,Diamond,2,1,7,2020-12-30,2024-09-02,0
3576,customer3576@example.com,Hồ Hằng,Nữ,1963,60+,Giám đốc,Đồng Nai,Việt Nam,Silver,1,1,7,2022-03-01,2024-03-12,1
3577,customer3577@example.com,Trần Thu,Nữ,1966,50-59,Người nổi tiếng,TP HCM,Việt Nam,Silver,1,1,7,2020-04-04,2023-02-21,1
3578,customer3578@example.com,Ngô Thành,Nam,1981,40-49,Chuyên gia tài chính,TP HCM,Việt Nam,Platinum,3,1,10,2022-04-06,2024-05-06,1
3579,customer3579@example.com,Lê Thảo,Nữ,1990,30-39,Doanh nhân,Hà Nội,Việt Nam,Silver,1,1,9,2019-08-22,2023-04-05,1
3580,customer3580@example.com,Dương Mai,Nữ,1971,50-59,Kiến trúc sư,TP HCM,Việt Nam,Gold,3,1,2,2021-11-03,2023-10-04,1
3581,customer3581@example.com,Phạm Mai,Nữ,1992,30-39,Chuyên gia tài chính,Hà Nội,Việt Nam,Silver,2,1,7,2017-08-09,2023-08-06,1
3582,customer3582@example.com,Đặng Việt,Nam,1969,50-59,Người nổi tiếng,TP HCM,Việt Nam,Gold,3,1,3,2019-09-28,2024-06-02,1
3583,customer3583@example.com,Hoàng Linh,Nữ,1983,40-49,Kiến trúc sư,Hà Nội,Việt Nam,Silver,1,1,2,2016-05-09,2023-11-17,1
3584,customer3584@example.com,Vũ Phương,Nữ,1990,30-39,Kiến trúc sư,Đà Nẵng,Việt Nam,Gold,1,1,4,2021-12-25,2024-07-12,1
3585,customer3585@example.com,Dương Linh,Nữ,1983,40-49,Bác sĩ,Đồng Nai,Việt Nam,Gold,2,1,10,2020-07-20,2023-09-06,1
3586,customer3586@example.com,Phan Mai,Nữ,1970,50-59,Luật sư,Hà Nội,Việt Nam,Platinum,1,1,4,2021-05-19,2023-12-24,1
3587,customer3587@example.com,Vũ Nga,Nữ,1996,25-29,Nhà đầu tư,Hà Nội,Việt Nam,Silver,2,1,6,2015-03-19,2023-01-13,1
3588,customer3588@example.com,Dương Nga,Nữ,1980,40-49,Doanh nhân,Quảng Ninh,Việt Nam,Gold,3,1,1,2020-05-03,2024-11-26,1
3589,customer3589@example.com,Phan Trang,Nữ,1971,50-59,Chuyên gia tài chính,TP HCM,Việt Nam,Gold,4,1,1,2019-10-19,2023-06-11,1
3590,customer3590@example.com,Đặng Trang,Nữ,1992,30-39,Luật sư,TP HCM,Việt Nam,Gold,2,1,3,2019-09-09,2023-05-28,1
3591,customer3591@example.com,Đặng Hải,Nam,1986,30-39,Doanh nhân,Hà Nội,Việt Nam,Platinum,4,1,1,2017-05-30,2023-11-04,1
3592,customer3592@example.com,Đặng Nga,Nữ,1988,30-39,Nhà đầu tư,Bình Dương,Việt Nam,Platinum,4,1,4,2023-04-04,2024-05-14,1
3593,customer3593@example.com,Đỗ Yến,Nữ,1997,25-29,Người nổi tiếng,Hà Nội,Việt Nam,Platinum,3,1,4,2020-09-03,2023-07-08,1
3594,customer3594@example.com,Ngô Tuấn,Nam,1971,50-59,Luật sư,Quảng Ninh,Expat,Gold,3,1,8,2022-09-18,2024-01-08,1
3595,customer3595@example.com,Hoàng Ngọc,Nữ,1984,40-49,Kiến trúc sư,TP HCM,Việt Nam,Silver,4,1,3,2016-11-23,2023-06-06,0
3596,customer3596@example.com,Dương Quang,Nam,1977,40-49,Kiến trúc sư,TP HCM,Việt Nam,Silver,4,1,2,2017-05-08,2024-06-14,0
3597,customer3597@example.com,Hồ Quang,Nam,1995,25-29,Doanh nhân,Đồng Nai,Việt Nam,Gold,2,1,10,2021-09-18,2023-09-27,1
3598,customer3598@example.com,Hồ Thành,Nam,1984,40-49,Luật sư,TP HCM,Việt Nam,Silver,4,1,3,2021-07-12,2024-06-12,1
3599,customer3599@example.com,Hoàng Trang,Nữ,1960,60+,Bác sĩ,TP HCM,Việt Nam,Gold,1,1,1,2017-10-02,2024-03-07,1
3600,customer3600@example.com,Vũ Trung,Nam,1983,40-49,Chuyên gia tài chính,TP HCM,Việt Nam,Gold,2,1,6,2022-01-10,2023-02-05,1
3601,customer3601@example.com,Trần Mai,Nữ,1979,40-49,Luật sư,Hà Nội,Việt Nam,Gold,1,1,9,2020-10-08,2024-06-15,1
3602,customer3602@example.com,Trần Hùng,Nam,1993,30-39,Doanh nhân,TP HCM,Việt Nam,Platinum,2,1,7,2015-04-16,2023-09-08,1
3603,customer3603@example.com,Nguyễn Yến,Nữ,1992,30-39,Chuyên gia tài chính,Quảng Ninh,Việt Nam,Silver,3,1,4,2020-06-21,2023-05-18,1
3604,customer3604@example.com,Vũ Việt,Nam,1971,50-59,Người nổi tiếng,Quảng Ninh,Expat,Silver,2,1,2,2023-01-08,2024-08-24,0
3605,customer3605@example.com,Phạm Thành,Nam,1979,40-49,Kiến trúc sư,TP HCM,Việt Nam,Gold,4,1,10,2020-06-22,2023-12-04,1
3606,customer3606@example.com,Ngô Ngọc,Nữ,1992,30-39,Kiến trúc sư,Hà Nội,Việt Nam,Gold,1,1,2,2020-11-22,2024-04-28,1
3607,customer3607@example.com,Trần Khánh,Nam,1998,25-29,Luật sư,Hà Nội,Việt Nam,Gold,4,1,5,2019-05-07,2023-01-08,1
3608,customer3608@example.com,Trần Tuấn,Nam,1973,50-59,Giám đốc,TP HCM,Việt Nam,Platinum,1,1,5,2016-12-28,2024-12-21,1
3609,customer3609@example.com,Phan Thành,Nam,1991,30-39,Giám đốc,Bình Dương,Việt Nam,Gold,2,1,1,2019-08-25,2023-08-12,0
3610,customer3610@example.com,Vũ Nga,Nữ,1967,50-59,Bác sĩ,Bình Dương,Việt Nam,Gold,1,1,1,2021-06-12,2023-12-19,1
3611,customer3611@example.com,Trần Bình,Nam,1961,60+,Bác sĩ,Đà Nẵng,Việt Nam,Gold,2,1,3,2017-03-09,2024-07-10,1
3612,customer3612@example.com,Hồ Bình,Nam,1973,50-59,Doanh nhân,Hà Nội,Expat,Platinum,1,1,10,2018-06-30,2023-01-06,0
3613,customer3613@example.com,Đỗ Hằng,Nữ,1984,40-49,Giám đốc,Bình Dương,Việt Nam,Gold,4,1,8,2016-08-08,2024-05-17,1
3614,customer3614@example.com,Nguyễn Trang,Nữ,1983,40-49,Doanh nhân,TP HCM,Việt Nam,Silver,3,1,4,2017-09-14,2023-07-31,1
3615,customer3615@example.com,Ngô Tuấn,Nam,1985,30-39,Nhà đầu tư,Hà Nội,Expat,Silver,3,1,7,2016-05-04,2024-05-11,1
3616,customer3616@example.com,Dương Trang,Nữ,1964,60+,Chuyên gia tài chính,Hà Nội,Việt Nam,Silver,4,1,8,2017-04-11,2023-02-26,1
3617,customer3617@example.com,Nguyễn Bình,Nam,1978,40-49,Kiến trúc sư,Hà Nội,Việt Nam,Silver,4,1,7,2018-10-14,2023-09-02,1
3618,customer3618@example.com,Dương Quang,Nam,1974,50-59,Luật sư,TP HCM,Việt Nam,Diamond,4,1,5,2017-04-01,2023-08-15,1
3619,customer3619@example.com,Nguyễn Trang,Nữ,1992,30-39,Doanh nhân,Hà Nội,Việt Nam,Silver,2,1,7,2020-06-22,2024-01-05,0
3620,customer3620@example.com,Bùi Linh,Nữ,1987,30-39,Giám đốc,Hà Nội,Việt Nam,Diamond,1,1,4,2021-06-23,2023-09-19,1
3621,customer3621@example.com,Bùi Trang,Nữ,1983,40-49,Kiến trúc sư,TP HCM,Việt Nam,Gold,1,1,2,2020-08-18,2023-04-19,1
3622,customer3622@example.com,Phạm Tuấn,Nam,1968,50-59,Doanh nhân,Hà Nội,Expat,Silver,1,1,7,2023-05-06,2023-01-17,1
3623,customer3623@example.com,Dương Hải,Nam,1991,30-39,Doanh nhân,TP HCM,Việt Nam,Diamond,2,1,7,2020-03-05,2024-04-29,1
3624,customer3624@example.com,Vũ Hùng,Nam,1977,40-49,Nhà đầu tư,TP HCM,Việt Nam,Platinum,3,1,4,2023-03-23,2024-09-10,1
3625,customer3625@example.com,Bùi Trang,Nữ,1987,30-39,Người nổi tiếng,Hải Phòng,Việt Nam,Silver,1,1,5,2021-03-26,2024-05-12,1
3626,customer3626@example.com,Vũ Việt,Nam,1974,50-59,Chuyên gia tài chính,Hà Nội,Việt Nam,Platinum,1,1,5,2018-04-08,2023-05-27,1
3627,customer3627@example.com,Hồ Phương,Nữ,1967,50-59,Người nổi tiếng,Khánh Hòa,Việt Nam,Silver,3,1,6,2021-07-05,2024-01-13,1
3628,customer3628@example.com,Lê Anh,Nam,1963,60+,Doanh nhân,Quảng Ninh,Việt Nam,Gold,4,1,4,2018-07-14,2024-03-10,1
3629,customer3629@example.com,Dương Thu,Nữ,1968,50-59,Bác sĩ,TP HCM,Việt Nam,Gold,1,1,10,2015-04-12,2024-08-02,1
3630,customer3630@example.com,Phan Minh,Nam,1976,40-49,Giám đốc,Hà Nội,Việt Nam,Silver,1,1,3,2017-03-22,2024-03-04,0
3631,customer3631@example.com,Đặng Lan,Nữ,1967,50-59,Nhà đầu tư,Hà Nội,Việt Nam,Silver,3,1,4,2022-05-30,2024-11-05,1
3632,customer3632@example.com,Đặng Hằng,Nữ,1965,50-59,Bác sĩ,Quảng Ninh,Việt Nam,Diamond,3,1,5,2015-10-11,2024-05-18,1
3633,customer3633@example.com,Vũ Đức,Nam,1966,50-59,Người nổi tiếng,TP HCM,Việt Nam,Gold,2,1,9,2016-04-10,2024-04-01,1
3634,customer3634@example.com,Dương Trung,Nam,1973,50-59,Nhà đầu tư,TP HCM,Expat,Silver,2,1,10,2019-09-30,2024-10-29,1
3635,customer3635@example.com,Trần Mai,Nữ,1987,30-39,Doanh nhân,Hải Phòng,Expat,Silver,3,1,7,2020-05-18,2024-01-21,1
3636,customer3636@example.com,Lê Nga,Nữ,1984,40-49,Doanh nhân,TP HCM,Expat,Silver,1,1,5,2017-10-12,2024-08-10,1
3637,customer3637@example.com,Đặng Minh,Nam,1982,40-49,Bác sĩ,TP HCM,Việt Nam,Silver,3,1,6,2016-03-14,2023-09-14,1
3638,customer3638@example.com,Hồ Hải,Nam,1980,40-49,Bác sĩ,Hà Nội,Việt Nam,Diamond,4,1,6,2021-04-30,2023-05-01,1
3639,customer3639@example.com,Dương Thành,Nam,1996,25-29,Doanh nhân,Đà Nẵng,Việt Nam,Platinum,1,1,6,2017-03-08,2023-01-16,1
3640,customer3640@example.com,Nguyễn Trang,Nữ,1974,50-59,Luật sư,Hải Phòng,Việt Nam,Diamond,3,1,1,2016-03-04,2024-03-17,1
3641,customer3641@example.com,Đỗ Mai,Nữ,1985,30-39,Giám đốc,TP HCM,Việt Nam,Platinum,3,1,1,2020-06-28,2023-04-14,1
3642,customer3642@example.com,Phan Bình,Nam,1998,25-29,Kiến trúc sư,Quảng Ninh,Việt Nam,Silver,3,1,1,2019-11-23,2024-08-28,1
3643,customer3643@example.com,Phạm Thành,Nam,1979,40-49,Người nổi tiếng,Hải Phòng,Việt Nam,Gold,3,1,4,2016-04-21,2024-12-09,1
3644,customer3644@example.com,Vũ Thu,Nữ,1983,40-49,Nhà đầu tư,TP HCM,Việt Nam,Gold,2,1,10,2019-03-25,2023-07-04,1
3645,customer3645@example.com,Ngô Bình,Nam,1970,50-59,Luật sư,Hà Nội,Việt Nam,Silver,1,1,4,2022-08-02,2024-10-11,1
3646,customer3646@example.com,Vũ Quang,Nam,1980,40-49,Chuyên gia tài chính,TP HCM,Expat,Diamond,3,1,2,2022-09-07,2023-08-28,1
3647,customer3647@example.com,Vũ Thành,Nam,1988,30-39,Luật sư,Hà Nội,Việt Nam,Gold,4,1,9,2015-12-18,2024-10-18,1
3648,customer3648@example.com,Phan Ngọc,Nữ,1962,60+,Giám đốc,TP HCM,Việt Nam,Silver,3,1,3,2017-08-31,2024-03-14,1
3649,customer3649@example.com,Ngô Ánh,Nữ,1976,40-49,Luật sư,TP HCM,Việt Nam,Silver,1,1,9,2017-12-12,2023-07-17,1
3650,customer3650@example.com,Hồ Bình,Nam,1982,40-49,Giám đốc,Hải Phòng,Việt Nam,Silver,1,1,2,2016-03-21,2023-10-21,1
3651,customer3651@example.com,Đặng Đức,Nam,1961,60+,Kiến trúc sư,TP HCM,Việt Nam,Platinum,2,1,6,2018-07-02,2023-05-04,1
3652,customer3652@example.com,Dương Hằng,Nữ,1982,40-49,Kiến trúc sư,TP HCM,Expat,Silver,1,1,7,2020-09-27,2024-06-30,1
3653,customer3653@example.com,Vũ Đức,Nam,1985,30-39,Người nổi tiếng,TP HCM,Việt Nam,Gold,3,1,4,2021-02-25,2023-07-19,0
3654,customer3654@example.com,Hồ Nga,Nữ,1995,25-29,Người nổi tiếng,TP HCM,Expat,Silver,3,1,7,2015-02-10,2024-06-15,1
3655,customer3655@example.com,Trần Thành,Nam,1976,40-49,Doanh nhân,Đà Nẵng,Việt Nam,Silver,4,1,3,2021-03-26,2024-06-23,1
3656,customer3656@example.com,Đặng Linh,Nữ,1964,60+,Kiến trúc sư,TP HCM,Việt Nam,Diamond,4,1,4,2019-11-13,2023-07-26,0
3657,customer3657@example.com,Bùi Hùng,Nam,1965,50-59,Luật sư,TP HCM,Việt Nam,Silver,2,1,9,2023-05-08,2023-01-08,1
3658,customer3658@example.com,Nguyễn Việt,Nam,1974,50-59,Luật sư,Hà Nội,Việt Nam,Silver,3,1,8,2019-08-17,2023-09-19,1
3659,customer3659@example.com,Bùi Trang,Nữ,1972,50-59,Nhà đầu tư,TP HCM,Việt Nam,Diamond,4,1,3,2022-11-01,2023-06-15,1
3660,customer3660@example.com,Trần Hải,Nam,1995,25-29,Chuyên gia tài chính,Đồng Nai,Việt Nam,Silver,2,1,1,2016-12-17,2023-04-01,1
3661,customer3661@example.com,Vũ Lan,Nữ,1964,60+,Luật sư,Hà Nội,Việt Nam,Diamond,4,1,9,2020-02-07,2024-02-18,0
3662,customer3662@example.com,Đỗ Lan,Nữ,1979,40-49,Người nổi tiếng,Hà Nội,Expat,Platinum,1,1,1,2018-10-18,2024-12-12,0
3663,customer3663@example.com,Đặng Thành,Nam,1986,30-39,Giám đốc,Hà Nội,Việt Nam,Silver,2,1,10,2022-04-08,2024-07-07,1
3664,customer3664@example.com,Dương Thành,Nam,1963,60+,Bác sĩ,Khánh Hòa,Việt Nam,Platinum,1,1,5,2019-10-10,2024-08-08,1
3665,customer3665@example.com,Dương Hằng,Nữ,1975,40-49,Bác sĩ,Hà Nội,Expat,Silver,4,1,3,2022-02-03,2023-11-04,1
3666,customer3666@example.com,Hồ Hoa,Nữ,1966,50-59,Chuyên gia tài chính,TP HCM,Expat,Platinum,2,1,4,2015-08-01,2024-12-12,1
3667,customer3667@example.com,Hồ Trung,Nam,1964,60+,Kiến trúc sư,TP HCM,Việt Nam,Silver,1,1,3,2021-04-18,2023-01-01,1
3668,customer3668@example.com,Lê Lan,Nữ,1966,50-59,Luật sư,Đà Nẵng,Việt Nam,Gold,3,1,9,2018-09-12,2024-02-17,1
3669,customer3669@example.com,Hồ Yến,Nữ,1994,30-39,Nhà đầu tư,Đà Nẵng,Việt Nam,Silver,2,1,8,2020-02-24,2024-02-22,0
3670,customer3670@example.com,Đỗ Ánh,Nữ,1972,50-59,Chuyên gia tài chính,TP HCM,Việt Nam,Gold,1,1,7,2019-01-13,2024-04-30,1
3671,customer3671@example.com,Bùi Thảo,Nữ,1997,25-29,Luật sư,Khánh Hòa,Việt Nam,Diamond,2,1,4,2020-05-02,2024-01-16,1
3672,customer3672@example.com,Hoàng Hải,Nam,1992,30-39,Luật sư,TP HCM,Việt Nam,Platinum,3,1,10,2016-07-19,2024-12-05,1
3673,customer3673@example.com,Phạm Hằng,Nữ,1992,30-39,Giám đốc,TP HCM,Việt Nam,Platinum,2,1,8,2018-04-09,2023-11-16,1
3674,customer3674@example.com,Dương Trung,Nam,1972,50-59,Nhà đầu tư,Hà Nội,Việt Nam,Silver,1,1,3,2018-12-10,2024-02-04,1
3675,customer3675@example.com,Trần Bình,Nam,1969,50-59,Bác sĩ,TP HCM,Việt Nam,Gold,1,1,7,2016-03-20,2023-01-04,1
3676,customer3676@example.com,Phạm Ngọc,Nữ,1986,30-39,Bác sĩ,TP HCM,Việt Nam,Platinum,1,1,5,2017-05-26,2024-05-17,1
3677,customer3677@example.com,Đỗ Thành,Nam,1987,30-39,Doanh nhân,TP HCM,Việt Nam,Silver,1,1,1,2020-11-16,2024-02-28,1
3678,customer3678@example.com,Đặng Minh,Nam,1997,25-29,Người nổi tiếng,Bình Dương,Việt Nam,Silver,2,1,2,2017-08-20,2023-05-11,1
3679,customer3679@example.com,Hồ Bình,Nam,1970,50-59,Chuyên gia tài chính,TP HCM,Việt Nam,Diamond,1,1,7,2019-03-10,2024-04-04,1
3680,customer3680@example.com,Hoàng Yến,Nữ,1990,30-39,Nhà đầu tư,Hà Nội,Việt Nam,Silver,1,1,8,2022-07-05,2023-01-04,1
3681,customer3681@example.com,Phan Nga,Nữ,1963,60+,Người nổi tiếng,Hà Nội,Việt Nam,Platinum,3,1,2,2015-07-28,2024-08-08,1
3682,customer3682@example.com,Vũ Hùng,Nam,1987,30-39,Nhà đầu tư,Bình Dương,Việt Nam,Platinum,3,1,4,2015-11-21,2024-03-27,1
3683,customer3683@example.com,Hoàng Long,Nam,1970,50-59,Chuyên gia tài chính,TP HCM,Việt Nam,Gold,1,1,5,2017-05-22,2023-08-24,1
3684,customer3684@example.com,Phan Thu,Nữ,1988,30-39,Chuyên gia tài chính,Bình Dương,Việt Nam,Gold,1,1,7,2021-03-29,2023-07-15,1
3685,customer3685@example.com,Nguyễn Hải,Nam,1986,30-39,Luật sư,Hà Nội,Việt Nam,Silver,3,1,10,2022-11-25,2024-08-25,1
3686,customer3686@example.com,Ngô Lan,Nữ,1984,40-49,Giám đốc,TP HCM,Việt Nam,Gold,1,1,5,2016-03-18,2023-10-24,1
3687,customer3687@example.com,Phạm Long,Nam,1986,30-39,Người nổi tiếng,Hà Nội,Việt Nam,Platinum,4,1,2,2021-04-28,2023-09-04,1
3688,customer3688@example.com,Lê Anh,Nam,1970,50-59,Luật sư,Bình Dương,Việt Nam,Platinum,3,1,4,2015-10-15,2024-12-03,1
3689,customer3689@example.com,Ngô Hải,Nam,1977,40-49,Chuyên gia tài chính,Hải Phòng,Việt Nam,Gold,1,1,8,2017-01-29,2023-12-17,1
3690,customer3690@example.com,Phạm Lan,Nữ,1968,50-59,Nhà đầu tư,TP HCM,Expat,Silver,2,1,8,2022-10-29,2023-03-17,1
3691,customer3691@example.com,Dương Lan,Nữ,1966,50-59,Kiến trúc sư,Hà Nội,Việt Nam,Gold,4,1,8,2021-10-19,2024-01-05,1
3692,customer3692@example.com,Ngô Tuấn,Nam,1968,50-59,Kiến trúc sư,Bình Dương,Việt Nam,Silver,1,1,10,2019-09-24,2024-04-27,1
3693,customer3693@example.com,Trần Ngọc,Nữ,1997,25-29,Bác sĩ,Hà Nội,Việt Nam,Silver,1,1,3,2021-01-13,2024-12-22,1
3694,customer3694@example.com,Phạm Yến,Nữ,1979,40-49,Bác sĩ,TP HCM,Việt Nam,Gold,3,1,2,2017-08-22,2024-11-22,1
3695,customer3695@example.com,Dương Yến,Nữ,1977,40-49,Nhà đầu tư,Bình Dương,Việt Nam,Gold,1,1,9,2020-05-15,2024-06-14,1
3696,customer3696@example.com,Trần Thành,Nam,1979,40-49,Luật sư,TP HCM,Việt Nam,Platinum,3,1,10,2015-08-05,2024-12-04,1
3697,customer3697@example.com,Đặng Thảo,Nữ,1976,40-49,Bác sĩ,TP HCM,Việt Nam,Gold,3,1,6,2023-02-23,2023-06-04,1
3698,customer3698@example.com,Nguyễn Phương,Nữ,1964,60+,Chuyên gia tài chính,Hà Nội,Việt Nam,Silver,4,1,5,2015-08-13,2024-04-12,1
3699,customer3699@example.com,Đỗ Hùng,Nam,1975,40-49,Kiến trúc sư,TP HCM,Việt Nam,Gold,2,1,9,2015-05-07,2023-08-22,1
3700,customer3700@example.com,Bùi Anh,Nam,1961,60+,Chuyên gia tài chính,TP HCM,Việt Nam,Silver,4,1,6,2015-05-01,2023-04-19,1
3701,customer3701@example.com,Hồ Tuấn,Nam,1998,25-29,Chuyên gia tài chính,TP HCM,Expat,Platinum,4,1,5,2022-08-02,2024-02-08,1
3702,customer3702@example.com,Dương Bình,Nam,1990,30-39,Giám đốc,TP HCM,Việt Nam,Gold,4,1,9,2019-08-12,2023-03-13,1
3703,customer3703@example.com,Dương Thành,Nam,1974,50-59,Nhà đầu tư,Hà Nội,Việt Nam,Silver,2,1,3,2023-05-07,2024-02-24,1
3704,customer3704@example.com,Nguyễn Phương,Nữ,1979,40-49,Kiến trúc sư,TP HCM,Việt Nam,Platinum,4,1,8,2015-05-05,2023-11-17,1
3705,customer3705@example.com,Dương Linh,Nữ,1977,40-49,Kiến trúc sư,Khánh Hòa,Việt Nam,Silver,2,1,2,2022-04-27,2024-04-21,1
3706,customer3706@example.com,Hồ Minh,Nam,1994,30-39,Giám đốc,Đà Nẵng,Expat,Gold,3,1,9,2016-10-31,2024-06-29,0
3707,customer3707@example.com,Lê Minh,Nam,1997,25-29,Chuyên gia tài chính,Hà Nội,Việt Nam,Silver,3,1,7,2020-11-18,2024-03-12,1
3708,customer3708@example.com,Trần Trung,Nam,1962,60+,Bác sĩ,Bình Dương,Việt Nam,Platinum,3,1,3,2018-05-15,2023-01-15,1
3709,customer3709@example.com,Hồ Bình,Nam,1980,40-49,Chuyên gia tài chính,TP HCM,Việt Nam,Platinum,4,1,7,2020-10-19,2024-03-03,1
3710,customer3710@example.com,Đặng Bình,Nam,1971,50-59,Luật sư,Hải Phòng,Việt Nam,Platinum,4,1,10,2018-06-26,2023-06-08,0
3711,customer3711@example.com,Dương Nga,Nữ,1976,40-49,Người nổi tiếng,TP HCM,Việt Nam,Gold,2,1,10,2023-01-07,2024-01-08,0
3712,customer3712@example.com,Trần Lan,Nữ,1978,40-49,Luật sư,Hà Nội,Việt Nam,Gold,4,1,4,2022-06-30,2023-07-04,1
3713,customer3713@example.com,Phạm Thảo,Nữ,1968,50-59,Nhà đầu tư,TP HCM,Expat,Gold,4,1,2,2016-06-06,2024-11-05,1
3714,customer3714@example.com,Hoàng Khánh,Nam,1994,30-39,Nhà đầu tư,TP HCM,Việt Nam,Silver,1,1,2,2021-10-01,2024-06-09,1
3715,customer3715@example.com,Hồ Đức,Nam,1979,40-49,Chuyên gia tài chính,Quảng Ninh,Việt Nam,Platinum,3,1,3,2018-11-05,2024-10-06,1
3716,customer3716@example.com,Bùi Ánh,Nữ,1968,50-59,Nhà đầu tư,Hải Phòng,Việt Nam,Gold,1,1,4,2020-09-06,2023-10-18,1
3717,customer3717@example.com,Trần Linh,Nữ,1981,40-49,Kiến trúc sư,Đà Nẵng,Việt Nam,Silver,1,1,9,2023-03-31,2023-11-21,0
3718,customer3718@example.com,Nguyễn Việt,Nam,1976,40-49,Chuyên gia tài chính,TP HCM,Việt Nam,Silver,3,1,2,2016-06-21,2023-03-02,1
3719,customer3719@example.com,Trần Hùng,Nam,1987,30-39,Chuyên gia tài chính,Đà Nẵng,Việt Nam,Gold,2,1,6,2017-09-03,2023-01-02,1
3720,customer3720@example.com,Hoàng Hằng,Nữ,1994,30-39,Kiến trúc sư,Hà Nội,Việt Nam,Platinum,3,1,3,2021-02-18,2023-01-17,1
3721,customer3721@example.com,Nguyễn Phương,Nữ,1961,60+,Bác sĩ,Đà Nẵng,Việt Nam,Silver,3,1,1,2020-04-18,2024-07-27,1
3722,customer3722@example.com,Hồ Đức,Nam,1981,40-49,Doanh nhân,Bình Dương,Việt Nam,Silver,2,1,3,2023-05-14,2024-09-29,1
3723,customer3723@example.com,Nguyễn Nga,Nữ,1969,50-59,Chuyên gia tài chính,Đà Nẵng,Việt Nam,Silver,4,1,3,2020-08-30,2023-11-05,1
3724,customer3724@example.com,Dương Nga,Nữ,1984,40-49,Người nổi tiếng,TP HCM,Việt Nam,Diamond,2,1,10,2017-09-22,2024-09-08,1
3725,customer3725@example.com,Trần Lan,Nữ,1973,50-59,Chuyên gia tài chính,Hà Nội,Việt Nam,Gold,4,1,9,2019-12-07,2024-06-27,1
3726,customer3726@example.com,Phan Bình,Nam,1996,25-29,Bác sĩ,Đà Nẵng,Việt Nam,Silver,4,1,9,2017-03-24,2023-01-13,1
3727,customer3727@example.com,Đỗ Thành,Nam,1995,25-29,Nhà đầu tư,Hải Phòng,Việt Nam,Gold,3,1,7,2023-06-24,2024-10-12,1
3728,customer3728@example.com,Dương Long,Nam,1988,30-39,Chuyên gia tài chính,Bình Dương,Việt Nam,Silver,4,1,8,2015-01-15,2023-08-03,1
3729,customer3729@example.com,Bùi Ngọc,Nữ,1966,50-59,Người nổi tiếng,TP HCM,Việt Nam,Silver,1,1,3,2015-05-22,2024-05-12,1
3730,customer3730@example.com,Hoàng Quang,Nam,1962,60+,Doanh nhân,Bình Dương,Expat,Silver,1,1,7,2017-11-29,2024-06-29,1
3731,customer3731@example.com,Đỗ Mai,Nữ,1972,50-59,Doanh nhân,Hà Nội,Việt Nam,Silver,3,1,1,2022-08-25,2024-05-04,1
3732,customer3732@example.com,Đặng Hùng,Nam,1996,25-29,Doanh nhân,Hà Nội,Việt Nam,Platinum,4,1,8,2017-01-06,2024-09-17,1
3733,customer3733@example.com,Đỗ Việt,Nam,1985,30-39,Kiến trúc sư,Đồng Nai,Expat,Silver,4,1,7,2022-06-05,2024-03-06,1
3734,customer3734@example.com,Đặng Khánh,Nam,1961,60+,Luật sư,TP HCM,Việt Nam,Gold,2,1,1,2021-02-05,2023-09-11,1
3735,customer3735@example.com,Hồ Minh,Nam,1960,60+,Giám đốc,Đà Nẵng,Việt Nam,Platinum,2,1,3,2016-01-07,2023-12-05,1
3736,customer3736@example.com,Đặng Long,Nam,1963,60+,Giám đốc,Hải Phòng,Việt Nam,Gold,3,1,4,2015-06-04,2024-07-17,1
3737,customer3737@example.com,Bùi Hà,Nữ,1969,50-59,Luật sư,Hà Nội,Việt Nam,Silver,3,1,7,2023-04-17,2023-09-16,1
3738,customer3738@example.com,Nguyễn Hằng,Nữ,1967,50-59,Doanh nhân,Hải Phòng,Việt Nam,Gold,2,1,8,2020-01-31,2024-06-25,1
3739,customer3739@example.com,Hoàng Hùng,Nam,1964,60+,Giám đốc,Hà Nội,Việt Nam,Platinum,1,1,9,2022-05-30,2023-09-21,1
3740,customer3740@example.com,Hồ Hùng,Nam,1966,50-59,Người nổi tiếng,Hà Nội,Việt Nam,Gold,4,1,7,2023-04-20,2023-12-05,1
3741,customer3741@example.com,Dương Nga,Nữ,1989,30-39,Người nổi tiếng,TP HCM,Expat,Platinum,2,1,7,2022-01-18,2024-04-17,1
3742,customer3742@example.com,Dương Trang,Nữ,1997,25-29,Kiến trúc sư,Đà Nẵng,Expat,Diamond,1,1,10,2021-12-06,2024-09-25,1
3743,customer3743@example.com,Bùi Long,Nam,1990,30-39,Nhà đầu tư,Hà Nội,Việt Nam,Silver,1,1,5,2018-07-17,2023-08-08,1
3744,customer3744@example.com,Hoàng Trung,Nam,1961,60+,Bác sĩ,Hà Nội,Việt Nam,Silver,1,1,3,2019-05-28,2024-04-24,1
3745,customer3745@example.com,Phan Linh,Nữ,1988,30-39,Nhà đầu tư,Hải Phòng,Việt Nam,Silver,4,1,4,2020-12-06,2023-05-23,1
3746,customer3746@example.com,Lê Anh,Nam,1990,30-39,Luật sư,Hà Nội,Việt Nam,Silver,2,1,2,2020-04-28,2023-06-29,1
3747,customer3747@example.com,Nguyễn Thành,Nam,1975,40-49,Doanh nhân,Hải Phòng,Việt Nam,Silver,1,1,9,2022-10-02,2024-06-11,1
3748,customer3748@example.com,Lê Việt,Nam,1966,50-59,Chuyên gia tài chính,TP HCM,Việt Nam,Platinum,2,1,1,2019-06-18,2023-11-23,1
3749,customer3749@example.com,Lê Hoa,Nữ,1990,30-39,Giám đốc,Hà Nội,Việt Nam,Gold,1,1,1,2021-05-01,2024-06-27,1
3750,customer3750@example.com,Vũ Linh,Nữ,1986,30-39,Chuyên gia tài chính,Hà Nội,Việt Nam,Diamond,4,1,4,2022-04-30,2024-04-07,1
3751,customer3751@example.com,Dương Minh,Nam,1988,30-39,Nhà đầu tư,TP HCM,Việt Nam,Gold,4,1,5,2016-02-18,2023-10-25,1
3752,customer3752@example.com,Đỗ Long,Nam,1982,40-49,Nhà đầu tư,TP HCM,Việt Nam,Gold,3,1,3,2018-11-05,2023-06-26,1
3753,customer3753@example.com,Bùi Phương,Nữ,1984,40-49,Người nổi tiếng,Đà Nẵng,Việt Nam,Silver,3,1,2,2019-05-09,2024-10-03,1
3754,customer3754@example.com,Ngô Tuấn,Nam,1974,50-59,Luật sư,TP HCM,Việt Nam,Silver,3,1,1,2021-11-24,2023-12-28,1
3755,customer3755@example.com,Dương Anh,Nam,1988,30-39,Giám đốc,TP HCM,Expat,Silver,4,1,4,2016-07-30,2023-08-17,0
3756,customer3756@example.com,Đặng Mai,Nữ,1991,30-39,Chuyên gia tài chính,Đà Nẵng,Việt Nam,Platinum,3,1,10,2022-11-28,2023-12-19,1
3757,customer3757@example.com,Dương Việt,Nam,1974,50-59,Kiến trúc sư,Hà Nội,Việt Nam,Platinum,1,1,7,2017-01-28,2024-07-14,1
3758,customer3758@example.com,Ngô Khánh,Nam,1980,40-49,Nhà đầu tư,TP HCM,Việt Nam,Platinum,2,1,1,2021-06-16,2024-07-01,0
3759,customer3759@example.com,Phạm Long,Nam,1993,30-39,Luật sư,Hà Nội,Việt Nam,Gold,3,1,7,2020-11-30,2023-03-04,1
3760,customer3760@example.com,Đỗ Ánh,Nữ,1988,30-39,Luật sư,Hà Nội,Việt Nam,Diamond,3,1,2,2022-11-22,2024-03-10,1
3761,customer3761@example.com,Dương Thành,Nam,1966,50-59,Người nổi tiếng,Đà Nẵng,Việt Nam,Gold,3,1,8,2018-05-19,2023-05-14,1
3762,customer3762@example.com,Vũ Thành,Nam,1968,50-59,Luật sư,Đà Nẵng,Việt Nam,Silver,2,1,10,2018-10-06,2023-04-17,1
3763,customer3763@example.com,Ngô Trung,Nam,1995,25-29,Doanh nhân,TP HCM,Việt Nam,Gold,2,1,7,2016-07-26,2024-03-24,1
3764,customer3764@example.com,Trần Tuấn,Nam,1974,50-59,Chuyên gia tài chính,TP HCM,Việt Nam,Platinum,4,1,7,2019-07-07,2023-08-17,1
3765,customer3765@example.com,Đỗ Thu,Nữ,1966,50-59,Kiến trúc sư,Hà Nội,Expat,Gold,2,1,3,2018-05-27,2024-02-15,1
3766,customer3766@example.com,Dương Nga,Nữ,1993,30-39,Giám đốc,TP HCM,Việt Nam,Gold,1,1,8,2016-03-03,2023-09-11,1
3767,customer3767@example.com,Hoàng Hải,Nam,1995,25-29,Kiến trúc sư,TP HCM,Việt Nam,Gold,3,1,1,2022-01-06,2023-01-24,1
3768,customer3768@example.com,Hồ Nga,Nữ,1976,40-49,Doanh nhân,TP HCM,Việt Nam,Gold,3,1,2,2017-07-14,2024-07-12,1
3769,customer3769@example.com,Đặng Quang,Nam,1971,50-59,Doanh nhân,TP HCM,Việt Nam,Silver,3,1,9,2016-12-23,2024-10-14,1
3770,customer3770@example.com,Phan Tuấn,Nam,1976,40-49,Kiến trúc sư,Hải Phòng,Việt Nam,Gold,1,1,7,2015-03-05,2024-11-10,1
3771,customer3771@example.com,Hoàng Hoa,Nữ,1975,40-49,Người nổi tiếng,TP HCM,Việt Nam,Silver,1,1,5,2016-02-09,2023-04-16,1
3772,customer3772@example.com,Hồ Hùng,Nam,1962,60+,Kiến trúc sư,TP HCM,Việt Nam,Silver,1,1,3,2021-06-21,2024-06-02,1
3773,customer3773@example.com,Bùi Long,Nam,1980,40-49,Kiến trúc sư,TP HCM,Expat,Silver,1,1,3,2020-02-22,2024-05-01,0
3774,customer3774@example.com,Ngô Hoa,Nữ,1991,30-39,Chuyên gia tài chính,TP HCM,Việt Nam,Silver,1,1,10,2016-01-29,2024-11-28,1
3775,customer3775@example.com,Đỗ Thảo,Nữ,1991,30-39,Doanh nhân,Đồng Nai,Việt Nam,Silver,2,1,3,2021-05-08,2024-10-12,0
3776,customer3776@example.com,Trần Phương,Nữ,1976,40-49,Nhà đầu tư,TP HCM,Việt Nam,Silver,2,1,8,2019-09-20,2023-09-15,1
3777,customer3777@example.com,Bùi Thu,Nữ,1980,40-49,Bác sĩ,TP HCM,Expat,Silver,4,1,6,2019-09-16,2023-07-02,1
3778,customer3778@example.com,Bùi Minh,Nam,1960,60+,Chuyên gia tài chính,TP HCM,Việt Nam,Platinum,1,1,1,2022-11-03,2023-09-11,0
3779,customer3779@example.com,Đặng Yến,Nữ,1972,50-59,Bác sĩ,TP HCM,Việt Nam,Gold,4,1,3,2023-02-15,2024-11-02,1
3780,customer3780@example.com,Dương Đức,Nam,1963,60+,Doanh nhân,TP HCM,Việt Nam,Platinum,1,1,7,2021-05-28,2023-06-24,1
3781,customer3781@example.com,Đặng Quang,Nam,1997,25-29,Nhà đầu tư,Hà Nội,Việt Nam,Silver,1,1,10,2021-04-18,2023-03-02,1
3782,customer3782@example.com,Ngô Tuấn,Nam,1989,30-39,Bác sĩ,Hải Phòng,Việt Nam,Silver,2,1,9,2019-08-02,2023-08-10,1
3783,customer3783@example.com,Đỗ Tuấn,Nam,1979,40-49,Nhà đầu tư,Hà Nội,Việt Nam,Diamond,4,1,5,2021-11-27,2023-11-28,1
3784,customer3784@example.com,Đỗ Tuấn,Nam,1963,60+,Luật sư,Khánh Hòa,Việt Nam,Platinum,3,1,8,2016-08-31,2024-06-11,1
3785,customer3785@example.com,Hồ Linh,Nữ,1985,30-39,Giám đốc,Bình Dương,Việt Nam,Gold,3,1,6,2021-03-23,2024-05-14,1
3786,customer3786@example.com,Đỗ Quang,Nam,1969,50-59,Giám đốc,Hà Nội,Việt Nam,Platinum,1,1,10,2018-05-04,2023-03-08,1
3787,customer3787@example.com,Hồ Lan,Nữ,1970,50-59,Bác sĩ,TP HCM,Việt Nam,Gold,1,1,5,2018-09-06,2023-09-27,1
3788,customer3788@example.com,Bùi Trung,Nam,1964,60+,Giám đốc,TP HCM,Việt Nam,Silver,3,1,9,2023-04-14,2024-05-10,1
3789,customer3789@example.com,Nguyễn Phương,Nữ,1962,60+,Bác sĩ,TP HCM,Việt Nam,Platinum,4,1,6,2023-03-30,2024-07-07,1
3790,customer3790@example.com,Nguyễn Hà,Nữ,1971,50-59,Doanh nhân,TP HCM,Việt Nam,Gold,1,1,2,2021-05-23,2024-05-24,1
3791,customer3791@example.com,Đặng Hải,Nam,1980,40-49,Bác sĩ,TP HCM,Việt Nam,Silver,3,1,7,2020-08-10,2023-01-26,1
3792,customer3792@example.com,Đỗ Trang,Nữ,1987,30-39,Doanh nhân,Hà Nội,Việt Nam,Platinum,1,1,3,2017-05-14,2024-01-25,1
3793,customer3793@example.com,Hoàng Phương,Nữ,1971,50-59,Kiến trúc sư,Hải Phòng,Việt Nam,Silver,3,1,2,2021-06-01,2024-12-10,0
3794,customer3794@example.com,Hoàng Trang,Nữ,1968,50-59,Kiến trúc sư,Hải Phòng,Việt Nam,Diamond,4,1,8,2016-10-14,2023-10-22,1
3795,customer3795@example.com,Đặng Hằng,Nữ,1978,40-49,Luật sư,Khánh Hòa,Expat,Diamond,2,1,6,2019-12-06,2023-05-16,1
3796,customer3796@example.com,Dương Anh,Nam,1966,50-59,Doanh nhân,Hà Nội,Việt Nam,Gold,3,1,8,2018-06-13,2024-10-04,1
3797,customer3797@example.com,Nguyễn Long,Nam,1992,30-39,Bác sĩ,Hà Nội,Việt Nam,Silver,3,1,10,2020-05-06,2023-12-19,1
3798,customer3798@example.com,Bùi Việt,Nam,1987,30-39,Bác sĩ,Khánh Hòa,Việt Nam,Gold,4,1,6,2023-02-28,2024-01-01,1
3799,customer3799@example.com,Vũ Yến,Nữ,1992,30-39,Chuyên gia tài chính,Khánh Hòa,Expat,Gold,4,1,7,2017-12-31,2024-05-27,1
3800,customer3800@example.com,Hoàng Thành,Nam,1985,30-39,Người nổi tiếng,Hà Nội,Việt Nam,Silver,3,1,6,2017-12-05,2024-02-19,1
3801,customer3801@example.com,Phạm Thảo,Nữ,1975,40-49,Người nổi tiếng,TP HCM,Việt Nam,Gold,3,1,5,2020-02-08,2023-01-07,1
3802,customer3802@example.com,Phan Minh,Nam,1979,40-49,Chuyên gia tài chính,TP HCM,Việt Nam,Platinum,4,1,1,2019-10-17,2024-09-09,1
3803,customer3803@example.com,Bùi Hùng,Nam,1964,60+,Nhà đầu tư,TP HCM,Việt Nam,Gold,3,1,10,2018-11-27,2023-11-30,1
3804,customer3804@example.com,Đỗ Thành,Nam,1971,50-59,Giám đốc,TP HCM,Việt Nam,Diamond,2,1,5,2015-11-10,2024-09-22,1
3805,customer3805@example.com,Ngô Hoa,Nữ,1989,30-39,Giám đốc,TP HCM,Expat,Platinum,4,1,8,2022-10-26,2024-04-16,1
3806,customer3806@example.com,Nguyễn Long,Nam,1984,40-49,Doanh nhân,Bình Dương,Việt Nam,Gold,4,1,2,2017-11-23,2023-08-17,1
3807,customer3807@example.com,Hoàng Phương,Nữ,1990,30-39,Luật sư,Khánh Hòa,Việt Nam,Gold,2,1,9,2019-09-08,2023-03-25,1
3808,customer3808@example.com,Hồ Bình,Nam,1993,30-39,Người nổi tiếng,TP HCM,Expat,Silver,1,1,9,2018-04-14,2023-07-13,1
3809,customer3809@example.com,Lê Trang,Nữ,1980,40-49,Giám đốc,Đồng Nai,Việt Nam,Gold,1,1,1,2018-08-08,2023-07-18,1
3810,customer3810@example.com,Nguyễn Hải,Nam,1986,30-39,Chuyên gia tài chính,TP HCM,Việt Nam,Silver,3,1,6,2021-12-19,2024-01-12,1
3811,customer3811@example.com,Đỗ Nga,Nữ,1987,30-39,Chuyên gia tài chính,TP HCM,Việt Nam,Gold,4,1,9,2016-01-06,2023-08-21,0
3812,customer3812@example.com,Phạm Hùng,Nam,1988,30-39,Luật sư,TP HCM,Expat,Silver,2,1,5,2018-09-04,2024-08-19,1
3813,customer3813@example.com,Dương Hải,Nam,1971,50-59,Doanh nhân,Khánh Hòa,Việt Nam,Silver,4,1,2,2016-02-21,2024-01-28,1
3814,customer3814@example.com,Dương Linh,Nữ,1977,40-49,Chuyên gia tài chính,Hà Nội,Việt Nam,Gold,4,1,4,2016-07-02,2024-05-22,1
3815,customer3815@example.com,Trần Bình,Nam,1973,50-59,Kiến trúc sư,TP HCM,Expat,Silver,1,1,1,2019-04-07,2023-01-03,1
3816,customer3816@example.com,Phạm Hà,Nữ,1984,40-49,Kiến trúc sư,Hà Nội,Việt Nam,Platinum,1,1,3,2022-04-14,2024-01-20,1
3817,customer3817@example.com,Ngô Hải,Nam,1975,40-49,Nhà đầu tư,Hà Nội,Việt Nam,Gold,4,1,1,2016-12-01,2023-12-05,1
3818,customer3818@example.com,Hoàng Ánh,Nữ,1965,50-59,Luật sư,Khánh Hòa,Expat,Silver,2,1,4,2022-07-01,2024-01-26,1
3819,customer3819@example.com,Hoàng Trang,Nữ,1962,60+,Kiến trúc sư,TP HCM,Việt Nam,Silver,2,1,4,2018-09-29,2023-10-22,1
3820,customer3820@example.com,Hoàng Minh,Nam,1970,50-59,Chuyên gia tài chính,Đồng Nai,Expat,Platinum,2,1,1,2019-07-20,2023-03-20,1
3821,customer3821@example.com,Nguyễn Long,Nam,1961,60+,Chuyên gia tài chính,TP HCM,Expat,Silver,3,1,3,2017-03-15,2023-10-02,0
3822,customer3822@example.com,Dương Nga,Nữ,1962,60+,Nhà đầu tư,TP HCM,Expat,Diamond,2,1,4,2018-10-01,2024-01-10,1
3823,customer3823@example.com,Bùi Nga,Nữ,1975,40-49,Giám đốc,TP HCM,Việt Nam,Silver,2,1,10,2021-04-28,2024-03-25,1
3824,customer3824@example.com,Bùi Lan,Nữ,1997,25-29,Doanh nhân,Bình Dương,Việt Nam,Gold,2,1,4,2020-11-18,2023-01-04,1
3825,customer3825@example.com,Hồ Quang,Nam,1985,30-39,Doanh nhân,TP HCM,Việt Nam,Silver,4,1,6,2015-04-18,2023-04-16,1
3826,customer3826@example.com,Phan Hằng,Nữ,1960,60+,Nhà đầu tư,TP HCM,Việt Nam,Gold,1,1,7,2018-08-16,2024-07-01,1
3827,customer3827@example.com,Lê Linh,Nữ,1968,50-59,Bác sĩ,Hà Nội,Việt Nam,Silver,1,1,7,2017-09-06,2024-12-07,0
3828,customer3828@example.com,Vũ Trung,Nam,1962,60+,Người nổi tiếng,Hải Phòng,Việt Nam,Platinum,4,1,4,2018-10-24,2024-08-28,0
3829,customer3829@example.com,Ngô Tuấn,Nam,1979,40-49,Doanh nhân,Quảng Ninh,Việt Nam,Gold,2,1,3,2017-06-04,2023-06-11,1
3830,customer3830@example.com,Nguyễn Khánh,Nam,1977,40-49,Bác sĩ,TP HCM,Expat,Silver,2,1,5,2023-04-12,2024-08-31,1
3831,customer3831@example.com,Nguyễn Mai,Nữ,1975,40-49,Luật sư,TP HCM,Việt Nam,Silver,1,1,2,2017-02-20,2023-05-13,1
3832,customer3832@example.com,Hồ Anh,Nam,1994,30-39,Bác sĩ,Hà Nội,Việt Nam,Silver,4,1,10,2016-01-28,2023-08-27,1
3833,customer3833@example.com,Phan Quang,Nam,1998,25-29,Giám đốc,TP HCM,Việt Nam,Gold,3,1,9,2018-01-30,2024-02-22,1
3834,customer3834@example.com,Nguyễn Ngọc,Nữ,1978,40-49,Người nổi tiếng,TP HCM,Expat,Silver,1,1,5,2015-01-15,2024-07-19,1
3835,customer3835@example.com,Đỗ Lan,Nữ,1962,60+,Nhà đầu tư,Hà Nội,Expat,Gold,2,1,8,2017-02-07,2023-05-05,1
3836,customer3836@example.com,Đặng Hà,Nữ,1987,30-39,Bác sĩ,TP HCM,Việt Nam,Diamond,2,1,7,2017-02-05,2024-08-24,1
3837,customer3837@example.com,Hồ Yến,Nữ,1998,25-29,Người nổi tiếng,Đà Nẵng,Expat,Silver,2,1,5,2017-03-06,2024-05-29,1
3838,customer3838@example.com,Lê Phương,Nữ,1987,30-39,Bác sĩ,Hà Nội,Expat,Diamond,2,1,4,2020-11-08,2023-03-26,1
3839,customer3839@example.com,Ngô Mai,Nữ,1971,50-59,Luật sư,TP HCM,Expat,Gold,4,1,1,2021-07-07,2024-12-23,1
3840,customer3840@example.com,Hoàng Long,Nam,1966,50-59,Giám đốc,Hà Nội,Việt Nam,Silver,2,1,5,2019-02-23,2024-02-02,1
3841,customer3841@example.com,Hồ Anh,Nam,1993,30-39,Luật sư,TP HCM,Việt Nam,Diamond,3,1,1,2018-02-19,2024-02-29,1
3842,customer3842@example.com,Hồ Bình,Nam,1972,50-59,Kiến trúc sư,Hà Nội,Expat,Platinum,2,1,4,2023-01-10,2024-06-18,1
3843,customer3843@example.com,Ngô Ngọc,Nữ,1965,50-59,Doanh nhân,TP HCM,Việt Nam,Gold,3,1,6,2021-04-18,2024-05-08,1
3844,customer3844@example.com,Bùi Trang,Nữ,1963,60+,Bác sĩ,TP HCM,Expat,Silver,2,1,4,2015-02-27,2023-01-06,1
3845,customer3845@example.com,Bùi Hằng,Nữ,1964,60+,Kiến trúc sư,TP HCM,Việt Nam,Platinum,3,1,8,2023-01-24,2024-10-07,1
3846,customer3846@example.com,Hoàng Thành,Nam,1966,50-59,Luật sư,Đà Nẵng,Expat,Gold,3,1,1,2021-03-27,2024-10-15,1
3847,customer3847@example.com,Đặng Anh,Nam,1968,50-59,Doanh nhân,Đà Nẵng,Việt Nam,Silver,3,1,5,2022-01-07,2023-04-16,1
3848,customer3848@example.com,Phan Khánh,Nam,1983,40-49,Nhà đầu tư,Hà Nội,Việt Nam,Silver,4,1,7,2019-12-31,2024-03-06,1
3849,customer3849@example.com,Hoàng Minh,Nam,1996,25-29,Chuyên gia tài chính,TP HCM,Việt Nam,Silver,2,1,7,2017-12-28,2023-06-24,1
3850,customer3850@example.com,Ngô Mai,Nữ,1972,50-59,Doanh nhân,TP HCM,Việt Nam,Platinum,2,1,3,2019-07-30,2024-10-11,0
3851,customer3851@example.com,Nguyễn Khánh,Nam,1979,40-49,Luật sư,TP HCM,Việt Nam,Diamond,3,1,4,2016-05-05,2023-02-14,1
3852,customer3852@example.com,Bùi Linh,Nữ,1986,30-39,Doanh nhân,TP HCM,Expat,Gold,1,1,3,2016-10-31,2024-01-08,1
3853,customer3853@example.com,Đỗ Thu,Nữ,1977,40-49,Kiến trúc sư,TP HCM,Việt Nam,Gold,4,1,5,2018-02-28,2023-06-17,1
3854,customer3854@example.com,Đặng Anh,Nam,1962,60+,Doanh nhân,TP HCM,Việt Nam,Silver,1,1,1,2016-03-23,2023-05-19,1
3855,customer3855@example.com,Dương Lan,Nữ,1993,30-39,Chuyên gia tài chính,TP HCM,Việt Nam,Diamond,1,1,2,2023-04-15,2024-06-05,1
3856,customer3856@example.com,Hoàng Long,Nam,1961,60+,Giám đốc,Hải Phòng,Việt Nam,Platinum,1,1,8,2016-11-25,2024-12-16,1
3857,customer3857@example.com,Đỗ Tuấn,Nam,1978,40-49,Doanh nhân,Hà Nội,Việt Nam,Silver,4,1,5,2015-08-20,2023-09-29,1
3858,customer3858@example.com,Đặng Minh,Nam,1963,60+,Kiến trúc sư,TP HCM,Việt Nam,Silver,3,1,6,2015-02-08,2023-08-11,1
3859,customer3859@example.com,Phan Lan,Nữ,1995,25-29,Nhà đầu tư,TP HCM,Việt Nam,Gold,3,1,2,2017-12-30,2023-04-29,1
3860,customer3860@example.com,Trần Hải,Nam,1982,40-49,Nhà đầu tư,Hà Nội,Việt Nam,Silver,2,1,8,2020-04-26,2023-02-22,1
3861,customer3861@example.com,Dương Đức,Nam,1981,40-49,Nhà đầu tư,Hà Nội,Expat,Silver,1,1,7,2016-12-14,2024-04-27,1
3862,customer3862@example.com,Dương Nga,Nữ,1973,50-59,Luật sư,Hà Nội,Việt Nam,Silver,4,1,6,2015-02-12,2024-10-08,1
3863,customer3863@example.com,Phan Nga,Nữ,1971,50-59,Luật sư,Hà Nội,Việt Nam,Gold,4,1,2,2017-02-04,2023-05-30,0
3864,customer3864@example.com,Ngô Minh,Nam,1980,40-49,Kiến trúc sư,TP HCM,Việt Nam,Silver,1,1,9,2020-10-20,2024-03-23,1
3865,customer3865@example.com,Hồ Trung,Nam,1987,30-39,Bác sĩ,Hà Nội,Expat,Platinum,4,1,1,2016-02-11,2024-11-19,0
3866,customer3866@example.com,Đỗ Hùng,Nam,1964,60+,Kiến trúc sư,Đà Nẵng,Việt Nam,Gold,1,1,3,2023-01-23,2024-10-01,1
3867,customer3867@example.com,Lê Anh,Nam,1997,25-29,Bác sĩ,TP HCM,Việt Nam,Diamond,1,1,6,2022-12-18,2024-08-28,1
3868,customer3868@example.com,Dương Nga,Nữ,1969,50-59,Kiến trúc sư,TP HCM,Việt Nam,Silver,1,1,3,2019-07-18,2024-03-12,1
3869,customer3869@example.com,Phạm Thành,Nam,1990,30-39,Nhà đầu tư,TP HCM,Expat,Platinum,3,1,9,2015-09-14,2023-03-27,0
3870,customer3870@example.com,Đỗ Anh,Nam,1970,50-59,Bác sĩ,TP HCM,Việt Nam,Platinum,2,1,1,2023-04-03,2024-03-12,1
3871,customer3871@example.com,Phạm Ánh,Nữ,1993,30-39,Nhà đầu tư,TP HCM,Việt Nam,Silver,1,1,9,2022-10-02,2023-05-18,1
3872,customer3872@example.com,Đỗ Việt,Nam,1992,30-39,Luật sư,TP HCM,Việt Nam,Platinum,2,1,4,2023-04-29,2023-04-10,1
3873,customer3873@example.com,Lê Lan,Nữ,1996,25-29,Bác sĩ,TP HCM,Việt Nam,Gold,4,1,3,2015-03-08,2023-03-26,1
3874,customer3874@example.com,Dương Hải,Nam,1997,25-29,Giám đốc,TP HCM,Việt Nam,Platinum,4,1,1,2022-08-25,2024-07-29,1
3875,customer3875@example.com,Vũ Ngọc,Nữ,1997,25-29,Giám đốc,Quảng Ninh,Expat,Silver,3,1,1,2022-07-21,2023-09-03,1
3876,customer3876@example.com,Vũ Bình,Nam,1990,30-39,Luật sư,Đà Nẵng,Việt Nam,Gold,2,1,4,2017-06-14,2024-08-20,1
3877,customer3877@example.com,Vũ Hằng,Nữ,1962,60+,Nhà đầu tư,TP HCM,Việt Nam,Silver,3,1,6,2015-03-23,2024-06-22,1
3878,customer3878@example.com,Nguyễn Anh,Nam,1981,40-49,Doanh nhân,TP HCM,Việt Nam,Gold,2,1,6,2015-07-16,2024-12-09,1
3879,customer3879@example.com,Phan Quang,Nam,1982,40-49,Kiến trúc sư,Hà Nội,Việt Nam,Gold,3,1,2,2016-06-03,2023-09-25,1
3880,customer3880@example.com,Nguyễn Hải,Nam,1985,30-39,Doanh nhân,TP HCM,Việt Nam,Platinum,1,1,8,2019-06-23,2023-04-05,1
3881,customer3881@example.com,Đỗ Thành,Nam,1979,40-49,Luật sư,TP HCM,Việt Nam,Gold,2,1,3,2016-01-19,2024-04-05,1
3882,customer3882@example.com,Dương Bình,Nam,1967,50-59,Nhà đầu tư,TP HCM,Việt Nam,Diamond,1,1,5,2017-02-10,2024-05-20,1
3883,customer3883@example.com,Phan Bình,Nam,1966,50-59,Chuyên gia tài chính,TP HCM,Việt Nam,Silver,2,1,10,2018-08-12,2023-02-23,1
3884,customer3884@example.com,Vũ Minh,Nam,1995,25-29,Luật sư,Khánh Hòa,Việt Nam,Gold,3,1,9,2019-10-25,2024-03-28,1
3885,customer3885@example.com,Phan Hà,Nữ,1990,30-39,Luật sư,Đà Nẵng,Việt Nam,Silver,3,1,4,2017-11-25,2024-11-08,1
3886,customer3886@example.com,Phạm Phương,Nữ,1978,40-49,Bác sĩ,TP HCM,Việt Nam,Silver,4,1,9,2015-07-03,2023-01-27,1
3887,customer3887@example.com,Trần Minh,Nam,1960,60+,Luật sư,TP HCM,Việt Nam,Silver,2,1,4,2017-11-19,2023-04-10,1
3888,customer3888@example.com,Đỗ Ánh,Nữ,1960,60+,Doanh nhân,TP HCM,Việt Nam,Platinum,3,1,2,2019-06-29,2024-02-13,1
3889,customer3889@example.com,Vũ Long,Nam,1991,30-39,Kiến trúc sư,Hà Nội,Việt Nam,Silver,3,1,7,2023-01-17,2023-03-18,1
3890,customer3890@example.com,Ngô Tuấn,Nam,1968,50-59,Người nổi tiếng,TP HCM,Expat,Silver,1,1,1,2018-10-26,2023-10-03,1
3891,customer3891@example.com,Ngô Quang,Nam,1970,50-59,Doanh nhân,Đà Nẵng,Việt Nam,Gold,4,1,6,2023-02-01,2023-12-06,1
3892,customer3892@example.com,Đỗ Hải,Nam,1993,30-39,Nhà đầu tư,TP HCM,Việt Nam,Diamond,2,1,4,2022-07-01,2024-08-22,1
3893,customer3893@example.com,Phạm Phương,Nữ,1982,40-49,Giám đốc,TP HCM,Việt Nam,Gold,4,1,7,2015-12-12,2024-10-16,1
3894,customer3894@example.com,Ngô Trang,Nữ,1974,50-59,Luật sư,TP HCM,Việt Nam,Diamond,4,1,1,2021-12-16,2023-03-05,1
3895,customer3895@example.com,Phạm Ngọc,Nữ,1981,40-49,Người nổi tiếng,TP HCM,Việt Nam,Platinum,1,1,9,2023-01-08,2023-08-12,1
3896,customer3896@example.com,Nguyễn Minh,Nam,1996,25-29,Bác sĩ,Hà Nội,Việt Nam,Gold,3,1,3,2017-04-10,2023-10-30,1
3897,customer3897@example.com,Trần Việt,Nam,1980,40-49,Bác sĩ,Hà Nội,Việt Nam,Gold,1,1,9,2021-10-28,2024-02-23,0
3898,customer3898@example.com,Vũ Hải,Nam,1984,40-49,Người nổi tiếng,TP HCM,Việt Nam,Silver,3,1,7,2019-01-16,2024-07-19,1
3899,customer3899@example.com,Phan Long,Nam,1995,25-29,Doanh nhân,TP HCM,Việt Nam,Silver,3,1,1,2022-09-24,2023-08-27,1
3900,customer3900@example.com,Bùi Linh,Nữ,1972,50-59,Kiến trúc sư,TP HCM,Expat,Gold,1,1,9,2016-05-05,2023-09-21,1
3901,customer3901@example.com,Lê Phương,Nữ,1962,60+,Nhà đầu tư,Hải Phòng,Expat,Silver,2,1,2,2018-11-12,2024-11-09,1
3902,customer3902@example.com,Nguyễn Bình,Nam,1990,30-39,Giám đốc,TP HCM,Việt Nam,Platinum,4,1,9,2019-10-07,2023-01-24,0
3903,customer3903@example.com,Ngô Việt,Nam,1992,30-39,Luật sư,Đồng Nai,Việt Nam,Diamond,3,1,2,2017-01-04,2024-09-12,1
3904,customer3904@example.com,Hoàng Ngọc,Nữ,1982,40-49,Giám đốc,TP HCM,Việt Nam,Gold,1,1,5,2022-04-18,2024-05-18,1
3905,customer3905@example.com,Phan Lan,Nữ,1969,50-59,Người nổi tiếng,Hải Phòng,Việt Nam,Gold,2,1,1,2017-03-30,2024-09-01,1
3906,customer3906@example.com,Đặng Thành,Nam,1963,60+,Nhà đầu tư,TP HCM,Expat,Silver,1,1,6,2017-02-17,2023-11-23,1
3907,customer3907@example.com,Hồ Linh,Nữ,1963,60+,Nhà đầu tư,Bình Dương,Việt Nam,Diamond,1,1,5,2017-01-10,2023-09-17,1
3908,customer3908@example.com,Dương Hùng,Nam,1982,40-49,Nhà đầu tư,Đà Nẵng,Việt Nam,Silver,4,1,2,2022-03-11,2023-10-09,1
3909,customer3909@example.com,Hồ Đức,Nam,1976,40-49,Nhà đầu tư,Hà Nội,Việt Nam,Gold,2,1,8,2022-08-22,2024-01-06,1
3910,customer3910@example.com,Nguyễn Ngọc,Nữ,1972,50-59,Nhà đầu tư,Hà Nội,Expat,Gold,1,1,8,2022-07-06,2023-09-19,1
3911,customer3911@example.com,Nguyễn Trang,Nữ,1979,40-49,Doanh nhân,Hà Nội,Việt Nam,Silver,4,1,9,2017-04-08,2024-11-24,1
3912,customer3912@example.com,Đặng Yến,Nữ,1968,50-59,Luật sư,TP HCM,Expat,Gold,4,1,7,2018-09-07,2023-09-24,0
3913,customer3913@example.com,Đặng Việt,Nam,1979,40-49,Giám đốc,Hà Nội,Việt Nam,Silver,3,1,1,2016-06-07,2024-06-28,1
3914,customer3914@example.com,Phan Việt,Nam,1986,30-39,Nhà đầu tư,Khánh Hòa,Việt Nam,Silver,4,1,8,2019-01-22,2024-02-02,1
3915,customer3915@example.com,Phan Ánh,Nữ,1976,40-49,Kiến trúc sư,Hà Nội,Việt Nam,Gold,2,1,10,2020-01-13,2024-01-05,1
3916,customer3916@example.com,Vũ Ánh,Nữ,1975,40-49,Kiến trúc sư,TP HCM,Việt Nam,Platinum,3,1,8,2015-05-18,2023-12-06,1
3917,customer3917@example.com,Vũ Nga,Nữ,1991,30-39,Luật sư,TP HCM,Expat,Platinum,1,1,2,2021-04-21,2024-11-01,1
3918,customer3918@example.com,Nguyễn Long,Nam,1988,30-39,Luật sư,TP HCM,Việt Nam,Platinum,4,1,2,2018-12-17,2024-12-07,1
3919,customer3919@example.com,Phạm Lan,Nữ,1977,40-49,Bác sĩ,Hải Phòng,Việt Nam,Platinum,2,1,9,2018-07-26,2023-11-15,1
3920,customer3920@example.com,Nguyễn Tuấn,Nam,1977,40-49,Kiến trúc sư,Hải Phòng,Việt Nam,Silver,4,1,9,2020-11-21,2024-01-30,1
3921,customer3921@example.com,Ngô Bình,Nam,1994,30-39,Nhà đầu tư,Hà Nội,Expat,Silver,2,1,8,2016-11-09,2023-11-11,1
3922,customer3922@example.com,Trần Nga,Nữ,1966,50-59,Người nổi tiếng,TP HCM,Việt Nam,Platinum,1,1,6,2019-07-24,2023-05-06,1
3923,customer3923@example.com,Trần Trang,Nữ,1970,50-59,Người nổi tiếng,Hà Nội,Expat,Platinum,2,1,9,2023-02-07,2024-05-22,1
3924,customer3924@example.com,Ngô Ánh,Nữ,1961,60+,Luật sư,Đồng Nai,Việt Nam,Platinum,4,1,7,2019-08-29,2023-05-04,1
3925,customer3925@example.com,Đỗ Trang,Nữ,1985,30-39,Nhà đầu tư,TP HCM,Expat,Silver,1,1,9,2016-07-21,2023-07-04,1
3926,customer3926@example.com,Hoàng Bình,Nam,1968,50-59,Nhà đầu tư,TP HCM,Expat,Gold,4,1,1,2022-09-14,2024-04-11,1
3927,customer3927@example.com,Hồ Thảo,Nữ,1965,50-59,Chuyên gia tài chính,TP HCM,Việt Nam,Gold,3,1,3,2017-02-26,2023-11-20,1
3928,customer3928@example.com,Dương Trung,Nam,1961,60+,Luật sư,Hà Nội,Việt Nam,Platinum,2,1,5,2018-10-29,2023-10-03,1
3929,customer3929@example.com,Dương Hoa,Nữ,1990,30-39,Giám đốc,TP HCM,Việt Nam,Diamond,2,1,2,2021-04-01,2023-04-26,1
3930,customer3930@example.com,Đặng Hoa,Nữ,1965,50-59,Doanh nhân,TP HCM,Việt Nam,Gold,4,1,10,2017-03-19,2023-04-30,1
3931,customer3931@example.com,Phan Linh,Nữ,1979,40-49,Luật sư,Hà Nội,Expat,Silver,3,1,1,2017-07-02,2024-01-05,1
3932,customer3932@example.com,Nguyễn Hùng,Nam,1965,50-59,Bác sĩ,TP HCM,Việt Nam,Gold,3,1,10,2015-10-10,2023-10-27,1
3933,customer3933@example.com,Dương Hà,Nữ,1996,25-29,Người nổi tiếng,TP HCM,Việt Nam,Platinum,4,1,1,2019-01-16,2024-03-14,1
3934,customer3934@example.com,Bùi Đức,Nam,1983,40-49,Bác sĩ,Hà Nội,Expat,Platinum,2,1,6,2018-06-09,2024-01-15,1
3935,customer3935@example.com,Đặng Trung,Nam,1985,30-39,Luật sư,TP HCM,Việt Nam,Gold,3,1,5,2023-01-25,2023-11-13,1
3936,customer3936@example.com,Hồ Quang,Nam,1961,60+,Luật sư,Đà Nẵng,Việt Nam,Platinum,2,1,10,2016-07-25,2024-10-10,0
3937,customer3937@example.com,Lê Trung,Nam,1977,40-49,Kiến trúc sư,Hà Nội,Việt Nam,Silver,1,1,2,2021-11-20,2023-06-29,1
3938,customer3938@example.com,Hồ Ngọc,Nữ,1973,50-59,Chuyên gia tài chính,Hà Nội,Việt Nam,Gold,2,1,1,2021-06-16,2024-08-15,1
3939,customer3939@example.com,Trần Hoa,Nữ,1968,50-59,Bác sĩ,Khánh Hòa,Việt Nam,Silver,2,1,10,2023-06-27,2024-09-02,1
3940,customer3940@example.com,Phan Minh,Nam,1966,50-59,Chuyên gia tài chính,TP HCM,Expat,Gold,4,1,2,2019-11-16,2024-07-26,1
3941,customer3941@example.com,Bùi Minh,Nam,1984,40-49,Luật sư,Hà Nội,Việt Nam,Platinum,1,1,6,2022-08-26,2024-12-14,1
3942,customer3942@example.com,Nguyễn Hoa,Nữ,1993,30-39,Luật sư,Hà Nội,Expat,Silver,2,1,7,2015-01-04,2024-01-02,1
3943,customer3943@example.com,Trần Khánh,Nam,1971,50-59,Giám đốc,Hà Nội,Expat,Silver,3,1,10,2022-01-30,2024-11-02,1
3944,customer3944@example.com,Trần Việt,Nam,1996,25-29,Người nổi tiếng,TP HCM,Expat,Gold,1,1,10,2015-09-30,2023-08-29,1
3945,customer3945@example.com,Hồ Quang,Nam,1991,30-39,Chuyên gia tài chính,Khánh Hòa,Việt Nam,Silver,3,1,10,2018-05-24,2024-07-09,1
3946,customer3946@example.com,Đỗ Lan,Nữ,1961,60+,Giám đốc,TP HCM,Việt Nam,Silver,1,1,6,2022-06-03,2023-08-10,1
3947,customer3947@example.com,Đỗ Hằng,Nữ,1961,60+,Kiến trúc sư,Hà Nội,Việt Nam,Gold,2,1,5,2021-10-25,2024-05-19,1
3948,customer3948@example.com,Đỗ Quang,Nam,1960,60+,Doanh nhân,Khánh Hòa,Việt Nam,Silver,1,1,6,2017-06-21,2023-07-03,1
3949,customer3949@example.com,Ngô Mai,Nữ,1987,30-39,Kiến trúc sư,TP HCM,Expat,Gold,1,1,5,2021-09-06,2024-05-22,0
3950,customer3950@example.com,Bùi Trang,Nữ,1977,40-49,Chuyên gia tài chính,TP HCM,Expat,Silver,4,1,10,2023-03-19,2023-08-04,1
3951,customer3951@example.com,Phan Ngọc,Nữ,1962,60+,Người nổi tiếng,Đà Nẵng,Việt Nam,Platinum,1,1,2,2022-03-07,2024-08-02,1
3952,customer3952@example.com,Trần Anh,Nam,1996,25-29,Doanh nhân,Hà Nội,Việt Nam,Gold,4,1,7,2020-07-31,2024-03-27,1
3953,customer3953@example.com,Trần Yến,Nữ,1969,50-59,Chuyên gia tài chính,TP HCM,Expat,Gold,1,1,5,2022-10-17,2023-07-13,1
3954,customer3954@example.com,Nguyễn Minh,Nam,1997,25-29,Bác sĩ,TP HCM,Expat,Gold,3,1,8,2020-10-06,2023-07-24,1
3955,customer3955@example.com,Đặng Minh,Nam,1972,50-59,Luật sư,TP HCM,Việt Nam,Silver,1,1,6,2021-03-10,2024-07-22,1
3956,customer3956@example.com,Phan Linh,Nữ,1993,30-39,Doanh nhân,TP HCM,Việt Nam,Diamond,1,1,4,2017-11-15,2023-01-23,1
3957,customer3957@example.com,Hoàng Lan,Nữ,1967,50-59,Chuyên gia tài chính,Hà Nội,Việt Nam,Silver,4,1,2,2020-07-17,2023-02-04,0
3958,customer3958@example.com,Phan Thảo,Nữ,1992,30-39,Giám đốc,Đà Nẵng,Việt Nam,Platinum,2,1,5,2020-09-04,2023-04-17,0
3959,customer3959@example.com,Lê Nga,Nữ,1980,40-49,Chuyên gia tài chính,Bình Dương,Việt Nam,Gold,3,1,6,2019-11-02,2023-03-22,1
3960,customer3960@example.com,Hồ Khánh,Nam,1969,50-59,Người nổi tiếng,Hà Nội,Expat,Silver,2,1,3,2016-05-11,2023-12-08,1
3961,customer3961@example.com,Đặng Ngọc,Nữ,1966,50-59,Nhà đầu tư,Hà Nội,Việt Nam,Platinum,2,1,3,2017-10-23,2024-12-21,0
3962,customer3962@example.com,Dương Mai,Nữ,1981,40-49,Nhà đầu tư,Hải Phòng,Việt Nam,Gold,4,1,10,2018-05-07,2024-06-12,1
3963,customer3963@example.com,Trần Hùng,Nam,1960,60+,Bác sĩ,Đà Nẵng,Việt Nam,Platinum,1,1,7,2020-02-06,2024-08-16,1
3964,customer3964@example.com,Hồ Hằng,Nữ,1983,40-49,Người nổi tiếng,Đồng Nai,Việt Nam,Gold,2,1,7,2020-08-30,2023-11-11,1
3965,customer3965@example.com,Hoàng Quang,Nam,1979,40-49,Bác sĩ,Hà Nội,Việt Nam,Platinum,3,1,10,2022-03-19,2023-02-27,1
3966,customer3966@example.com,Hồ Khánh,Nam,1992,30-39,Doanh nhân,TP HCM,Việt Nam,Silver,3,1,3,2020-11-19,2024-10-18,0
3967,customer3967@example.com,Lê Hải,Nam,1985,30-39,Người nổi tiếng,TP HCM,Việt Nam,Platinum,4,1,3,2020-03-27,2023-10-21,1
3968,customer3968@example.com,Phan Trung,Nam,1963,60+,Giám đốc,Đồng Nai,Expat,Platinum,1,1,6,2018-10-22,2023-12-11,1
3969,customer3969@example.com,Phan Trang,Nữ,1997,25-29,Chuyên gia tài chính,Hà Nội,Việt Nam,Silver,3,1,3,2016-07-18,2023-04-09,1
3970,customer3970@example.com,Hoàng Tuấn,Nam,1995,25-29,Kiến trúc sư,Đà Nẵng,Việt Nam,Gold,2,1,10,2020-12-30,2023-03-03,1
3971,customer3971@example.com,Đỗ Hùng,Nam,1969,50-59,Người nổi tiếng,Quảng Ninh,Việt Nam,Platinum,2,1,5,2016-08-19,2023-02-03,1
3972,customer3972@example.com,Bùi Ngọc,Nữ,1991,30-39,Giám đốc,Quảng Ninh,Việt Nam,Silver,4,1,3,2023-02-03,2024-01-17,1
3973,customer3973@example.com,Lê Long,Nam,1963,60+,Giám đốc,Hà Nội,Việt Nam,Silver,1,1,5,2019-10-04,2023-11-06,1
3974,customer3974@example.com,Hoàng Đức,Nam,1965,50-59,Người nổi tiếng,TP HCM,Việt Nam,Diamond,1,1,6,2018-10-07,2024-11-10,1
3975,customer3975@example.com,Đặng Bình,Nam,1968,50-59,Doanh nhân,Khánh Hòa,Việt Nam,Silver,3,1,10,2020-03-25,2024-02-14,1
3976,customer3976@example.com,Ngô Yến,Nữ,1997,25-29,Người nổi tiếng,TP HCM,Việt Nam,Platinum,4,1,5,2015-11-15,2023-03-07,1
3977,customer3977@example.com,Ngô Quang,Nam,1988,30-39,Kiến trúc sư,TP HCM,Việt Nam,Silver,4,1,7,2017-02-17,2023-08-11,1
3978,customer3978@example.com,Đặng Hùng,Nam,1962,60+,Giám đốc,TP HCM,Việt Nam,Silver,3,1,3,2016-06-08,2023-02-16,1
3979,customer3979@example.com,Dương Minh,Nam,1990,30-39,Kiến trúc sư,Hà Nội,Expat,Gold,2,1,4,2022-04-12,2023-05-22,1
3980,customer3980@example.com,Phạm Đức,Nam,1979,40-49,Giám đốc,TP HCM,Expat,Silver,4,1,10,2022-06-14,2024-04-27,1
3981,customer3981@example.com,Đỗ Thu,Nữ,1986,30-39,Doanh nhân,TP HCM,Việt Nam,Diamond,3,1,2,2016-03-26,2023-05-01,1
3982,customer3982@example.com,Phạm Phương,Nữ,1968,50-59,Doanh nhân,Đồng Nai,Việt Nam,Silver,3,1,9,2019-06-30,2023-01-11,1
3983,customer3983@example.com,Phạm Hằng,Nữ,1968,50-59,Bác sĩ,Đà Nẵng,Việt Nam,Platinum,3,1,7,2023-04-23,2024-08-17,1
3984,customer3984@example.com,Dương Thảo,Nữ,1964,60+,Người nổi tiếng,TP HCM,Việt Nam,Platinum,1,1,6,2022-03-31,2024-12-11,1
3985,customer3985@example.com,Đặng Thành,Nam,1964,60+,Kiến trúc sư,TP HCM,Việt Nam,Silver,4,1,5,2020-09-15,2024-09-08,1
3986,customer3986@example.com,Phạm Thu,Nữ,1979,40-49,Luật sư,TP HCM,Việt Nam,Silver,3,1,9,2023-06-23,2024-02-11,1
3987,customer3987@example.com,Trần Yến,Nữ,1967,50-59,Giám đốc,TP HCM,Việt Nam,Platinum,4,1,4,2018-04-26,2024-04-01,1
3988,customer3988@example.com,Bùi Trang,Nữ,1988,30-39,Kiến trúc sư,TP HCM,Việt Nam,Diamond,2,1,2,2022-03-08,2024-06-12,1
3989,customer3989@example.com,Vũ Bình,Nam,1980,40-49,Chuyên gia tài chính,Bình Dương,Việt Nam,Silver,3,1,5,2022-01-15,2024-10-10,1
3990,customer3990@example.com,Đặng Ánh,Nữ,1998,25-29,Doanh nhân,Đà Nẵng,Việt Nam,Platinum,4,1,8,2022-03-14,2023-02-26,1
3991,customer3991@example.com,Phạm Lan,Nữ,1981,40-49,Doanh nhân,Hà Nội,Việt Nam,Platinum,3,1,2,2016-09-11,2024-04-27,1
3992,customer3992@example.com,Lê Hoa,Nữ,1997,25-29,Bác sĩ,TP HCM,Việt Nam,Gold,2,1,5,2015-08-03,2024-01-11,1
3993,customer3993@example.com,Trần Bình,Nam,1980,40-49,Người nổi tiếng,Hà Nội,Việt Nam,Gold,2,1,7,2018-06-15,2023-06-09,1
3994,customer3994@example.com,Đặng Thảo,Nữ,1973,50-59,Bác sĩ,TP HCM,Việt Nam,Silver,2,1,3,2015-07-30,2023-10-09,0
3995,customer3995@example.com,Đỗ Hằng,Nữ,1978,40-49,Doanh nhân,TP HCM,Việt Nam,Silver,1,1,2,2023-02-14,2023-10-13,1
3996,customer3996@example.com,Đỗ Hằng,Nữ,1963,60+,Người nổi tiếng,Khánh Hòa,Việt Nam,Gold,1,1,10,2017-09-04,2023-06-14,1
3997,customer3997@example.com,Ngô Hà,Nữ,1984,40-49,Luật sư,Hải Phòng,Việt Nam,Platinum,4,1,6,2015-06-20,2024-02-11,1
3998,customer3998@example.com,Hồ Trang,Nữ,1967,50-59,Chuyên gia tài chính,Đồng Nai,Việt Nam,Silver,3,1,3,2017-06-09,2024-02-11,1
3999,customer3999@example.com,Trần Trang,Nữ,1964,60+,Doanh nhân,Hải Phòng,Việt Nam,Platinum,1,1,9,2021-05-22,2024-01-20,1
4000,customer4000@example.com,Nguyễn Việt,Nam,1979,40-49,Nhà đầu tư,Hà Nội,Expat,Silver,3,1,2,2022-10-23,2024-04-22,1
4001,customer4001@example.com,Đỗ Ngọc,Nữ,1990,30-39,Bác sĩ,Đồng Nai,Việt Nam,Silver,4,1,6,2017-08-17,2023-03-24,1
4002,customer4002@example.com,Lê Tuấn,Nam,1977,40-49,Doanh nhân,TP HCM,Việt Nam,Silver,1,1,1,2020-02-09,2024-04-13,1
4003,customer4003@example.com,Đặng Long,Nam,1995,25-29,Chuyên gia tài chính,Đồng Nai,Việt Nam,Platinum,4,1,5,2016-11-04,2024-07-07,1
4004,customer4004@example.com,Đặng Việt,Nam,1965,50-59,Nhà đầu tư,Quảng Ninh,Việt Nam,Gold,4,1,4,2020-08-20,2024-06-12,0
4005,customer4005@example.com,Dương Đức,Nam,1964,60+,Doanh nhân,TP HCM,Việt Nam,Diamond,2,1,4,2020-12-09,2023-08-16,1
4006,customer4006@example.com,Phạm Bình,Nam,1969,50-59,Người nổi tiếng,TP HCM,Việt Nam,Platinum,1,1,7,2022-04-28,2023-09-05,1
4007,customer4007@example.com,Bùi Ánh,Nữ,1977,40-49,Nhà đầu tư,TP HCM,Việt Nam,Silver,1,1,3,2019-09-09,2023-04-18,1
4008,customer4008@example.com,Hồ Thảo,Nữ,1980,40-49,Bác sĩ,TP HCM,Việt Nam,Platinum,4,1,1,2016-06-25,2023-05-04,1
4009,customer4009@example.com,Trần Trang,Nữ,1984,40-49,Nhà đầu tư,TP HCM,Việt Nam,Silver,4,1,7,2015-10-26,2023-02-21,1
4010,customer4010@example.com,Hoàng Thảo,Nữ,1983,40-49,Giám đốc,TP HCM,Việt Nam,Platinum,2,1,8,2020-03-19,2023-02-03,1
4011,customer4011@example.com,Nguyễn Nga,Nữ,1989,30-39,Doanh nhân,Hà Nội,Việt Nam,Platinum,2,1,4,2020-01-22,2023-07-11,1
4012,customer4012@example.com,Hồ Thảo,Nữ,1985,30-39,Chuyên gia tài chính,Quảng Ninh,Việt Nam,Silver,3,1,2,2015-12-15,2024-08-22,1
4013,customer4013@example.com,Dương Hằng,Nữ,1980,40-49,Luật sư,Hà Nội,Việt Nam,Gold,1,1,2,2015-11-12,2024-05-18,1
4014,customer4014@example.com,Phan Trung,Nam,1971,50-59,Bác sĩ,TP HCM,Việt Nam,Diamond,1,1,7,2021-09-10,2023-10-26,1
4015,customer4015@example.com,Đỗ Tuấn,Nam,1968,50-59,Chuyên gia tài chính,Hà Nội,Việt Nam,Gold,3,1,8,2019-05-18,2023-03-30,1
4016,customer4016@example.com,Lê Mai,Nữ,1991,30-39,Kiến trúc sư,Bình Dương,Expat,Platinum,2,1,7,2019-11-09,2023-01-15,1
4017,customer4017@example.com,Hồ Long,Nam,1975,40-49,Doanh nhân,TP HCM,Việt Nam,Platinum,4,1,9,2017-06-12,2024-02-06,1
4018,customer4018@example.com,Hồ Trung,Nam,1982,40-49,Bác sĩ,Bình Dương,Việt Nam,Gold,1,1,9,2015-04-01,2024-05-07,1
4019,customer4019@example.com,Phạm Lan,Nữ,1981,40-49,Doanh nhân,Hà Nội,Việt Nam,Gold,3,1,1,2021-11-27,2023-07-26,1
4020,customer4020@example.com,Đặng Minh,Nam,1977,40-49,Bác sĩ,TP HCM,Việt Nam,Silver,1,1,5,2016-08-04,2024-11-29,1
4021,customer4021@example.com,Đặng Hà,Nữ,1978,40-49,Bác sĩ,TP HCM,Việt Nam,Gold,2,1,7,2023-02-12,2024-12-21,1
4022,customer4022@example.com,Phan Thảo,Nữ,1996,25-29,Bác sĩ,TP HCM,Việt Nam,Diamond,2,1,4,2019-06-07,2024-08-10,1
4023,customer4023@example.com,Dương Long,Nam,1969,50-59,Doanh nhân,TP HCM,Việt Nam,Diamond,1,1,10,2018-11-16,2024-09-18,1
4024,customer4024@example.com,Hồ Yến,Nữ,1964,60+,Doanh nhân,TP HCM,Việt Nam,Platinum,1,1,5,2015-03-21,2024-10-01,1
4025,customer4025@example.com,Đặng Mai,Nữ,1971,50-59,Kiến trúc sư,Đà Nẵng,Việt Nam,Silver,4,1,6,2021-10-02,2023-09-23,1
4026,customer4026@example.com,Dương Mai,Nữ,1974,50-59,Người nổi tiếng,Hà Nội,Expat,Silver,3,1,6,2017-09-02,2023-05-30,1
4027,customer4027@example.com,Đỗ Trung,Nam,1985,30-39,Luật sư,Đà Nẵng,Việt Nam,Diamond,4,1,5,2019-01-20,2023-04-09,1
4028,customer4028@example.com,Ngô Ngọc,Nữ,1981,40-49,Giám đốc,TP HCM,Việt Nam,Silver,3,1,10,2018-08-24,2023-04-19,1
4029,customer4029@example.com,Ngô Lan,Nữ,1987,30-39,Chuyên gia tài chính,Hải Phòng,Việt Nam,Silver,4,1,7,2023-05-05,2023-11-09,1
4030,customer4030@example.com,Hồ Hoa,Nữ,1964,60+,Giám đốc,Hà Nội,Expat,Platinum,4,1,3,2017-03-02,2024-08-10,1
4031,customer4031@example.com,Hoàng Quang,Nam,1994,30-39,Chuyên gia tài chính,Đồng Nai,Expat,Platinum,2,1,7,2021-07-04,2024-12-12,1
4032,customer4032@example.com,Vũ Thu,Nữ,1964,60+,Nhà đầu tư,TP HCM,Việt Nam,Gold,1,1,10,2019-04-02,2024-02-27,1
4033,customer4033@example.com,Ngô Mai,Nữ,1963,60+,Bác sĩ,Hà Nội,Việt Nam,Silver,3,1,2,2018-03-31,2023-08-29,1
4034,customer4034@example.com,Phạm Anh,Nam,1977,40-49,Kiến trúc sư,Quảng Ninh,Việt Nam,Silver,4,1,3,2019-10-27,2023-07-22,1
4035,customer4035@example.com,Dương Thảo,Nữ,1990,30-39,Kiến trúc sư,Hà Nội,Việt Nam,Platinum,3,1,3,2022-03-29,2023-04-21,1
4036,customer4036@example.com,Bùi Hoa,Nữ,1972,50-59,Doanh nhân,Đồng Nai,Việt Nam,Silver,4,1,6,2016-02-18,2023-02-02,1
4037,customer4037@example.com,Phạm Trang,Nữ,1994,30-39,Chuyên gia tài chính,Hà Nội,Việt Nam,Silver,4,1,2,2015-04-10,2023-11-02,1
4038,customer4038@example.com,Phạm Nga,Nữ,1965,50-59,Nhà đầu tư,Đà Nẵng,Expat,Platinum,2,1,2,2022-10-24,2024-03-26,1
4039,customer4039@example.com,Phạm Việt,Nam,1984,40-49,Luật sư,Đà Nẵng,Việt Nam,Gold,3,1,5,2017-05-14,2023-09-06,1
4040,customer4040@example.com,Hoàng Hùng,Nam,1980,40-49,Người nổi tiếng,Hải Phòng,Việt Nam,Diamond,2,1,1,2019-06-19,2024-07-06,1
4041,customer4041@example.com,Dương Yến,Nữ,1981,40-49,Doanh nhân,Hà Nội,Việt Nam,Silver,4,1,2,2022-07-24,2024-07-24,1
4042,customer4042@example.com,Hồ Anh,Nam,1996,25-29,Giám đốc,TP HCM,Việt Nam,Diamond,2,1,2,2018-05-23,2023-11-26,1
4043,customer4043@example.com,Trần Linh,Nữ,1981,40-49,Luật sư,Đồng Nai,Expat,Silver,2,1,7,2020-03-23,2024-12-09,1
4044,customer4044@example.com,Vũ Hoa,Nữ,1965,50-59,Nhà đầu tư,Hải Phòng,Việt Nam,Silver,4,1,1,2020-06-05,2024-11-15,1
4045,customer4045@example.com,Đặng Hùng,Nam,1984,40-49,Bác sĩ,TP HCM,Việt Nam,Silver,3,1,4,2015-11-16,2023-06-28,1
4046,customer4046@example.com,Hồ Ánh,Nữ,1960,60+,Nhà đầu tư,TP HCM,Việt Nam,Diamond,4,1,8,2016-07-30,2023-02-23,1
4047,customer4047@example.com,Đỗ Linh,Nữ,1970,50-59,Giám đốc,TP HCM,Expat,Gold,4,1,9,2022-02-04,2024-04-08,1
4048,customer4048@example.com,Đặng Thảo,Nữ,1976,40-49,Doanh nhân,Bình Dương,Expat,Gold,2,1,6,2018-11-12,2023-09-10,1
4049,customer4049@example.com,Phan Ngọc,Nữ,1981,40-49,Doanh nhân,Hà Nội,Việt Nam,Gold,3,1,4,2021-01-26,2023-10-06,0
4050,customer4050@example.com,Vũ Thu,Nữ,1968,50-59,Chuyên gia tài chính,Hà Nội,Việt Nam,Platinum,1,1,10,2018-04-20,2023-04-02,1
4051,customer4051@example.com,Đỗ Nga,Nữ,1963,60+,Nhà đầu tư,Hà Nội,Việt Nam,Silver,3,1,6,2016-10-19,2024-06-03,1
4052,customer4052@example.com,Trần Đức,Nam,1972,50-59,Bác sĩ,TP HCM,Expat,Gold,2,1,5,2017-04-10,2024-01-03,1
4053,customer4053@example.com,Trần Hà,Nữ,1997,25-29,Người nổi tiếng,Bình Dương,Việt Nam,Silver,3,1,9,2019-05-24,2024-12-21,1
4054,customer4054@example.com,Phan Khánh,Nam,1969,50-59,Kiến trúc sư,Hà Nội,Việt Nam,Silver,4,1,3,2020-08-20,2024-05-24,1
4055,customer4055@example.com,Dương Hằng,Nữ,1967,50-59,Chuyên gia tài chính,Bình Dương,Expat,Silver,3,1,6,2017-03-10,2024-09-12,1
4056,customer4056@example.com,Vũ Ánh,Nữ,1963,60+,Chuyên gia tài chính,TP HCM,Việt Nam,Gold,4,1,4,2015-09-08,2024-09-13,1
4057,customer4057@example.com,Bùi Nga,Nữ,1969,50-59,Chuyên gia tài chính,TP HCM,Việt Nam,Gold,2,1,10,2018-05-10,2023-08-13,1
4058,customer4058@example.com,Lê Hùng,Nam,1976,40-49,Chuyên gia tài chính,Hà Nội,Việt Nam,Diamond,1,1,10,2019-07-03,2024-04-18,1
4059,customer4059@example.com,Lê Thành,Nam,1979,40-49,Chuyên gia tài chính,TP HCM,Việt Nam,Silver,3,1,3,2023-05-08,2024-11-16,1
4060,customer4060@example.com,Phạm Nga,Nữ,1961,60+,Kiến trúc sư,Đồng Nai,Việt Nam,Diamond,2,1,1,2020-01-29,2024-11-05,1
4061,customer4061@example.com,Trần Ánh,Nữ,1980,40-49,Doanh nhân,TP HCM,Việt Nam,Platinum,1,1,10,2018-03-04,2023-01-24,1
4062,customer4062@example.com,Dương Quang,Nam,1977,40-49,Giám đốc,TP HCM,Việt Nam,Silver,1,1,8,2015-07-24,2024-06-09,1
4063,customer4063@example.com,Nguyễn Trung,Nam,1968,50-59,Bác sĩ,Hải Phòng,Việt Nam,Platinum,1,1,1,2017-01-04,2024-08-22,1
4064,customer4064@example.com,Dương Khánh,Nam,1964,60+,Giám đốc,Hà Nội,Việt Nam,Platinum,4,1,3,2021-12-01,2024-08-08,0
4065,customer4065@example.com,Phan Mai,Nữ,1983,40-49,Luật sư,TP HCM,Việt Nam,Gold,3,1,10,2020-07-18,2023-12-20,1
4066,customer4066@example.com,Vũ Yến,Nữ,1980,40-49,Kiến trúc sư,Hà Nội,Việt Nam,Silver,2,1,4,2022-02-12,2024-07-25,1
4067,customer4067@example.com,Phan Hoa,Nữ,1986,30-39,Doanh nhân,Hà Nội,Việt Nam,Silver,1,1,9,2016-07-18,2023-10-29,1
4068,customer4068@example.com,Vũ Việt,Nam,1967,50-59,Doanh nhân,TP HCM,Việt Nam,Silver,3,1,10,2015-06-18,2023-07-26,1
4069,customer4069@example.com,Trần Bình,Nam,1978,40-49,Người nổi tiếng,Đà Nẵng,Việt Nam,Silver,3,1,4,2023-06-03,2024-12-26,1
4070,customer4070@example.com,Bùi Trang,Nữ,1967,50-59,Bác sĩ,Hải Phòng,Việt Nam,Platinum,2,1,2,2019-04-18,2024-11-17,0
4071,customer4071@example.com,Đỗ Mai,Nữ,1972,50-59,Luật sư,Hà Nội,Expat,Gold,1,1,2,2022-06-02,2023-01-28,1
4072,customer4072@example.com,Phạm Thành,Nam,1969,50-59,Luật sư,Bình Dương,Expat,Platinum,1,1,3,2022-07-07,2023-12-31,1
4073,customer4073@example.com,Dương Nga,Nữ,1975,40-49,Nhà đầu tư,Hà Nội,Việt Nam,Diamond,2,1,6,2018-04-10,2024-04-07,1
4074,customer4074@example.com,Đỗ Phương,Nữ,1975,40-49,Nhà đầu tư,Hà Nội,Việt Nam,Platinum,2,1,9,2022-11-16,2023-09-26,1
4075,customer4075@example.com,Phạm Hùng,Nam,1963,60+,Người nổi tiếng,TP HCM,Việt Nam,Silver,1,1,10,2015-07-01,2024-09-07,1
4076,customer4076@example.com,Dương Bình,Nam,1983,40-49,Bác sĩ,TP HCM,Việt Nam,Silver,3,1,4,2021-06-18,2024-10-16,1
4077,customer4077@example.com,Vũ Khánh,Nam,1961,60+,Người nổi tiếng,Hà Nội,Việt Nam,Gold,4,1,7,2018-08-03,2023-08-10,1
4078,customer4078@example.com,Hồ Lan,Nữ,1994,30-39,Bác sĩ,TP HCM,Việt Nam,Gold,2,1,4,2021-04-01,2024-01-06,1
4079,customer4079@example.com,Nguyễn Hoa,Nữ,1971,50-59,Doanh nhân,TP HCM,Việt Nam,Gold,3,1,5,2018-05-25,2023-11-12,1
4080,customer4080@example.com,Đỗ Mai,Nữ,1991,30-39,Doanh nhân,TP HCM,Việt Nam,Silver,4,1,1,2017-02-12,2024-11-25,1
4081,customer4081@example.com,Đặng Hải,Nam,1988,30-39,Doanh nhân,Hà Nội,Việt Nam,Platinum,2,1,10,2015-11-01,2023-01-27,1
4082,customer4082@example.com,Nguyễn Khánh,Nam,1971,50-59,Kiến trúc sư,Hà Nội,Việt Nam,Gold,2,1,9,2015-10-04,2023-02-26,1
4083,customer4083@example.com,Đỗ Nga,Nữ,1971,50-59,Người nổi tiếng,TP HCM,Việt Nam,Diamond,2,1,7,2017-05-29,2024-04-19,0
4084,customer4084@example.com,Dương Trung,Nam,1991,30-39,Nhà đầu tư,Đà Nẵng,Expat,Platinum,2,1,1,2017-01-10,2023-06-12,1
4085,customer4085@example.com,Vũ Hằng,Nữ,1984,40-49,Bác sĩ,Hà Nội,Việt Nam,Silver,2,1,2,2017-05-01,2023-08-08,1
4086,customer4086@example.com,Lê Ánh,Nữ,1995,25-29,Chuyên gia tài chính,Khánh Hòa,Expat,Gold,1,1,10,2016-12-01,2024-09-04,1
4087,customer4087@example.com,Nguyễn Phương,Nữ,1998,25-29,Kiến trúc sư,Bình Dương,Việt Nam,Silver,3,1,4,2019-12-04,2024-03-13,1
4088,customer4088@example.com,Ngô Hà,Nữ,1995,25-29,Bác sĩ,TP HCM,Việt Nam,Silver,3,1,9,2019-10-21,2023-11-16,1
4089,customer4089@example.com,Đỗ Nga,Nữ,1986,30-39,Chuyên gia tài chính,TP HCM,Việt Nam,Silver,1,1,9,2019-07-25,2024-01-10,1
4090,customer4090@example.com,Đặng Trung,Nam,1985,30-39,Nhà đầu tư,Đồng Nai,Expat,Silver,3,1,10,2022-03-11,2023-01-06,1
4091,customer4091@example.com,Vũ Thành,Nam,1981,40-49,Người nổi tiếng,Hà Nội,Expat,Gold,4,1,10,2020-08-08,2024-09-24,1
4092,customer4092@example.com,Ngô Quang,Nam,1979,40-49,Nhà đầu tư,Hải Phòng,Việt Nam,Gold,2,1,9,2022-11-24,2023-07-07,1
4093,customer4093@example.com,Trần Quang,Nam,1978,40-49,Bác sĩ,Đà Nẵng,Việt Nam,Platinum,2,1,1,2022-03-03,2024-09-21,1
4094,customer4094@example.com,Trần Mai,Nữ,1971,50-59,Luật sư,TP HCM,Việt Nam,Platinum,3,1,5,2022-11-06,2024-01-27,1
4095,customer4095@example.com,Vũ Đức,Nam,1991,30-39,Chuyên gia tài chính,Khánh Hòa,Việt Nam,Diamond,4,1,5,2021-08-14,2024-04-27,1
4096,customer4096@example.com,Lê Ánh,Nữ,1966,50-59,Chuyên gia tài chính,Hà Nội,Việt Nam,Gold,2,1,9,2018-07-06,2023-08-17,1
4097,customer4097@example.com,Bùi Anh,Nam,1981,40-49,Kiến trúc sư,TP HCM,Việt Nam,Gold,1,1,7,2021-08-15,2023-12-22,1
4098,customer4098@example.com,Ngô Nga,Nữ,1998,25-29,Bác sĩ,Hà Nội,Việt Nam,Platinum,3,1,2,2016-06-15,2023-01-08,1
4099,customer4099@example.com,Bùi Hùng,Nam,1964,60+,Người nổi tiếng,TP HCM,Việt Nam,Gold,1,1,2,2015-11-22,2023-10-22,1
4100,customer4100@example.com,Phạm Hằng,Nữ,1975,40-49,Doanh nhân,TP HCM,Việt Nam,Silver,1,1,6,2022-07-05,2023-01-03,1
4101,customer4101@example.com,Dương Hằng,Nữ,1998,25-29,Giám đốc,TP HCM,Việt Nam,Gold,3,1,1,2015-04-25,2024-12-22,1
4102,customer4102@example.com,Dương Yến,Nữ,1983,40-49,Luật sư,Hà Nội,Việt Nam,Silver,3,1,3,2015-12-31,2023-01-17,1
4103,customer4103@example.com,Hồ Thành,Nam,1961,60+,Kiến trúc sư,Hải Phòng,Expat,Silver,4,1,6,2018-01-16,2024-08-06,0
4104,customer4104@example.com,Đặng Mai,Nữ,1995,25-29,Chuyên gia tài chính,TP HCM,Việt Nam,Silver,3,1,2,2021-10-19,2023-02-19,1
4105,customer4105@example.com,Đặng Ngọc,Nữ,1983,40-49,Người nổi tiếng,Quảng Ninh,Expat,Platinum,4,1,1,2022-08-24,2024-02-16,1
4106,customer4106@example.com,Hoàng Hoa,Nữ,1997,25-29,Luật sư,Đà Nẵng,Việt Nam,Silver,3,1,9,2017-04-19,2024-01-24,1
4107,customer4107@example.com,Đỗ Hà,Nữ,1983,40-49,Chuyên gia tài chính,TP HCM,Việt Nam,Gold,1,1,7,2021-07-16,2024-09-26,1
4108,customer4108@example.com,Đỗ Anh,Nam,1986,30-39,Giám đốc,Hải Phòng,Việt Nam,Platinum,3,1,10,2015-04-28,2024-03-21,1
4109,customer4109@example.com,Vũ Hùng,Nam,1991,30-39,Doanh nhân,Hà Nội,Việt Nam,Gold,1,1,3,2015-04-22,2024-09-30,1
4110,customer4110@example.com,Đỗ Trang,Nữ,1983,40-49,Nhà đầu tư,TP HCM,Việt Nam,Platinum,2,1,5,2021-09-27,2023-09-25,1
4111,customer4111@example.com,Phạm Linh,Nữ,1987,30-39,Người nổi tiếng,TP HCM,Expat,Platinum,3,1,10,2022-10-08,2023-03-29,1
4112,customer4112@example.com,Đặng Hà,Nữ,1993,30-39,Doanh nhân,Hà Nội,Việt Nam,Gold,1,1,2,2023-01-31,2023-08-25,1
4113,customer4113@example.com,Hồ Mai,Nữ,1980,40-49,Luật sư,Hà Nội,Việt Nam,Silver,1,1,8,2015-02-21,2024-11-16,1
4114,customer4114@example.com,Đặng Thành,Nam,1969,50-59,Người nổi tiếng,Đà Nẵng,Việt Nam,Silver,4,1,10,2022-03-30,2023-02-11,1
4115,customer4115@example.com,Hồ Tuấn,Nam,1972,50-59,Bác sĩ,Đà Nẵng,Việt Nam,Diamond,2,1,1,2018-06-04,2023-10-16,1
4116,customer4116@example.com,Trần Trung,Nam,1980,40-49,Người nổi tiếng,TP HCM,Expat,Gold,4,1,5,2021-07-28,2023-12-28,1
4117,customer4117@example.com,Lê Anh,Nam,1978,40-49,Chuyên gia tài chính,Quảng Ninh,Việt Nam,Silver,2,1,9,2018-04-21,2023-06-18,1
4118,customer4118@example.com,Nguyễn Khánh,Nam,1991,30-39,Giám đốc,TP HCM,Việt Nam,Platinum,2,1,2,2017-09-04,2024-05-21,1
4119,customer4119@example.com,Hoàng Lan,Nữ,1973,50-59,Luật sư,Quảng Ninh,Expat,Platinum,4,1,10,2016-11-29,2023-12-07,1
4120,customer4120@example.com,Phạm Đức,Nam,1991,30-39,Luật sư,Đồng Nai,Việt Nam,Silver,2,1,3,2015-07-12,2023-03-25,1
4121,customer4121@example.com,Đỗ Trang,Nữ,1969,50-59,Người nổi tiếng,TP HCM,Việt Nam,Diamond,4,1,3,2015-11-30,2023-04-05,1
4122,customer4122@example.com,Hồ Lan,Nữ,1960,60+,Nhà đầu tư,Hà Nội,Việt Nam,Diamond,2,1,5,2015-02-10,2024-04-13,1
4123,customer4123@example.com,Hoàng Trang,Nữ,1987,30-39,Chuyên gia tài chính,TP HCM,Việt Nam,Silver,2,1,2,2023-06-26,2024-12-13,1
4124,customer4124@example.com,Hồ Hà,Nữ,1962,60+,Giám đốc,Hà Nội,Việt Nam,Diamond,4,1,9,2022-09-21,2024-08-16,1
4125,customer4125@example.com,Trần Thành,Nam,1996,25-29,Kiến trúc sư,TP HCM,Việt Nam,Gold,3,1,5,2022-07-01,2024-08-20,1
4126,customer4126@example.com,Phan Thảo,Nữ,1969,50-59,Người nổi tiếng,Bình Dương,Việt Nam,Platinum,3,1,8,2017-10-23,2023-11-10,1
4127,customer4127@example.com,Phan Quang,Nam,1988,30-39,Luật sư,TP HCM,Việt Nam,Diamond,4,1,6,2016-02-18,2023-10-18,1
4128,customer4128@example.com,Ngô Ngọc,Nữ,1986,30-39,Chuyên gia tài chính,TP HCM,Việt Nam,Platinum,3,1,3,2018-07-22,2023-05-18,1
4129,customer4129@example.com,Vũ Nga,Nữ,1979,40-49,Doanh nhân,Bình Dương,Việt Nam,Diamond,3,1,4,2015-12-03,2024-05-02,1
4130,customer4130@example.com,Trần Linh,Nữ,1969,50-59,Giám đốc,Hà Nội,Việt Nam,Gold,4,1,6,2017-12-03,2024-06-23,1
4131,customer4131@example.com,Đặng Bình,Nam,1991,30-39,Bác sĩ,Đà Nẵng,Expat,Platinum,3,1,5,2016-09-12,2023-06-17,1
4132,customer4132@example.com,Dương Việt,Nam,1980,40-49,Doanh nhân,Đà Nẵng,Expat,Platinum,3,1,2,2017-02-01,2023-10-22,1
4133,customer4133@example.com,Đặng Tuấn,Nam,1974,50-59,Doanh nhân,TP HCM,Expat,Gold,3,1,4,2020-05-09,2023-02-20,1
4134,customer4134@example.com,Phạm Tuấn,Nam,1987,30-39,Luật sư,TP HCM,Expat,Gold,4,1,8,2017-05-09,2023-08-20,1
4135,customer4135@example.com,Nguyễn Thành,Nam,1966,50-59,Chuyên gia tài chính,Đồng Nai,Việt Nam,Gold,3,1,6,2022-08-27,2024-07-13,1
4136,customer4136@example.com,Phạm Tuấn,Nam,1986,30-39,Giám đốc,TP HCM,Việt Nam,Diamond,3,1,2,2023-02-26,2023-03-04,1
4137,customer4137@example.com,Đỗ Trang,Nữ,1992,30-39,Giám đốc,TP HCM,Expat,Platinum,3,1,3,2021-04-18,2023-05-03,1
4138,customer4138@example.com,Lê Việt,Nam,1978,40-49,Doanh nhân,TP HCM,Việt Nam,Platinum,3,1,6,2017-02-09,2023-11-13,1
4139,customer4139@example.com,Hồ Thu,Nữ,1996,25-29,Giám đốc,Đà Nẵng,Việt Nam,Gold,3,1,1,2021-05-03,2024-11-22,1
4140,customer4140@example.com,Lê Long,Nam,1978,40-49,Luật sư,Hải Phòng,Expat,Platinum,1,1,1,2021-11-15,2024-10-22,1
4141,customer4141@example.com,Trần Hằng,Nữ,1974,50-59,Luật sư,Hà Nội,Việt Nam,Silver,4,1,3,2018-06-06,2023-09-18,1
4142,customer4142@example.com,Ngô Minh,Nam,1996,25-29,Người nổi tiếng,Hà Nội,Việt Nam,Diamond,2,1,6,2020-07-23,2024-09-26,1
4143,customer4143@example.com,Trần Lan,Nữ,1998,25-29,Bác sĩ,Hà Nội,Việt Nam,Diamond,2,1,8,2016-10-28,2023-10-15,1
4144,customer4144@example.com,Nguyễn Thu,Nữ,1971,50-59,Nhà đầu tư,TP HCM,Việt Nam,Silver,2,1,9,2017-05-12,2023-03-29,1
4145,customer4145@example.com,Bùi Phương,Nữ,1991,30-39,Chuyên gia tài chính,Hà Nội,Việt Nam,Platinum,1,1,2,2020-12-30,2023-02-19,0
4146,customer4146@example.com,Nguyễn Ngọc,Nữ,1978,40-49,Bác sĩ,TP HCM,Việt Nam,Silver,2,1,4,2016-02-03,2024-02-03,1
4147,customer4147@example.com,Trần Lan,Nữ,1983,40-49,Doanh nhân,Hà Nội,Việt Nam,Gold,3,1,8,2018-07-02,2023-09-02,1
4148,customer4148@example.com,Bùi Thảo,Nữ,1975,40-49,Người nổi tiếng,Quảng Ninh,Việt Nam,Silver,3,1,6,2020-08-21,2023-03-18,1
4149,customer4149@example.com,Lê Hùng,Nam,1963,60+,Bác sĩ,TP HCM,Việt Nam,Silver,4,1,4,2020-04-27,2023-05-18,1
4150,customer4150@example.com,Lê Trung,Nam,1965,50-59,Doanh nhân,Đà Nẵng,Việt Nam,Platinum,1,1,1,2016-09-23,2024-01-25,1
4151,customer4151@example.com,Phan Lan,Nữ,1961,60+,Nhà đầu tư,Hải Phòng,Việt Nam,Gold,2,1,6,2016-10-17,2023-06-06,1
4152,customer4152@example.com,Dương Hằng,Nữ,1978,40-49,Chuyên gia tài chính,Khánh Hòa,Việt Nam,Platinum,4,1,7,2017-06-30,2023-03-20,1
4153,customer4153@example.com,Phan Hải,Nam,1979,40-49,Doanh nhân,Hà Nội,Việt Nam,Gold,3,1,3,2017-04-15,2024-03-27,1
4154,customer4154@example.com,Vũ Thu,Nữ,1987,30-39,Nhà đầu tư,Đà Nẵng,Việt Nam,Gold,4,1,7,2015-10-30,2024-05-19,1
4155,customer4155@example.com,Nguyễn Thảo,Nữ,1997,25-29,Chuyên gia tài chính,Quảng Ninh,Việt Nam,Silver,2,1,5,2023-02-13,2023-06-24,1
4156,customer4156@example.com,Dương Hằng,Nữ,1998,25-29,Kiến trúc sư,Quảng Ninh,Việt Nam,Silver,4,1,9,2015-08-04,2024-01-20,1
4157,customer4157@example.com,Đỗ Hà,Nữ,1965,50-59,Nhà đầu tư,Hà Nội,Việt Nam,Silver,4,1,4,2015-10-11,2023-04-22,1
4158,customer4158@example.com,Vũ Hải,Nam,1982,40-49,Luật sư,Bình Dương,Việt Nam,Gold,1,1,2,2023-04-28,2024-10-16,1
4159,customer4159@example.com,Dương Mai,Nữ,1977,40-49,Kiến trúc sư,Hà Nội,Việt Nam,Platinum,3,1,4,2022-03-03,2024-04-21,1
4160,customer4160@example.com,Vũ Thành,Nam,1993,30-39,Doanh nhân,TP HCM,Việt Nam,Silver,3,1,6,2020-08-20,2024-10-22,1
4161,customer4161@example.com,Hoàng Hải,Nam,1987,30-39,Kiến trúc sư,TP HCM,Việt Nam,Platinum,4,1,10,2021-05-03,2024-12-29,1
4162,customer4162@example.com,Ngô Long,Nam,1982,40-49,Bác sĩ,TP HCM,Việt Nam,Silver,3,1,4,2019-04-25,2024-06-26,1
4163,customer4163@example.com,Vũ Yến,Nữ,1980,40-49,Kiến trúc sư,TP HCM,Việt Nam,Platinum,3,1,1,2022-10-08,2024-04-08,1
4164,customer4164@example.com,Lê Ngọc,Nữ,1990,30-39,Chuyên gia tài chính,Hà Nội,Việt Nam,Silver,1,1,9,2019-07-14,2024-03-25,1
4165,customer4165@example.com,Trần Hoa,Nữ,1983,40-49,Luật sư,TP HCM,Expat,Platinum,4,1,8,2015-10-18,2024-10-23,1
4166,customer4166@example.com,Phan Tuấn,Nam,1989,30-39,Luật sư,TP HCM,Việt Nam,Diamond,2,1,10,2019-02-16,2024-09-19,1
4167,customer4167@example.com,Trần Việt,Nam,1980,40-49,Người nổi tiếng,TP HCM,Việt Nam,Silver,2,1,1,2021-04-23,2023-09-09,1
4168,customer4168@example.com,Trần Long,Nam,1961,60+,Kiến trúc sư,Hải Phòng,Việt Nam,Diamond,4,1,3,2022-12-18,2024-07-31,1
4169,customer4169@example.com,Hồ Lan,Nữ,1964,60+,Luật sư,TP HCM,Việt Nam,Diamond,4,1,10,2023-01-28,2023-08-16,1
4170,customer4170@example.com,Trần Hoa,Nữ,1962,60+,Người nổi tiếng,Hà Nội,Việt Nam,Silver,2,1,8,2015-04-25,2024-09-25,1
4171,customer4171@example.com,Đặng Phương,Nữ,1986,30-39,Doanh nhân,TP HCM,Việt Nam,Platinum,4,1,4,2022-02-22,2023-04-19,1
4172,customer4172@example.com,Phan Trung,Nam,1988,30-39,Bác sĩ,TP HCM,Việt Nam,Silver,1,1,1,2019-06-26,2024-10-14,1
4173,customer4173@example.com,Hoàng Lan,Nữ,1990,30-39,Doanh nhân,TP HCM,Việt Nam,Silver,2,1,3,2019-02-26,2024-10-06,1
4174,customer4174@example.com,Ngô Hà,Nữ,1984,40-49,Giám đốc,TP HCM,Việt Nam,Silver,3,1,4,2020-02-02,2023-02-11,0
4175,customer4175@example.com,Trần Minh,Nam,1961,60+,Bác sĩ,Đà Nẵng,Việt Nam,Silver,4,1,9,2017-06-12,2024-09-20,0
4176,customer4176@example.com,Trần Hùng,Nam,1962,60+,Giám đốc,Đà Nẵng,Việt Nam,Platinum,1,1,1,2019-04-14,2024-04-19,1
4177,customer4177@example.com,Nguyễn Hà,Nữ,1964,60+,Giám đốc,Hà Nội,Việt Nam,Silver,4,1,4,2017-01-05,2024-07-26,1
4178,customer4178@example.com,Trần Trung,Nam,1983,40-49,Nhà đầu tư,Hà Nội,Việt Nam,Diamond,3,1,9,2022-01-29,2024-01-31,1
4179,customer4179@example.com,Trần Hoa,Nữ,1969,50-59,Người nổi tiếng,Hà Nội,Việt Nam,Platinum,3,1,5,2021-09-03,2024-02-04,1
4180,customer4180@example.com,Ngô Long,Nam,1970,50-59,Bác sĩ,Đồng Nai,Việt Nam,Gold,2,1,6,2017-12-14,2024-10-13,1
4181,customer4181@example.com,Phan Phương,Nữ,1989,30-39,Chuyên gia tài chính,Hà Nội,Expat,Silver,3,1,3,2019-09-12,2023-08-09,1
4182,customer4182@example.com,Phạm Hoa,Nữ,1971,50-59,Người nổi tiếng,TP HCM,Việt Nam,Gold,1,1,4,2016-09-21,2023-01-03,1
4183,customer4183@example.com,Ngô Linh,Nữ,1965,50-59,Bác sĩ,Hà Nội,Việt Nam,Gold,4,1,7,2023-03-18,2024-04-18,1
4184,customer4184@example.com,Bùi Khánh,Nam,1971,50-59,Người nổi tiếng,TP HCM,Việt Nam,Silver,1,1,1,2018-05-10,2024-09-18,1
4185,customer4185@example.com,Vũ Quang,Nam,1997,25-29,Nhà đầu tư,Bình Dương,Việt Nam,Gold,4,1,1,2022-02-04,2023-06-10,1
4186,customer4186@example.com,Đỗ Phương,Nữ,1979,40-49,Giám đốc,Đồng Nai,Việt Nam,Silver,4,1,2,2019-08-27,2023-11-01,1
4187,customer4187@example.com,Phan Ánh,Nữ,1976,40-49,Kiến trúc sư,Đà Nẵng,Expat,Silver,4,1,2,2017-10-01,2024-12-05,1
4188,customer4188@example.com,Phan Linh,Nữ,1967,50-59,Kiến trúc sư,Hà Nội,Việt Nam,Gold,2,1,9,2020-03-16,2023-08-09,1
4189,customer4189@example.com,Dương Quang,Nam,1989,30-39,Nhà đầu tư,Khánh Hòa,Việt Nam,Platinum,3,1,3,2020-08-08,2023-11-09,1
4190,customer4190@example.com,Ngô Thảo,Nữ,1987,30-39,Chuyên gia tài chính,TP HCM,Việt Nam,Silver,1,1,1,2016-09-28,2024-10-20,1
4191,customer4191@example.com,Vũ Hằng,Nữ,1974,50-59,Chuyên gia tài chính,Đà Nẵng,Expat,Gold,3,1,4,2021-03-19,2024-07-20,1
4192,customer4192@example.com,Phạm Long,Nam,1968,50-59,Chuyên gia tài chính,Đà Nẵng,Việt Nam,Gold,2,1,3,2020-11-15,2024-09-05,1
4193,customer4193@example.com,Dương Thu,Nữ,1983,40-49,Chuyên gia tài chính,Hà Nội,Expat,Silver,1,1,4,2022-11-06,2024-09-21,1
4194,customer4194@example.com,Phạm Việt,Nam,1972,50-59,Người nổi tiếng,TP HCM,Việt Nam,Gold,3,1,8,2020-05-27,2023-01-09,1
4195,customer4195@example.com,Trần Hoa,Nữ,1965,50-59,Chuyên gia tài chính,Đà Nẵng,Việt Nam,Gold,2,1,4,2015-10-11,2023-12-29,1
4196,customer4196@example.com,Bùi Hoa,Nữ,1970,50-59,Giám đốc,TP HCM,Việt Nam,Platinum,4,1,6,2015-06-09,2024-08-13,1
4197,customer4197@example.com,Đỗ Thu,Nữ,1972,50-59,Chuyên gia tài chính,Hà Nội,Expat,Platinum,2,1,2,2019-02-27,2023-03-07,0
4198,customer4198@example.com,Nguyễn Anh,Nam,1963,60+,Kiến trúc sư,Hà Nội,Việt Nam,Silver,4,1,4,2016-07-20,2023-01-15,1
4199,customer4199@example.com,Đỗ Thảo,Nữ,1985,30-39,Bác sĩ,TP HCM,Việt Nam,Silver,1,1,9,2016-12-10,2024-01-27,1
4200,customer4200@example.com,Dương Bình,Nam,1985,30-39,Nhà đầu tư,Đà Nẵng,Việt Nam,Silver,3,1,4,2015-11-21,2023-03-04,1
4201,customer4201@example.com,Bùi Bình,Nam,1998,25-29,Giám đốc,Hà Nội,Việt Nam,Diamond,2,1,7,2023-02-02,2023-10-26,1
4202,customer4202@example.com,Dương Quang,Nam,1961,60+,Kiến trúc sư,Đà Nẵng,Expat,Silver,2,1,9,2023-03-25,2023-07-26,1
4203,customer4203@example.com,Đặng Long,Nam,1986,30-39,Bác sĩ,TP HCM,Việt Nam,Platinum,3,1,1,2018-12-28,2024-06-29,1
4204,customer4204@example.com,Phạm Yến,Nữ,1976,40-49,Kiến trúc sư,TP HCM,Việt Nam,Platinum,4,1,3,2022-04-23,2023-11-09,1
4205,customer4205@example.com,Bùi Phương,Nữ,1996,25-29,Bác sĩ,Hà Nội,Việt Nam,Silver,3,1,1,2023-03-02,2024-10-28,1
4206,customer4206@example.com,Nguyễn Minh,Nam,1967,50-59,Giám đốc,Hà Nội,Việt Nam,Gold,1,1,8,2019-12-30,2024-06-23,1
4207,customer4207@example.com,Phạm Phương,Nữ,1983,40-49,Doanh nhân,Đà Nẵng,Việt Nam,Gold,4,1,7,2016-06-08,2024-03-17,1
4208,customer4208@example.com,Đỗ Hải,Nam,1975,40-49,Luật sư,Đồng Nai,Việt Nam,Silver,2,1,6,2023-04-12,2023-12-26,1
4209,customer4209@example.com,Hồ Nga,Nữ,1971,50-59,Nhà đầu tư,TP HCM,Việt Nam,Platinum,2,1,2,2016-12-20,2024-01-03,1
4210,customer4210@example.com,Ngô Hà,Nữ,1993,30-39,Người nổi tiếng,Hải Phòng,Việt Nam,Diamond,1,1,2,2019-12-28,2023-12-26,1
4211,customer4211@example.com,Phan Thành,Nam,1973,50-59,Luật sư,TP HCM,Expat,Platinum,2,1,2,2018-10-11,2023-03-30,1
4212,customer4212@example.com,Phạm Yến,Nữ,1979,40-49,Người nổi tiếng,Bình Dương,Việt Nam,Gold,1,1,4,2018-08-18,2024-12-01,1
4213,customer4213@example.com,Ngô Anh,Nam,1982,40-49,Giám đốc,Đồng Nai,Expat,Platinum,3,1,9,2016-12-14,2023-12-05,1
4214,customer4214@example.com,Đỗ Hằng,Nữ,1973,50-59,Kiến trúc sư,Hà Nội,Việt Nam,Platinum,4,1,2,2016-09-23,2023-01-01,1
4215,customer4215@example.com,Vũ Anh,Nam,1995,25-29,Người nổi tiếng,TP HCM,Việt Nam,Platinum,4,1,6,2016-02-26,2023-11-19,1
4216,customer4216@example.com,Nguyễn Trang,Nữ,1968,50-59,Người nổi tiếng,Bình Dương,Việt Nam,Gold,4,1,7,2021-11-27,2024-08-30,1
4217,customer4217@example.com,Phan Khánh,Nam,1994,30-39,Nhà đầu tư,TP HCM,Việt Nam,Silver,1,1,7,2018-03-15,2024-08-08,1
4218,customer4218@example.com,Trần Hải,Nam,1965,50-59,Nhà đầu tư,Đà Nẵng,Việt Nam,Silver,1,1,3,2019-05-04,2023-05-09,1
4219,customer4219@example.com,Ngô Khánh,Nam,1985,30-39,Doanh nhân,Đà Nẵng,Việt Nam,Gold,2,1,4,2022-09-05,2024-01-14,1
4220,customer4220@example.com,Lê Phương,Nữ,1970,50-59,Giám đốc,TP HCM,Việt Nam,Silver,1,1,8,2023-03-29,2023-09-04,1
4221,customer4221@example.com,Hồ Ánh,Nữ,1965,50-59,Kiến trúc sư,TP HCM,Việt Nam,Diamond,3,1,4,2015-05-02,2023-01-05,1
4222,customer4222@example.com,Hồ Ngọc,Nữ,1981,40-49,Người nổi tiếng,Đà Nẵng,Việt Nam,Silver,3,1,7,2023-05-23,2023-12-21,1
4223,customer4223@example.com,Vũ Đức,Nam,1966,50-59,Luật sư,Đà Nẵng,Expat,Silver,2,1,7,2017-03-17,2023-02-10,1
4224,customer4224@example.com,Ngô Yến,Nữ,1989,30-39,Nhà đầu tư,TP HCM,Việt Nam,Diamond,2,1,6,2015-04-06,2024-04-12,1
4225,customer4225@example.com,Vũ Lan,Nữ,1987,30-39,Nhà đầu tư,TP HCM,Việt Nam,Silver,3,1,3,2019-10-14,2023-03-25,1
4226,customer4226@example.com,Đỗ Hằng,Nữ,1992,30-39,Chuyên gia tài chính,TP HCM,Việt Nam,Silver,4,1,5,2020-07-26,2023-10-05,1
4227,customer4227@example.com,Lê Ánh,Nữ,1964,60+,Kiến trúc sư,Hà Nội,Việt Nam,Silver,4,1,9,2018-03-07,2024-06-11,1
4228,customer4228@example.com,Dương Ngọc,Nữ,1997,25-29,Nhà đầu tư,Hà Nội,Việt Nam,Silver,2,1,1,2020-10-04,2024-05-14,1
4229,customer4229@example.com,Bùi Hùng,Nam,1993,30-39,Luật sư,Đà Nẵng,Việt Nam,Gold,4,1,2,2021-05-08,2023-04-08,1
4230,customer4230@example.com,Trần Trung,Nam,1995,25-29,Người nổi tiếng,Bình Dương,Việt Nam,Gold,1,1,2,2020-11-19,2023-03-17,1
4231,customer4231@example.com,Vũ Trang,Nữ,1989,30-39,Doanh nhân,Hà Nội,Việt Nam,Gold,4,1,6,2023-05-28,2023-05-09,1
4232,customer4232@example.com,Đỗ Việt,Nam,1979,40-49,Giám đốc,TP HCM,Việt Nam,Gold,2,1,9,2016-03-15,2024-02-18,1
4233,customer4233@example.com,Đặng Thu,Nữ,1965,50-59,Luật sư,Hà Nội,Việt Nam,Gold,4,1,5,2021-05-21,2023-09-09,1
4234,customer4234@example.com,Ngô Ngọc,Nữ,1968,50-59,Người nổi tiếng,TP HCM,Việt Nam,Silver,3,1,6,2021-12-01,2023-09-10,1
4235,customer4235@example.com,Trần Hoa,Nữ,1983,40-49,Bác sĩ,TP HCM,Việt Nam,Gold,3,1,2,2019-04-20,2023-08-08,1
4236,customer4236@example.com,Đặng Hoa,Nữ,1970,50-59,Chuyên gia tài chính,Hà Nội,Việt Nam,Gold,1,1,4,2018-03-22,2023-05-05,1
4237,customer4237@example.com,Phạm Linh,Nữ,1961,60+,Kiến trúc sư,TP HCM,Việt Nam,Silver,4,1,9,2019-12-12,2023-11-30,1
4238,customer4238@example.com,Ngô Nga,Nữ,1987,30-39,Kiến trúc sư,Đà Nẵng,Việt Nam,Silver,4,1,4,2021-11-23,2024-07-25,1
4239,customer4239@example.com,Phan Hải,Nam,1968,50-59,Người nổi tiếng,Khánh Hòa,Việt Nam,Silver,3,1,1,2017-06-11,2023-03-08,1
4240,customer4240@example.com,Dương Anh,Nam,1979,40-49,Nhà đầu tư,TP HCM,Việt Nam,Platinum,3,1,7,2021-12-13,2024-07-30,1
4241,customer4241@example.com,Đặng Việt,Nam,1994,30-39,Kiến trúc sư,Hà Nội,Expat,Silver,3,1,2,2016-11-08,2023-12-14,1
4242,customer4242@example.com,Trần Minh,Nam,1976,40-49,Nhà đầu tư,TP HCM,Việt Nam,Diamond,4,1,7,2019-04-16,2024-01-11,1
4243,customer4243@example.com,Vũ Bình,Nam,1962,60+,Doanh nhân,Bình Dương,Expat,Silver,4,1,8,2022-08-17,2024-05-13,1
4244,customer4244@example.com,Nguyễn Hà,Nữ,1966,50-59,Kiến trúc sư,Hà Nội,Việt Nam,Silver,1,1,9,2017-01-31,2024-12-22,0
4245,customer4245@example.com,Hồ Long,Nam,1973,50-59,Doanh nhân,TP HCM,Việt Nam,Platinum,2,1,8,2023-04-03,2024-12-01,1
4246,customer4246@example.com,Hồ Trang,Nữ,1972,50-59,Bác sĩ,Hải Phòng,Expat,Silver,1,1,7,2019-06-16,2024-02-09,1
4247,customer4247@example.com,Trần Hà,Nữ,1983,40-49,Kiến trúc sư,TP HCM,Việt Nam,Gold,4,1,9,2021-02-27,2024-06-08,1
4248,customer4248@example.com,Hồ Trang,Nữ,1992,30-39,Người nổi tiếng,TP HCM,Expat,Gold,4,1,2,2016-02-10,2023-10-27,1
4249,customer4249@example.com,Đỗ Long,Nam,1989,30-39,Nhà đầu tư,Hà Nội,Expat,Silver,4,1,10,2022-12-11,2023-07-01,1
4250,customer4250@example.com,Nguyễn Yến,Nữ,1966,50-59,Luật sư,Khánh Hòa,Việt Nam,Platinum,4,1,7,2020-10-31,2024-03-11,1
4251,customer4251@example.com,Nguyễn Lan,Nữ,1969,50-59,Luật sư,Hà Nội,Việt Nam,Platinum,1,1,4,2015-07-23,2023-11-21,1
4252,customer4252@example.com,Trần Thảo,Nữ,1966,50-59,Bác sĩ,Hà Nội,Việt Nam,Gold,1,1,4,2017-06-03,2023-12-12,1
4253,customer4253@example.com,Phan Thu,Nữ,1998,25-29,Nhà đầu tư,Hà Nội,Việt Nam,Gold,4,1,2,2015-05-05,2024-07-06,1
4254,customer4254@example.com,Đặng Minh,Nam,1997,25-29,Kiến trúc sư,Đà Nẵng,Việt Nam,Diamond,4,1,7,2015-10-14,2023-05-27,1
4255,customer4255@example.com,Đặng Hằng,Nữ,1986,30-39,Bác sĩ,Hà Nội,Việt Nam,Platinum,3,1,5,2022-01-28,2023-11-25,1
4256,customer4256@example.com,Ngô Đức,Nam,1977,40-49,Giám đốc,TP HCM,Việt Nam,Platinum,2,1,5,2021-04-06,2024-10-18,1
4257,customer4257@example.com,Trần Mai,Nữ,1975,40-49,Doanh nhân,Hà Nội,Việt Nam,Gold,1,1,5,2015-07-15,2023-01-31,1
4258,customer4258@example.com,Hồ Thu,Nữ,1966,50-59,Doanh nhân,Hà Nội,Việt Nam,Silver,2,1,8,2023-02-08,2023-09-12,1
4259,customer4259@example.com,Hồ Tuấn,Nam,1979,40-49,Kiến trúc sư,Hà Nội,Expat,Gold,4,1,7,2016-10-27,2023-03-18,1
4260,customer4260@example.com,Hồ Hà,Nữ,1998,25-29,Kiến trúc sư,Đà Nẵng,Expat,Gold,2,1,2,2015-05-24,2023-04-17,1
4261,customer4261@example.com,Bùi Ngọc,Nữ,1977,40-49,Bác sĩ,Hà Nội,Việt Nam,Silver,4,1,6,2015-03-23,2024-05-17,1
4262,customer4262@example.com,Trần Linh,Nữ,1975,40-49,Bác sĩ,Hà Nội,Việt Nam,Platinum,3,1,10,2019-05-15,2023-03-24,1
4263,customer4263@example.com,Trần Phương,Nữ,1980,40-49,Nhà đầu tư,TP HCM,Việt Nam,Silver,4,1,1,2019-10-04,2023-11-21,1
4264,customer4264@example.com,Vũ Mai,Nữ,1992,30-39,Luật sư,TP HCM,Việt Nam,Platinum,4,1,2,2022-08-01,2024-04-19,1
4265,customer4265@example.com,Đỗ Trung,Nam,1996,25-29,Luật sư,Bình Dương,Việt Nam,Gold,1,1,8,2019-04-05,2024-05-04,0
4266,customer4266@example.com,Nguyễn Mai,Nữ,1960,60+,Bác sĩ,TP HCM,Việt Nam,Gold,2,1,5,2018-06-07,2023-12-11,1
4267,customer4267@example.com,Nguyễn Trang,Nữ,1972,50-59,Doanh nhân,Hà Nội,Việt Nam,Gold,1,1,7,2018-03-20,2024-03-09,1
4268,customer4268@example.com,Hoàng Trang,Nữ,1996,25-29,Giám đốc,TP HCM,Expat,Gold,3,1,10,2022-04-21,2024-06-07,1
4269,customer4269@example.com,Ngô Linh,Nữ,1998,25-29,Bác sĩ,Hà Nội,Việt Nam,Silver,4,1,9,2019-07-08,2024-05-28,1
4270,customer4270@example.com,Phan Hải,Nam,1990,30-39,Người nổi tiếng,TP HCM,Việt Nam,Silver,4,1,7,2018-08-21,2023-08-08,0
4271,customer4271@example.com,Ngô Quang,Nam,1976,40-49,Kiến trúc sư,Hà Nội,Expat,Silver,2,1,3,2016-12-10,2023-12-21,1
4272,customer4272@example.com,Hoàng Hoa,Nữ,1961,60+,Bác sĩ,Hà Nội,Việt Nam,Platinum,3,1,1,2021-05-31,2023-10-15,1
4273,customer4273@example.com,Ngô Ánh,Nữ,1983,40-49,Người nổi tiếng,Hà Nội,Việt Nam,Gold,4,1,7,2016-12-27,2023-05-29,1
4274,customer4274@example.com,Đặng Hằng,Nữ,1991,30-39,Doanh nhân,Hà Nội,Việt Nam,Platinum,1,1,8,2015-10-15,2023-03-04,0
4275,customer4275@example.com,Bùi Ngọc,Nữ,1980,40-49,Nhà đầu tư,Hà Nội,Việt Nam,Platinum,2,1,10,2021-10-05,2024-02-03,1
4276,customer4276@example.com,Dương Việt,Nam,1974,50-59,Luật sư,Hà Nội,Việt Nam,Silver,4,1,7,2021-03-18,2024-06-08,1
4277,customer4277@example.com,Đỗ Ngọc,Nữ,1993,30-39,Bác sĩ,TP HCM,Việt Nam,Gold,4,1,9,2016-02-24,2024-01-23,1
4278,customer4278@example.com,Phan Minh,Nam,1975,40-49,Người nổi tiếng,Hải Phòng,Việt Nam,Platinum,2,1,8,2021-02-03,2024-05-17,1
4279,customer4279@example.com,Trần Phương,Nữ,1968,50-59,Doanh nhân,TP HCM,Việt Nam,Diamond,4,1,1,2022-06-24,2023-07-21,1
4280,customer4280@example.com,Đỗ Hà,Nữ,1971,50-59,Chuyên gia tài chính,Hà Nội,Việt Nam,Silver,2,1,7,2022-06-07,2024-10-08,1
4281,customer4281@example.com,Đặng Quang,Nam,1963,60+,Người nổi tiếng,TP HCM,Expat,Platinum,4,1,8,2022-07-10,2024-12-30,1
4282,customer4282@example.com,Bùi Hoa,Nữ,1964,60+,Doanh nhân,TP HCM,Việt Nam,Silver,4,1,9,2021-06-09,2024-08-05,1
4283,customer4283@example.com,Phạm Khánh,Nam,1983,40-49,Người nổi tiếng,Hà Nội,Việt Nam,Silver,3,1,3,2019-05-08,2023-05-01,0
4284,customer4284@example.com,Lê Long,Nam,1975,40-49,Người nổi tiếng,TP HCM,Việt Nam,Silver,3,1,10,2016-03-30,2024-09-20,1
4285,customer4285@example.com,Trần Linh,Nữ,1985,30-39,Bác sĩ,TP HCM,Việt Nam,Silver,3,1,8,2017-01-17,2023-09-28,1
4286,customer4286@example.com,Bùi Hải,Nam,1998,25-29,Người nổi tiếng,Đà Nẵng,Việt Nam,Platinum,3,1,1,2015-02-16,2024-04-21,1
4287,customer4287@example.com,Bùi Ánh,Nữ,1974,50-59,Chuyên gia tài chính,TP HCM,Expat,Silver,4,1,7,2022-09-13,2024-12-17,1
4288,customer4288@example.com,Ngô Lan,Nữ,1980,40-49,Chuyên gia tài chính,Hà Nội,Việt Nam,Silver,4,1,4,2018-11-13,2024-09-13,1
4289,customer4289@example.com,Hoàng Ngọc,Nữ,1974,50-59,Chuyên gia tài chính,Hà Nội,Việt Nam,Silver,4,1,2,2023-01-10,2023-03-04,1
4290,customer4290@example.com,Lê Mai,Nữ,1989,30-39,Bác sĩ,Hà Nội,Việt Nam,Diamond,4,1,2,2023-06-25,2023-11-28,1
4291,customer4291@example.com,Nguyễn Tuấn,Nam,1962,60+,Người nổi tiếng,Hà Nội,Việt Nam,Gold,1,1,8,2019-09-15,2024-09-18,1
4292,customer4292@example.com,Phạm Hà,Nữ,1996,25-29,Doanh nhân,Đồng Nai,Việt Nam,Gold,4,1,10,2022-08-07,2023-01-11,1
4293,customer4293@example.com,Trần Mai,Nữ,1993,30-39,Doanh nhân,TP HCM,Expat,Silver,4,1,10,2021-12-05,2024-12-01,1
4294,customer4294@example.com,Bùi Nga,Nữ,1983,40-49,Luật sư,Bình Dương,Expat,Silver,2,1,5,2017-11-15,2023-11-23,1
4295,customer4295@example.com,Lê Linh,Nữ,1981,40-49,Bác sĩ,Hà Nội,Việt Nam,Diamond,3,1,5,2015-12-10,2023-07-14,1
4296,customer4296@example.com,Đặng Hằng,Nữ,1965,50-59,Luật sư,Hà Nội,Việt Nam,Gold,3,1,7,2021-07-19,2023-12-01,1
4297,customer4297@example.com,Nguyễn Hải,Nam,1990,30-39,Nhà đầu tư,TP HCM,Việt Nam,Silver,4,1,4,2019-08-12,2023-04-25,1
4298,customer4298@example.com,Bùi Bình,Nam,1968,50-59,Kiến trúc sư,Hà Nội,Việt Nam,Gold,1,1,8,2017-02-20,2023-01-26,1
4299,customer4299@example.com,Lê Hùng,Nam,1993,30-39,Kiến trúc sư,Hà Nội,Việt Nam,Diamond,4,1,3,2020-08-31,2024-08-13,1
4300,customer4300@example.com,Dương Anh,Nam,1960,60+,Bác sĩ,TP HCM,Việt Nam,Silver,3,1,1,2018-08-05,2024-01-28,1
4301,customer4301@example.com,Đỗ Hùng,Nam,1966,50-59,Bác sĩ,TP HCM,Việt Nam,Platinum,3,1,9,2021-05-12,2024-03-07,1
4302,customer4302@example.com,Hoàng Long,Nam,1995,25-29,Doanh nhân,TP HCM,Việt Nam,Diamond,4,1,6,2018-06-14,2024-04-15,0
4303,customer4303@example.com,Hồ Minh,Nam,1991,30-39,Chuyên gia tài chính,Hà Nội,Việt Nam,Gold,1,1,6,2019-06-23,2024-01-25,1
4304,customer4304@example.com,Phan Quang,Nam,1963,60+,Doanh nhân,TP HCM,Expat,Silver,4,1,2,2019-01-17,2023-01-11,1
4305,customer4305@example.com,Phan Minh,Nam,1974,50-59,Nhà đầu tư,TP HCM,Việt Nam,Gold,1,1,6,2015-04-30,2023-12-24,1
4306,customer4306@example.com,Ngô Thu,Nữ,1983,40-49,Nhà đầu tư,TP HCM,Việt Nam,Gold,4,1,10,2022-11-05,2023-09-12,1
4307,customer4307@example.com,Hoàng Linh,Nữ,1991,30-39,Người nổi tiếng,Hà Nội,Việt Nam,Gold,2,1,6,2016-09-16,2023-03-26,1
4308,customer4308@example.com,Đỗ Hoa,Nữ,1961,60+,Doanh nhân,Hà Nội,Việt Nam,Platinum,4,1,2,2018-06-17,2023-07-11,1
4309,customer4309@example.com,Trần Hùng,Nam,1970,50-59,Giám đốc,Hải Phòng,Việt Nam,Silver,4,1,3,2017-08-18,2024-05-11,1
4310,customer4310@example.com,Dương Đức,Nam,1974,50-59,Doanh nhân,TP HCM,Expat,Silver,3,1,6,2016-10-27,2023-09-13,1
4311,customer4311@example.com,Hoàng Quang,Nam,1973,50-59,Luật sư,Hải Phòng,Việt Nam,Silver,4,1,5,2022-02-06,2023-06-07,1
4312,customer4312@example.com,Vũ Yến,Nữ,1980,40-49,Nhà đầu tư,TP HCM,Việt Nam,Platinum,3,1,9,2015-06-16,2023-02-02,0
4313,customer4313@example.com,Đỗ Ánh,Nữ,1995,25-29,Chuyên gia tài chính,Đồng Nai,Việt Nam,Silver,1,1,6,2020-04-05,2024-01-17,1
4314,customer4314@example.com,Phan Long,Nam,1965,50-59,Luật sư,TP HCM,Expat,Platinum,3,1,8,2021-01-22,2023-04-20,1
4315,customer4315@example.com,Đặng Trung,Nam,1990,30-39,Kiến trúc sư,TP HCM,Việt Nam,Silver,3,1,9,2020-10-29,2023-04-28,1
4316,customer4316@example.com,Hoàng Quang,Nam,1978,40-49,Nhà đầu tư,Hà Nội,Việt Nam,Gold,3,1,2,2020-02-04,2023-04-06,0
4317,customer4317@example.com,Vũ Hà,Nữ,1983,40-49,Bác sĩ,Đồng Nai,Việt Nam,Gold,3,1,5,2018-07-08,2024-11-14,1
4318,customer4318@example.com,Đặng Ngọc,Nữ,1974,50-59,Người nổi tiếng,TP HCM,Việt Nam,Gold,3,1,10,2021-09-21,2023-02-16,1
4319,customer4319@example.com,Hoàng Việt,Nam,1977,40-49,Bác sĩ,Hà Nội,Việt Nam,Silver,4,1,3,2017-01-25,2024-01-26,1
4320,customer4320@example.com,Hoàng Phương,Nữ,1992,30-39,Giám đốc,TP HCM,Việt Nam,Silver,2,1,9,2020-10-17,2023-08-28,1
4321,customer4321@example.com,Nguyễn Ánh,Nữ,1994,30-39,Chuyên gia tài chính,Đà Nẵng,Việt Nam,Platinum,1,1,4,2015-11-13,2024-11-24,1
4322,customer4322@example.com,Trần Hà,Nữ,1987,30-39,Giám đốc,Khánh Hòa,Expat,Silver,3,1,8,2017-02-07,2023-11-01,1
4323,customer4323@example.com,Lê Khánh,Nam,1988,30-39,Bác sĩ,Hà Nội,Việt Nam,Platinum,1,1,8,2019-04-07,2023-03-19,1
4324,customer4324@example.com,Lê Mai,Nữ,1995,25-29,Chuyên gia tài chính,TP HCM,Việt Nam,Diamond,3,1,4,2016-05-07,2023-08-09,1
4325,customer4325@example.com,Hoàng Lan,Nữ,1991,30-39,Người nổi tiếng,Hà Nội,Việt Nam,Platinum,2,1,10,2020-05-06,2023-06-05,1
4326,customer4326@example.com,Ngô Thu,Nữ,1966,50-59,Chuyên gia tài chính,TP HCM,Việt Nam,Gold,1,1,7,2016-05-25,2024-06-02,1
4327,customer4327@example.com,Lê Nga,Nữ,1976,40-49,Giám đốc,Hà Nội,Việt Nam,Silver,3,1,6,2015-11-16,2024-08-22,1
4328,customer4328@example.com,Trần Hải,Nam,1978,40-49,Bác sĩ,TP HCM,Việt Nam,Silver,3,1,1,2015-10-01,2024-03-12,1
4329,customer4329@example.com,Nguyễn Anh,Nam,1988,30-39,Nhà đầu tư,Hà Nội,Expat,Silver,3,1,4,2017-10-02,2024-05-19,1
4330,customer4330@example.com,Nguyễn Hoa,Nữ,1971,50-59,Chuyên gia tài chính,TP HCM,Việt Nam,Gold,1,1,7,2022-09-06,2023-11-02,1
4331,customer4331@example.com,Phạm Linh,Nữ,1990,30-39,Người nổi tiếng,TP HCM,Expat,Silver,1,1,4,2017-12-30,2023-03-15,1
4332,customer4332@example.com,Đỗ Minh,Nam,1960,60+,Người nổi tiếng,Hà Nội,Việt Nam,Gold,3,1,6,2016-02-21,2023-11-16,1
4333,customer4333@example.com,Đỗ Khánh,Nam,1977,40-49,Chuyên gia tài chính,TP HCM,Việt Nam,Gold,2,1,7,2021-02-26,2023-02-07,1
4334,customer4334@example.com,Đỗ Hằng,Nữ,1971,50-59,Nhà đầu tư,Đà Nẵng,Việt Nam,Gold,3,1,4,2020-11-01,2024-06-15,1
4335,customer4335@example.com,Hoàng Yến,Nữ,1994,30-39,Bác sĩ,Bình Dương,Việt Nam,Diamond,1,1,10,2021-10-10,2023-02-02,1
4336,customer4336@example.com,Ngô Quang,Nam,1979,40-49,Kiến trúc sư,Hà Nội,Việt Nam,Silver,1,1,7,2022-07-13,2023-01-03,1
4337,customer4337@example.com,Bùi Hùng,Nam,1963,60+,Người nổi tiếng,Hà Nội,Việt Nam,Silver,4,1,4,2023-01-05,2023-05-23,1
4338,customer4338@example.com,Lê Linh,Nữ,1971,50-59,Người nổi tiếng,Hà Nội,Việt Nam,Platinum,1,1,5,2017-04-30,2023-05-30,1
4339,customer4339@example.com,Phan Phương,Nữ,1962,60+,Doanh nhân,Hà Nội,Việt Nam,Silver,2,1,3,2019-09-10,2024-11-03,1
4340,customer4340@example.com,Phạm Lan,Nữ,1997,25-29,Chuyên gia tài chính,Bình Dương,Expat,Gold,2,1,5,2019-02-21,2023-04-09,1
4341,customer4341@example.com,Vũ Thảo,Nữ,1997,25-29,Bác sĩ,TP HCM,Việt Nam,Platinum,1,1,10,2021-04-19,2024-09-29,1
4342,customer4342@example.com,Hoàng Minh,Nam,1989,30-39,Chuyên gia tài chính,Hà Nội,Việt Nam,Silver,4,1,5,2016-01-09,2023-03-12,1
4343,customer4343@example.com,Vũ Hải,Nam,1972,50-59,Nhà đầu tư,Hà Nội,Việt Nam,Gold,2,1,6,2018-03-27,2023-06-27,1
4344,customer4344@example.com,Lê Thành,Nam,1986,30-39,Bác sĩ,Hà Nội,Việt Nam,Silver,4,1,10,2021-11-28,2023-07-12,1
4345,customer4345@example.com,Hoàng Nga,Nữ,1996,25-29,Bác sĩ,Hà Nội,Việt Nam,Gold,4,1,6,2016-12-21,2024-09-02,1
4346,customer4346@example.com,Phan Hằng,Nữ,1989,30-39,Chuyên gia tài chính,Hà Nội,Việt Nam,Platinum,3,1,7,2017-04-06,2024-07-02,1
4347,customer4347@example.com,Vũ Nga,Nữ,1986,30-39,Người nổi tiếng,Hà Nội,Việt Nam,Silver,2,1,3,2022-01-13,2023-03-15,1
4348,customer4348@example.com,Dương Linh,Nữ,1982,40-49,Kiến trúc sư,Hà Nội,Việt Nam,Platinum,2,1,6,2018-03-27,2024-11-23,1
4349,customer4349@example.com,Hoàng Phương,Nữ,1989,30-39,Luật sư,TP HCM,Expat,Diamond,2,1,6,2016-09-09,2024-01-16,1
4350,customer4350@example.com,Đỗ Đức,Nam,1962,60+,Chuyên gia tài chính,TP HCM,Expat,Silver,1,1,6,2015-09-16,2024-05-16,1
4351,customer4351@example.com,Vũ Hà,Nữ,1984,40-49,Doanh nhân,Khánh Hòa,Việt Nam,Gold,2,1,5,2020-04-10,2023-04-15,1
4352,customer4352@example.com,Vũ Hoa,Nữ,1980,40-49,Doanh nhân,TP HCM,Việt Nam,Silver,2,1,1,2016-10-26,2023-07-03,1
4353,customer4353@example.com,Đỗ Hải,Nam,1973,50-59,Chuyên gia tài chính,Hà Nội,Việt Nam,Platinum,2,1,3,2017-02-21,2023-06-06,1
4354,customer4354@example.com,Hoàng Mai,Nữ,1966,50-59,Bác sĩ,TP HCM,Việt Nam,Silver,2,1,2,2018-04-23,2023-09-28,1
4355,customer4355@example.com,Phan Ánh,Nữ,1966,50-59,Doanh nhân,Hà Nội,Việt Nam,Gold,4,1,9,2019-12-10,2024-05-20,1
4356,customer4356@example.com,Hồ Hùng,Nam,1965,50-59,Chuyên gia tài chính,Đà Nẵng,Việt Nam,Silver,3,1,3,2017-03-12,2023-06-29,1
4357,customer4357@example.com,Phan Nga,Nữ,1972,50-59,Kiến trúc sư,TP HCM,Việt Nam,Silver,4,1,10,2022-11-30,2023-07-12,1
4358,customer4358@example.com,Trần Phương,Nữ,1988,30-39,Người nổi tiếng,Hà Nội,Việt Nam,Gold,3,1,5,2018-10-27,2023-12-13,1
4359,customer4359@example.com,Hồ Ngọc,Nữ,1987,30-39,Bác sĩ,TP HCM,Việt Nam,Silver,2,1,6,2019-10-26,2023-10-19,0
4360,customer4360@example.com,Đỗ Trung,Nam,1960,60+,Nhà đầu tư,TP HCM,Expat,Gold,3,1,1,2020-05-27,2024-12-13,1
4361,customer4361@example.com,Vũ Phương,Nữ,1996,25-29,Luật sư,TP HCM,Expat,Diamond,1,1,10,2018-04-04,2024-07-29,1
4362,customer4362@example.com,Vũ Hoa,Nữ,1977,40-49,Bác sĩ,Hà Nội,Việt Nam,Gold,1,1,1,2016-08-04,2023-10-24,1
4363,customer4363@example.com,Đặng Hà,Nữ,1967,50-59,Chuyên gia tài chính,TP HCM,Việt Nam,Silver,4,1,4,2018-09-26,2023-07-29,1
4364,customer4364@example.com,Lê Yến,Nữ,1962,60+,Nhà đầu tư,TP HCM,Việt Nam,Gold,3,1,9,2023-05-14,2023-10-03,1
4365,customer4365@example.com,Lê Hùng,Nam,1984,40-49,Doanh nhân,Đà Nẵng,Việt Nam,Gold,1,1,5,2022-11-10,2024-09-22,1
4366,customer4366@example.com,Dương Phương,Nữ,1973,50-59,Nhà đầu tư,Đà Nẵng,Việt Nam,Silver,2,1,2,2015-03-16,2023-12-15,1
4367,customer4367@example.com,Hồ Lan,Nữ,1964,60+,Luật sư,TP HCM,Expat,Platinum,4,1,6,2021-06-06,2024-02-29,0
4368,customer4368@example.com,Vũ Phương,Nữ,1995,25-29,Người nổi tiếng,TP HCM,Expat,Platinum,3,1,4,2017-11-13,2023-06-14,1
4369,customer4369@example.com,Hoàng Ngọc,Nữ,1996,25-29,Chuyên gia tài chính,Hà Nội,Việt Nam,Silver,4,1,1,2019-10-04,2023-05-23,1
4370,customer4370@example.com,Trần Thành,Nam,1992,30-39,Doanh nhân,TP HCM,Việt Nam,Gold,1,1,6,2016-05-23,2023-11-06,1
4371,customer4371@example.com,Phan Ngọc,Nữ,1960,60+,Doanh nhân,TP HCM,Việt Nam,Silver,2,1,5,2020-05-16,2024-10-06,1
4372,customer4372@example.com,Ngô Quang,Nam,1998,25-29,Luật sư,Hải Phòng,Việt Nam,Diamond,2,1,7,2018-05-26,2024-04-08,1
4373,customer4373@example.com,Ngô Phương,Nữ,1974,50-59,Bác sĩ,Hà Nội,Việt Nam,Diamond,4,1,1,2018-03-30,2023-05-10,1
4374,customer4374@example.com,Hoàng Khánh,Nam,1989,30-39,Kiến trúc sư,Hà Nội,Việt Nam,Diamond,4,1,9,2022-04-21,2023-12-12,1
4375,customer4375@example.com,Dương Quang,Nam,1988,30-39,Bác sĩ,Hà Nội,Việt Nam,Gold,1,1,3,2016-09-16,2023-11-11,1
4376,customer4376@example.com,Trần Thảo,Nữ,1984,40-49,Bác sĩ,Đà Nẵng,Việt Nam,Gold,4,1,1,2016-10-23,2023-01-09,1
4377,customer4377@example.com,Ngô Lan,Nữ,1997,25-29,Nhà đầu tư,TP HCM,Việt Nam,Diamond,3,1,10,2015-11-14,2023-03-18,1
4378,customer4378@example.com,Trần Bình,Nam,1975,40-49,Doanh nhân,Hà Nội,Việt Nam,Diamond,2,1,8,2021-09-17,2024-04-30,0
4379,customer4379@example.com,Hoàng Ánh,Nữ,1963,60+,Luật sư,TP HCM,Việt Nam,Silver,4,1,3,2019-02-15,2023-07-23,1
4380,customer4380@example.com,Nguyễn Ánh,Nữ,1968,50-59,Giám đốc,TP HCM,Việt Nam,Silver,2,1,3,2018-10-10,2024-01-27,1
4381,customer4381@example.com,Đặng Ngọc,Nữ,1977,40-49,Kiến trúc sư,Đồng Nai,Việt Nam,Diamond,2,1,2,2016-02-16,2024-01-01,1
4382,customer4382@example.com,Phạm Phương,Nữ,1992,30-39,Kiến trúc sư,Quảng Ninh,Việt Nam,Platinum,2,1,3,2019-08-16,2024-11-02,1
4383,customer4383@example.com,Hoàng Đức,Nam,1983,40-49,Doanh nhân,TP HCM,Việt Nam,Silver,2,1,5,2022-10-03,2024-08-05,1
4384,customer4384@example.com,Vũ Anh,Nam,1982,40-49,Chuyên gia tài chính,Hà Nội,Việt Nam,Gold,4,1,2,2017-04-28,2024-02-15,1
4385,customer4385@example.com,Trần Khánh,Nam,1981,40-49,Kiến trúc sư,TP HCM,Việt Nam,Platinum,2,1,4,2016-07-24,2023-11-29,1
4386,customer4386@example.com,Hồ Nga,Nữ,1992,30-39,Bác sĩ,Hải Phòng,Việt Nam,Platinum,2,1,5,2021-09-07,2024-02-21,1
4387,customer4387@example.com,Phan Yến,Nữ,1989,30-39,Luật sư,Quảng Ninh,Việt Nam,Silver,4,1,1,2022-08-31,2024-02-01,1
4388,customer4388@example.com,Trần Mai,Nữ,1978,40-49,Luật sư,Đồng Nai,Expat,Platinum,1,1,6,2018-02-24,2023-02-11,1
4389,customer4389@example.com,Bùi Linh,Nữ,1989,30-39,Doanh nhân,Bình Dương,Việt Nam,Silver,1,1,7,2017-03-17,2023-05-26,1
4390,customer4390@example.com,Hồ Long,Nam,1972,50-59,Giám đốc,Hà Nội,Expat,Platinum,2,1,7,2021-10-14,2024-10-05,1
4391,customer4391@example.com,Lê Thu,Nữ,1979,40-49,Bác sĩ,Đà Nẵng,Việt Nam,Diamond,3,1,6,2018-03-12,2023-07-27,1
4392,customer4392@example.com,Hồ Ngọc,Nữ,1992,30-39,Người nổi tiếng,TP HCM,Việt Nam,Platinum,4,1,8,2022-01-22,2023-07-10,1
4393,customer4393@example.com,Nguyễn Ngọc,Nữ,1972,50-59,Giám đốc,TP HCM,Việt Nam,Silver,2,1,2,2020-01-27,2023-01-02,1
4394,customer4394@example.com,Trần Phương,Nữ,1990,30-39,Nhà đầu tư,Hà Nội,Expat,Silver,1,1,9,2018-12-12,2023-05-03,1
4395,customer4395@example.com,Vũ Hoa,Nữ,1982,40-49,Nhà đầu tư,Đà Nẵng,Việt Nam,Gold,3,1,3,2019-06-20,2023-01-30,1
4396,customer4396@example.com,Bùi Bình,Nam,1970,50-59,Chuyên gia tài chính,Đà Nẵng,Việt Nam,Platinum,1,1,10,2019-04-07,2024-01-27,0
4397,customer4397@example.com,Đỗ Linh,Nữ,1970,50-59,Bác sĩ,Đà Nẵng,Expat,Gold,1,1,9,2020-08-29,2023-12-10,1
4398,customer4398@example.com,Đỗ Minh,Nam,1987,30-39,Luật sư,Hà Nội,Việt Nam,Platinum,3,1,8,2023-04-06,2023-03-14,0
4399,customer4399@example.com,Đặng Đức,Nam,1968,50-59,Doanh nhân,Hải Phòng,Việt Nam,Diamond,3,1,10,2018-09-15,2024-12-20,1
4400,customer4400@example.com,Đỗ Anh,Nam,1968,50-59,Bác sĩ,Quảng Ninh,Việt Nam,Silver,2,1,1,2017-04-18,2023-09-06,1
4401,customer4401@example.com,Phạm Trung,Nam,1974,50-59,Chuyên gia tài chính,Hà Nội,Việt Nam,Diamond,4,1,8,2017-09-24,2024-07-08,1
4402,customer4402@example.com,Lê Thu,Nữ,1998,25-29,Người nổi tiếng,TP HCM,Việt Nam,Gold,2,1,4,2019-05-23,2023-01-08,1
4403,customer4403@example.com,Lê Phương,Nữ,1971,50-59,Nhà đầu tư,Hải Phòng,Việt Nam,Platinum,3,1,2,2018-06-01,2023-09-19,1
4404,customer4404@example.com,Đặng Thảo,Nữ,1981,40-49,Luật sư,Hà Nội,Việt Nam,Platinum,4,1,9,2015-09-22,2023-11-13,1
4405,customer4405@example.com,Đỗ Ánh,Nữ,1996,25-29,Giám đốc,TP HCM,Việt Nam,Silver,2,1,10,2020-10-06,2023-03-23,0
4406,customer4406@example.com,Bùi Long,Nam,1960,60+,Luật sư,Đồng Nai,Việt Nam,Silver,3,1,2,2021-06-30,2024-12-23,1
4407,customer4407@example.com,Đỗ Quang,Nam,1988,30-39,Luật sư,Đồng Nai,Việt Nam,Silver,1,1,8,2023-06-12,2023-10-14,1
4408,customer4408@example.com,Hoàng Thảo,Nữ,1963,60+,Luật sư,Bình Dương,Việt Nam,Silver,2,1,10,2021-04-06,2024-10-27,1
4409,customer4409@example.com,Hoàng Anh,Nam,1993,30-39,Kiến trúc sư,Đà Nẵng,Việt Nam,Platinum,1,1,7,2021-08-21,2023-08-07,1
4410,customer4410@example.com,Hoàng Hà,Nữ,1971,50-59,Doanh nhân,TP HCM,Việt Nam,Silver,1,1,7,2017-08-10,2023-05-16,1
4411,customer4411@example.com,Đặng Minh,Nam,1972,50-59,Chuyên gia tài chính,TP HCM,Việt Nam,Silver,2,1,8,2019-08-11,2023-06-12,1
4412,customer4412@example.com,Hoàng Hoa,Nữ,1998,25-29,Chuyên gia tài chính,Hà Nội,Expat,Platinum,2,1,9,2018-12-04,2023-03-27,1
4413,customer4413@example.com,Đặng Thành,Nam,1980,40-49,Giám đốc,Quảng Ninh,Việt Nam,Silver,3,1,7,2019-08-09,2024-05-27,1
4414,customer4414@example.com,Phạm Mai,Nữ,1966,50-59,Doanh nhân,Hải Phòng,Việt Nam,Silver,2,1,10,2022-04-11,2023-04-14,1
4415,customer4415@example.com,Trần Yến,Nữ,1967,50-59,Chuyên gia tài chính,TP HCM,Expat,Platinum,1,1,2,2018-03-14,2024-01-29,0
4416,customer4416@example.com,Phạm Hải,Nam,1983,40-49,Nhà đầu tư,TP HCM,Việt Nam,Silver,3,1,1,2021-01-12,2023-04-27,1
4417,customer4417@example.com,Vũ Đức,Nam,1981,40-49,Giám đốc,TP HCM,Việt Nam,Gold,2,1,8,2016-01-25,2024-02-11,1
4418,customer4418@example.com,Bùi Anh,Nam,1989,30-39,Kiến trúc sư,Bình Dương,Việt Nam,Platinum,4,1,2,2021-02-11,2023-03-20,1
4419,customer4419@example.com,Phạm Long,Nam,1994,30-39,Người nổi tiếng,TP HCM,Việt Nam,Silver,1,1,1,2022-04-09,2023-09-19,1
4420,customer4420@example.com,Nguyễn Tuấn,Nam,1995,25-29,Bác sĩ,Khánh Hòa,Việt Nam,Platinum,3,1,9,2016-12-08,2023-11-15,1
4421,customer4421@example.com,Ngô Đức,Nam,1979,40-49,Doanh nhân,Hà Nội,Việt Nam,Gold,4,1,9,2022-01-11,2024-08-25,1
4422,customer4422@example.com,Vũ Linh,Nữ,1996,25-29,Kiến trúc sư,TP HCM,Việt Nam,Silver,1,1,2,2021-08-16,2024-04-07,1
4423,customer4423@example.com,Hoàng Hải,Nam,1975,40-49,Doanh nhân,Hà Nội,Việt Nam,Gold,1,1,4,2022-01-22,2023-02-14,1
4424,customer4424@example.com,Vũ Hoa,Nữ,1984,40-49,Người nổi tiếng,Hà Nội,Việt Nam,Silver,4,1,9,2023-03-25,2023-10-02,1
4425,customer4425@example.com,Hồ Mai,Nữ,1994,30-39,Doanh nhân,Khánh Hòa,Việt Nam,Silver,3,1,9,2015-10-18,2024-06-08,1
4426,customer4426@example.com,Vũ Phương,Nữ,1996,25-29,Bác sĩ,Hà Nội,Việt Nam,Diamond,1,1,6,2019-02-24,2024-03-26,1
4427,customer4427@example.com,Dương Thu,Nữ,1991,30-39,Bác sĩ,Hà Nội,Việt Nam,Gold,2,1,7,2016-09-17,2023-01-27,1
4428,customer4428@example.com,Nguyễn Anh,Nam,1986,30-39,Kiến trúc sư,TP HCM,Expat,Diamond,4,1,3,2017-03-04,2023-03-11,1
4429,customer4429@example.com,Đặng Minh,Nam,1964,60+,Nhà đầu tư,TP HCM,Việt Nam,Diamond,2,1,8,2016-07-03,2023-04-13,1
4430,customer4430@example.com,Đỗ Linh,Nữ,1995,25-29,Chuyên gia tài chính,TP HCM,Việt Nam,Platinum,1,1,5,2020-05-25,2023-02-10,1
4431,customer4431@example.com,Trần Hà,Nữ,1989,30-39,Bác sĩ,Hải Phòng,Việt Nam,Diamond,4,1,5,2016-02-18,2024-11-27,1
4432,customer4432@example.com,Vũ Thu,Nữ,1984,40-49,Giám đốc,TP HCM,Việt Nam,Diamond,1,1,2,2016-07-28,2023-02-09,1
4433,customer4433@example.com,Bùi Khánh,Nam,1966,50-59,Doanh nhân,TP HCM,Việt Nam,Platinum,2,1,6,2021-05-22,2024-03-08,1
4434,customer4434@example.com,Lê Hải,Nam,1986,30-39,Chuyên gia tài chính,Hà Nội,Việt Nam,Silver,1,1,4,2017-02-07,2023-12-22,1
4435,customer4435@example.com,Nguyễn Hà,Nữ,1994,30-39,Nhà đầu tư,Hà Nội,Việt Nam,Platinum,2,1,1,2017-11-01,2023-07-29,1
4436,customer4436@example.com,Đỗ Trung,Nam,1970,50-59,Người nổi tiếng,TP HCM,Việt Nam,Platinum,1,1,1,2015-09-22,2024-12-30,1
4437,customer4437@example.com,Đỗ Minh,Nam,1960,60+,Kiến trúc sư,Hà Nội,Việt Nam,Diamond,4,1,6,2021-03-19,2023-11-13,1
4438,customer4438@example.com,Hoàng Minh,Nam,1966,50-59,Chuyên gia tài chính,TP HCM,Việt Nam,Silver,3,1,8,2021-02-23,2024-05-15,0
4439,customer4439@example.com,Đỗ Minh,Nam,1980,40-49,Bác sĩ,TP HCM,Việt Nam,Gold,1,1,5,2019-05-21,2023-07-17,1
4440,customer4440@example.com,Dương Trung,Nam,1998,25-29,Giám đốc,TP HCM,Việt Nam,Gold,3,1,9,2023-06-17,2024-07-07,1
4441,customer4441@example.com,Đỗ Quang,Nam,1986,30-39,Giám đốc,TP HCM,Việt Nam,Diamond,4,1,2,2020-02-09,2024-12-27,1
4442,customer4442@example.com,Vũ Khánh,Nam,1998,25-29,Kiến trúc sư,Khánh Hòa,Việt Nam,Platinum,1,1,6,2018-01-19,2024-12-25,1
4443,customer4443@example.com,Bùi Trang,Nữ,1994,30-39,Giám đốc,TP HCM,Việt Nam,Platinum,3,1,6,2016-11-02,2024-03-31,1
4444,customer4444@example.com,Phan Lan,Nữ,1962,60+,Người nổi tiếng,TP HCM,Việt Nam,Silver,2,1,5,2018-04-24,2024-07-01,1
4445,customer4445@example.com,Bùi Phương,Nữ,1988,30-39,Chuyên gia tài chính,Bình Dương,Việt Nam,Diamond,1,1,10,2017-04-02,2024-06-22,1
4446,customer4446@example.com,Ngô Hoa,Nữ,1977,40-49,Kiến trúc sư,Bình Dương,Việt Nam,Silver,3,1,4,2021-03-11,2023-06-28,1
4447,customer4447@example.com,Nguyễn Long,Nam,1979,40-49,Nhà đầu tư,Hà Nội,Việt Nam,Gold,2,1,6,2019-12-08,2023-07-09,1
4448,customer4448@example.com,Phạm Đức,Nam,1990,30-39,Doanh nhân,TP HCM,Việt Nam,Silver,3,1,5,2018-06-23,2024-02-11,1
4449,customer4449@example.com,Dương Mai,Nữ,1975,40-49,Giám đốc,Quảng Ninh,Expat,Silver,3,1,5,2021-09-28,2024-02-01,1
4450,customer4450@example.com,Đặng Việt,Nam,1991,30-39,Luật sư,Hà Nội,Expat,Gold,1,1,10,2021-12-16,2023-03-19,1
4451,customer4451@example.com,Đặng Hằng,Nữ,1985,30-39,Giám đốc,TP HCM,Việt Nam,Gold,1,1,1,2017-06-01,2023-12-26,1
4452,customer4452@example.com,Đặng Khánh,Nam,1980,40-49,Nhà đầu tư,Hà Nội,Việt Nam,Diamond,1,1,3,2020-11-27,2023-01-27,1
4453,customer4453@example.com,Nguyễn Lan,Nữ,1983,40-49,Doanh nhân,Đà Nẵng,Việt Nam,Silver,4,1,7,2022-08-16,2023-09-01,0
4454,customer4454@example.com,Lê Thu,Nữ,1988,30-39,Chuyên gia tài chính,TP HCM,Việt Nam,Diamond,2,1,1,2016-11-01,2023-04-27,1
4455,customer4455@example.com,Phạm Trung,Nam,1995,25-29,Doanh nhân,TP HCM,Việt Nam,Silver,2,1,8,2022-12-13,2024-02-06,1
4456,customer4456@example.com,Lê Minh,Nam,1989,30-39,Luật sư,Hà Nội,Việt Nam,Gold,2,1,3,2017-07-20,2024-10-25,1
4457,customer4457@example.com,Vũ Thu,Nữ,1983,40-49,Người nổi tiếng,TP HCM,Việt Nam,Gold,3,1,4,2017-02-01,2023-10-11,1
4458,customer4458@example.com,Hoàng Mai,Nữ,1992,30-39,Nhà đầu tư,TP HCM,Việt Nam,Gold,1,1,8,2019-12-13,2024-01-03,1
4459,customer4459@example.com,Dương Nga,Nữ,1987,30-39,Chuyên gia tài chính,TP HCM,Việt Nam,Gold,3,1,6,2015-12-26,2024-12-13,1
4460,customer4460@example.com,Đặng Phương,Nữ,1968,50-59,Luật sư,Hà Nội,Việt Nam,Silver,3,1,2,2019-06-21,2023-12-21,1
4461,customer4461@example.com,Phan Hoa,Nữ,1973,50-59,Giám đốc,TP HCM,Việt Nam,Gold,3,1,2,2018-01-26,2023-10-19,1
4462,customer4462@example.com,Đặng Thảo,Nữ,1991,30-39,Người nổi tiếng,Khánh Hòa,Việt Nam,Gold,1,1,1,2017-03-02,2023-03-10,1
4463,customer4463@example.com,Đặng Thu,Nữ,1971,50-59,Nhà đầu tư,Khánh Hòa,Expat,Platinum,4,1,8,2022-06-27,2023-10-17,1
4464,customer4464@example.com,Phan Anh,Nam,1960,60+,Doanh nhân,TP HCM,Việt Nam,Gold,3,1,7,2016-12-19,2023-05-28,1
4465,customer4465@example.com,Hoàng Ngọc,Nữ,1973,50-59,Nhà đầu tư,TP HCM,Việt Nam,Gold,3,1,2,2018-11-18,2023-08-27,1
4466,customer4466@example.com,Trần Anh,Nam,1978,40-49,Luật sư,Đà Nẵng,Việt Nam,Gold,4,1,10,2015-07-12,2024-06-28,1
4467,customer4467@example.com,Vũ Nga,Nữ,1992,30-39,Giám đốc,Đồng Nai,Việt Nam,Platinum,1,1,2,2020-07-17,2023-01-15,1
4468,customer4468@example.com,Phạm Phương,Nữ,1996,25-29,Nhà đầu tư,TP HCM,Việt Nam,Diamond,3,1,6,2022-10-05,2023-06-18,1
4469,customer4469@example.com,Ngô Mai,Nữ,1964,60+,Kiến trúc sư,Quảng Ninh,Expat,Gold,2,1,10,2019-01-19,2024-05-12,1
4470,customer4470@example.com,Trần Quang,Nam,1980,40-49,Luật sư,Hà Nội,Expat,Silver,4,1,2,2015-12-05,2023-08-08,1
4471,customer4471@example.com,Lê Hùng,Nam,1963,60+,Kiến trúc sư,TP HCM,Việt Nam,Platinum,3,1,8,2022-09-09,2023-11-19,1
4472,customer4472@example.com,Đặng Ánh,Nữ,1983,40-49,Người nổi tiếng,Hà Nội,Việt Nam,Silver,2,1,4,2021-10-19,2023-03-11,1
4473,customer4473@example.com,Dương Anh,Nam,1995,25-29,Luật sư,TP HCM,Việt Nam,Platinum,3,1,10,2020-10-20,2023-09-12,1
4474,customer4474@example.com,Hoàng Quang,Nam,1993,30-39,Người nổi tiếng,Hà Nội,Việt Nam,Platinum,3,1,9,2018-01-22,2023-12-09,1
4475,customer4475@example.com,Hồ Linh,Nữ,1966,50-59,Người nổi tiếng,Hà Nội,Việt Nam,Diamond,4,1,10,2020-11-21,2023-10-11,1
4476,customer4476@example.com,Nguyễn Quang,Nam,1998,25-29,Nhà đầu tư,Đồng Nai,Việt Nam,Silver,2,1,1,2019-09-03,2023-05-31,1
4477,customer4477@example.com,Vũ Trang,Nữ,1978,40-49,Chuyên gia tài chính,TP HCM,Việt Nam,Gold,4,1,3,2018-01-01,2023-10-02,1
4478,customer4478@example.com,Trần Mai,Nữ,1975,40-49,Kiến trúc sư,Hải Phòng,Việt Nam,Silver,2,1,8,2018-06-06,2024-08-22,1
4479,customer4479@example.com,Bùi Hùng,Nam,1997,25-29,Giám đốc,Hà Nội,Việt Nam,Diamond,1,1,6,2022-05-10,2023-04-09,1
4480,customer4480@example.com,Phạm Hằng,Nữ,1965,50-59,Kiến trúc sư,Hà Nội,Việt Nam,Silver,4,1,6,2016-11-07,2023-08-24,1
4481,customer4481@example.com,Đặng Bình,Nam,1994,30-39,Người nổi tiếng,TP HCM,Việt Nam,Platinum,2,1,3,2016-10-10,2024-03-17,0
4482,customer4482@example.com,Dương Bình,Nam,1978,40-49,Kiến trúc sư,Hà Nội,Việt Nam,Diamond,3,1,7,2018-01-19,2024-10-13,1
4483,customer4483@example.com,Lê Đức,Nam,1973,50-59,Luật sư,TP HCM,Việt Nam,Gold,3,1,4,2020-01-04,2024-03-21,1
4484,customer4484@example.com,Nguyễn Trang,Nữ,1975,40-49,Chuyên gia tài chính,TP HCM,Việt Nam,Silver,4,1,5,2018-10-29,2024-09-08,1
4485,customer4485@example.com,Lê Mai,Nữ,1994,30-39,Kiến trúc sư,Hà Nội,Expat,Platinum,1,1,3,2018-12-28,2024-01-10,1
4486,customer4486@example.com,Ngô Đức,Nam,1970,50-59,Doanh nhân,TP HCM,Việt Nam,Silver,3,1,8,2015-03-26,2024-11-09,1
4487,customer4487@example.com,Đặng Trung,Nam,1989,30-39,Bác sĩ,Bình Dương,Việt Nam,Diamond,3,1,5,2023-04-04,2024-04-25,1
4488,customer4488@example.com,Trần Linh,Nữ,1964,60+,Giám đốc,TP HCM,Việt Nam,Diamond,4,1,4,2016-04-24,2024-11-20,0
4489,customer4489@example.com,Vũ Ngọc,Nữ,1970,50-59,Kiến trúc sư,Hà Nội,Việt Nam,Gold,2,1,10,2018-02-19,2024-03-13,1
4490,customer4490@example.com,Phạm Trang,Nữ,1992,30-39,Giám đốc,Hải Phòng,Việt Nam,Silver,3,1,9,2022-08-14,2023-12-20,1
4491,customer4491@example.com,Vũ Linh,Nữ,1968,50-59,Bác sĩ,TP HCM,Việt Nam,Silver,2,1,8,2022-02-09,2023-03-14,1
4492,customer4492@example.com,Lê Hoa,Nữ,1979,40-49,Doanh nhân,Hà Nội,Việt Nam,Gold,2,1,9,2021-02-19,2023-02-01,1
4493,customer4493@example.com,Ngô Ngọc,Nữ,1986,30-39,Kiến trúc sư,TP HCM,Việt Nam,Gold,3,1,10,2022-12-19,2024-09-27,0
4494,customer4494@example.com,Vũ Anh,Nam,1996,25-29,Kiến trúc sư,Hà Nội,Việt Nam,Platinum,3,1,7,2016-08-10,2023-07-13,1
4495,customer4495@example.com,Trần Hùng,Nam,1971,50-59,Giám đốc,Bình Dương,Expat,Gold,1,1,1,2015-06-14,2024-07-04,1
4496,customer4496@example.com,Nguyễn Hải,Nam,1968,50-59,Luật sư,Hà Nội,Việt Nam,Gold,2,1,10,2023-01-21,2024-01-03,1
4497,customer4497@example.com,Đỗ Thành,Nam,1993,30-39,Doanh nhân,Hà Nội,Việt Nam,Platinum,1,1,1,2016-01-13,2023-10-20,1
4498,customer4498@example.com,Dương Bình,Nam,1976,40-49,Chuyên gia tài chính,Đồng Nai,Việt Nam,Silver,1,1,8,2017-02-23,2024-08-04,0
4499,customer4499@example.com,Phan Lan,Nữ,1986,30-39,Nhà đầu tư,TP HCM,Việt Nam,Gold,4,1,7,2015-06-08,2023-07-07,1
4500,customer4500@example.com,Vũ Minh,Nam,1967,50-59,Luật sư,Hải Phòng,Việt Nam,Silver,3,1,6,2015-03-05,2024-02-08,1
4501,customer4501@example.com,Ngô Bình,Nam,1968,50-59,Doanh nhân,Khánh Hòa,Việt Nam,Silver,3,1,2,2022-05-31,2024-03-13,1
4502,customer4502@example.com,Vũ Thảo,Nữ,1980,40-49,Nhà đầu tư,TP HCM,Việt Nam,Gold,3,1,7,2021-11-20,2023-05-03,1
4503,customer4503@example.com,Nguyễn Lan,Nữ,1960,60+,Doanh nhân,Hải Phòng,Việt Nam,Platinum,4,1,5,2017-02-22,2024-04-03,1
4504,customer4504@example.com,Nguyễn Ngọc,Nữ,1966,50-59,Người nổi tiếng,Hà Nội,Việt Nam,Silver,2,1,3,2018-08-24,2024-11-09,1
4505,customer4505@example.com,Đặng Quang,Nam,1974,50-59,Bác sĩ,TP HCM,Việt Nam,Diamond,2,1,5,2018-09-11,2023-02-15,1
4506,customer4506@example.com,Đặng Thu,Nữ,1967,50-59,Nhà đầu tư,TP HCM,Việt Nam,Gold,4,1,2,2015-06-23,2024-12-16,1
4507,customer4507@example.com,Phan Trung,Nam,1961,60+,Giám đốc,Bình Dương,Việt Nam,Diamond,2,1,5,2020-08-08,2024-09-14,1
4508,customer4508@example.com,Hoàng Thành,Nam,1973,50-59,Giám đốc,Hà Nội,Việt Nam,Diamond,4,1,4,2015-12-20,2023-11-24,1
4509,customer4509@example.com,Hồ Yến,Nữ,1982,40-49,Doanh nhân,TP HCM,Việt Nam,Gold,3,1,8,2018-09-07,2023-04-11,1
4510,customer4510@example.com,Bùi Việt,Nam,1967,50-59,Luật sư,Đà Nẵng,Việt Nam,Diamond,4,1,1,2022-06-18,2024-07-04,1
4511,customer4511@example.com,Bùi Ánh,Nữ,1984,40-49,Chuyên gia tài chính,Hà Nội,Việt Nam,Gold,1,1,4,2020-09-05,2024-01-11,1
4512,customer4512@example.com,Bùi Thảo,Nữ,1966,50-59,Bác sĩ,TP HCM,Việt Nam,Gold,3,1,6,2020-02-01,2023-02-17,0
4513,customer4513@example.com,Phạm Hà,Nữ,1975,40-49,Người nổi tiếng,TP HCM,Việt Nam,Gold,2,1,7,2015-07-01,2023-12-21,1
4514,customer4514@example.com,Lê Thu,Nữ,1965,50-59,Luật sư,Hà Nội,Việt Nam,Silver,4,1,3,2022-04-05,2024-10-25,1
4515,customer4515@example.com,Dương Trang,Nữ,1986,30-39,Doanh nhân,TP HCM,Việt Nam,Silver,4,1,10,2019-05-10,2023-01-11,1
4516,customer4516@example.com,Vũ Hà,Nữ,1984,40-49,Giám đốc,Hà Nội,Việt Nam,Gold,2,1,2,2022-12-02,2023-01-18,1
4517,customer4517@example.com,Vũ Thảo,Nữ,1992,30-39,Luật sư,TP HCM,Việt Nam,Silver,4,1,6,2017-07-03,2023-07-22,1
4518,customer4518@example.com,Hoàng Trung,Nam,1967,50-59,Bác sĩ,TP HCM,Việt Nam,Diamond,1,1,9,2022-09-11,2024-02-18,1
4519,customer4519@example.com,Hồ Hằng,Nữ,1980,40-49,Nhà đầu tư,Hà Nội,Expat,Platinum,4,1,5,2022-06-27,2024-12-01,1
4520,customer4520@example.com,Dương Việt,Nam,1986,30-39,Bác sĩ,TP HCM,Việt Nam,Platinum,1,1,1,2017-03-22,2023-12-25,1
4521,customer4521@example.com,Vũ Ánh,Nữ,1983,40-49,Luật sư,Hà Nội,Việt Nam,Silver,1,1,9,2020-10-21,2023-12-23,1
4522,customer4522@example.com,Bùi Linh,Nữ,1995,25-29,Giám đốc,Đồng Nai,Việt Nam,Diamond,4,1,3,2020-01-29,2024-03-29,1
4523,customer4523@example.com,Nguyễn Bình,Nam,1978,40-49,Luật sư,Hà Nội,Expat,Silver,1,1,7,2022-06-05,2024-04-30,1
4524,customer4524@example.com,Hồ Hoa,Nữ,1988,30-39,Giám đốc,Hà Nội,Việt Nam,Silver,4,1,4,2019-11-24,2023-03-09,1
4525,customer4525@example.com,Dương Thảo,Nữ,1989,30-39,Giám đốc,TP HCM,Việt Nam,Gold,1,1,1,2015-09-12,2023-01-29,1
4526,customer4526@example.com,Phạm Minh,Nam,1974,50-59,Bác sĩ,Đà Nẵng,Việt Nam,Gold,1,1,5,2015-02-02,2023-03-23,1
4527,customer4527@example.com,Lê Hùng,Nam,1996,25-29,Chuyên gia tài chính,TP HCM,Việt Nam,Platinum,1,1,10,2016-09-06,2024-04-22,1
4528,customer4528@example.com,Hoàng Đức,Nam,1977,40-49,Người nổi tiếng,Đà Nẵng,Expat,Silver,1,1,9,2023-03-15,2023-11-14,1
4529,customer4529@example.com,Ngô Anh,Nam,1983,40-49,Luật sư,Hà Nội,Việt Nam,Silver,4,1,5,2020-06-19,2023-02-15,1
4530,customer4530@example.com,Bùi Bình,Nam,1978,40-49,Giám đốc,TP HCM,Việt Nam,Gold,1,1,9,2017-07-07,2023-08-17,1
4531,customer4531@example.com,Phan Quang,Nam,1984,40-49,Giám đốc,TP HCM,Việt Nam,Platinum,4,1,9,2015-10-16,2023-05-19,1
4532,customer4532@example.com,Trần Hằng,Nữ,1997,25-29,Bác sĩ,Đà Nẵng,Expat,Platinum,1,1,9,2022-02-10,2024-03-10,1
4533,customer4533@example.com,Đặng Ngọc,Nữ,1982,40-49,Kiến trúc sư,Đồng Nai,Việt Nam,Gold,4,1,8,2022-06-11,2023-11-24,1
4534,customer4534@example.com,Vũ Thu,Nữ,1991,30-39,Luật sư,TP HCM,Việt Nam,Gold,1,1,1,2020-03-08,2023-11-22,0
4535,customer4535@example.com,Lê Linh,Nữ,1993,30-39,Luật sư,Hải Phòng,Việt Nam,Diamond,2,1,5,2020-03-30,2023-10-17,1
4536,customer4536@example.com,Đặng Thành,Nam,1987,30-39,Nhà đầu tư,Hải Phòng,Việt Nam,Gold,3,1,5,2019-07-08,2023-01-04,1
4537,customer4537@example.com,Trần Thu,Nữ,1969,50-59,Luật sư,Hà Nội,Việt Nam,Silver,3,1,9,2019-12-03,2024-11-27,1
4538,customer4538@example.com,Bùi Minh,Nam,1992,30-39,Bác sĩ,Quảng Ninh,Việt Nam,Diamond,3,1,6,2023-06-07,2024-05-26,1
4539,customer4539@example.com,Bùi Thành,Nam,1963,60+,Luật sư,TP HCM,Việt Nam,Gold,1,1,10,2023-02-23,2023-01-11,1
4540,customer4540@example.com,Phan Khánh,Nam,1965,50-59,Kiến trúc sư,Hà Nội,Việt Nam,Gold,4,1,5,2020-02-04,2023-01-04,1
4541,customer4541@example.com,Ngô Hằng,Nữ,1994,30-39,Người nổi tiếng,Hà Nội,Việt Nam,Platinum,2,1,5,2021-11-02,2024-06-25,1
4542,customer4542@example.com,Hoàng Linh,Nữ,1975,40-49,Nhà đầu tư,TP HCM,Việt Nam,Platinum,1,1,10,2017-10-23,2023-04-17,1
4543,customer4543@example.com,Đặng Tuấn,Nam,1985,30-39,Kiến trúc sư,Hà Nội,Việt Nam,Silver,4,1,1,2015-12-08,2024-12-31,1
4544,customer4544@example.com,Vũ Quang,Nam,1983,40-49,Người nổi tiếng,Hà Nội,Việt Nam,Gold,4,1,2,2020-03-18,2023-04-24,0
4545,customer4545@example.com,Dương Phương,Nữ,1996,25-29,Bác sĩ,Đà Nẵng,Việt Nam,Platinum,1,1,3,2016-12-07,2023-03-22,1
4546,customer4546@example.com,Phan Lan,Nữ,1962,60+,Luật sư,Đồng Nai,Việt Nam,Platinum,1,1,8,2017-09-01,2023-10-30,1
4547,customer4547@example.com,Trần Thảo,Nữ,1976,40-49,Nhà đầu tư,Hải Phòng,Việt Nam,Silver,1,1,3,2017-10-10,2023-07-31,1
4548,customer4548@example.com,Đỗ Hoa,Nữ,1983,40-49,Nhà đầu tư,Hải Phòng,Việt Nam,Platinum,1,1,6,2022-05-10,2024-02-25,1
4549,customer4549@example.com,Vũ Đức,Nam,1972,50-59,Luật sư,TP HCM,Việt Nam,Gold,3,1,1,2015-08-12,2024-04-02,1
4550,customer4550@example.com,Phan Mai,Nữ,1973,50-59,Chuyên gia tài chính,Bình Dương,Việt Nam,Diamond,1,1,7,2019-02-07,2023-08-25,1
4551,customer4551@example.com,Dương Hằng,Nữ,1961,60+,Nhà đầu tư,TP HCM,Việt Nam,Gold,4,1,8,2020-09-08,2024-10-02,1
4552,customer4552@example.com,Trần Long,Nam,1976,40-49,Chuyên gia tài chính,Hà Nội,Expat,Silver,4,1,5,2021-07-19,2023-03-08,1
4553,customer4553@example.com,Phan Lan,Nữ,1973,50-59,Doanh nhân,TP HCM,Việt Nam,Gold,1,1,9,2018-02-09,2023-02-10,1
4554,customer4554@example.com,Đỗ Mai,Nữ,1973,50-59,Kiến trúc sư,TP HCM,Việt Nam,Silver,2,1,3,2020-02-10,2023-03-29,0
4555,customer4555@example.com,Trần Hà,Nữ,1997,25-29,Bác sĩ,TP HCM,Expat,Diamond,3,1,4,2020-10-16,2023-09-29,1
4556,customer4556@example.com,Trần Trung,Nam,1995,25-29,Bác sĩ,TP HCM,Việt Nam,Diamond,1,1,7,2017-05-15,2023-09-02,1
4557,customer4557@example.com,Dương Quang,Nam,1975,40-49,Bác sĩ,Hà Nội,Expat,Silver,4,1,6,2020-06-28,2023-05-03,1
4558,customer4558@example.com,Đỗ Khánh,Nam,1978,40-49,Giám đốc,Hà Nội,Việt Nam,Diamond,2,1,1,2015-04-19,2024-03-13,1
4559,customer4559@example.com,Trần Thành,Nam,1994,30-39,Luật sư,Đồng Nai,Expat,Gold,3,1,6,2016-04-19,2024-02-29,1
4560,customer4560@example.com,Đặng Quang,Nam,1991,30-39,Giám đốc,TP HCM,Việt Nam,Silver,1,1,2,2020-04-18,2023-05-25,1
4561,customer4561@example.com,Phạm Khánh,Nam,1975,40-49,Chuyên gia tài chính,TP HCM,Việt Nam,Silver,2,1,2,2019-03-10,2023-09-11,1
4562,customer4562@example.com,Đặng Khánh,Nam,1994,30-39,Bác sĩ,Đà Nẵng,Expat,Platinum,1,1,5,2023-01-22,2024-12-09,0
4563,customer4563@example.com,Hoàng Ngọc,Nữ,1966,50-59,Người nổi tiếng,TP HCM,Việt Nam,Platinum,2,1,9,2022-06-21,2024-09-16,1
4564,customer4564@example.com,Hồ Tuấn,Nam,1994,30-39,Kiến trúc sư,Hà Nội,Việt Nam,Platinum,1,1,7,2017-03-08,2024-01-20,1
4565,customer4565@example.com,Phạm Yến,Nữ,1960,60+,Nhà đầu tư,Bình Dương,Việt Nam,Platinum,4,1,4,2016-08-02,2023-06-16,1
4566,customer4566@example.com,Hoàng Tuấn,Nam,1968,50-59,Nhà đầu tư,Hà Nội,Expat,Gold,2,1,7,2020-09-29,2023-03-22,1
4567,customer4567@example.com,Hoàng Nga,Nữ,1966,50-59,Bác sĩ,Khánh Hòa,Việt Nam,Diamond,3,1,8,2018-11-23,2024-09-17,0
4568,customer4568@example.com,Hoàng Trang,Nữ,1989,30-39,Giám đốc,TP HCM,Việt Nam,Silver,1,1,1,2018-11-10,2024-04-14,1
4569,customer4569@example.com,Ngô Hải,Nam,1984,40-49,Bác sĩ,Đà Nẵng,Việt Nam,Gold,2,1,5,2018-05-09,2023-10-03,1
4570,customer4570@example.com,Ngô Hải,Nam,1977,40-49,Giám đốc,TP HCM,Việt Nam,Silver,1,1,9,2022-04-24,2024-12-15,1
4571,customer4571@example.com,Dương Thảo,Nữ,1980,40-49,Người nổi tiếng,Hà Nội,Việt Nam,Silver,3,1,8,2015-04-24,2024-03-14,1
4572,customer4572@example.com,Trần Trang,Nữ,1960,60+,Nhà đầu tư,Khánh Hòa,Việt Nam,Silver,4,1,8,2016-05-26,2023-09-23,1
4573,customer4573@example.com,Đặng Mai,Nữ,1995,25-29,Kiến trúc sư,TP HCM,Việt Nam,Silver,1,1,6,2016-12-05,2024-06-15,1
4574,customer4574@example.com,Phan Việt,Nam,1960,60+,Nhà đầu tư,TP HCM,Việt Nam,Platinum,1,1,9,2016-12-20,2023-01-22,1
4575,customer4575@example.com,Bùi Thành,Nam,1998,25-29,Bác sĩ,Hà Nội,Việt Nam,Platinum,3,1,3,2022-01-08,2023-04-28,0
4576,customer4576@example.com,Phạm Ánh,Nữ,1969,50-59,Chuyên gia tài chính,TP HCM,Việt Nam,Silver,1,1,3,2020-06-29,2024-08-17,1
4577,customer4577@example.com,Phan Hùng,Nam,1970,50-59,Doanh nhân,Hà Nội,Việt Nam,Silver,4,1,10,2021-04-18,2023-05-20,1
4578,customer4578@example.com,Dương Phương,Nữ,1996,25-29,Luật sư,TP HCM,Việt Nam,Platinum,3,1,4,2016-11-22,2024-03-17,1
4579,customer4579@example.com,Lê Long,Nam,1971,50-59,Doanh nhân,TP HCM,Expat,Gold,1,1,1,2017-08-12,2024-05-07,1
4580,customer4580@example.com,Trần Việt,Nam,1991,30-39,Chuyên gia tài chính,Hà Nội,Việt Nam,Silver,3,1,7,2015-02-25,2024-06-02,1
4581,customer4581@example.com,Lê Ánh,Nữ,1996,25-29,Doanh nhân,TP HCM,Việt Nam,Gold,2,1,3,2022-03-31,2024-06-06,1
4582,customer4582@example.com,Nguyễn Phương,Nữ,1962,60+,Người nổi tiếng,Khánh Hòa,Việt Nam,Silver,1,1,2,2019-12-16,2023-04-23,1
4583,customer4583@example.com,Vũ Long,Nam,1975,40-49,Người nổi tiếng,Hà Nội,Việt Nam,Silver,1,1,2,2016-08-20,2023-11-20,1
4584,customer4584@example.com,Hoàng Yến,Nữ,1992,30-39,Luật sư,Hà Nội,Việt Nam,Silver,4,1,9,2022-05-28,2024-03-12,1
4585,customer4585@example.com,Hoàng Anh,Nam,1981,40-49,Bác sĩ,Hải Phòng,Việt Nam,Gold,3,1,10,2021-09-02,2023-11-28,1
4586,customer4586@example.com,Hoàng Bình,Nam,1997,25-29,Người nổi tiếng,Hà Nội,Việt Nam,Silver,1,1,1,2017-08-09,2024-01-11,1
4587,customer4587@example.com,Phan Phương,Nữ,1974,50-59,Bác sĩ,Hà Nội,Expat,Silver,3,1,1,2018-10-18,2024-10-08,1
4588,customer4588@example.com,Ngô Yến,Nữ,1994,30-39,Nhà đầu tư,TP HCM,Việt Nam,Silver,3,1,4,2021-01-28,2024-04-22,0
4589,customer4589@example.com,Phan Long,Nam,1964,60+,Bác sĩ,Bình Dương,Expat,Silver,3,1,10,2017-11-17,2024-09-03,1
4590,customer4590@example.com,Ngô Khánh,Nam,1969,50-59,Nhà đầu tư,TP HCM,Việt Nam,Silver,2,1,4,2019-06-02,2024-10-31,1
4591,customer4591@example.com,Trần Thảo,Nữ,1995,25-29,Luật sư,Hà Nội,Việt Nam,Diamond,1,1,1,2022-11-06,2023-04-06,1
4592,customer4592@example.com,Trần Minh,Nam,1967,50-59,Nhà đầu tư,Hà Nội,Việt Nam,Silver,3,1,4,2016-10-12,2024-01-29,1
4593,customer4593@example.com,Ngô Nga,Nữ,1996,25-29,Giám đốc,TP HCM,Việt Nam,Platinum,1,1,10,2020-06-18,2024-05-27,1
4594,customer4594@example.com,Trần Thu,Nữ,1980,40-49,Giám đốc,TP HCM,Expat,Gold,1,1,4,2018-01-09,2024-01-11,1
4595,customer4595@example.com,Đỗ Linh,Nữ,1994,30-39,Doanh nhân,Quảng Ninh,Việt Nam,Silver,1,1,10,2015-10-12,2023-02-04,1
4596,customer4596@example.com,Phan Hằng,Nữ,1997,25-29,Giám đốc,TP HCM,Việt Nam,Silver,2,1,2,2019-06-17,2024-04-26,1
4597,customer4597@example.com,Dương Quang,Nam,1984,40-49,Kiến trúc sư,Hà Nội,Expat,Platinum,1,1,8,2018-11-22,2023-01-03,1
4598,customer4598@example.com,Hoàng Minh,Nam,1987,30-39,Giám đốc,Hà Nội,Việt Nam,Silver,1,1,8,2021-12-30,2024-01-20,1
4599,customer4599@example.com,Đỗ Tuấn,Nam,1980,40-49,Doanh nhân,TP HCM,Việt Nam,Platinum,3,1,10,2018-01-17,2023-12-29,1
4600,customer4600@example.com,Phạm Hùng,Nam,1998,25-29,Chuyên gia tài chính,Bình Dương,Việt Nam,Gold,3,1,5,2021-05-02,2023-09-09,1
4601,customer4601@example.com,Trần Ngọc,Nữ,1992,30-39,Bác sĩ,Đà Nẵng,Việt Nam,Gold,1,1,1,2020-04-04,2024-10-04,1
4602,customer4602@example.com,Lê Lan,Nữ,1975,40-49,Giám đốc,TP HCM,Việt Nam,Platinum,1,1,8,2022-01-14,2024-06-21,1
4603,customer4603@example.com,Phạm Trang,Nữ,1968,50-59,Bác sĩ,TP HCM,Expat,Gold,1,1,10,2022-04-17,2023-04-30,1
4604,customer4604@example.com,Vũ Hoa,Nữ,1989,30-39,Chuyên gia tài chính,Bình Dương,Việt Nam,Gold,3,1,5,2016-06-03,2023-09-27,1
4605,customer4605@example.com,Nguyễn Thảo,Nữ,1961,60+,Bác sĩ,Hải Phòng,Việt Nam,Gold,4,1,6,2020-07-28,2023-04-05,1
4606,customer4606@example.com,Phan Yến,Nữ,1979,40-49,Kiến trúc sư,Hải Phòng,Việt Nam,Platinum,3,1,2,2021-09-03,2024-02-05,0
4607,customer4607@example.com,Hồ Khánh,Nam,1964,60+,Kiến trúc sư,Hà Nội,Expat,Diamond,3,1,5,2022-03-26,2023-11-04,1
4608,customer4608@example.com,Hồ Trang,Nữ,1970,50-59,Chuyên gia tài chính,Hà Nội,Việt Nam,Silver,4,1,4,2021-07-12,2024-11-20,0
4609,customer4609@example.com,Ngô Hằng,Nữ,1984,40-49,Người nổi tiếng,TP HCM,Việt Nam,Silver,3,1,3,2015-02-27,2023-09-04,1
4610,customer4610@example.com,Đỗ Phương,Nữ,1990,30-39,Người nổi tiếng,Hà Nội,Expat,Silver,1,1,2,2016-06-20,2023-10-12,1
4611,customer4611@example.com,Đặng Thành,Nam,1990,30-39,Luật sư,TP HCM,Việt Nam,Platinum,4,1,9,2015-07-19,2023-04-16,1
4612,customer4612@example.com,Trần Việt,Nam,1989,30-39,Nhà đầu tư,TP HCM,Việt Nam,Diamond,2,1,6,2017-01-08,2024-03-05,0
4613,customer4613@example.com,Lê Hà,Nữ,1988,30-39,Nhà đầu tư,TP HCM,Việt Nam,Platinum,2,1,3,2019-11-16,2023-04-11,1
4614,customer4614@example.com,Đặng Hà,Nữ,1968,50-59,Doanh nhân,Hà Nội,Expat,Diamond,2,1,4,2017-04-08,2024-10-23,1
4615,customer4615@example.com,Nguyễn Tuấn,Nam,1963,60+,Chuyên gia tài chính,Bình Dương,Việt Nam,Silver,4,1,8,2023-03-27,2023-11-13,0
4616,customer4616@example.com,Bùi Ngọc,Nữ,1966,50-59,Chuyên gia tài chính,Hà Nội,Việt Nam,Silver,4,1,5,2022-10-26,2024-06-03,1
4617,customer4617@example.com,Ngô Yến,Nữ,1971,50-59,Người nổi tiếng,TP HCM,Việt Nam,Platinum,3,1,9,2017-08-27,2023-09-01,1
4618,customer4618@example.com,Phan Tuấn,Nam,1967,50-59,Nhà đầu tư,Hà Nội,Expat,Gold,1,1,7,2019-04-22,2023-07-18,1
4619,customer4619@example.com,Phạm Tuấn,Nam,1963,60+,Bác sĩ,Hà Nội,Việt Nam,Gold,1,1,8,2015-01-13,2023-04-08,1
4620,customer4620@example.com,Phan Bình,Nam,1981,40-49,Kiến trúc sư,Khánh Hòa,Việt Nam,Silver,2,1,6,2016-02-16,2023-07-02,1
4621,customer4621@example.com,Hoàng Minh,Nam,1972,50-59,Giám đốc,TP HCM,Việt Nam,Gold,3,1,5,2022-10-27,2024-12-27,1
4622,customer4622@example.com,Vũ Trang,Nữ,1990,30-39,Nhà đầu tư,Đồng Nai,Việt Nam,Gold,3,1,4,2019-08-11,2024-04-07,1
4623,customer4623@example.com,Trần Khánh,Nam,1991,30-39,Bác sĩ,Hà Nội,Việt Nam,Gold,4,1,5,2016-05-15,2024-10-09,1
4624,customer4624@example.com,Vũ Nga,Nữ,1981,40-49,Bác sĩ,Hà Nội,Việt Nam,Diamond,2,1,5,2016-12-31,2023-05-13,1
4625,customer4625@example.com,Vũ Hằng,Nữ,1965,50-59,Kiến trúc sư,Hà Nội,Việt Nam,Platinum,3,1,2,2021-09-20,2024-09-29,1
4626,customer4626@example.com,Trần Hùng,Nam,1964,60+,Chuyên gia tài chính,Hà Nội,Expat,Silver,1,1,10,2022-08-23,2024-08-15,1
4627,customer4627@example.com,Dương Bình,Nam,1986,30-39,Nhà đầu tư,TP HCM,Việt Nam,Gold,1,1,2,2020-08-04,2024-12-11,1
4628,customer4628@example.com,Nguyễn Hùng,Nam,1964,60+,Doanh nhân,TP HCM,Việt Nam,Diamond,3,1,7,2015-05-27,2023-02-19,1
4629,customer4629@example.com,Hoàng Trung,Nam,1962,60+,Chuyên gia tài chính,Hải Phòng,Expat,Gold,4,1,6,2015-12-31,2023-01-22,1
4630,customer4630@example.com,Đặng Ánh,Nữ,1973,50-59,Bác sĩ,Hà Nội,Việt Nam,Platinum,2,1,10,2017-01-18,2024-09-06,0
4631,customer4631@example.com,Lê Thảo,Nữ,1973,50-59,Kiến trúc sư,TP HCM,Việt Nam,Diamond,4,1,7,2021-09-17,2024-12-28,1
4632,customer4632@example.com,Dương Hằng,Nữ,1990,30-39,Chuyên gia tài chính,Hà Nội,Việt Nam,Diamond,2,1,9,2021-05-10,2023-04-13,1
4633,customer4633@example.com,Lê Anh,Nam,1964,60+,Kiến trúc sư,TP HCM,Việt Nam,Gold,1,1,2,2019-07-22,2023-02-04,1
4634,customer4634@example.com,Bùi Ánh,Nữ,1989,30-39,Giám đốc,TP HCM,Việt Nam,Silver,3,1,5,2022-02-11,2024-08-09,1
4635,customer4635@example.com,Dương Ngọc,Nữ,1989,30-39,Kiến trúc sư,TP HCM,Việt Nam,Platinum,4,1,10,2023-03-31,2023-11-14,1
4636,customer4636@example.com,Ngô Thảo,Nữ,1965,50-59,Bác sĩ,Hà Nội,Việt Nam,Silver,1,1,5,2016-06-26,2024-01-24,1
4637,customer4637@example.com,Phạm Linh,Nữ,1964,60+,Giám đốc,Hà Nội,Expat,Silver,4,1,5,2022-06-09,2024-02-11,1
4638,customer4638@example.com,Ngô Trung,Nam,1973,50-59,Chuyên gia tài chính,TP HCM,Việt Nam,Diamond,2,1,6,2023-02-15,2024-08-07,1
4639,customer4639@example.com,Lê Minh,Nam,1988,30-39,Nhà đầu tư,Hải Phòng,Việt Nam,Platinum,2,1,1,2021-12-15,2024-11-23,1
4640,customer4640@example.com,Đỗ Trung,Nam,1975,40-49,Luật sư,Hà Nội,Việt Nam,Silver,4,1,6,2017-05-18,2024-07-30,1
4641,customer4641@example.com,Phạm Thành,Nam,1997,25-29,Bác sĩ,TP HCM,Việt Nam,Platinum,2,1,6,2015-02-23,2024-03-29,1
4642,customer4642@example.com,Hồ Nga,Nữ,1994,30-39,Chuyên gia tài chính,Hà Nội,Việt Nam,Gold,3,1,2,2022-09-05,2023-03-30,1
4643,customer4643@example.com,Bùi Hải,Nam,1989,30-39,Nhà đầu tư,Đà Nẵng,Việt Nam,Silver,4,1,7,2016-10-25,2024-11-22,1
4644,customer4644@example.com,Phạm Thành,Nam,1979,40-49,Giám đốc,Khánh Hòa,Việt Nam,Diamond,4,1,6,2015-12-08,2024-12-27,1
4645,customer4645@example.com,Đỗ Thu,Nữ,1997,25-29,Chuyên gia tài chính,Hà Nội,Việt Nam,Silver,4,1,4,2017-09-26,2024-07-11,1
4646,customer4646@example.com,Phan Ngọc,Nữ,1978,40-49,Doanh nhân,Hà Nội,Việt Nam,Silver,3,1,9,2016-02-15,2023-07-29,0
4647,customer4647@example.com,Đỗ Đức,Nam,1982,40-49,Doanh nhân,TP HCM,Việt Nam,Platinum,1,1,10,2022-11-12,2023-06-05,1
4648,customer4648@example.com,Ngô Minh,Nam,1969,50-59,Bác sĩ,Đà Nẵng,Expat,Diamond,4,1,7,2019-07-28,2024-08-29,1
4649,customer4649@example.com,Phạm Trang,Nữ,1993,30-39,Bác sĩ,TP HCM,Việt Nam,Gold,3,1,1,2022-09-01,2023-01-19,1
4650,customer4650@example.com,Phạm Nga,Nữ,1991,30-39,Kiến trúc sư,TP HCM,Việt Nam,Gold,3,1,10,2015-03-16,2023-04-29,1
4651,customer4651@example.com,Phan Đức,Nam,1983,40-49,Doanh nhân,Hà Nội,Việt Nam,Silver,2,1,7,2023-03-05,2023-09-22,1
4652,customer4652@example.com,Nguyễn Quang,Nam,1989,30-39,Người nổi tiếng,TP HCM,Expat,Silver,1,1,4,2022-01-23,2023-03-30,1
4653,customer4653@example.com,Trần Hùng,Nam,1971,50-59,Kiến trúc sư,Đồng Nai,Việt Nam,Diamond,4,1,3,2015-03-19,2023-12-22,1
4654,customer4654@example.com,Trần Quang,Nam,1970,50-59,Chuyên gia tài chính,Bình Dương,Việt Nam,Silver,4,1,10,2018-03-13,2024-01-12,0
4655,customer4655@example.com,Nguyễn Bình,Nam,1985,30-39,Bác sĩ,Hà Nội,Việt Nam,Silver,2,1,10,2016-09-05,2024-06-28,1
4656,customer4656@example.com,Bùi Phương,Nữ,1984,40-49,Doanh nhân,Hà Nội,Việt Nam,Platinum,2,1,9,2018-11-12,2023-10-19,1
4657,customer4657@example.com,Phan Tuấn,Nam,1962,60+,Luật sư,Đà Nẵng,Việt Nam,Diamond,1,1,7,2017-08-14,2024-10-30,1
4658,customer4658@example.com,Đặng Thảo,Nữ,1970,50-59,Bác sĩ,Đồng Nai,Việt Nam,Diamond,3,1,1,2017-01-20,2024-10-27,1
4659,customer4659@example.com,Đỗ Trung,Nam,1988,30-39,Luật sư,TP HCM,Việt Nam,Platinum,1,1,1,2017-12-11,2024-06-04,1
4660,customer4660@example.com,Dương Trung,Nam,1982,40-49,Doanh nhân,Đà Nẵng,Expat,Silver,3,1,9,2023-06-29,2024-04-02,1
4661,customer4661@example.com,Trần Việt,Nam,1979,40-49,Kiến trúc sư,TP HCM,Việt Nam,Silver,4,1,8,2021-06-18,2023-12-24,1
4662,customer4662@example.com,Ngô Quang,Nam,1980,40-49,Bác sĩ,Hà Nội,Việt Nam,Gold,4,1,10,2015-05-19,2024-10-05,0
4663,customer4663@example.com,Hoàng Trang,Nữ,1960,60+,Người nổi tiếng,Bình Dương,Việt Nam,Silver,3,1,8,2022-03-11,2024-09-02,1
4664,customer4664@example.com,Hồ Việt,Nam,1980,40-49,Bác sĩ,Đà Nẵng,Expat,Silver,4,1,7,2020-07-01,2024-04-12,1
4665,customer4665@example.com,Phạm Ngọc,Nữ,1981,40-49,Người nổi tiếng,Hà Nội,Việt Nam,Gold,4,1,9,2018-11-08,2024-03-05,1
4666,customer4666@example.com,Vũ Thảo,Nữ,1966,50-59,Luật sư,TP HCM,Việt Nam,Platinum,1,1,7,2020-10-22,2024-01-13,1
4667,customer4667@example.com,Hoàng Hoa,Nữ,1968,50-59,Người nổi tiếng,Hà Nội,Việt Nam,Silver,2,1,6,2019-07-25,2024-10-15,1
4668,customer4668@example.com,Phan Hùng,Nam,1971,50-59,Doanh nhân,Hà Nội,Việt Nam,Silver,2,1,2,2018-01-02,2024-08-08,1
4669,customer4669@example.com,Trần Minh,Nam,1977,40-49,Giám đốc,Hà Nội,Việt Nam,Platinum,4,1,5,2020-03-29,2023-09-22,1
4670,customer4670@example.com,Hồ Bình,Nam,1980,40-49,Nhà đầu tư,Hà Nội,Việt Nam,Platinum,2,1,4,2020-08-12,2023-02-27,1
4671,customer4671@example.com,Hoàng Hải,Nam,1971,50-59,Bác sĩ,Hà Nội,Việt Nam,Platinum,1,1,8,2015-06-26,2024-08-21,1
4672,customer4672@example.com,Hoàng Trang,Nữ,1988,30-39,Luật sư,TP HCM,Việt Nam,Silver,2,1,5,2022-08-12,2024-04-17,0
4673,customer4673@example.com,Đỗ Hùng,Nam,1984,40-49,Chuyên gia tài chính,Hải Phòng,Việt Nam,Gold,4,1,10,2022-01-07,2023-05-15,1
4674,customer4674@example.com,Dương Khánh,Nam,1990,30-39,Bác sĩ,TP HCM,Việt Nam,Platinum,2,1,2,2023-01-28,2024-06-19,1
4675,customer4675@example.com,Vũ Khánh,Nam,1992,30-39,Luật sư,Hà Nội,Expat,Platinum,3,1,6,2017-08-02,2024-08-19,1
4676,customer4676@example.com,Bùi Mai,Nữ,1962,60+,Doanh nhân,TP HCM,Expat,Platinum,3,1,7,2022-11-09,2024-09-01,1
4677,customer4677@example.com,Hoàng Long,Nam,1995,25-29,Doanh nhân,Khánh Hòa,Việt Nam,Gold,4,1,3,2022-05-23,2024-01-23,1
4678,customer4678@example.com,Trần Ánh,Nữ,1978,40-49,Kiến trúc sư,Hải Phòng,Việt Nam,Silver,3,1,8,2018-08-29,2023-03-25,1
4679,customer4679@example.com,Lê Hằng,Nữ,1998,25-29,Doanh nhân,Hải Phòng,Việt Nam,Diamond,2,1,4,2022-08-31,2024-06-13,1
4680,customer4680@example.com,Hồ Anh,Nam,1960,60+,Bác sĩ,TP HCM,Việt Nam,Gold,4,1,9,2016-07-23,2024-10-02,1
4681,customer4681@example.com,Phạm Lan,Nữ,1980,40-49,Bác sĩ,Hà Nội,Expat,Silver,1,1,7,2021-12-28,2023-01-22,1
4682,customer4682@example.com,Phạm Ngọc,Nữ,1994,30-39,Bác sĩ,Đà Nẵng,Việt Nam,Silver,2,1,4,2018-06-03,2023-09-23,1
4683,customer4683@example.com,Nguyễn Thành,Nam,1985,30-39,Luật sư,TP HCM,Expat,Platinum,3,1,9,2021-07-20,2024-10-25,1
4684,customer4684@example.com,Phạm Anh,Nam,1970,50-59,Luật sư,Hà Nội,Việt Nam,Platinum,4,1,7,2016-05-04,2024-09-08,1
4685,customer4685@example.com,Nguyễn Yến,Nữ,1965,50-59,Giám đốc,Đà Nẵng,Việt Nam,Silver,1,1,4,2022-03-19,2023-08-21,1
4686,customer4686@example.com,Trần Ngọc,Nữ,1971,50-59,Kiến trúc sư,TP HCM,Việt Nam,Silver,4,1,3,2016-09-24,2024-05-04,0
4687,customer4687@example.com,Bùi Trung,Nam,1976,40-49,Người nổi tiếng,Hải Phòng,Việt Nam,Silver,2,1,6,2021-11-17,2024-11-30,1
4688,customer4688@example.com,Phạm Bình,Nam,1962,60+,Kiến trúc sư,TP HCM,Việt Nam,Gold,2,1,8,2018-01-06,2023-08-16,1
4689,customer4689@example.com,Vũ Anh,Nam,1963,60+,Doanh nhân,Hải Phòng,Việt Nam,Silver,4,1,8,2017-09-23,2024-03-21,1
4690,customer4690@example.com,Dương Nga,Nữ,1990,30-39,Chuyên gia tài chính,TP HCM,Việt Nam,Gold,1,1,6,2020-03-31,2023-08-28,1
4691,customer4691@example.com,Bùi Linh,Nữ,1974,50-59,Người nổi tiếng,Đà Nẵng,Việt Nam,Silver,2,1,9,2023-02-10,2024-08-29,1
4692,customer4692@example.com,Phan Hằng,Nữ,1963,60+,Kiến trúc sư,TP HCM,Việt Nam,Platinum,2,1,8,2023-04-13,2024-06-21,1
4693,customer4693@example.com,Đỗ Anh,Nam,1989,30-39,Nhà đầu tư,Hà Nội,Việt Nam,Diamond,3,1,3,2016-10-16,2023-09-26,1
4694,customer4694@example.com,Vũ Hoa,Nữ,1980,40-49,Người nổi tiếng,Đà Nẵng,Expat,Gold,1,1,2,2020-05-03,2024-12-10,1
4695,customer4695@example.com,Trần Bình,Nam,1964,60+,Chuyên gia tài chính,TP HCM,Việt Nam,Gold,4,1,5,2020-05-19,2023-09-11,1
4696,customer4696@example.com,Đặng Khánh,Nam,1986,30-39,Kiến trúc sư,Bình Dương,Việt Nam,Gold,1,1,8,2016-05-24,2024-12-18,1
4697,customer4697@example.com,Ngô Trang,Nữ,1993,30-39,Doanh nhân,Hà Nội,Việt Nam,Diamond,2,1,4,2022-07-25,2024-11-23,1
4698,customer4698@example.com,Phạm Đức,Nam,1995,25-29,Kiến trúc sư,Hà Nội,Việt Nam,Platinum,1,1,6,2022-12-05,2023-11-17,1
4699,customer4699@example.com,Đỗ Anh,Nam,1972,50-59,Luật sư,Hà Nội,Việt Nam,Gold,1,1,4,2023-06-06,2024-01-14,1
4700,customer4700@example.com,Đặng Khánh,Nam,1975,40-49,Luật sư,Hà Nội,Expat,Gold,1,1,5,2021-03-06,2024-06-11,1
4701,customer4701@example.com,Đặng Khánh,Nam,1994,30-39,Chuyên gia tài chính,TP HCM,Expat,Gold,2,1,3,2022-03-15,2024-08-20,1
4702,customer4702@example.com,Nguyễn Phương,Nữ,1993,30-39,Bác sĩ,Đồng Nai,Việt Nam,Platinum,4,1,4,2021-06-25,2023-04-07,1
4703,customer4703@example.com,Nguyễn Thảo,Nữ,1971,50-59,Nhà đầu tư,Hải Phòng,Việt Nam,Diamond,1,1,4,2021-02-01,2023-03-07,1
4704,customer4704@example.com,Dương Long,Nam,1996,25-29,Nhà đầu tư,TP HCM,Việt Nam,Gold,4,1,5,2018-01-21,2023-10-08,1
4705,customer4705@example.com,Phan Hùng,Nam,1994,30-39,Doanh nhân,Hà Nội,Việt Nam,Silver,2,1,6,2018-10-01,2024-04-15,1
4706,customer4706@example.com,Ngô Minh,Nam,1992,30-39,Người nổi tiếng,Hà Nội,Việt Nam,Silver,2,1,1,2016-06-21,2023-06-15,1
4707,customer4707@example.com,Đặng Trang,Nữ,1971,50-59,Chuyên gia tài chính,Hà Nội,Việt Nam,Platinum,2,1,8,2023-03-08,2024-11-13,1
4708,customer4708@example.com,Ngô Long,Nam,1967,50-59,Luật sư,Hà Nội,Việt Nam,Gold,2,1,9,2016-10-11,2024-03-03,1
4709,customer4709@example.com,Đặng Mai,Nữ,1997,25-29,Người nổi tiếng,TP HCM,Việt Nam,Gold,3,1,7,2015-04-19,2023-12-27,1
4710,customer4710@example.com,Ngô Nga,Nữ,1985,30-39,Người nổi tiếng,Hà Nội,Việt Nam,Silver,4,1,9,2017-08-09,2023-09-23,1
4711,customer4711@example.com,Bùi Thu,Nữ,1998,25-29,Giám đốc,TP HCM,Việt Nam,Diamond,2,1,10,2016-05-30,2024-08-01,1
4712,customer4712@example.com,Dương Linh,Nữ,1990,30-39,Nhà đầu tư,Đà Nẵng,Việt Nam,Platinum,1,1,9,2015-09-21,2023-03-29,1
4713,customer4713@example.com,Đặng Khánh,Nam,1962,60+,Người nổi tiếng,TP HCM,Expat,Silver,2,1,7,2017-04-12,2024-05-03,1
4714,customer4714@example.com,Bùi Bình,Nam,1997,25-29,Doanh nhân,Hà Nội,Việt Nam,Silver,1,1,10,2017-03-25,2023-08-25,1
4715,customer4715@example.com,Đặng Long,Nam,1970,50-59,Kiến trúc sư,Bình Dương,Việt Nam,Platinum,3,1,5,2020-05-29,2023-06-14,1
4716,customer4716@example.com,Lê Thảo,Nữ,1998,25-29,Kiến trúc sư,Hải Phòng,Việt Nam,Platinum,4,1,2,2020-02-10,2023-11-16,0
4717,customer4717@example.com,Vũ Thu,Nữ,1995,25-29,Kiến trúc sư,Hà Nội,Việt Nam,Platinum,1,1,4,2020-04-18,2024-03-15,1
4718,customer4718@example.com,Đặng Quang,Nam,1972,50-59,Giám đốc,Hải Phòng,Việt Nam,Diamond,2,1,1,2021-02-08,2024-05-19,1
4719,customer4719@example.com,Nguyễn Phương,Nữ,1996,25-29,Giám đốc,Hà Nội,Expat,Silver,1,1,3,2019-07-21,2023-08-11,1
4720,customer4720@example.com,Vũ Bình,Nam,1983,40-49,Giám đốc,Hà Nội,Expat,Gold,2,1,6,2023-06-24,2023-04-15,1
4721,customer4721@example.com,Vũ Tuấn,Nam,1980,40-49,Kiến trúc sư,Hà Nội,Việt Nam,Silver,2,1,9,2017-11-06,2023-01-29,1
4722,customer4722@example.com,Phan Khánh,Nam,1970,50-59,Bác sĩ,Hà Nội,Việt Nam,Silver,1,1,9,2016-10-03,2024-05-27,1
4723,customer4723@example.com,Hoàng Bình,Nam,1969,50-59,Nhà đầu tư,TP HCM,Việt Nam,Platinum,4,1,9,2017-04-24,2023-01-27,1
4724,customer4724@example.com,Lê Trung,Nam,1991,30-39,Kiến trúc sư,Hà Nội,Việt Nam,Diamond,4,1,6,2015-11-26,2023-08-07,1
4725,customer4725@example.com,Trần Thảo,Nữ,1993,30-39,Giám đốc,Đà Nẵng,Việt Nam,Gold,1,1,9,2018-04-05,2023-12-01,0
4726,customer4726@example.com,Bùi Khánh,Nam,1960,60+,Kiến trúc sư,Quảng Ninh,Việt Nam,Gold,3,1,2,2021-05-23,2023-09-26,0
4727,customer4727@example.com,Hoàng Ngọc,Nữ,1994,30-39,Chuyên gia tài chính,TP HCM,Expat,Platinum,3,1,1,2016-02-11,2023-02-18,1
4728,customer4728@example.com,Bùi Thu,Nữ,1971,50-59,Người nổi tiếng,Hà Nội,Expat,Diamond,4,1,6,2015-07-13,2023-05-12,1
4729,customer4729@example.com,Ngô Ngọc,Nữ,1975,40-49,Giám đốc,TP HCM,Expat,Silver,4,1,3,2019-03-08,2023-10-03,1
4730,customer4730@example.com,Hồ Lan,Nữ,1980,40-49,Luật sư,TP HCM,Việt Nam,Silver,2,1,6,2017-10-26,2024-03-14,1
4731,customer4731@example.com,Phạm Phương,Nữ,1969,50-59,Nhà đầu tư,TP HCM,Việt Nam,Silver,1,1,8,2018-08-01,2023-03-24,1
4732,customer4732@example.com,Vũ Tuấn,Nam,1985,30-39,Nhà đầu tư,Đà Nẵng,Việt Nam,Silver,1,1,8,2017-05-04,2024-04-22,1
4733,customer4733@example.com,Đặng Quang,Nam,1967,50-59,Kiến trúc sư,TP HCM,Việt Nam,Silver,3,1,5,2017-10-24,2023-01-26,1
4734,customer4734@example.com,Trần Trung,Nam,1998,25-29,Chuyên gia tài chính,TP HCM,Việt Nam,Platinum,3,1,9,2018-05-16,2023-03-14,1
4735,customer4735@example.com,Lê Ngọc,Nữ,1996,25-29,Bác sĩ,TP HCM,Việt Nam,Platinum,1,1,3,2016-07-06,2024-08-30,1
4736,customer4736@example.com,Trần Ánh,Nữ,1964,60+,Người nổi tiếng,Đà Nẵng,Expat,Diamond,4,1,4,2019-08-29,2024-09-28,1
4737,customer4737@example.com,Bùi Long,Nam,1982,40-49,Nhà đầu tư,Khánh Hòa,Việt Nam,Platinum,3,1,4,2018-10-13,2024-11-17,1
4738,customer4738@example.com,Đỗ Linh,Nữ,1983,40-49,Giám đốc,TP HCM,Việt Nam,Platinum,1,1,9,2022-07-21,2023-09-27,1
4739,customer4739@example.com,Dương Long,Nam,1964,60+,Người nổi tiếng,TP HCM,Expat,Silver,2,1,7,2018-10-07,2023-02-21,1
4740,customer4740@example.com,Phan Yến,Nữ,1983,40-49,Chuyên gia tài chính,Hà Nội,Việt Nam,Gold,4,1,9,2020-09-26,2023-03-25,1
4741,customer4741@example.com,Hồ Lan,Nữ,1992,30-39,Nhà đầu tư,TP HCM,Việt Nam,Gold,4,1,5,2022-03-22,2023-11-07,1
4742,customer4742@example.com,Trần Bình,Nam,1971,50-59,Người nổi tiếng,Quảng Ninh,Việt Nam,Silver,4,1,5,2020-05-07,2024-11-29,1
4743,customer4743@example.com,Bùi Ngọc,Nữ,1962,60+,Chuyên gia tài chính,Đà Nẵng,Việt Nam,Gold,2,1,5,2021-01-22,2024-01-18,1
4744,customer4744@example.com,Lê Hà,Nữ,1974,50-59,Người nổi tiếng,Đà Nẵng,Việt Nam,Diamond,1,1,6,2019-10-11,2024-01-08,1
4745,customer4745@example.com,Trần Ánh,Nữ,1963,60+,Chuyên gia tài chính,Hải Phòng,Expat,Silver,4,1,10,2021-05-01,2024-07-04,1
4746,customer4746@example.com,Lê Bình,Nam,1983,40-49,Bác sĩ,Hà Nội,Việt Nam,Silver,2,1,2,2019-09-27,2023-10-12,1
4747,customer4747@example.com,Vũ Ánh,Nữ,1962,60+,Nhà đầu tư,TP HCM,Việt Nam,Silver,2,1,4,2020-06-08,2023-12-09,1
4748,customer4748@example.com,Bùi Đức,Nam,1992,30-39,Luật sư,Hà Nội,Việt Nam,Gold,2,1,6,2018-03-15,2024-06-07,1
4749,customer4749@example.com,Dương Anh,Nam,1992,30-39,Bác sĩ,Đà Nẵng,Expat,Platinum,4,1,7,2018-08-11,2023-08-01,1
4750,customer4750@example.com,Nguyễn Phương,Nữ,1965,50-59,Doanh nhân,Hà Nội,Việt Nam,Diamond,1,1,1,2015-03-22,2023-07-30,1
4751,customer4751@example.com,Vũ Hà,Nữ,1985,30-39,Giám đốc,TP HCM,Việt Nam,Platinum,4,1,5,2018-06-17,2024-12-11,1
4752,customer4752@example.com,Lê Bình,Nam,1985,30-39,Người nổi tiếng,Đà Nẵng,Việt Nam,Silver,3,1,3,2018-12-22,2023-03-05,1
4753,customer4753@example.com,Đỗ Hùng,Nam,1968,50-59,Chuyên gia tài chính,Khánh Hòa,Việt Nam,Gold,2,1,8,2015-10-27,2024-08-29,1
4754,customer4754@example.com,Trần Hằng,Nữ,1985,30-39,Bác sĩ,Hà Nội,Việt Nam,Platinum,2,1,9,2015-04-12,2023-04-23,1
4755,customer4755@example.com,Hồ Minh,Nam,1990,30-39,Giám đốc,TP HCM,Việt Nam,Diamond,3,1,7,2015-03-22,2024-07-06,1
4756,customer4756@example.com,Đỗ Hoa,Nữ,1976,40-49,Người nổi tiếng,Đà Nẵng,Việt Nam,Gold,2,1,2,2016-06-24,2023-07-29,1
4757,customer4757@example.com,Hoàng Phương,Nữ,1974,50-59,Người nổi tiếng,TP HCM,Việt Nam,Gold,1,1,1,2023-06-15,2024-10-14,1
4758,customer4758@example.com,Hoàng Hoa,Nữ,1966,50-59,Nhà đầu tư,Hà Nội,Việt Nam,Gold,4,1,9,2022-09-07,2024-08-14,1
4759,customer4759@example.com,Hồ Đức,Nam,1989,30-39,Bác sĩ,TP HCM,Việt Nam,Silver,3,1,10,2019-08-20,2023-08-09,1
4760,customer4760@example.com,Hồ Ánh,Nữ,1982,40-49,Doanh nhân,Hà Nội,Việt Nam,Gold,1,1,5,2022-08-03,2024-08-29,1
4761,customer4761@example.com,Phan Linh,Nữ,1968,50-59,Chuyên gia tài chính,TP HCM,Việt Nam,Silver,4,1,6,2018-01-17,2024-08-05,1
4762,customer4762@example.com,Dương Trung,Nam,1981,40-49,Kiến trúc sư,Quảng Ninh,Việt Nam,Platinum,1,1,5,2018-07-06,2023-06-01,1
4763,customer4763@example.com,Lê Minh,Nam,1960,60+,Luật sư,TP HCM,Việt Nam,Silver,4,1,2,2017-10-08,2024-10-12,1
4764,customer4764@example.com,Trần Mai,Nữ,1968,50-59,Giám đốc,Hải Phòng,Việt Nam,Silver,4,1,10,2020-04-15,2023-12-29,1
4765,customer4765@example.com,Bùi Long,Nam,1963,60+,Nhà đầu tư,Hà Nội,Việt Nam,Platinum,3,1,7,2022-11-25,2024-06-13,1
4766,customer4766@example.com,Lê Trung,Nam,1971,50-59,Doanh nhân,Khánh Hòa,Việt Nam,Platinum,3,1,2,2020-02-28,2023-04-01,0
4767,customer4767@example.com,Phạm Phương,Nữ,1991,30-39,Bác sĩ,TP HCM,Việt Nam,Platinum,4,1,10,2015-05-15,2024-04-21,1
4768,customer4768@example.com,Hồ Yến,Nữ,1976,40-49,Người nổi tiếng,Hà Nội,Việt Nam,Platinum,2,1,9,2022-02-04,2024-08-12,1
4769,customer4769@example.com,Đặng Nga,Nữ,1965,50-59,Bác sĩ,Hà Nội,Việt Nam,Silver,3,1,9,2017-03-11,2024-12-15,0
4770,customer4770@example.com,Lê Thu,Nữ,1985,30-39,Luật sư,Bình Dương,Việt Nam,Silver,2,1,8,2023-03-09,2023-11-11,1
4771,customer4771@example.com,Ngô Quang,Nam,1969,50-59,Bác sĩ,Bình Dương,Việt Nam,Gold,2,1,5,2020-12-08,2023-08-04,1
4772,customer4772@example.com,Nguyễn Hùng,Nam,1974,50-59,Kiến trúc sư,Đồng Nai,Việt Nam,Gold,3,1,1,2017-10-16,2024-06-26,0
4773,customer4773@example.com,Trần Yến,Nữ,1978,40-49,Chuyên gia tài chính,TP HCM,Việt Nam,Gold,1,1,1,2016-05-10,2024-12-09,1
4774,customer4774@example.com,Phạm Linh,Nữ,1977,40-49,Doanh nhân,TP HCM,Việt Nam,Gold,2,1,5,2015-06-18,2024-11-10,1
4775,customer4775@example.com,Nguyễn Trang,Nữ,1961,60+,Người nổi tiếng,Bình Dương,Việt Nam,Silver,4,1,6,2018-09-02,2024-06-17,1
4776,customer4776@example.com,Phan Tuấn,Nam,1970,50-59,Người nổi tiếng,TP HCM,Việt Nam,Gold,3,1,7,2018-04-16,2023-11-16,1
4777,customer4777@example.com,Đặng Hải,Nam,1991,30-39,Doanh nhân,Hà Nội,Việt Nam,Platinum,2,1,7,2019-12-13,2023-11-16,1
4778,customer4778@example.com,Dương Tuấn,Nam,1971,50-59,Giám đốc,TP HCM,Việt Nam,Diamond,3,1,3,2017-02-20,2024-06-05,1
4779,customer4779@example.com,Bùi Thu,Nữ,1998,25-29,Giám đốc,TP HCM,Việt Nam,Silver,2,1,6,2020-02-13,2024-05-25,1
4780,customer4780@example.com,Lê Long,Nam,1967,50-59,Doanh nhân,Hà Nội,Việt Nam,Gold,2,1,7,2016-08-23,2023-08-23,1
4781,customer4781@example.com,Hồ Nga,Nữ,1981,40-49,Luật sư,Hà Nội,Việt Nam,Gold,4,1,8,2022-04-17,2024-03-18,1
4782,customer4782@example.com,Bùi Nga,Nữ,1980,40-49,Bác sĩ,TP HCM,Việt Nam,Diamond,3,1,7,2021-12-22,2024-08-23,1
4783,customer4783@example.com,Đỗ Thu,Nữ,1995,25-29,Luật sư,TP HCM,Việt Nam,Platinum,3,1,9,2016-02-26,2023-10-02,1
4784,customer4784@example.com,Đỗ Yến,Nữ,1968,50-59,Luật sư,TP HCM,Việt Nam,Silver,1,1,8,2018-07-07,2023-01-25,1
4785,customer4785@example.com,Ngô Hải,Nam,1966,50-59,Chuyên gia tài chính,TP HCM,Việt Nam,Gold,3,1,10,2022-01-06,2024-07-12,1
4786,customer4786@example.com,Vũ Hoa,Nữ,1998,25-29,Giám đốc,TP HCM,Việt Nam,Silver,4,1,2,2023-03-26,2024-05-29,1
4787,customer4787@example.com,Đặng Minh,Nam,1997,25-29,Giám đốc,Đà Nẵng,Expat,Gold,1,1,6,2019-07-21,2023-06-22,1
4788,customer4788@example.com,Nguyễn Hằng,Nữ,1971,50-59,Doanh nhân,TP HCM,Expat,Silver,1,1,7,2022-01-03,2024-05-08,1
4789,customer4789@example.com,Hoàng Đức,Nam,1981,40-49,Chuyên gia tài chính,Đà Nẵng,Expat,Diamond,2,1,2,2021-10-12,2023-11-01,1
4790,customer4790@example.com,Ngô Minh,Nam,1997,25-29,Bác sĩ,TP HCM,Việt Nam,Platinum,1,1,8,2017-10-06,2023-05-10,1
4791,customer4791@example.com,Đỗ Hà,Nữ,1983,40-49,Bác sĩ,Hà Nội,Việt Nam,Platinum,2,1,5,2020-09-14,2024-09-19,1
4792,customer4792@example.com,Vũ Khánh,Nam,1980,40-49,Kiến trúc sư,Khánh Hòa,Việt Nam,Diamond,1,1,8,2016-07-17,2023-03-22,1
4793,customer4793@example.com,Phạm Ngọc,Nữ,1985,30-39,Giám đốc,Hải Phòng,Việt Nam,Gold,4,1,1,2022-04-24,2023-03-10,1
4794,customer4794@example.com,Phạm Nga,Nữ,1994,30-39,Doanh nhân,TP HCM,Việt Nam,Silver,2,1,2,2021-02-19,2023-04-20,1
4795,customer4795@example.com,Phan Long,Nam,1969,50-59,Người nổi tiếng,Hà Nội,Expat,Gold,2,1,5,2016-02-28,2023-08-30,1
4796,customer4796@example.com,Hoàng Khánh,Nam,1981,40-49,Doanh nhân,TP HCM,Expat,Silver,4,1,2,2022-04-15,2024-07-23,1
4797,customer4797@example.com,Hồ Phương,Nữ,1968,50-59,Kiến trúc sư,Hà Nội,Việt Nam,Silver,1,1,5,2018-09-26,2023-08-28,1
4798,customer4798@example.com,Hồ Lan,Nữ,1995,25-29,Người nổi tiếng,Hải Phòng,Việt Nam,Platinum,4,1,9,2017-10-21,2023-12-22,1
4799,customer4799@example.com,Bùi Thảo,Nữ,1981,40-49,Doanh nhân,Hà Nội,Việt Nam,Platinum,4,1,1,2016-06-14,2023-04-09,1
4800,customer4800@example.com,Dương Quang,Nam,1987,30-39,Người nổi tiếng,Hà Nội,Việt Nam,Gold,3,1,5,2018-01-15,2023-12-26,1
4801,customer4801@example.com,Nguyễn Quang,Nam,1997,25-29,Người nổi tiếng,TP HCM,Việt Nam,Silver,1,1,9,2017-02-26,2023-01-16,1
4802,customer4802@example.com,Phạm Hà,Nữ,1978,40-49,Người nổi tiếng,Hà Nội,Việt Nam,Gold,2,1,6,2019-12-26,2023-12-21,1
4803,customer4803@example.com,Đặng Đức,Nam,1974,50-59,Chuyên gia tài chính,Hà Nội,Việt Nam,Platinum,2,1,5,2020-11-06,2024-03-05,1
4804,customer4804@example.com,Lê Hải,Nam,1970,50-59,Luật sư,TP HCM,Việt Nam,Diamond,4,1,8,2017-12-07,2024-10-28,1
4805,customer4805@example.com,Phạm Thành,Nam,1972,50-59,Kiến trúc sư,TP HCM,Việt Nam,Diamond,1,1,6,2020-12-02,2024-05-20,1
4806,customer4806@example.com,Lê Mai,Nữ,1981,40-49,Bác sĩ,Hải Phòng,Việt Nam,Diamond,2,1,1,2015-05-18,2023-11-09,0
4807,customer4807@example.com,Hồ Long,Nam,1973,50-59,Bác sĩ,Khánh Hòa,Expat,Silver,4,1,4,2021-03-15,2023-11-05,1
4808,customer4808@example.com,Nguyễn Việt,Nam,1982,40-49,Doanh nhân,Hà Nội,Việt Nam,Platinum,2,1,9,2017-03-23,2024-02-17,1
4809,customer4809@example.com,Vũ Hà,Nữ,1972,50-59,Chuyên gia tài chính,TP HCM,Việt Nam,Diamond,1,1,10,2021-06-21,2024-05-06,1
4810,customer4810@example.com,Phạm Trang,Nữ,1967,50-59,Kiến trúc sư,Hà Nội,Việt Nam,Silver,2,1,10,2019-05-16,2024-05-24,1
4811,customer4811@example.com,Đỗ Thảo,Nữ,1980,40-49,Bác sĩ,TP HCM,Việt Nam,Gold,4,1,2,2019-06-17,2024-03-04,1
4812,customer4812@example.com,Lê Việt,Nam,1979,40-49,Doanh nhân,TP HCM,Việt Nam,Silver,1,1,7,2020-09-22,2023-06-26,1
4813,customer4813@example.com,Nguyễn Ngọc,Nữ,1989,30-39,Chuyên gia tài chính,TP HCM,Việt Nam,Gold,1,1,5,2015-05-10,2024-03-14,1
4814,customer4814@example.com,Vũ Nga,Nữ,1991,30-39,Giám đốc,Quảng Ninh,Expat,Gold,3,1,10,2015-03-13,2024-04-14,1
4815,customer4815@example.com,Trần Đức,Nam,1982,40-49,Luật sư,Hà Nội,Việt Nam,Silver,2,1,4,2018-05-21,2024-11-13,1
4816,customer4816@example.com,Trần Nga,Nữ,1981,40-49,Bác sĩ,Hà Nội,Expat,Silver,1,1,10,2018-05-11,2024-05-13,1
4817,customer4817@example.com,Vũ Thu,Nữ,1996,25-29,Nhà đầu tư,Quảng Ninh,Việt Nam,Platinum,4,1,2,2016-11-18,2023-10-07,1
4818,customer4818@example.com,Dương Long,Nam,1974,50-59,Kiến trúc sư,Hà Nội,Việt Nam,Platinum,4,1,10,2023-03-18,2023-07-29,1
4819,customer4819@example.com,Hồ Tuấn,Nam,1983,40-49,Giám đốc,Hải Phòng,Việt Nam,Silver,4,1,4,2023-06-14,2023-12-13,1
4820,customer4820@example.com,Bùi Đức,Nam,1963,60+,Giám đốc,Đà Nẵng,Việt Nam,Gold,4,1,8,2022-09-26,2023-09-28,1
4821,customer4821@example.com,Bùi Hằng,Nữ,1988,30-39,Người nổi tiếng,Hà Nội,Việt Nam,Silver,1,1,2,2019-07-13,2024-09-23,1
4822,customer4822@example.com,Lê Quang,Nam,1995,25-29,Người nổi tiếng,Khánh Hòa,Việt Nam,Gold,4,1,1,2023-01-01,2023-04-27,1
4823,customer4823@example.com,Nguyễn Nga,Nữ,1977,40-49,Kiến trúc sư,Hà Nội,Việt Nam,Platinum,3,1,10,2020-12-28,2024-10-10,1
4824,customer4824@example.com,Đặng Long,Nam,1967,50-59,Bác sĩ,TP HCM,Việt Nam,Silver,4,1,5,2015-04-27,2023-10-31,1
4825,customer4825@example.com,Bùi Anh,Nam,1970,50-59,Chuyên gia tài chính,Bình Dương,Việt Nam,Gold,2,1,8,2015-05-03,2024-07-27,1
4826,customer4826@example.com,Đặng Anh,Nam,1982,40-49,Kiến trúc sư,Hà Nội,Việt Nam,Gold,1,1,1,2015-05-02,2023-11-15,1
4827,customer4827@example.com,Vũ Minh,Nam,1976,40-49,Giám đốc,Bình Dương,Expat,Gold,3,1,5,2022-06-27,2024-11-01,1
4828,customer4828@example.com,Vũ Ngọc,Nữ,1971,50-59,Luật sư,Hà Nội,Việt Nam,Gold,1,1,9,2019-11-17,2024-03-23,1
4829,customer4829@example.com,Hồ Việt,Nam,1977,40-49,Bác sĩ,Đà Nẵng,Việt Nam,Platinum,1,1,4,2018-08-12,2023-10-13,1
4830,customer4830@example.com,Lê Trang,Nữ,1977,40-49,Bác sĩ,Hà Nội,Việt Nam,Platinum,3,1,9,2020-08-21,2024-05-11,1
4831,customer4831@example.com,Ngô Việt,Nam,1994,30-39,Nhà đầu tư,Hà Nội,Việt Nam,Gold,3,1,2,2016-12-20,2023-03-24,1
4832,customer4832@example.com,Vũ Lan,Nữ,1996,25-29,Chuyên gia tài chính,TP HCM,Việt Nam,Platinum,1,1,7,2016-08-21,2024-04-19,1
4833,customer4833@example.com,Vũ Thảo,Nữ,1968,50-59,Luật sư,TP HCM,Việt Nam,Platinum,4,1,1,2022-12-07,2023-11-25,1
4834,customer4834@example.com,Đỗ Yến,Nữ,1970,50-59,Kiến trúc sư,TP HCM,Việt Nam,Silver,4,1,1,2023-04-13,2023-02-23,1
4835,customer4835@example.com,Trần Thảo,Nữ,1986,30-39,Nhà đầu tư,TP HCM,Việt Nam,Silver,3,1,7,2023-02-07,2023-02-15,1
4836,customer4836@example.com,Phan Yến,Nữ,1992,30-39,Nhà đầu tư,TP HCM,Việt Nam,Gold,3,1,4,2023-03-23,2023-05-21,1
4837,customer4837@example.com,Dương Linh,Nữ,1981,40-49,Luật sư,Hà Nội,Việt Nam,Diamond,2,1,3,2019-03-29,2023-01-23,1
4838,customer4838@example.com,Hồ Nga,Nữ,1967,50-59,Người nổi tiếng,Bình Dương,Việt Nam,Silver,2,1,4,2019-05-29,2024-07-01,1
4839,customer4839@example.com,Đặng Hùng,Nam,1973,50-59,Người nổi tiếng,Hà Nội,Việt Nam,Gold,1,1,8,2018-03-12,2024-02-17,1
4840,customer4840@example.com,Hoàng Quang,Nam,1962,60+,Chuyên gia tài chính,Hà Nội,Việt Nam,Gold,2,1,7,2023-05-27,2023-08-03,1
4841,customer4841@example.com,Đỗ Tuấn,Nam,1973,50-59,Bác sĩ,Bình Dương,Việt Nam,Silver,3,1,3,2016-02-01,2023-02-28,1
4842,customer4842@example.com,Hoàng Anh,Nam,1961,60+,Người nổi tiếng,TP HCM,Việt Nam,Silver,1,1,2,2016-12-15,2023-08-26,1
4843,customer4843@example.com,Dương Trang,Nữ,1996,25-29,Luật sư,Đà Nẵng,Việt Nam,Platinum,3,1,10,2015-01-29,2023-03-24,1
4844,customer4844@example.com,Hồ Trung,Nam,1997,25-29,Bác sĩ,TP HCM,Expat,Silver,2,1,8,2015-03-01,2023-10-20,1
4845,customer4845@example.com,Ngô Lan,Nữ,1977,40-49,Chuyên gia tài chính,Hà Nội,Việt Nam,Gold,3,1,10,2022-02-28,2023-03-22,1
4846,customer4846@example.com,Đỗ Tuấn,Nam,1974,50-59,Bác sĩ,Hà Nội,Expat,Gold,3,1,10,2017-09-08,2024-07-13,1
4847,customer4847@example.com,Phạm Hoa,Nữ,1995,25-29,Luật sư,TP HCM,Việt Nam,Platinum,2,1,4,2021-04-21,2023-07-22,1
4848,customer4848@example.com,Ngô Ngọc,Nữ,1989,30-39,Luật sư,Khánh Hòa,Việt Nam,Silver,1,1,5,2020-08-05,2024-11-20,1
4849,customer4849@example.com,Vũ Hoa,Nữ,1983,40-49,Chuyên gia tài chính,TP HCM,Việt Nam,Gold,1,1,7,2022-11-04,2024-09-16,1
4850,customer4850@example.com,Lê Tuấn,Nam,1997,25-29,Luật sư,Hà Nội,Việt Nam,Platinum,3,1,9,2021-07-07,2023-08-04,1
4851,customer4851@example.com,Trần Việt,Nam,1962,60+,Doanh nhân,Quảng Ninh,Việt Nam,Platinum,1,1,1,2020-05-23,2023-06-12,1
4852,customer4852@example.com,Hoàng Khánh,Nam,1991,30-39,Người nổi tiếng,TP HCM,Việt Nam,Silver,3,1,5,2016-05-21,2023-01-07,1
4853,customer4853@example.com,Dương Long,Nam,1979,40-49,Kiến trúc sư,Hà Nội,Việt Nam,Silver,3,1,10,2018-05-14,2023-04-05,1
4854,customer4854@example.com,Hoàng Thu,Nữ,1995,25-29,Người nổi tiếng,Hà Nội,Việt Nam,Silver,2,1,2,2015-08-15,2024-09-09,0
4855,customer4855@example.com,Đỗ Hà,Nữ,1964,60+,Giám đốc,Hà Nội,Việt Nam,Platinum,4,1,10,2022-11-23,2023-06-29,1
4856,customer4856@example.com,Trần Minh,Nam,1979,40-49,Bác sĩ,Quảng Ninh,Việt Nam,Silver,3,1,10,2022-09-14,2024-02-04,1
4857,customer4857@example.com,Dương Tuấn,Nam,1984,40-49,Nhà đầu tư,Hải Phòng,Việt Nam,Diamond,4,1,8,2019-11-05,2024-11-20,1
4858,customer4858@example.com,Ngô Thu,Nữ,1965,50-59,Nhà đầu tư,TP HCM,Việt Nam,Silver,4,1,3,2023-02-13,2023-01-21,1
4859,customer4859@example.com,Dương Trang,Nữ,1983,40-49,Giám đốc,Hà Nội,Việt Nam,Diamond,3,1,2,2015-07-12,2023-01-30,1
4860,customer4860@example.com,Đỗ Anh,Nam,1982,40-49,Bác sĩ,Hà Nội,Việt Nam,Silver,4,1,7,2021-04-02,2023-06-14,1
4861,customer4861@example.com,Phan Mai,Nữ,1967,50-59,Doanh nhân,Quảng Ninh,Việt Nam,Diamond,1,1,6,2018-01-28,2024-03-04,1
4862,customer4862@example.com,Bùi Thảo,Nữ,1962,60+,Chuyên gia tài chính,TP HCM,Việt Nam,Platinum,1,1,5,2016-05-30,2023-02-20,1
4863,customer4863@example.com,Nguyễn Yến,Nữ,1973,50-59,Người nổi tiếng,TP HCM,Việt Nam,Silver,2,1,7,2017-07-07,2023-06-14,1
4864,customer4864@example.com,Trần Linh,Nữ,1978,40-49,Luật sư,TP HCM,Việt Nam,Platinum,2,1,2,2015-09-02,2023-08-09,1
4865,customer4865@example.com,Nguyễn Mai,Nữ,1960,60+,Luật sư,Hải Phòng,Việt Nam,Silver,3,1,1,2019-11-24,2023-06-28,1
4866,customer4866@example.com,Đặng Minh,Nam,1983,40-49,Luật sư,Hà Nội,Expat,Platinum,3,1,2,2019-04-08,2023-04-13,1
4867,customer4867@example.com,Phạm Ngọc,Nữ,1977,40-49,Kiến trúc sư,TP HCM,Việt Nam,Platinum,2,1,5,2018-11-18,2024-11-11,1
4868,customer4868@example.com,Hồ Thảo,Nữ,1986,30-39,Luật sư,Hà Nội,Việt Nam,Silver,1,1,4,2015-06-30,2024-11-13,1
4869,customer4869@example.com,Dương Hoa,Nữ,1995,25-29,Giám đốc,TP HCM,Việt Nam,Silver,3,1,1,2019-10-27,2023-05-09,1
4870,customer4870@example.com,Hồ Lan,Nữ,1994,30-39,Kiến trúc sư,TP HCM,Expat,Platinum,3,1,4,2019-12-21,2023-07-20,1
4871,customer4871@example.com,Đỗ Đức,Nam,1971,50-59,Nhà đầu tư,Đà Nẵng,Expat,Silver,3,1,1,2016-10-02,2023-05-21,0
4872,customer4872@example.com,Phạm Thành,Nam,1983,40-49,Kiến trúc sư,Đà Nẵng,Expat,Platinum,2,1,8,2021-08-30,2024-01-14,0
4873,customer4873@example.com,Vũ Hải,Nam,1977,40-49,Giám đốc,TP HCM,Việt Nam,Diamond,1,1,5,2019-11-16,2023-04-27,1
4874,customer4874@example.com,Ngô Long,Nam,1967,50-59,Doanh nhân,Đà Nẵng,Việt Nam,Gold,2,1,5,2015-03-16,2023-01-06,1
4875,customer4875@example.com,Dương Ánh,Nữ,1964,60+,Nhà đầu tư,TP HCM,Việt Nam,Silver,2,1,2,2019-12-13,2023-09-05,1
4876,customer4876@example.com,Lê Hoa,Nữ,1972,50-59,Chuyên gia tài chính,TP HCM,Việt Nam,Silver,4,1,6,2017-04-07,2023-04-15,1
4877,customer4877@example.com,Bùi Hằng,Nữ,1968,50-59,Giám đốc,Hải Phòng,Expat,Silver,1,1,1,2015-05-15,2023-05-18,1
4878,customer4878@example.com,Ngô Hải,Nam,1991,30-39,Giám đốc,TP HCM,Việt Nam,Gold,2,1,3,2021-04-15,2024-04-29,1
4879,customer4879@example.com,Hồ Yến,Nữ,1960,60+,Người nổi tiếng,TP HCM,Việt Nam,Diamond,3,1,3,2017-07-26,2023-12-21,1
4880,customer4880@example.com,Dương Quang,Nam,1970,50-59,Kiến trúc sư,Hà Nội,Việt Nam,Gold,3,1,2,2019-05-07,2023-08-27,1
4881,customer4881@example.com,Đặng Thu,Nữ,1978,40-49,Bác sĩ,TP HCM,Việt Nam,Gold,2,1,10,2022-07-14,2023-06-04,0
4882,customer4882@example.com,Dương Nga,Nữ,1965,50-59,Người nổi tiếng,Hà Nội,Việt Nam,Gold,2,1,4,2015-02-15,2023-10-24,1
4883,customer4883@example.com,Trần Nga,Nữ,1995,25-29,Bác sĩ,TP HCM,Việt Nam,Silver,2,1,4,2022-07-19,2024-05-19,1
4884,customer4884@example.com,Hoàng Anh,Nam,1967,50-59,Doanh nhân,Hà Nội,Việt Nam,Diamond,1,1,9,2016-03-11,2024-12-04,1
4885,customer4885@example.com,Trần Hùng,Nam,1998,25-29,Giám đốc,TP HCM,Việt Nam,Silver,4,1,9,2019-11-25,2023-06-22,0
4886,customer4886@example.com,Hoàng Yến,Nữ,1973,50-59,Kiến trúc sư,Đà Nẵng,Expat,Silver,1,1,6,2017-05-23,2023-11-05,1
4887,customer4887@example.com,Phan Lan,Nữ,1981,40-49,Bác sĩ,Đồng Nai,Việt Nam,Gold,1,1,7,2015-11-25,2023-08-27,1
4888,customer4888@example.com,Phan Anh,Nam,1997,25-29,Doanh nhân,TP HCM,Việt Nam,Platinum,4,1,2,2018-06-13,2024-01-25,1
4889,customer4889@example.com,Lê Yến,Nữ,1978,40-49,Kiến trúc sư,TP HCM,Việt Nam,Gold,4,1,3,2015-08-04,2023-08-03,1
4890,customer4890@example.com,Bùi Đức,Nam,1972,50-59,Bác sĩ,Đà Nẵng,Việt Nam,Silver,3,1,4,2016-07-29,2024-05-03,1
4891,customer4891@example.com,Lê Hằng,Nữ,1961,60+,Chuyên gia tài chính,TP HCM,Việt Nam,Silver,3,1,9,2015-07-26,2023-06-19,1
4892,customer4892@example.com,Nguyễn Thành,Nam,1967,50-59,Giám đốc,TP HCM,Việt Nam,Platinum,1,1,6,2023-05-15,2024-11-29,1
4893,customer4893@example.com,Hồ Yến,Nữ,1975,40-49,Bác sĩ,TP HCM,Việt Nam,Platinum,3,1,10,2015-07-08,2024-08-23,1
4894,customer4894@example.com,Trần Yến,Nữ,1991,30-39,Giám đốc,Đà Nẵng,Việt Nam,Silver,1,1,7,2016-09-05,2023-03-15,1
4895,customer4895@example.com,Phạm Linh,Nữ,1966,50-59,Chuyên gia tài chính,Hà Nội,Việt Nam,Platinum,4,1,1,2016-11-22,2023-11-26,1
4896,customer4896@example.com,Hoàng Ánh,Nữ,1972,50-59,Giám đốc,Đồng Nai,Việt Nam,Diamond,3,1,8,2020-02-05,2024-11-11,1
4897,customer4897@example.com,Hoàng Trung,Nam,1988,30-39,Bác sĩ,Hà Nội,Việt Nam,Diamond,2,1,10,2019-10-23,2024-02-29,1
4898,customer4898@example.com,Hồ Thảo,Nữ,1966,50-59,Giám đốc,TP HCM,Việt Nam,Platinum,2,1,8,2018-02-13,2023-11-21,1
4899,customer4899@example.com,Vũ Nga,Nữ,1983,40-49,Bác sĩ,Quảng Ninh,Việt Nam,Gold,2,1,4,2020-04-29,2024-12-07,1
4900,customer4900@example.com,Dương Linh,Nữ,1978,40-49,Chuyên gia tài chính,Đà Nẵng,Việt Nam,Silver,1,1,5,2019-06-03,2023-09-07,0
4901,customer4901@example.com,Đỗ Hải,Nam,1963,60+,Luật sư,Hải Phòng,Việt Nam,Platinum,4,1,4,2016-09-03,2023-09-03,0
4902,customer4902@example.com,Phan Khánh,Nam,1985,30-39,Chuyên gia tài chính,Khánh Hòa,Việt Nam,Gold,3,1,10,2017-03-30,2024-02-10,1
4903,customer4903@example.com,Lê Hùng,Nam,1980,40-49,Nhà đầu tư,Hà Nội,Việt Nam,Silver,4,1,5,2015-01-16,2024-09-24,1
4904,customer4904@example.com,Đỗ Khánh,Nam,1977,40-49,Nhà đầu tư,Hà Nội,Việt Nam,Gold,2,1,6,2017-06-15,2024-09-27,1
4905,customer4905@example.com,Lê Ngọc,Nữ,1984,40-49,Giám đốc,Đà Nẵng,Việt Nam,Platinum,4,1,3,2019-08-22,2024-04-10,1
4906,customer4906@example.com,Ngô Bình,Nam,1986,30-39,Doanh nhân,Hà Nội,Việt Nam,Gold,4,1,7,2019-12-05,2023-08-13,1
4907,customer4907@example.com,Ngô Khánh,Nam,1967,50-59,Người nổi tiếng,TP HCM,Expat,Diamond,3,1,2,2018-05-07,2023-09-29,1
4908,customer4908@example.com,Dương Long,Nam,1961,60+,Chuyên gia tài chính,Hà Nội,Việt Nam,Diamond,4,1,10,2020-02-13,2024-09-04,1
4909,customer4909@example.com,Đặng Hằng,Nữ,1968,50-59,Bác sĩ,Hải Phòng,Việt Nam,Gold,1,1,7,2017-06-23,2023-02-09,0
4910,customer4910@example.com,Bùi Mai,Nữ,1997,25-29,Luật sư,Đà Nẵng,Việt Nam,Platinum,1,1,8,2020-08-10,2024-05-17,1
4911,customer4911@example.com,Phạm Phương,Nữ,1986,30-39,Bác sĩ,Hà Nội,Việt Nam,Gold,1,1,7,2016-08-04,2024-01-28,1
4912,customer4912@example.com,Phạm Nga,Nữ,1988,30-39,Giám đốc,Đồng Nai,Việt Nam,Platinum,4,1,4,2018-05-09,2023-11-04,1
4913,customer4913@example.com,Phan Ngọc,Nữ,1993,30-39,Doanh nhân,Hà Nội,Việt Nam,Gold,3,1,8,2022-06-20,2024-08-29,1
4914,customer4914@example.com,Dương Anh,Nam,1985,30-39,Giám đốc,TP HCM,Việt Nam,Silver,1,1,9,2019-12-28,2024-08-10,1
4915,customer4915@example.com,Vũ Thành,Nam,1996,25-29,Nhà đầu tư,Hà Nội,Việt Nam,Gold,4,1,8,2019-10-18,2023-08-25,1
4916,customer4916@example.com,Phan Mai,Nữ,1974,50-59,Người nổi tiếng,Hà Nội,Việt Nam,Platinum,4,1,6,2019-02-15,2023-01-12,1
4917,customer4917@example.com,Ngô Linh,Nữ,1967,50-59,Luật sư,Hải Phòng,Việt Nam,Silver,4,1,6,2016-09-03,2024-07-11,1
4918,customer4918@example.com,Đỗ Minh,Nam,1990,30-39,Người nổi tiếng,TP HCM,Việt Nam,Gold,4,1,2,2020-10-16,2023-06-28,1
4919,customer4919@example.com,Vũ Long,Nam,1986,30-39,Doanh nhân,Bình Dương,Việt Nam,Silver,1,1,3,2016-11-30,2023-07-03,1
4920,customer4920@example.com,Vũ Hoa,Nữ,1984,40-49,Nhà đầu tư,TP HCM,Việt Nam,Platinum,4,1,7,2019-08-04,2023-07-07,1
4921,customer4921@example.com,Nguyễn Thảo,Nữ,1991,30-39,Luật sư,TP HCM,Việt Nam,Silver,2,1,4,2022-07-21,2024-06-18,1
4922,customer4922@example.com,Dương Quang,Nam,1971,50-59,Giám đốc,TP HCM,Việt Nam,Gold,3,1,8,2019-12-26,2023-10-31,1
4923,customer4923@example.com,Đỗ Thành,Nam,1980,40-49,Kiến trúc sư,Khánh Hòa,Việt Nam,Platinum,4,1,1,2023-02-07,2023-11-26,1
4924,customer4924@example.com,Dương Trung,Nam,1963,60+,Bác sĩ,TP HCM,Việt Nam,Gold,3,1,3,2021-08-02,2024-02-27,1
4925,customer4925@example.com,Trần Yến,Nữ,1990,30-39,Giám đốc,Đà Nẵng,Việt Nam,Silver,2,1,2,2023-02-22,2023-02-17,0
4926,customer4926@example.com,Đỗ Bình,Nam,1988,30-39,Người nổi tiếng,TP HCM,Expat,Silver,2,1,3,2015-02-26,2023-01-26,1
4927,customer4927@example.com,Hoàng Việt,Nam,1987,30-39,Bác sĩ,Hà Nội,Việt Nam,Silver,3,1,3,2016-07-31,2023-01-31,1
4928,customer4928@example.com,Hoàng Hải,Nam,1970,50-59,Nhà đầu tư,Hà Nội,Việt Nam,Silver,1,1,3,2019-01-18,2023-09-22,1
4929,customer4929@example.com,Hoàng Hùng,Nam,1996,25-29,Giám đốc,Bình Dương,Việt Nam,Gold,3,1,6,2016-10-14,2023-12-04,1
4930,customer4930@example.com,Dương Quang,Nam,1988,30-39,Chuyên gia tài chính,TP HCM,Việt Nam,Silver,3,1,10,2018-08-18,2023-01-27,1
4931,customer4931@example.com,Lê Thành,Nam,1986,30-39,Người nổi tiếng,TP HCM,Expat,Silver,2,1,2,2018-03-20,2024-12-10,1
4932,customer4932@example.com,Trần Long,Nam,1985,30-39,Luật sư,Hải Phòng,Việt Nam,Diamond,3,1,8,2015-06-10,2024-09-06,1
4933,customer4933@example.com,Đỗ Trung,Nam,1986,30-39,Giám đốc,TP HCM,Việt Nam,Platinum,4,1,2,2015-09-03,2023-09-22,1
4934,customer4934@example.com,Trần Anh,Nam,1991,30-39,Giám đốc,Hà Nội,Việt Nam,Gold,1,1,7,2022-12-19,2024-06-29,1
4935,customer4935@example.com,Phan Yến,Nữ,1992,30-39,Doanh nhân,Hà Nội,Việt Nam,Gold,4,1,8,2021-12-05,2023-02-08,1
4936,customer4936@example.com,Trần Trang,Nữ,1981,40-49,Chuyên gia tài chính,Hà Nội,Việt Nam,Diamond,4,1,1,2017-07-30,2024-08-05,1
4937,customer4937@example.com,Phạm Linh,Nữ,1991,30-39,Doanh nhân,Bình Dương,Việt Nam,Silver,2,1,3,2022-04-28,2024-12-11,1
4938,customer4938@example.com,Trần Ngọc,Nữ,1979,40-49,Doanh nhân,Hải Phòng,Việt Nam,Diamond,2,1,1,2015-05-18,2024-12-14,1
4939,customer4939@example.com,Bùi Hằng,Nữ,1983,40-49,Bác sĩ,TP HCM,Việt Nam,Diamond,3,1,9,2020-06-13,2024-06-20,0
4940,customer4940@example.com,Lê Hùng,Nam,1979,40-49,Giám đốc,Đồng Nai,Việt Nam,Silver,4,1,6,2020-06-15,2023-08-13,1
4941,customer4941@example.com,Ngô Ánh,Nữ,1965,50-59,Kiến trúc sư,Hà Nội,Expat,Silver,2,1,2,2016-12-28,2023-10-14,1
4942,customer4942@example.com,Đặng Trung,Nam,1997,25-29,Bác sĩ,Hà Nội,Việt Nam,Platinum,4,1,2,2020-03-09,2023-10-08,0
4943,customer4943@example.com,Ngô Lan,Nữ,1973,50-59,Doanh nhân,Đà Nẵng,Expat,Gold,3,1,2,2020-01-13,2023-06-09,1
4944,customer4944@example.com,Vũ Phương,Nữ,1963,60+,Người nổi tiếng,Hải Phòng,Việt Nam,Silver,2,1,7,2017-03-05,2024-12-27,0
4945,customer4945@example.com,Nguyễn Thành,Nam,1980,40-49,Bác sĩ,Hà Nội,Việt Nam,Silver,2,1,3,2015-11-06,2023-08-18,1
4946,customer4946@example.com,Hoàng Ánh,Nữ,1961,60+,Chuyên gia tài chính,Hải Phòng,Việt Nam,Gold,4,1,1,2020-07-25,2023-06-18,1
4947,customer4947@example.com,Vũ Tuấn,Nam,1962,60+,Người nổi tiếng,Hà Nội,Việt Nam,Silver,3,1,2,2021-11-23,2024-03-28,1
4948,customer4948@example.com,Ngô Hải,Nam,1994,30-39,Chuyên gia tài chính,TP HCM,Việt Nam,Platinum,1,1,7,2015-06-12,2024-10-22,1
4949,customer4949@example.com,Vũ Linh,Nữ,1992,30-39,Kiến trúc sư,TP HCM,Việt Nam,Gold,3,1,7,2023-05-13,2023-04-08,1
4950,customer4950@example.com,Đỗ Hải,Nam,1986,30-39,Chuyên gia tài chính,Hải Phòng,Việt Nam,Silver,1,1,10,2018-09-18,2023-08-06,0
4951,customer4951@example.com,Vũ Việt,Nam,1981,40-49,Nhà đầu tư,TP HCM,Việt Nam,Silver,4,1,2,2017-05-14,2023-10-02,0
4952,customer4952@example.com,Lê Anh,Nam,1998,25-29,Giám đốc,Hà Nội,Việt Nam,Silver,3,1,3,2017-11-04,2024-04-06,1
4953,customer4953@example.com,Hoàng Nga,Nữ,1982,40-49,Doanh nhân,Hải Phòng,Việt Nam,Silver,3,1,10,2020-10-07,2024-10-09,1
4954,customer4954@example.com,Đỗ Minh,Nam,1984,40-49,Kiến trúc sư,Hà Nội,Việt Nam,Gold,3,1,10,2022-03-08,2024-07-11,1
4955,customer4955@example.com,Nguyễn Hằng,Nữ,1977,40-49,Doanh nhân,Hà Nội,Việt Nam,Platinum,1,1,10,2022-02-16,2024-01-10,1
4956,customer4956@example.com,Hồ Anh,Nam,1982,40-49,Bác sĩ,Hà Nội,Việt Nam,Gold,1,1,3,2015-01-04,2024-05-23,1
4957,customer4957@example.com,Bùi Thành,Nam,1963,60+,Giám đốc,TP HCM,Việt Nam,Diamond,2,1,4,2017-04-10,2024-02-01,1
4958,customer4958@example.com,Nguyễn Nga,Nữ,1988,30-39,Bác sĩ,TP HCM,Việt Nam,Gold,3,1,2,2022-11-28,2023-05-28,1
4959,customer4959@example.com,Hồ Hoa,Nữ,1997,25-29,Luật sư,Hà Nội,Việt Nam,Silver,3,1,9,2023-06-29,2024-07-28,1
4960,customer4960@example.com,Hoàng Ngọc,Nữ,1961,60+,Giám đốc,TP HCM,Việt Nam,Silver,1,1,3,2022-07-14,2023-04-25,1
4961,customer4961@example.com,Hồ Thảo,Nữ,1979,40-49,Kiến trúc sư,TP HCM,Việt Nam,Gold,2,1,5,2023-06-26,2024-02-22,1
4962,customer4962@example.com,Vũ Thành,Nam,1964,60+,Giám đốc,Bình Dương,Việt Nam,Silver,4,1,8,2022-08-10,2024-08-17,1
4963,customer4963@example.com,Nguyễn Phương,Nữ,1974,50-59,Chuyên gia tài chính,Khánh Hòa,Việt Nam,Gold,4,1,1,2020-01-05,2023-07-14,1
4964,customer4964@example.com,Hoàng Minh,Nam,1963,60+,Luật sư,TP HCM,Expat,Platinum,1,1,5,2018-05-27,2023-01-21,1
4965,customer4965@example.com,Bùi Hải,Nam,1988,30-39,Nhà đầu tư,Khánh Hòa,Expat,Diamond,2,1,5,2017-03-30,2024-02-14,0
4966,customer4966@example.com,Nguyễn Hoa,Nữ,1983,40-49,Bác sĩ,TP HCM,Việt Nam,Silver,2,1,9,2019-11-16,2024-07-03,1
4967,customer4967@example.com,Đặng Nga,Nữ,1989,30-39,Nhà đầu tư,Hà Nội,Expat,Diamond,2,1,7,2017-09-18,2023-07-31,1
4968,customer4968@example.com,Đỗ Long,Nam,1962,60+,Giám đốc,TP HCM,Việt Nam,Silver,1,1,9,2020-04-17,2023-02-04,0
4969,customer4969@example.com,Trần Yến,Nữ,1984,40-49,Người nổi tiếng,Bình Dương,Việt Nam,Gold,2,1,8,2022-10-27,2023-08-22,1
4970,customer4970@example.com,Dương Quang,Nam,1977,40-49,Người nổi tiếng,TP HCM,Việt Nam,Silver,4,1,5,2016-10-07,2023-12-08,1
4971,customer4971@example.com,Lê Việt,Nam,1975,40-49,Kiến trúc sư,TP HCM,Việt Nam,Platinum,4,1,5,2023-01-22,2024-11-18,1
4972,customer4972@example.com,Lê Linh,Nữ,1973,50-59,Người nổi tiếng,Hà Nội,Expat,Gold,2,1,10,2016-11-09,2024-10-26,1
4973,customer4973@example.com,Hoàng Minh,Nam,1968,50-59,Nhà đầu tư,Hà Nội,Việt Nam,Gold,3,1,7,2015-03-24,2024-01-02,1
4974,customer4974@example.com,Hoàng Hải,Nam,1988,30-39,Doanh nhân,Đồng Nai,Việt Nam,Gold,3,1,9,2016-11-18,2024-01-27,1
4975,customer4975@example.com,Trần Linh,Nữ,1997,25-29,Kiến trúc sư,Khánh Hòa,Việt Nam,Gold,1,1,3,2018-10-20,2024-07-27,1
4976,customer4976@example.com,Vũ Tuấn,Nam,1980,40-49,Giám đốc,TP HCM,Việt Nam,Gold,3,1,5,2015-08-27,2023-11-01,1
4977,customer4977@example.com,Lê Khánh,Nam,1978,40-49,Nhà đầu tư,Hà Nội,Việt Nam,Silver,4,1,1,2017-11-16,2024-02-18,1
4978,customer4978@example.com,Đặng Tuấn,Nam,1961,60+,Kiến trúc sư,TP HCM,Việt Nam,Gold,1,1,6,2023-01-21,2023-08-12,0
4979,customer4979@example.com,Dương Thành,Nam,1990,30-39,Luật sư,TP HCM,Việt Nam,Gold,2,1,8,2020-04-18,2024-05-08,1
4980,customer4980@example.com,Dương Khánh,Nam,1979,40-49,Bác sĩ,Đồng Nai,Việt Nam,Gold,1,1,3,2021-01-15,2024-11-14,1
4981,customer4981@example.com,Lê Ngọc,Nữ,1966,50-59,Bác sĩ,TP HCM,Việt Nam,Silver,4,1,8,2021-10-31,2024-08-03,1
4982,customer4982@example.com,Trần Phương,Nữ,1992,30-39,Kiến trúc sư,TP HCM,Việt Nam,Platinum,1,1,3,2020-02-20,2023-12-22,1
4983,customer4983@example.com,Hoàng Minh,Nam,1960,60+,Nhà đầu tư,TP HCM,Expat,Silver,4,1,9,2017-12-26,2024-06-17,0
4984,customer4984@example.com,Hoàng Thu,Nữ,1970,50-59,Giám đốc,Khánh Hòa,Việt Nam,Diamond,2,1,9,2023-04-16,2024-03-05,1
4985,customer4985@example.com,Nguyễn Hải,Nam,1971,50-59,Kiến trúc sư,Hà Nội,Việt Nam,Gold,4,1,9,2019-09-21,2023-11-03,1
4986,customer4986@example.com,Trần Hằng,Nữ,1960,60+,Nhà đầu tư,Quảng Ninh,Expat,Diamond,2,1,4,2017-03-01,2024-01-25,1
4987,customer4987@example.com,Phan Việt,Nam,1985,30-39,Luật sư,TP HCM,Việt Nam,Platinum,3,1,7,2022-09-25,2023-05-21,1
4988,customer4988@example.com,Phạm Nga,Nữ,1978,40-49,Giám đốc,Hà Nội,Expat,Silver,4,1,4,2022-12-09,2024-07-18,1
4989,customer4989@example.com,Hoàng Hà,Nữ,1968,50-59,Doanh nhân,TP HCM,Việt Nam,Silver,3,1,2,2023-05-17,2023-01-23,1
4990,customer4990@example.com,Nguyễn Nga,Nữ,1986,30-39,Doanh nhân,TP HCM,Việt Nam,Gold,2,1,10,2022-03-05,2024-10-30,1
4991,customer4991@example.com,Hồ Yến,Nữ,1993,30-39,Luật sư,Hà Nội,Expat,Platinum,1,1,3,2016-03-29,2023-04-20,1
4992,customer4992@example.com,Hồ Hà,Nữ,1985,30-39,Doanh nhân,Hà Nội,Việt Nam,Platinum,2,1,9,2016-01-19,2023-09-21,1
4993,customer4993@example.com,Vũ Hà,Nữ,1982,40-49,Giám đốc,Hải Phòng,Việt Nam,Silver,3,1,5,2022-07-30,2024-07-19,1
4994,customer4994@example.com,Ngô Ngọc,Nữ,1965,50-59,Giám đốc,Hà Nội,Việt Nam,Silver,4,1,7,2022-03-03,2023-11-09,1
4995,customer4995@example.com,Đặng Khánh,Nam,1978,40-49,Kiến trúc sư,Hà Nội,Việt Nam,Gold,4,1,8,2021-02-19,2023-10-02,1
4996,customer4996@example.com,Ngô Hà,Nữ,1987,30-39,Giám đốc,Hà Nội,Việt Nam,Gold,1,1,7,2015-01-14,2024-09-02,1
4997,customer4997@example.com,Phan Thu,Nữ,1963,60+,Người nổi tiếng,Bình Dương,Việt Nam,Platinum,1,1,8,2021-02-09,2023-06-11,1
4998,customer4998@example.com,Hoàng Trang,Nữ,1966,50-59,Người nổi tiếng,Hà Nội,Việt Nam,Diamond,1,1,3,2020-02-13,2024-09-04,1
4999,customer4999@example.com,Phạm Minh,Nam,1991,30-39,Giám đốc,Hải Phòng,Expat,Gold,3,1,7,2019-03-08,2023-06-06,1
5000,customer5000@example.com,Hồ Hằng,Nữ,1983,40-49,Chuyên gia tài chính,TP HCM,Expat,Gold,3,1,4,2021-03-15,2024-03-09,1
5001,customer5001@example.com,Ngô Yến,Nữ,1974,50-59,Doanh nhân,TP HCM,Expat,Silver,3,1,6,2020-03-24,2024-08-12,1
5002,customer5002@example.com,Phạm Yến,Nữ,1989,30-39,Giám đốc,TP HCM,Việt Nam,Gold,4,1,3,2020-12-08,2023-03-24,1
5003,customer5003@example.com,Phạm Ánh,Nữ,1965,50-59,Doanh nhân,Hà Nội,Việt Nam,Silver,2,1,8,2019-07-08,2023-08-09,1
5004,customer5004@example.com,Ngô Anh,Nam,1985,30-39,Kiến trúc sư,Đà Nẵng,Việt Nam,Diamond,4,1,7,2020-11-13,2024-04-19,1
5005,customer5005@example.com,Đỗ Hằng,Nữ,1983,40-49,Kiến trúc sư,Quảng Ninh,Việt Nam,Gold,1,1,8,2018-12-30,2023-08-21,1
5006,customer5006@example.com,Hồ Phương,Nữ,1966,50-59,Người nổi tiếng,Đà Nẵng,Việt Nam,Silver,4,1,6,2019-09-13,2023-08-12,1
5007,customer5007@example.com,Nguyễn Hằng,Nữ,1977,40-49,Doanh nhân,Hà Nội,Việt Nam,Silver,4,1,3,2019-11-10,2024-09-21,1
5008,customer5008@example.com,Lê Ngọc,Nữ,1990,30-39,Người nổi tiếng,Hải Phòng,Việt Nam,Platinum,2,1,4,2016-12-18,2023-07-02,1
5009,customer5009@example.com,Phạm Hùng,Nam,1991,30-39,Nhà đầu tư,Hải Phòng,Việt Nam,Silver,1,1,3,2015-07-09,2023-02-15,1
5010,customer5010@example.com,Vũ Thu,Nữ,1970,50-59,Giám đốc,Quảng Ninh,Expat,Gold,3,1,8,2015-03-02,2023-03-16,1
5011,customer5011@example.com,Ngô Việt,Nam,1997,25-29,Kiến trúc sư,TP HCM,Việt Nam,Diamond,4,1,5,2019-05-03,2023-01-28,1
5012,customer5012@example.com,Nguyễn Minh,Nam,1982,40-49,Nhà đầu tư,TP HCM,Việt Nam,Silver,2,1,9,2018-09-20,2023-07-25,0
5013,customer5013@example.com,Phan Thu,Nữ,1980,40-49,Nhà đầu tư,TP HCM,Việt Nam,Gold,2,1,3,2016-05-31,2023-02-23,0
5014,customer5014@example.com,Ngô Ánh,Nữ,1982,40-49,Người nổi tiếng,TP HCM,Việt Nam,Silver,3,1,3,2022-02-28,2023-02-27,1
5015,customer5015@example.com,Hoàng Tuấn,Nam,1973,50-59,Doanh nhân,Đà Nẵng,Expat,Diamond,4,1,3,2015-10-05,2024-05-26,0
5016,customer5016@example.com,Bùi Thu,Nữ,1986,30-39,Doanh nhân,Khánh Hòa,Việt Nam,Diamond,1,1,8,2021-11-06,2024-02-02,1
5017,customer5017@example.com,Đặng Hùng,Nam,1987,30-39,Bác sĩ,Hà Nội,Việt Nam,Platinum,2,1,7,2019-02-03,2024-09-10,1
5018,customer5018@example.com,Vũ Anh,Nam,1966,50-59,Nhà đầu tư,TP HCM,Việt Nam,Silver,2,1,7,2019-07-28,2024-12-20,1
5019,customer5019@example.com,Bùi Quang,Nam,1962,60+,Giám đốc,TP HCM,Việt Nam,Silver,1,1,6,2015-04-11,2024-08-07,1
5020,customer5020@example.com,Đỗ Long,Nam,1998,25-29,Người nổi tiếng,TP HCM,Expat,Gold,1,1,5,2019-06-13,2023-01-07,1
5021,customer5021@example.com,Ngô Bình,Nam,1976,40-49,Kiến trúc sư,Hà Nội,Việt Nam,Gold,3,1,4,2018-06-26,2023-11-16,1
5022,customer5022@example.com,Phan Quang,Nam,1989,30-39,Nhà đầu tư,Bình Dương,Việt Nam,Diamond,4,1,3,2015-12-25,2023-08-16,1
5023,customer5023@example.com,Lê Trung,Nam,1997,25-29,Chuyên gia tài chính,Hà Nội,Expat,Diamond,4,1,7,2015-12-03,2023-02-10,1
5024,customer5024@example.com,Vũ Hải,Nam,1966,50-59,Doanh nhân,Quảng Ninh,Việt Nam,Gold,4,1,1,2022-10-15,2023-12-06,1
5025,customer5025@example.com,Bùi Thành,Nam,1974,50-59,Luật sư,Đồng Nai,Việt Nam,Silver,3,1,9,2015-12-25,2024-02-09,1
5026,customer5026@example.com,Đỗ Hà,Nữ,1971,50-59,Giám đốc,TP HCM,Việt Nam,Silver,1,1,2,2021-04-18,2024-01-10,1
5027,customer5027@example.com,Đặng Linh,Nữ,1970,50-59,Giám đốc,Hà Nội,Việt Nam,Diamond,3,1,7,2020-07-05,2023-07-10,1
5028,customer5028@example.com,Bùi Quang,Nam,1970,50-59,Chuyên gia tài chính,Đà Nẵng,Việt Nam,Diamond,3,1,2,2015-08-12,2023-04-09,1
5029,customer5029@example.com,Đỗ Ánh,Nữ,1997,25-29,Bác sĩ,Hà Nội,Việt Nam,Silver,3,1,5,2017-12-15,2023-01-29,1
5030,customer5030@example.com,Trần Hà,Nữ,1987,30-39,Chuyên gia tài chính,TP HCM,Việt Nam,Silver,1,1,10,2020-07-02,2024-01-30,1
5031,customer5031@example.com,Vũ Hoa,Nữ,1994,30-39,Luật sư,Đà Nẵng,Việt Nam,Silver,3,1,10,2016-05-01,2023-10-29,1
5032,customer5032@example.com,Ngô Bình,Nam,1967,50-59,Bác sĩ,Hà Nội,Việt Nam,Silver,3,1,2,2020-09-27,2023-06-29,0
5033,customer5033@example.com,Vũ Hùng,Nam,1995,25-29,Người nổi tiếng,Khánh Hòa,Việt Nam,Gold,1,1,4,2018-10-25,2023-08-18,1
5034,customer5034@example.com,Phạm Mai,Nữ,1988,30-39,Kiến trúc sư,Hà Nội,Việt Nam,Diamond,3,1,8,2015-08-31,2023-08-17,1
5035,customer5035@example.com,Lê Nga,Nữ,1997,25-29,Người nổi tiếng,Hà Nội,Việt Nam,Platinum,4,1,10,2016-10-05,2024-09-07,0
5036,customer5036@example.com,Ngô Phương,Nữ,1987,30-39,Giám đốc,Đồng Nai,Expat,Silver,4,1,3,2015-12-18,2024-10-27,1
5037,customer5037@example.com,Lê Trang,Nữ,1963,60+,Nhà đầu tư,Đà Nẵng,Việt Nam,Silver,4,1,3,2020-07-30,2023-02-24,1
5038,customer5038@example.com,Nguyễn Ngọc,Nữ,1965,50-59,Bác sĩ,TP HCM,Việt Nam,Gold,1,1,9,2017-04-25,2023-07-11,0
5039,customer5039@example.com,Ngô Đức,Nam,1979,40-49,Giám đốc,Hải Phòng,Việt Nam,Platinum,3,1,2,2018-09-11,2023-09-11,1
5040,customer5040@example.com,Đỗ Tuấn,Nam,1993,30-39,Luật sư,Hà Nội,Việt Nam,Silver,4,1,3,2021-05-14,2024-07-07,1
5041,customer5041@example.com,Đặng Bình,Nam,1993,30-39,Giám đốc,Hà Nội,Expat,Platinum,3,1,3,2017-08-09,2024-06-03,1
5042,customer5042@example.com,Nguyễn Trang,Nữ,1992,30-39,Doanh nhân,Hà Nội,Expat,Platinum,4,1,10,2019-10-15,2023-10-16,1
5043,customer5043@example.com,Ngô Lan,Nữ,1989,30-39,Người nổi tiếng,TP HCM,Việt Nam,Gold,1,1,4,2020-11-14,2023-11-27,1
5044,customer5044@example.com,Trần Khánh,Nam,1974,50-59,Người nổi tiếng,TP HCM,Việt Nam,Gold,3,1,2,2021-07-13,2024-01-03,1
5045,customer5045@example.com,Phạm Long,Nam,1974,50-59,Kiến trúc sư,Hà Nội,Việt Nam,Gold,3,1,6,2015-09-18,2023-01-10,1
5046,customer5046@example.com,Đặng Hùng,Nam,1966,50-59,Doanh nhân,Đồng Nai,Việt Nam,Silver,3,1,4,2015-11-25,2023-12-14,1
5047,customer5047@example.com,Hồ Hà,Nữ,1978,40-49,Nhà đầu tư,TP HCM,Việt Nam,Gold,2,1,6,2017-10-24,2024-05-26,1
5048,customer5048@example.com,Phạm Yến,Nữ,1981,40-49,Giám đốc,Đà Nẵng,Việt Nam,Gold,3,1,4,2016-06-13,2023-10-09,1
5049,customer5049@example.com,Nguyễn Anh,Nam,1967,50-59,Giám đốc,Hải Phòng,Việt Nam,Diamond,4,1,5,2018-03-13,2024-03-07,1
5050,customer5050@example.com,Vũ Thành,Nam,1965,50-59,Giám đốc,Hải Phòng,Expat,Platinum,3,1,2,2019-05-10,2023-10-22,1
5051,customer5051@example.com,Nguyễn Anh,Nam,1991,30-39,Kiến trúc sư,Đồng Nai,Việt Nam,Gold,4,1,5,2021-06-16,2023-07-05,1
5052,customer5052@example.com,Ngô Quang,Nam,1984,40-49,Giám đốc,Bình Dương,Expat,Silver,4,1,5,2020-10-21,2023-10-28,1
5053,customer5053@example.com,Hoàng Hà,Nữ,1970,50-59,Nhà đầu tư,Bình Dương,Expat,Silver,2,1,1,2019-04-17,2024-10-28,1
5054,customer5054@example.com,Ngô Phương,Nữ,1972,50-59,Doanh nhân,Đà Nẵng,Việt Nam,Silver,2,1,3,2023-02-21,2023-10-07,1
5055,customer5055@example.com,Ngô Hà,Nữ,1998,25-29,Chuyên gia tài chính,Đồng Nai,Expat,Silver,2,1,4,2015-10-11,2024-02-23,1
5056,customer5056@example.com,Phạm Mai,Nữ,1977,40-49,Luật sư,Hà Nội,Việt Nam,Silver,3,1,2,2019-09-10,2024-09-23,1
5057,customer5057@example.com,Dương Bình,Nam,1991,30-39,Người nổi tiếng,Hải Phòng,Việt Nam,Silver,4,1,2,2020-08-18,2024-06-09,1
5058,customer5058@example.com,Đặng Hà,Nữ,1969,50-59,Giám đốc,Đà Nẵng,Việt Nam,Gold,4,1,5,2018-12-26,2024-01-04,1
5059,customer5059@example.com,Hoàng Minh,Nam,1993,30-39,Luật sư,Khánh Hòa,Việt Nam,Diamond,4,1,5,2023-04-24,2024-01-15,1
5060,customer5060@example.com,Vũ Hằng,Nữ,1960,60+,Kiến trúc sư,Hà Nội,Việt Nam,Gold,4,1,10,2017-08-09,2023-01-06,1
5061,customer5061@example.com,Trần Anh,Nam,1964,60+,Người nổi tiếng,Hà Nội,Việt Nam,Gold,2,1,1,2016-11-04,2023-02-06,1
5062,customer5062@example.com,Hồ Ánh,Nữ,1987,30-39,Chuyên gia tài chính,TP HCM,Việt Nam,Platinum,4,1,2,2019-07-30,2023-02-18,0
5063,customer5063@example.com,Đỗ Hoa,Nữ,1964,60+,Luật sư,Khánh Hòa,Việt Nam,Diamond,4,1,5,2015-08-31,2024-12-07,1
5064,customer5064@example.com,Nguyễn Ngọc,Nữ,1994,30-39,Chuyên gia tài chính,Đà Nẵng,Việt Nam,Platinum,1,1,5,2022-03-23,2024-05-20,1
5065,customer5065@example.com,Nguyễn Đức,Nam,1982,40-49,Giám đốc,TP HCM,Việt Nam,Gold,3,1,2,2019-05-08,2023-08-18,1
5066,customer5066@example.com,Vũ Hà,Nữ,1982,40-49,Luật sư,Hải Phòng,Việt Nam,Gold,1,1,3,2017-07-02,2023-12-10,1
5067,customer5067@example.com,Hồ Trung,Nam,1991,30-39,Bác sĩ,Quảng Ninh,Việt Nam,Platinum,2,1,9,2021-06-08,2023-03-13,1
5068,customer5068@example.com,Nguyễn Mai,Nữ,1964,60+,Người nổi tiếng,Hà Nội,Việt Nam,Diamond,1,1,5,2020-02-27,2024-10-02,1
5069,customer5069@example.com,Vũ Tuấn,Nam,1981,40-49,Luật sư,Quảng Ninh,Việt Nam,Gold,4,1,10,2023-04-23,2024-12-25,1
5070,customer5070@example.com,Bùi Nga,Nữ,1992,30-39,Kiến trúc sư,Hà Nội,Việt Nam,Gold,3,1,6,2020-09-03,2023-06-09,1
5071,customer5071@example.com,Phạm Hà,Nữ,1985,30-39,Người nổi tiếng,Hà Nội,Việt Nam,Silver,2,1,1,2018-01-20,2024-04-12,1
5072,customer5072@example.com,Phạm Thảo,Nữ,1969,50-59,Bác sĩ,TP HCM,Việt Nam,Platinum,1,1,3,2022-02-07,2024-06-22,1
5073,customer5073@example.com,Hoàng Minh,Nam,1997,25-29,Doanh nhân,Hà Nội,Việt Nam,Silver,1,1,8,2022-06-11,2024-05-29,1
5074,customer5074@example.com,Trần Thảo,Nữ,1978,40-49,Nhà đầu tư,TP HCM,Việt Nam,Platinum,4,1,1,2020-07-14,2023-02-08,1
5075,customer5075@example.com,Phạm Việt,Nam,1990,30-39,Người nổi tiếng,Đà Nẵng,Việt Nam,Silver,2,1,6,2018-12-10,2023-09-27,1
5076,customer5076@example.com,Lê Anh,Nam,1968,50-59,Kiến trúc sư,TP HCM,Expat,Gold,1,1,10,2020-06-17,2023-11-11,1
5077,customer5077@example.com,Trần Anh,Nam,1996,25-29,Bác sĩ,TP HCM,Việt Nam,Gold,1,1,6,2016-02-19,2023-11-01,1
5078,customer5078@example.com,Nguyễn Lan,Nữ,1979,40-49,Kiến trúc sư,Khánh Hòa,Expat,Platinum,3,1,7,2015-02-01,2024-07-19,1
5079,customer5079@example.com,Hồ Thảo,Nữ,1977,40-49,Chuyên gia tài chính,Đồng Nai,Việt Nam,Diamond,4,1,8,2019-01-16,2024-01-13,1
5080,customer5080@example.com,Phạm Long,Nam,1970,50-59,Doanh nhân,Hà Nội,Việt Nam,Platinum,2,1,3,2021-11-13,2023-01-27,1
5081,customer5081@example.com,Phan Minh,Nam,1965,50-59,Người nổi tiếng,TP HCM,Việt Nam,Platinum,2,1,1,2016-02-07,2023-06-01,1
5082,customer5082@example.com,Dương Mai,Nữ,1968,50-59,Doanh nhân,TP HCM,Việt Nam,Silver,1,1,9,2016-07-16,2023-11-01,1
5083,customer5083@example.com,Bùi Anh,Nam,1998,25-29,Chuyên gia tài chính,TP HCM,Việt Nam,Gold,3,1,2,2022-07-04,2023-09-03,1
5084,customer5084@example.com,Nguyễn Khánh,Nam,1973,50-59,Người nổi tiếng,Hà Nội,Việt Nam,Gold,4,1,2,2020-08-14,2024-03-31,1
5085,customer5085@example.com,Đỗ Nga,Nữ,1992,30-39,Luật sư,Đà Nẵng,Expat,Gold,2,1,6,2020-12-25,2023-11-23,1
5086,customer5086@example.com,Hồ Trang,Nữ,1980,40-49,Chuyên gia tài chính,Hà Nội,Việt Nam,Diamond,2,1,7,2015-08-10,2023-10-23,1
5087,customer5087@example.com,Hoàng Linh,Nữ,1968,50-59,Doanh nhân,Quảng Ninh,Việt Nam,Gold,4,1,1,2019-10-12,2023-09-27,1
5088,customer5088@example.com,Ngô Mai,Nữ,1979,40-49,Chuyên gia tài chính,Đà Nẵng,Expat,Silver,4,1,10,2017-02-25,2023-09-12,1
5089,customer5089@example.com,Đỗ Ánh,Nữ,1991,30-39,Doanh nhân,Hà Nội,Expat,Diamond,1,1,7,2017-04-07,2024-08-09,1
5090,customer5090@example.com,Hoàng Nga,Nữ,1981,40-49,Doanh nhân,TP HCM,Expat,Platinum,2,1,10,2019-05-13,2023-12-19,1
5091,customer5091@example.com,Đặng Quang,Nam,1976,40-49,Doanh nhân,TP HCM,Việt Nam,Platinum,2,1,6,2015-08-11,2023-12-30,1
5092,customer5092@example.com,Hoàng Minh,Nam,1977,40-49,Bác sĩ,TP HCM,Việt Nam,Gold,1,1,2,2018-02-04,2023-07-01,1
5093,customer5093@example.com,Phạm Ánh,Nữ,1961,60+,Luật sư,TP HCM,Việt Nam,Gold,3,1,1,2016-09-25,2023-04-16,1
5094,customer5094@example.com,Hoàng Ngọc,Nữ,1982,40-49,Doanh nhân,TP HCM,Việt Nam,Platinum,3,1,7,2015-04-18,2024-02-09,1
5095,customer5095@example.com,Phạm Lan,Nữ,1997,25-29,Nhà đầu tư,TP HCM,Việt Nam,Diamond,3,1,10,2016-05-24,2024-03-01,1
5096,customer5096@example.com,Ngô Hải,Nam,1983,40-49,Người nổi tiếng,TP HCM,Việt Nam,Platinum,1,1,5,2019-01-09,2023-12-11,1
5097,customer5097@example.com,Lê Việt,Nam,1986,30-39,Luật sư,Hà Nội,Việt Nam,Gold,2,1,2,2022-10-30,2023-06-09,1
5098,customer5098@example.com,Trần Hùng,Nam,1995,25-29,Doanh nhân,Hà Nội,Việt Nam,Silver,1,1,1,2020-01-02,2024-05-26,1
5099,customer5099@example.com,Ngô Quang,Nam,1996,25-29,Người nổi tiếng,Đồng Nai,Việt Nam,Gold,4,1,7,2020-09-17,2024-11-07,1
5100,customer5100@example.com,Trần Quang,Nam,1972,50-59,Chuyên gia tài chính,Hà Nội,Việt Nam,Silver,1,1,3,2020-07-01,2023-05-24,1
5101,customer5101@example.com,Hoàng Minh,Nam,1966,50-59,Chuyên gia tài chính,Hà Nội,Expat,Silver,4,1,10,2020-10-17,2024-09-07,1
5102,customer5102@example.com,Bùi Thảo,Nữ,1975,40-49,Luật sư,TP HCM,Việt Nam,Platinum,2,1,6,2023-02-03,2024-06-13,0
5103,customer5103@example.com,Hồ Nga,Nữ,1974,50-59,Kiến trúc sư,TP HCM,Việt Nam,Silver,2,1,3,2017-07-09,2023-02-06,1
5104,customer5104@example.com,Lê Quang,Nam,1998,25-29,Nhà đầu tư,Hà Nội,Việt Nam,Silver,3,1,6,2022-09-25,2024-01-08,1
5105,customer5105@example.com,Trần Anh,Nam,1982,40-49,Giám đốc,Hải Phòng,Expat,Gold,4,1,2,2018-05-17,2023-06-13,1
5106,customer5106@example.com,Hoàng Thảo,Nữ,1968,50-59,Luật sư,TP HCM,Việt Nam,Platinum,3,1,2,2015-12-22,2023-01-17,1
5107,customer5107@example.com,Hồ Quang,Nam,1971,50-59,Kiến trúc sư,TP HCM,Việt Nam,Silver,4,1,5,2020-11-24,2024-08-29,1
5108,customer5108@example.com,Lê Nga,Nữ,1977,40-49,Bác sĩ,TP HCM,Việt Nam,Silver,4,1,10,2015-10-15,2023-01-07,1
5109,customer5109@example.com,Lê Hải,Nam,1988,30-39,Nhà đầu tư,TP HCM,Việt Nam,Silver,2,1,5,2017-02-23,2023-11-11,1
5110,customer5110@example.com,Nguyễn Việt,Nam,1963,60+,Doanh nhân,Đồng Nai,Việt Nam,Silver,1,1,3,2020-01-15,2024-04-18,1
5111,customer5111@example.com,Vũ Tuấn,Nam,1984,40-49,Chuyên gia tài chính,TP HCM,Việt Nam,Platinum,4,1,5,2018-05-06,2023-04-24,1
5112,customer5112@example.com,Hoàng Mai,Nữ,1992,30-39,Giám đốc,TP HCM,Việt Nam,Diamond,4,1,5,2022-01-29,2023-06-02,0
5113,customer5113@example.com,Hồ Trang,Nữ,1963,60+,Kiến trúc sư,Quảng Ninh,Việt Nam,Platinum,1,1,4,2019-11-07,2024-05-06,1
5114,customer5114@example.com,Bùi Long,Nam,1986,30-39,Giám đốc,TP HCM,Việt Nam,Silver,2,1,8,2021-08-31,2023-11-12,1
5115,customer5115@example.com,Nguyễn Phương,Nữ,1982,40-49,Người nổi tiếng,Hà Nội,Việt Nam,Silver,1,1,10,2020-11-05,2024-05-03,0
5116,customer5116@example.com,Lê Trung,Nam,1977,40-49,Chuyên gia tài chính,Đà Nẵng,Việt Nam,Silver,4,1,4,2018-02-11,2023-11-10,1
5117,customer5117@example.com,Dương Ánh,Nữ,1973,50-59,Kiến trúc sư,TP HCM,Việt Nam,Gold,3,1,10,2016-05-11,2023-09-13,1
5118,customer5118@example.com,Dương Hải,Nam,1964,60+,Bác sĩ,Hải Phòng,Việt Nam,Diamond,1,1,6,2023-06-22,2024-08-21,1
5119,customer5119@example.com,Phạm Quang,Nam,1970,50-59,Nhà đầu tư,TP HCM,Việt Nam,Gold,2,1,4,2016-08-29,2023-08-31,1
5120,customer5120@example.com,Phạm Anh,Nam,1964,60+,Chuyên gia tài chính,Đà Nẵng,Việt Nam,Platinum,3,1,6,2020-01-16,2023-01-20,1
5121,customer5121@example.com,Bùi Ánh,Nữ,1985,30-39,Giám đốc,Hà Nội,Việt Nam,Silver,2,1,3,2018-02-13,2024-04-26,0
5122,customer5122@example.com,Nguyễn Yến,Nữ,1972,50-59,Giám đốc,Hà Nội,Việt Nam,Diamond,4,1,6,2019-11-30,2023-10-10,1
5123,customer5123@example.com,Hồ Hoa,Nữ,1983,40-49,Người nổi tiếng,Đà Nẵng,Việt Nam,Gold,1,1,2,2019-07-23,2023-12-13,1
5124,customer5124@example.com,Đặng Hằng,Nữ,1992,30-39,Chuyên gia tài chính,TP HCM,Việt Nam,Platinum,1,1,7,2019-05-21,2023-12-28,1
5125,customer5125@example.com,Lê Việt,Nam,1988,30-39,Nhà đầu tư,Hà Nội,Việt Nam,Silver,1,1,2,2020-05-20,2023-04-06,1
5126,customer5126@example.com,Lê Hà,Nữ,1970,50-59,Bác sĩ,TP HCM,Expat,Platinum,3,1,6,2017-03-31,2023-04-12,1
5127,customer5127@example.com,Vũ Thảo,Nữ,1965,50-59,Kiến trúc sư,Bình Dương,Việt Nam,Platinum,3,1,5,2015-02-12,2023-01-29,1
5128,customer5128@example.com,Ngô Việt,Nam,1993,30-39,Doanh nhân,TP HCM,Việt Nam,Platinum,1,1,8,2021-11-27,2024-02-12,1
5129,customer5129@example.com,Đỗ Thành,Nam,1989,30-39,Nhà đầu tư,TP HCM,Việt Nam,Silver,1,1,2,2021-03-27,2024-05-26,0
5130,customer5130@example.com,Ngô Hoa,Nữ,1993,30-39,Chuyên gia tài chính,TP HCM,Việt Nam,Gold,1,1,7,2020-06-13,2023-03-10,1
5131,customer5131@example.com,Đặng Lan,Nữ,1987,30-39,Nhà đầu tư,TP HCM,Việt Nam,Gold,3,1,2,2023-03-16,2024-03-11,1
5132,customer5132@example.com,Bùi Hải,Nam,1972,50-59,Bác sĩ,TP HCM,Việt Nam,Gold,1,1,2,2018-10-13,2023-10-23,1
5133,customer5133@example.com,Nguyễn Quang,Nam,1983,40-49,Chuyên gia tài chính,Hà Nội,Việt Nam,Gold,1,1,7,2022-08-10,2024-05-16,1
5134,customer5134@example.com,Hoàng Yến,Nữ,1972,50-59,Doanh nhân,TP HCM,Việt Nam,Platinum,4,1,7,2020-01-29,2024-01-19,1
5135,customer5135@example.com,Đỗ Hải,Nam,1984,40-49,Kiến trúc sư,Hà Nội,Việt Nam,Diamond,2,1,5,2017-01-25,2024-12-03,1
5136,customer5136@example.com,Đỗ Trung,Nam,1984,40-49,Chuyên gia tài chính,TP HCM,Expat,Platinum,3,1,8,2015-03-31,2023-02-16,1
5137,customer5137@example.com,Trần Ánh,Nữ,1982,40-49,Bác sĩ,Hà Nội,Việt Nam,Gold,1,1,3,2017-06-24,2024-06-15,1
5138,customer5138@example.com,Phạm Thành,Nam,1962,60+,Giám đốc,Đồng Nai,Việt Nam,Gold,1,1,5,2015-01-11,2024-08-10,1
5139,customer5139@example.com,Lê Trung,Nam,1987,30-39,Bác sĩ,Hà Nội,Việt Nam,Gold,3,1,4,2019-12-17,2024-03-12,1
5140,customer5140@example.com,Bùi Hải,Nam,1996,25-29,Luật sư,Hà Nội,Việt Nam,Gold,2,1,1,2019-11-07,2024-02-11,1
5141,customer5141@example.com,Hồ Lan,Nữ,1997,25-29,Chuyên gia tài chính,Khánh Hòa,Việt Nam,Diamond,2,1,8,2018-08-18,2024-11-13,1
5142,customer5142@example.com,Dương Hà,Nữ,1983,40-49,Doanh nhân,Khánh Hòa,Việt Nam,Gold,1,1,7,2021-04-15,2023-05-23,1
5143,customer5143@example.com,Nguyễn Long,Nam,1988,30-39,Nhà đầu tư,TP HCM,Việt Nam,Silver,1,1,10,2015-10-15,2024-03-15,1
5144,customer5144@example.com,Ngô Trung,Nam,1988,30-39,Doanh nhân,Hà Nội,Việt Nam,Gold,1,1,3,2022-10-08,2024-06-27,1
5145,customer5145@example.com,Đỗ Bình,Nam,1973,50-59,Người nổi tiếng,Hà Nội,Việt Nam,Diamond,4,1,1,2015-10-11,2023-11-20,1
5146,customer5146@example.com,Hoàng Thảo,Nữ,1971,50-59,Luật sư,Hà Nội,Expat,Silver,2,1,3,2016-01-23,2023-01-23,1
5147,customer5147@example.com,Hồ Hà,Nữ,1990,30-39,Kiến trúc sư,Hải Phòng,Việt Nam,Silver,3,1,5,2016-08-25,2024-05-23,0
5148,customer5148@example.com,Ngô Thành,Nam,1966,50-59,Giám đốc,Khánh Hòa,Việt Nam,Platinum,2,1,1,2020-02-15,2023-04-18,1
5149,customer5149@example.com,Phan Khánh,Nam,1962,60+,Kiến trúc sư,TP HCM,Việt Nam,Platinum,2,1,8,2022-02-21,2024-01-02,1
5150,customer5150@example.com,Phan Yến,Nữ,1993,30-39,Giám đốc,TP HCM,Việt Nam,Gold,3,1,7,2022-05-08,2024-03-25,1
5151,customer5151@example.com,Phạm Tuấn,Nam,1970,50-59,Nhà đầu tư,Quảng Ninh,Việt Nam,Platinum,1,1,5,2019-07-28,2023-10-13,1
5152,customer5152@example.com,Hoàng Tuấn,Nam,1991,30-39,Nhà đầu tư,TP HCM,Việt Nam,Gold,3,1,1,2019-07-27,2024-03-21,1
5153,customer5153@example.com,Phan Minh,Nam,1977,40-49,Giám đốc,Hà Nội,Việt Nam,Platinum,2,1,5,2022-11-22,2023-04-28,1
5154,customer5154@example.com,Ngô Quang,Nam,1966,50-59,Doanh nhân,TP HCM,Việt Nam,Silver,4,1,10,2022-04-13,2023-06-16,1
5155,customer5155@example.com,Vũ Thành,Nam,1965,50-59,Kiến trúc sư,TP HCM,Việt Nam,Silver,4,1,4,2015-10-12,2023-11-16,0
5156,customer5156@example.com,Lê Long,Nam,1997,25-29,Kiến trúc sư,Hà Nội,Việt Nam,Platinum,3,1,1,2022-06-14,2023-12-19,1
5157,customer5157@example.com,Lê Phương,Nữ,1978,40-49,Nhà đầu tư,Đà Nẵng,Việt Nam,Gold,3,1,8,2016-07-17,2024-05-18,1
5158,customer5158@example.com,Bùi Trung,Nam,1993,30-39,Người nổi tiếng,Hà Nội,Expat,Silver,4,1,3,2015-03-12,2023-08-04,1
5159,customer5159@example.com,Đặng Hoa,Nữ,1982,40-49,Giám đốc,TP HCM,Việt Nam,Silver,2,1,2,2017-11-07,2023-05-29,1
5160,customer5160@example.com,Nguyễn Bình,Nam,1977,40-49,Giám đốc,Bình Dương,Expat,Platinum,3,1,10,2016-06-24,2024-08-30,0
5161,customer5161@example.com,Bùi Việt,Nam,1972,50-59,Luật sư,Bình Dương,Việt Nam,Gold,2,1,5,2016-08-08,2023-11-01,1
5162,customer5162@example.com,Hồ Ánh,Nữ,1979,40-49,Bác sĩ,Hà Nội,Việt Nam,Platinum,1,1,7,2023-02-14,2023-10-25,0
5163,customer5163@example.com,Bùi Khánh,Nam,1977,40-49,Chuyên gia tài chính,Hải Phòng,Việt Nam,Silver,3,1,6,2019-10-23,2023-11-12,1
5164,customer5164@example.com,Đỗ Thu,Nữ,1973,50-59,Giám đốc,Hải Phòng,Việt Nam,Silver,1,1,7,2017-04-29,2023-09-04,1
5165,customer5165@example.com,Hồ Phương,Nữ,1982,40-49,Người nổi tiếng,TP HCM,Việt Nam,Silver,4,1,8,2018-12-29,2024-03-04,1
5166,customer5166@example.com,Vũ Hằng,Nữ,1991,30-39,Người nổi tiếng,Hải Phòng,Expat,Platinum,2,1,5,2022-11-17,2024-06-06,1
5167,customer5167@example.com,Phạm Mai,Nữ,1960,60+,Kiến trúc sư,Đà Nẵng,Việt Nam,Gold,3,1,6,2017-03-28,2024-12-19,1
5168,customer5168@example.com,Ngô Ánh,Nữ,1978,40-49,Bác sĩ,Hà Nội,Việt Nam,Silver,3,1,10,2020-10-05,2023-07-16,1
5169,customer5169@example.com,Phan Thành,Nam,1963,60+,Giám đốc,Đà Nẵng,Expat,Silver,3,1,2,2018-04-14,2024-02-14,1
5170,customer5170@example.com,Hồ Hoa,Nữ,1998,25-29,Luật sư,TP HCM,Việt Nam,Gold,1,1,1,2018-08-07,2024-04-14,1
5171,customer5171@example.com,Trần Minh,Nam,1976,40-49,Doanh nhân,TP HCM,Việt Nam,Diamond,3,1,1,2022-05-18,2023-08-05,1
5172,customer5172@example.com,Trần Linh,Nữ,1983,40-49,Nhà đầu tư,Quảng Ninh,Việt Nam,Platinum,3,1,3,2023-03-02,2023-06-02,1
5173,customer5173@example.com,Phan Trung,Nam,1995,25-29,Chuyên gia tài chính,Hà Nội,Việt Nam,Platinum,2,1,2,2019-01-14,2023-12-11,1
5174,customer5174@example.com,Đỗ Hà,Nữ,1996,25-29,Chuyên gia tài chính,TP HCM,Việt Nam,Silver,4,1,2,2019-11-11,2024-02-05,1
5175,customer5175@example.com,Dương Minh,Nam,1984,40-49,Giám đốc,TP HCM,Việt Nam,Gold,1,1,4,2016-06-15,2024-07-15,0
5176,customer5176@example.com,Ngô Hải,Nam,1969,50-59,Luật sư,TP HCM,Việt Nam,Diamond,3,1,10,2016-05-11,2024-04-26,1
5177,customer5177@example.com,Phan Hùng,Nam,1986,30-39,Kiến trúc sư,Hải Phòng,Expat,Silver,1,1,2,2018-04-20,2024-02-23,1
5178,customer5178@example.com,Trần Hùng,Nam,1984,40-49,Người nổi tiếng,Hà Nội,Việt Nam,Silver,2,1,9,2017-11-20,2023-12-25,0
5179,customer5179@example.com,Phan Anh,Nam,1983,40-49,Nhà đầu tư,Đồng Nai,Việt Nam,Silver,1,1,3,2016-04-25,2023-07-27,1
5180,customer5180@example.com,Hoàng Đức,Nam,1971,50-59,Kiến trúc sư,Đà Nẵng,Việt Nam,Platinum,2,1,10,2016-03-31,2023-07-26,1
5181,customer5181@example.com,Trần Nga,Nữ,1971,50-59,Luật sư,TP HCM,Expat,Silver,4,1,1,2015-11-11,2023-10-26,1
5182,customer5182@example.com,Nguyễn Hải,Nam,1968,50-59,Kiến trúc sư,TP HCM,Việt Nam,Diamond,3,1,4,2021-12-10,2023-07-24,1
5183,customer5183@example.com,Đặng Long,Nam,1961,60+,Giám đốc,Đồng Nai,Expat,Silver,2,1,4,2022-10-13,2023-09-08,1
5184,customer5184@example.com,Đặng Nga,Nữ,1964,60+,Giám đốc,TP HCM,Việt Nam,Gold,3,1,7,2019-02-14,2024-07-02,1
5185,customer5185@example.com,Bùi Trang,Nữ,1976,40-49,Luật sư,TP HCM,Việt Nam,Diamond,4,1,2,2016-07-31,2023-07-23,1
5186,customer5186@example.com,Đặng Phương,Nữ,1993,30-39,Doanh nhân,Đồng Nai,Việt Nam,Platinum,1,1,10,2015-09-11,2024-05-07,1
5187,customer5187@example.com,Phan Hằng,Nữ,1993,30-39,Luật sư,TP HCM,Việt Nam,Silver,2,1,10,2023-04-21,2024-02-19,1
5188,customer5188@example.com,Phạm Yến,Nữ,1975,40-49,Người nổi tiếng,TP HCM,Việt Nam,Silver,1,1,3,2015-12-09,2023-10-22,1
5189,customer5189@example.com,Dương Trang,Nữ,1998,25-29,Luật sư,Đồng Nai,Việt Nam,Silver,4,1,3,2020-09-27,2023-06-02,1
5190,customer5190@example.com,Vũ Hải,Nam,1982,40-49,Nhà đầu tư,Hà Nội,Việt Nam,Gold,4,1,5,2018-06-03,2024-04-16,1
5191,customer5191@example.com,Hoàng Thành,Nam,1984,40-49,Giám đốc,Hà Nội,Việt Nam,Gold,2,1,10,2021-08-09,2023-06-08,1
5192,customer5192@example.com,Phạm Nga,Nữ,1968,50-59,Doanh nhân,TP HCM,Việt Nam,Silver,2,1,10,2017-07-02,2024-11-13,1
5193,customer5193@example.com,Vũ Trang,Nữ,1961,60+,Bác sĩ,Bình Dương,Việt Nam,Platinum,2,1,10,2016-03-25,2024-09-05,1
5194,customer5194@example.com,Ngô Trang,Nữ,1990,30-39,Người nổi tiếng,Hà Nội,Việt Nam,Platinum,4,1,1,2017-02-25,2024-11-10,1
5195,customer5195@example.com,Vũ Nga,Nữ,1992,30-39,Bác sĩ,TP HCM,Việt Nam,Diamond,1,1,3,2021-10-18,2024-10-18,1
5196,customer5196@example.com,Bùi Hà,Nữ,1978,40-49,Bác sĩ,TP HCM,Việt Nam,Platinum,3,1,10,2015-11-27,2024-10-11,1
5197,customer5197@example.com,Ngô Linh,Nữ,1967,50-59,Nhà đầu tư,Hà Nội,Việt Nam,Gold,1,1,2,2021-01-30,2024-05-29,1
5198,customer5198@example.com,Ngô Ngọc,Nữ,1962,60+,Giám đốc,Hải Phòng,Việt Nam,Platinum,2,1,4,2015-12-27,2024-12-01,1
5199,customer5199@example.com,Đặng Ánh,Nữ,1967,50-59,Bác sĩ,TP HCM,Expat,Silver,3,1,5,2023-03-23,2023-06-24,1
5200,customer5200@example.com,Nguyễn Long,Nam,1992,30-39,Chuyên gia tài chính,TP HCM,Expat,Diamond,3,1,2,2016-10-22,2023-04-22,1
5201,customer5201@example.com,Dương Ánh,Nữ,1979,40-49,Kiến trúc sư,Hải Phòng,Expat,Diamond,2,1,7,2018-11-01,2023-05-08,1
5202,customer5202@example.com,Nguyễn Long,Nam,1990,30-39,Người nổi tiếng,Hà Nội,Việt Nam,Platinum,1,1,3,2019-01-25,2023-01-24,1
5203,customer5203@example.com,Ngô Tuấn,Nam,1967,50-59,Doanh nhân,Đồng Nai,Việt Nam,Platinum,3,1,9,2016-05-05,2023-09-04,1
5204,customer5204@example.com,Trần Phương,Nữ,1981,40-49,Nhà đầu tư,TP HCM,Việt Nam,Gold,3,1,1,2019-02-08,2024-01-06,1
5205,customer5205@example.com,Phạm Hà,Nữ,1971,50-59,Chuyên gia tài chính,TP HCM,Việt Nam,Gold,3,1,6,2016-10-03,2023-06-23,1
5206,customer5206@example.com,Dương Lan,Nữ,1990,30-39,Bác sĩ,TP HCM,Việt Nam,Gold,3,1,9,2018-08-02,2023-11-18,1
5207,customer5207@example.com,Nguyễn Hải,Nam,1970,50-59,Kiến trúc sư,Đà Nẵng,Việt Nam,Diamond,2,1,10,2016-03-29,2023-07-10,1
5208,customer5208@example.com,Phạm Linh,Nữ,1988,30-39,Chuyên gia tài chính,TP HCM,Việt Nam,Gold,4,1,4,2016-08-21,2023-07-31,0
5209,customer5209@example.com,Trần Trung,Nam,1988,30-39,Chuyên gia tài chính,Khánh Hòa,Việt Nam,Platinum,4,1,4,2016-06-27,2024-09-01,1
5210,customer5210@example.com,Vũ Tuấn,Nam,1985,30-39,Giám đốc,Bình Dương,Việt Nam,Gold,4,1,5,2021-04-02,2024-01-21,1
5211,customer5211@example.com,Nguyễn Linh,Nữ,1991,30-39,Doanh nhân,Hà Nội,Việt Nam,Diamond,4,1,1,2016-06-06,2024-01-31,1
5212,customer5212@example.com,Hồ Thu,Nữ,1967,50-59,Chuyên gia tài chính,Khánh Hòa,Việt Nam,Diamond,3,1,4,2015-10-01,2024-06-28,1
5213,customer5213@example.com,Bùi Nga,Nữ,1981,40-49,Bác sĩ,Hà Nội,Việt Nam,Gold,1,1,8,2016-10-04,2024-04-18,1
5214,customer5214@example.com,Nguyễn Linh,Nữ,1963,60+,Kiến trúc sư,Hà Nội,Việt Nam,Platinum,2,1,9,2020-01-22,2023-01-29,1
5215,customer5215@example.com,Đặng Hoa,Nữ,1965,50-59,Kiến trúc sư,TP HCM,Việt Nam,Gold,3,1,1,2015-03-25,2024-09-10,1
5216,customer5216@example.com,Hồ Thảo,Nữ,1977,40-49,Doanh nhân,Hải Phòng,Việt Nam,Platinum,1,1,3,2022-08-19,2023-11-25,1
5217,customer5217@example.com,Trần Hoa,Nữ,1986,30-39,Chuyên gia tài chính,Bình Dương,Việt Nam,Silver,3,1,1,2016-07-17,2024-03-25,1
5218,customer5218@example.com,Trần Hải,Nam,1963,60+,Giám đốc,Hà Nội,Expat,Diamond,2,1,10,2018-12-07,2023-07-15,1
5219,customer5219@example.com,Hồ Ánh,Nữ,1980,40-49,Giám đốc,TP HCM,Việt Nam,Diamond,2,1,5,2018-09-03,2023-02-26,1
5220,customer5220@example.com,Hồ Ngọc,Nữ,1961,60+,Người nổi tiếng,Hải Phòng,Expat,Platinum,4,1,7,2019-04-19,2024-04-23,0
5221,customer5221@example.com,Dương Minh,Nam,1984,40-49,Nhà đầu tư,Hà Nội,Việt Nam,Diamond,4,1,5,2015-04-25,2023-12-30,1
5222,customer5222@example.com,Bùi Khánh,Nam,1971,50-59,Kiến trúc sư,Hà Nội,Việt Nam,Silver,3,1,5,2015-06-16,2024-04-10,1
5223,customer5223@example.com,Bùi Phương,Nữ,1972,50-59,Luật sư,TP HCM,Việt Nam,Silver,2,1,5,2019-11-10,2023-04-22,1
5224,customer5224@example.com,Lê Thảo,Nữ,1970,50-59,Giám đốc,Hà Nội,Expat,Silver,1,1,3,2019-08-27,2024-07-16,1
5225,customer5225@example.com,Bùi Trang,Nữ,1983,40-49,Luật sư,TP HCM,Việt Nam,Gold,2,1,10,2019-08-07,2024-05-27,1
5226,customer5226@example.com,Ngô Hằng,Nữ,1961,60+,Kiến trúc sư,TP HCM,Việt Nam,Gold,3,1,8,2015-07-31,2024-09-13,1
5227,customer5227@example.com,Đặng Trung,Nam,1983,40-49,Nhà đầu tư,TP HCM,Việt Nam,Diamond,2,1,10,2023-05-20,2023-09-16,1
5228,customer5228@example.com,Nguyễn Thu,Nữ,1973,50-59,Kiến trúc sư,TP HCM,Expat,Gold,3,1,10,2022-04-20,2023-03-05,1
5229,customer5229@example.com,Nguyễn Bình,Nam,1974,50-59,Người nổi tiếng,Hà Nội,Expat,Silver,4,1,6,2022-09-16,2023-02-02,1
5230,customer5230@example.com,Vũ Minh,Nam,1995,25-29,Giám đốc,Quảng Ninh,Việt Nam,Gold,1,1,1,2020-09-22,2023-03-16,1
5231,customer5231@example.com,Đặng Thành,Nam,1974,50-59,Doanh nhân,Hà Nội,Việt Nam,Gold,3,1,5,2022-10-29,2023-09-17,1
5232,customer5232@example.com,Phan Quang,Nam,1968,50-59,Người nổi tiếng,Hà Nội,Expat,Diamond,1,1,10,2022-08-18,2023-12-06,0
5233,customer5233@example.com,Đỗ Long,Nam,1960,60+,Chuyên gia tài chính,Đà Nẵng,Việt Nam,Silver,3,1,9,2022-03-05,2023-05-16,0
5234,customer5234@example.com,Trần Thảo,Nữ,1982,40-49,Nhà đầu tư,Hà Nội,Expat,Silver,1,1,1,2020-12-23,2024-06-08,1
5235,customer5235@example.com,Hoàng Trang,Nữ,1986,30-39,Giám đốc,Hà Nội,Việt Nam,Gold,2,1,3,2020-09-07,2024-01-13,1
5236,customer5236@example.com,Ngô Ánh,Nữ,1997,25-29,Luật sư,Hà Nội,Việt Nam,Gold,3,1,5,2021-01-05,2024-07-25,0
5237,customer5237@example.com,Phạm Tuấn,Nam,1991,30-39,Người nổi tiếng,TP HCM,Expat,Platinum,1,1,10,2022-07-28,2024-09-14,1
5238,customer5238@example.com,Đặng Bình,Nam,1988,30-39,Luật sư,Hà Nội,Việt Nam,Silver,3,1,4,2020-02-06,2024-11-06,1
5239,customer5239@example.com,Phan Thành,Nam,1973,50-59,Chuyên gia tài chính,Hà Nội,Expat,Platinum,3,1,10,2018-01-27,2023-02-10,1
5240,customer5240@example.com,Vũ Hà,Nữ,1976,40-49,Người nổi tiếng,Hà Nội,Việt Nam,Platinum,1,1,2,2020-11-19,2024-05-31,1
5241,customer5241@example.com,Vũ Việt,Nam,1988,30-39,Doanh nhân,TP HCM,Expat,Gold,3,1,6,2021-01-01,2024-11-05,1
5242,customer5242@example.com,Hoàng Mai,Nữ,1962,60+,Chuyên gia tài chính,Hà Nội,Việt Nam,Gold,4,1,8,2023-01-08,2023-09-13,1
5243,customer5243@example.com,Đỗ Hằng,Nữ,1977,40-49,Nhà đầu tư,Hà Nội,Việt Nam,Gold,1,1,3,2021-02-21,2024-10-11,1
5244,customer5244@example.com,Phạm Yến,Nữ,1968,50-59,Doanh nhân,TP HCM,Việt Nam,Silver,4,1,7,2017-01-06,2024-09-09,1
5245,customer5245@example.com,Hồ Ngọc,Nữ,1993,30-39,Bác sĩ,TP HCM,Việt Nam,Gold,1,1,5,2016-11-27,2024-02-11,1
5246,customer5246@example.com,Vũ Hà,Nữ,1978,40-49,Doanh nhân,TP HCM,Việt Nam,Diamond,4,1,9,2020-11-28,2024-08-11,1
5247,customer5247@example.com,Trần Trung,Nam,1969,50-59,Giám đốc,TP HCM,Việt Nam,Silver,1,1,5,2018-05-02,2023-05-10,1
5248,customer5248@example.com,Hoàng Trang,Nữ,1973,50-59,Chuyên gia tài chính,TP HCM,Expat,Platinum,3,1,5,2019-08-26,2023-06-22,1
5249,customer5249@example.com,Trần Hằng,Nữ,1978,40-49,Luật sư,Hà Nội,Việt Nam,Platinum,4,1,5,2016-01-26,2024-05-13,0
5250,customer5250@example.com,Phạm Bình,Nam,1974,50-59,Doanh nhân,Hà Nội,Việt Nam,Gold,2,1,2,2016-06-27,2023-02-10,1
5251,customer5251@example.com,Phan Hà,Nữ,1961,60+,Doanh nhân,TP HCM,Việt Nam,Silver,1,1,3,2023-02-15,2024-07-26,1
5252,customer5252@example.com,Nguyễn Thành,Nam,1991,30-39,Doanh nhân,TP HCM,Việt Nam,Silver,1,1,8,2018-09-11,2023-08-29,0
5253,customer5253@example.com,Lê Mai,Nữ,1989,30-39,Nhà đầu tư,Hải Phòng,Việt Nam,Diamond,4,1,8,2017-07-13,2023-10-13,1
5254,customer5254@example.com,Trần Trang,Nữ,1963,60+,Chuyên gia tài chính,Đà Nẵng,Việt Nam,Gold,3,1,5,2021-06-14,2023-03-11,1
5255,customer5255@example.com,Trần Hằng,Nữ,1982,40-49,Người nổi tiếng,Hải Phòng,Việt Nam,Diamond,2,1,8,2015-09-24,2024-09-09,1
5256,customer5256@example.com,Vũ Hoa,Nữ,1969,50-59,Người nổi tiếng,Hà Nội,Việt Nam,Silver,4,1,9,2017-09-11,2024-12-16,1
5257,customer5257@example.com,Nguyễn Hoa,Nữ,1968,50-59,Nhà đầu tư,Hà Nội,Việt Nam,Silver,3,1,8,2015-11-17,2023-09-10,1
5258,customer5258@example.com,Trần Trang,Nữ,1995,25-29,Nhà đầu tư,Hà Nội,Việt Nam,Silver,1,1,1,2018-05-28,2024-11-27,1
5259,customer5259@example.com,Lê Hải,Nam,1984,40-49,Nhà đầu tư,TP HCM,Việt Nam,Silver,2,1,1,2018-11-08,2024-07-23,1
5260,customer5260@example.com,Đặng Khánh,Nam,1994,30-39,Nhà đầu tư,Hà Nội,Việt Nam,Silver,4,1,7,2016-01-14,2023-01-29,1
5261,customer5261@example.com,Hồ Khánh,Nam,1987,30-39,Giám đốc,TP HCM,Việt Nam,Platinum,4,1,2,2020-12-07,2024-09-19,1
5262,customer5262@example.com,Ngô Thành,Nam,1996,25-29,Nhà đầu tư,TP HCM,Expat,Diamond,1,1,5,2018-12-31,2023-01-18,1
5263,customer5263@example.com,Đặng Thành,Nam,1995,25-29,Chuyên gia tài chính,Bình Dương,Expat,Platinum,3,1,4,2019-04-26,2024-10-23,0
5264,customer5264@example.com,Hoàng Mai,Nữ,1964,60+,Nhà đầu tư,Bình Dương,Expat,Diamond,1,1,3,2018-06-30,2023-03-06,1
5265,customer5265@example.com,Lê Hùng,Nam,1964,60+,Luật sư,Hải Phòng,Việt Nam,Gold,1,1,1,2022-08-29,2024-01-31,0
5266,customer5266@example.com,Dương Thành,Nam,1970,50-59,Người nổi tiếng,TP HCM,Expat,Gold,4,1,4,2020-04-01,2024-04-17,1
5267,customer5267@example.com,Nguyễn Yến,Nữ,1966,50-59,Kiến trúc sư,TP HCM,Việt Nam,Silver,3,1,10,2018-01-21,2023-01-07,1
5268,customer5268@example.com,Đỗ Thảo,Nữ,1976,40-49,Giám đốc,Hà Nội,Việt Nam,Silver,3,1,6,2019-01-18,2023-06-09,1
5269,customer5269@example.com,Phan Long,Nam,1983,40-49,Kiến trúc sư,Hải Phòng,Việt Nam,Silver,1,1,5,2016-01-09,2023-08-29,1
5270,customer5270@example.com,Phan Hải,Nam,1969,50-59,Nhà đầu tư,Bình Dương,Việt Nam,Platinum,2,1,1,2018-11-25,2024-03-13,1
5271,customer5271@example.com,Trần Hùng,Nam,1966,50-59,Luật sư,TP HCM,Expat,Platinum,4,1,8,2023-01-15,2024-12-05,1
5272,customer5272@example.com,Phạm Khánh,Nam,1967,50-59,Chuyên gia tài chính,Đà Nẵng,Việt Nam,Diamond,1,1,2,2015-11-10,2023-04-17,1
5273,customer5273@example.com,Bùi Đức,Nam,1996,25-29,Doanh nhân,TP HCM,Việt Nam,Silver,2,1,4,2015-07-11,2024-09-07,1
5274,customer5274@example.com,Bùi Việt,Nam,1972,50-59,Giám đốc,TP HCM,Việt Nam,Diamond,4,1,1,2016-10-24,2023-01-19,1
5275,customer5275@example.com,Đỗ Quang,Nam,1995,25-29,Giám đốc,TP HCM,Việt Nam,Silver,3,1,9,2019-09-24,2023-07-03,1
5276,customer5276@example.com,Bùi Khánh,Nam,1983,40-49,Doanh nhân,TP HCM,Việt Nam,Diamond,4,1,8,2022-05-23,2024-08-30,1
5277,customer5277@example.com,Vũ Thành,Nam,1989,30-39,Người nổi tiếng,TP HCM,Việt Nam,Silver,3,1,5,2016-10-11,2023-07-24,1
5278,customer5278@example.com,Bùi Thảo,Nữ,1977,40-49,Doanh nhân,TP HCM,Expat,Gold,4,1,1,2016-08-17,2024-08-13,0
5279,customer5279@example.com,Hoàng Mai,Nữ,1983,40-49,Bác sĩ,Đồng Nai,Việt Nam,Gold,1,1,2,2018-05-18,2024-04-19,1
5280,customer5280@example.com,Phạm Anh,Nam,1985,30-39,Giám đốc,TP HCM,Việt Nam,Gold,4,1,7,2022-08-05,2024-06-21,1
5281,customer5281@example.com,Nguyễn Việt,Nam,1977,40-49,Luật sư,Hải Phòng,Việt Nam,Silver,3,1,5,2018-08-21,2023-09-05,1
5282,customer5282@example.com,Vũ Đức,Nam,1971,50-59,Luật sư,Hà Nội,Việt Nam,Silver,1,1,2,2020-04-25,2024-01-03,1
5283,customer5283@example.com,Dương Hoa,Nữ,1986,30-39,Kiến trúc sư,Hà Nội,Việt Nam,Gold,3,1,10,2015-08-29,2024-06-21,1
5284,customer5284@example.com,Trần Lan,Nữ,1990,30-39,Người nổi tiếng,Hà Nội,Việt Nam,Silver,1,1,3,2016-11-14,2024-11-05,1
5285,customer5285@example.com,Vũ Lan,Nữ,1997,25-29,Nhà đầu tư,Đồng Nai,Việt Nam,Platinum,2,1,3,2021-08-02,2024-01-06,0
5286,customer5286@example.com,Phạm Hằng,Nữ,1978,40-49,Doanh nhân,Hải Phòng,Việt Nam,Gold,3,1,9,2022-05-18,2024-12-20,1
5287,customer5287@example.com,Bùi Hoa,Nữ,1964,60+,Người nổi tiếng,Hà Nội,Việt Nam,Silver,4,1,9,2016-06-16,2024-03-18,1
5288,customer5288@example.com,Ngô Ánh,Nữ,1998,25-29,Doanh nhân,TP HCM,Expat,Gold,4,1,4,2022-04-09,2023-02-18,1
5289,customer5289@example.com,Đặng Thu,Nữ,1962,60+,Kiến trúc sư,TP HCM,Việt Nam,Silver,2,1,5,2015-01-27,2024-08-03,1
5290,customer5290@example.com,Phan Nga,Nữ,1963,60+,Chuyên gia tài chính,Hải Phòng,Việt Nam,Diamond,2,1,4,2017-03-08,2023-10-25,1
5291,customer5291@example.com,Dương Bình,Nam,1965,50-59,Bác sĩ,Quảng Ninh,Việt Nam,Silver,4,1,4,2016-01-31,2024-05-28,1
5292,customer5292@example.com,Ngô Thảo,Nữ,1975,40-49,Doanh nhân,Đà Nẵng,Việt Nam,Silver,1,1,2,2018-09-20,2024-06-17,1
5293,customer5293@example.com,Phạm Tuấn,Nam,1984,40-49,Luật sư,Đồng Nai,Việt Nam,Platinum,3,1,8,2020-04-24,2024-06-10,1
5294,customer5294@example.com,Lê Lan,Nữ,1986,30-39,Chuyên gia tài chính,Hải Phòng,Việt Nam,Platinum,1,1,2,2020-10-24,2024-03-05,1
5295,customer5295@example.com,Lê Quang,Nam,1990,30-39,Luật sư,Đà Nẵng,Việt Nam,Platinum,1,1,5,2021-05-04,2024-03-24,1
5296,customer5296@example.com,Trần Yến,Nữ,1976,40-49,Giám đốc,Hải Phòng,Việt Nam,Silver,1,1,6,2023-05-23,2023-04-16,1
5297,customer5297@example.com,Hoàng Thành,Nam,1997,25-29,Bác sĩ,Đà Nẵng,Việt Nam,Silver,4,1,4,2018-01-11,2023-08-03,1
5298,customer5298@example.com,Phạm Nga,Nữ,1987,30-39,Người nổi tiếng,Đà Nẵng,Việt Nam,Platinum,4,1,9,2017-03-17,2023-11-21,1
5299,customer5299@example.com,Đặng Thảo,Nữ,1974,50-59,Chuyên gia tài chính,TP HCM,Việt Nam,Platinum,4,1,3,2020-01-11,2023-09-28,1
5300,customer5300@example.com,Phạm Hoa,Nữ,1998,25-29,Doanh nhân,TP HCM,Việt Nam,Silver,4,1,9,2016-02-27,2024-12-01,1
5301,customer5301@example.com,Phan Long,Nam,1981,40-49,Bác sĩ,Hải Phòng,Việt Nam,Gold,4,1,8,2022-06-12,2024-12-19,1
5302,customer5302@example.com,Hoàng Hà,Nữ,1966,50-59,Chuyên gia tài chính,Đồng Nai,Việt Nam,Diamond,1,1,4,2019-06-06,2023-10-04,1
5303,customer5303@example.com,Đỗ Việt,Nam,1983,40-49,Doanh nhân,TP HCM,Việt Nam,Gold,4,1,6,2023-06-30,2023-12-14,1
5304,customer5304@example.com,Nguyễn Thảo,Nữ,1962,60+,Bác sĩ,Hà Nội,Việt Nam,Diamond,4,1,10,2022-10-22,2024-06-16,1
5305,customer5305@example.com,Ngô Lan,Nữ,1986,30-39,Giám đốc,TP HCM,Việt Nam,Gold,4,1,8,2021-06-02,2023-07-29,1
5306,customer5306@example.com,Bùi Anh,Nam,1991,30-39,Luật sư,TP HCM,Việt Nam,Platinum,4,1,10,2020-10-27,2024-09-03,0
5307,customer5307@example.com,Đỗ Ánh,Nữ,1994,30-39,Bác sĩ,Hải Phòng,Việt Nam,Diamond,2,1,4,2020-11-01,2023-03-14,1
5308,customer5308@example.com,Vũ Tuấn,Nam,1972,50-59,Kiến trúc sư,Hà Nội,Việt Nam,Silver,3,1,3,2023-01-09,2024-12-24,1
5309,customer5309@example.com,Hoàng Hà,Nữ,1990,30-39,Kiến trúc sư,Đồng Nai,Việt Nam,Diamond,2,1,3,2022-03-24,2023-12-03,0
5310,customer5310@example.com,Đặng Trang,Nữ,1984,40-49,Kiến trúc sư,TP HCM,Việt Nam,Platinum,1,1,6,2021-06-25,2023-12-06,1
5311,customer5311@example.com,Nguyễn Lan,Nữ,1971,50-59,Bác sĩ,TP HCM,Việt Nam,Silver,3,1,4,2022-06-03,2024-04-08,1
5312,customer5312@example.com,Lê Khánh,Nam,1978,40-49,Kiến trúc sư,Hà Nội,Việt Nam,Gold,1,1,4,2023-01-30,2024-04-17,1
5313,customer5313@example.com,Đỗ Tuấn,Nam,1977,40-49,Kiến trúc sư,Hải Phòng,Việt Nam,Platinum,4,1,10,2019-09-14,2023-11-21,1
5314,customer5314@example.com,Hồ Thu,Nữ,1974,50-59,Chuyên gia tài chính,Bình Dương,Việt Nam,Diamond,1,1,8,2016-07-15,2023-03-29,1
5315,customer5315@example.com,Hồ Yến,Nữ,1996,25-29,Doanh nhân,TP HCM,Việt Nam,Diamond,2,1,5,2020-07-24,2024-10-29,0
5316,customer5316@example.com,Phạm Việt,Nam,1965,50-59,Luật sư,TP HCM,Expat,Silver,4,1,9,2018-06-18,2023-01-11,1
5317,customer5317@example.com,Lê Phương,Nữ,1977,40-49,Luật sư,TP HCM,Expat,Silver,1,1,8,2022-01-13,2024-08-23,1
5318,customer5318@example.com,Ngô Khánh,Nam,1962,60+,Bác sĩ,TP HCM,Việt Nam,Silver,1,1,4,2015-06-11,2024-10-05,1
5319,customer5319@example.com,Bùi Hải,Nam,1960,60+,Chuyên gia tài chính,TP HCM,Việt Nam,Silver,2,1,7,2017-11-09,2023-01-02,1
5320,customer5320@example.com,Trần Nga,Nữ,1977,40-49,Giám đốc,Khánh Hòa,Việt Nam,Silver,2,1,5,2016-04-06,2023-08-18,1
5321,customer5321@example.com,Phan Minh,Nam,1996,25-29,Giám đốc,Hà Nội,Việt Nam,Silver,2,1,2,2017-06-09,2024-08-05,1
5322,customer5322@example.com,Phan Thành,Nam,1994,30-39,Giám đốc,Hà Nội,Việt Nam,Silver,1,1,3,2016-07-17,2023-04-13,1
5323,customer5323@example.com,Trần Minh,Nam,1985,30-39,Giám đốc,TP HCM,Việt Nam,Silver,2,1,2,2015-01-01,2023-12-03,1
5324,customer5324@example.com,Hồ Yến,Nữ,1971,50-59,Giám đốc,Hải Phòng,Expat,Platinum,3,1,2,2022-12-25,2024-10-30,1
5325,customer5325@example.com,Đỗ Hà,Nữ,1967,50-59,Người nổi tiếng,Khánh Hòa,Việt Nam,Platinum,4,1,7,2017-09-16,2023-01-23,1
5326,customer5326@example.com,Phan Long,Nam,1966,50-59,Luật sư,Đà Nẵng,Việt Nam,Platinum,1,1,2,2022-06-27,2023-10-27,1
5327,customer5327@example.com,Hồ Thành,Nam,1979,40-49,Bác sĩ,Hải Phòng,Việt Nam,Platinum,4,1,3,2022-04-06,2024-10-02,0
5328,customer5328@example.com,Phạm Anh,Nam,1995,25-29,Bác sĩ,Đà Nẵng,Việt Nam,Platinum,2,1,10,2017-04-17,2024-09-16,1
5329,customer5329@example.com,Nguyễn Trang,Nữ,1968,50-59,Chuyên gia tài chính,TP HCM,Việt Nam,Platinum,1,1,7,2019-12-27,2023-03-15,1
5330,customer5330@example.com,Dương Trung,Nam,1989,30-39,Kiến trúc sư,Hải Phòng,Việt Nam,Silver,1,1,6,2021-06-19,2024-04-06,1
5331,customer5331@example.com,Hồ Khánh,Nam,1975,40-49,Bác sĩ,Hà Nội,Việt Nam,Gold,1,1,8,2022-06-27,2023-07-22,0
5332,customer5332@example.com,Bùi Thu,Nữ,1995,25-29,Nhà đầu tư,Hải Phòng,Việt Nam,Diamond,1,1,3,2022-10-16,2023-05-25,1
5333,customer5333@example.com,Nguyễn Thảo,Nữ,1978,40-49,Doanh nhân,Hà Nội,Việt Nam,Gold,4,1,9,2022-05-13,2023-09-19,1
5334,customer5334@example.com,Phan Việt,Nam,1966,50-59,Nhà đầu tư,Đà Nẵng,Việt Nam,Silver,3,1,9,2016-04-16,2024-09-29,1
5335,customer5335@example.com,Hoàng Nga,Nữ,1960,60+,Bác sĩ,Đà Nẵng,Việt Nam,Silver,4,1,1,2018-10-30,2024-11-10,1
5336,customer5336@example.com,Hồ Hoa,Nữ,1989,30-39,Người nổi tiếng,Hà Nội,Việt Nam,Gold,1,1,6,2017-09-25,2023-08-17,1
5337,customer5337@example.com,Phạm Yến,Nữ,1974,50-59,Kiến trúc sư,Hải Phòng,Việt Nam,Gold,4,1,10,2020-02-02,2024-06-01,1
5338,customer5338@example.com,Trần Minh,Nam,1973,50-59,Bác sĩ,Đồng Nai,Expat,Gold,2,1,1,2022-03-17,2024-01-07,1
5339,customer5339@example.com,Nguyễn Linh,Nữ,1993,30-39,Kiến trúc sư,Hà Nội,Việt Nam,Platinum,4,1,6,2023-03-27,2024-09-22,1
5340,customer5340@example.com,Đặng Khánh,Nam,1997,25-29,Kiến trúc sư,TP HCM,Việt Nam,Platinum,1,1,5,2018-04-30,2024-12-25,1
5341,customer5341@example.com,Ngô Ngọc,Nữ,1996,25-29,Bác sĩ,Đà Nẵng,Việt Nam,Gold,3,1,6,2018-01-12,2024-09-09,1
5342,customer5342@example.com,Trần Việt,Nam,1964,60+,Người nổi tiếng,Bình Dương,Việt Nam,Silver,3,1,5,2016-06-22,2023-07-08,1
5343,customer5343@example.com,Đỗ Anh,Nam,1969,50-59,Chuyên gia tài chính,TP HCM,Expat,Diamond,3,1,3,2019-12-01,2024-09-06,1
5344,customer5344@example.com,Nguyễn Hà,Nữ,1974,50-59,Kiến trúc sư,TP HCM,Việt Nam,Gold,1,1,10,2018-05-30,2024-03-28,1
5345,customer5345@example.com,Trần Hằng,Nữ,1978,40-49,Luật sư,TP HCM,Việt Nam,Gold,1,1,1,2023-02-01,2023-12-11,1
5346,customer5346@example.com,Trần Tuấn,Nam,1982,40-49,Giám đốc,Hà Nội,Expat,Gold,3,1,7,2016-10-14,2023-09-08,1
5347,customer5347@example.com,Vũ Hải,Nam,1987,30-39,Chuyên gia tài chính,TP HCM,Expat,Gold,2,1,1,2015-07-18,2024-11-27,1
5348,customer5348@example.com,Phan Trung,Nam,1972,50-59,Doanh nhân,Hà Nội,Việt Nam,Silver,4,1,6,2023-06-27,2023-12-04,1
5349,customer5349@example.com,Hoàng Hằng,Nữ,1965,50-59,Người nổi tiếng,Quảng Ninh,Việt Nam,Diamond,2,1,9,2017-03-10,2024-11-26,1
5350,customer5350@example.com,Phan Ngọc,Nữ,1969,50-59,Người nổi tiếng,Bình Dương,Việt Nam,Silver,4,1,2,2019-10-01,2024-01-08,1
5351,customer5351@example.com,Đặng Hằng,Nữ,1980,40-49,Kiến trúc sư,Hà Nội,Việt Nam,Gold,3,1,9,2019-05-25,2023-04-28,1
5352,customer5352@example.com,Vũ Trung,Nam,1963,60+,Nhà đầu tư,TP HCM,Việt Nam,Silver,2,1,5,2021-07-22,2024-10-20,1
5353,customer5353@example.com,Hoàng Long,Nam,1974,50-59,Luật sư,TP HCM,Expat,Gold,3,1,2,2018-11-12,2024-03-01,1
5354,customer5354@example.com,Đỗ Việt,Nam,1991,30-39,Kiến trúc sư,TP HCM,Việt Nam,Silver,2,1,4,2022-11-05,2023-09-11,1
5355,customer5355@example.com,Nguyễn Bình,Nam,1967,50-59,Nhà đầu tư,TP HCM,Việt Nam,Silver,2,1,5,2023-05-16,2023-12-09,0
5356,customer5356@example.com,Ngô Ngọc,Nữ,1995,25-29,Giám đốc,TP HCM,Việt Nam,Platinum,3,1,5,2021-11-07,2024-07-07,1
5357,customer5357@example.com,Trần Thành,Nam,1985,30-39,Kiến trúc sư,TP HCM,Việt Nam,Platinum,4,1,1,2020-11-12,2024-11-15,1
5358,customer5358@example.com,Hoàng Hằng,Nữ,1985,30-39,Doanh nhân,Hà Nội,Việt Nam,Diamond,2,1,5,2016-06-17,2024-07-04,1
5359,customer5359@example.com,Lê Thu,Nữ,1971,50-59,Giám đốc,Đồng Nai,Expat,Silver,4,1,4,2019-08-07,2024-02-01,1
5360,customer5360@example.com,Vũ Thu,Nữ,1987,30-39,Luật sư,Quảng Ninh,Việt Nam,Diamond,1,1,8,2016-10-12,2024-05-24,1
5361,customer5361@example.com,Vũ Hải,Nam,1972,50-59,Người nổi tiếng,TP HCM,Expat,Gold,4,1,7,2018-12-15,2024-12-10,1
5362,customer5362@example.com,Vũ Thảo,Nữ,1967,50-59,Doanh nhân,Đồng Nai,Việt Nam,Silver,2,1,4,2017-11-12,2024-08-19,1
5363,customer5363@example.com,Lê Thảo,Nữ,1988,30-39,Kiến trúc sư,TP HCM,Việt Nam,Gold,2,1,7,2016-01-30,2023-11-05,1
5364,customer5364@example.com,Đỗ Trung,Nam,1961,60+,Chuyên gia tài chính,Đồng Nai,Việt Nam,Platinum,2,1,4,2020-10-28,2024-10-15,1
5365,customer5365@example.com,Phạm Ánh,Nữ,1960,60+,Luật sư,Đà Nẵng,Việt Nam,Platinum,4,1,1,2018-10-25,2023-07-17,1
5366,customer5366@example.com,Dương Hải,Nam,1994,30-39,Giám đốc,TP HCM,Việt Nam,Platinum,1,1,7,2021-05-18,2024-02-17,1
5367,customer5367@example.com,Đỗ Nga,Nữ,1995,25-29,Nhà đầu tư,Đà Nẵng,Việt Nam,Silver,2,1,1,2021-01-31,2024-08-25,1
5368,customer5368@example.com,Vũ Linh,Nữ,1993,30-39,Doanh nhân,Khánh Hòa,Việt Nam,Silver,3,1,2,2019-05-12,2023-03-18,1
5369,customer5369@example.com,Dương Minh,Nam,1972,50-59,Nhà đầu tư,Hà Nội,Việt Nam,Silver,4,1,2,2022-01-22,2023-01-14,1
5370,customer5370@example.com,Bùi Minh,Nam,1992,30-39,Chuyên gia tài chính,Bình Dương,Việt Nam,Silver,4,1,6,2020-12-10,2024-12-26,1
5371,customer5371@example.com,Hoàng Việt,Nam,1970,50-59,Luật sư,TP HCM,Việt Nam,Silver,2,1,8,2021-05-15,2024-12-05,1
5372,customer5372@example.com,Hồ Thảo,Nữ,1976,40-49,Chuyên gia tài chính,Hải Phòng,Việt Nam,Platinum,1,1,6,2023-03-28,2024-03-24,1
5373,customer5373@example.com,Trần Trung,Nam,1963,60+,Chuyên gia tài chính,Hà Nội,Việt Nam,Silver,3,1,8,2022-03-06,2024-06-14,1
5374,customer5374@example.com,Ngô Ánh,Nữ,1983,40-49,Nhà đầu tư,TP HCM,Việt Nam,Silver,1,1,3,2020-10-18,2023-03-27,1
5375,customer5375@example.com,Vũ Linh,Nữ,1997,25-29,Giám đốc,Quảng Ninh,Việt Nam,Platinum,2,1,9,2018-12-13,2024-02-10,1
5376,customer5376@example.com,Đỗ Việt,Nam,1985,30-39,Chuyên gia tài chính,TP HCM,Việt Nam,Gold,1,1,2,2018-09-10,2024-11-23,0
5377,customer5377@example.com,Phạm Hùng,Nam,1977,40-49,Nhà đầu tư,Hà Nội,Việt Nam,Platinum,4,1,3,2016-05-21,2023-09-02,1
5378,customer5378@example.com,Phan Bình,Nam,1975,40-49,Giám đốc,Đà Nẵng,Việt Nam,Diamond,3,1,8,2018-06-24,2024-09-23,1
5379,customer5379@example.com,Hồ Thành,Nam,1974,50-59,Nhà đầu tư,Hà Nội,Việt Nam,Gold,4,1,3,2022-06-24,2024-11-10,1
5380,customer5380@example.com,Hoàng Hải,Nam,1969,50-59,Nhà đầu tư,Hà Nội,Việt Nam,Diamond,2,1,2,2022-07-30,2023-02-21,1
5381,customer5381@example.com,Nguyễn Minh,Nam,1990,30-39,Nhà đầu tư,Hà Nội,Việt Nam,Gold,3,1,4,2022-03-24,2023-11-27,1
5382,customer5382@example.com,Phan Anh,Nam,1977,40-49,Người nổi tiếng,Đồng Nai,Việt Nam,Platinum,3,1,7,2017-04-26,2023-09-09,1
5383,customer5383@example.com,Nguyễn Ngọc,Nữ,1965,50-59,Giám đốc,Bình Dương,Việt Nam,Silver,2,1,4,2015-03-30,2023-08-22,1
5384,customer5384@example.com,Vũ Yến,Nữ,1970,50-59,Kiến trúc sư,TP HCM,Expat,Silver,1,1,7,2021-09-01,2023-02-13,1
5385,customer5385@example.com,Ngô Khánh,Nam,1973,50-59,Kiến trúc sư,Khánh Hòa,Việt Nam,Silver,3,1,9,2023-05-13,2023-01-10,1
5386,customer5386@example.com,Phan Hà,Nữ,1995,25-29,Giám đốc,TP HCM,Việt Nam,Gold,2,1,10,2016-10-17,2023-03-16,1
5387,customer5387@example.com,Hồ Hằng,Nữ,1975,40-49,Người nổi tiếng,TP HCM,Việt Nam,Silver,3,1,7,2019-03-31,2024-05-09,1
5388,customer5388@example.com,Lê Phương,Nữ,1993,30-39,Luật sư,Hà Nội,Việt Nam,Gold,4,1,1,2017-09-10,2024-06-01,1
5389,customer5389@example.com,Vũ Hà,Nữ,1978,40-49,Kiến trúc sư,Hà Nội,Việt Nam,Silver,2,1,6,2022-07-17,2024-04-06,0
5390,customer5390@example.com,Dương Nga,Nữ,1981,40-49,Kiến trúc sư,Hà Nội,Việt Nam,Gold,4,1,5,2016-12-05,2023-04-10,0
5391,customer5391@example.com,Bùi Lan,Nữ,1974,50-59,Chuyên gia tài chính,Đà Nẵng,Việt Nam,Gold,3,1,9,2021-08-13,2024-06-07,1
5392,customer5392@example.com,Dương Quang,Nam,1993,30-39,Doanh nhân,Đồng Nai,Việt Nam,Platinum,3,1,4,2021-06-07,2023-08-23,1
5393,customer5393@example.com,Đặng Ngọc,Nữ,1984,40-49,Nhà đầu tư,Hải Phòng,Expat,Platinum,3,1,3,2020-05-16,2023-02-10,1
5394,customer5394@example.com,Vũ Việt,Nam,1998,25-29,Chuyên gia tài chính,Hà Nội,Việt Nam,Gold,3,1,4,2022-08-25,2023-08-10,1
5395,customer5395@example.com,Phạm Quang,Nam,1983,40-49,Luật sư,Hà Nội,Việt Nam,Gold,4,1,8,2020-08-21,2023-02-11,1
5396,customer5396@example.com,Nguyễn Nga,Nữ,1995,25-29,Kiến trúc sư,Hà Nội,Việt Nam,Gold,3,1,9,2017-02-02,2023-09-26,1
5397,customer5397@example.com,Nguyễn Yến,Nữ,1994,30-39,Người nổi tiếng,Hà Nội,Việt Nam,Silver,2,1,2,2022-12-27,2023-02-10,1
5398,customer5398@example.com,Dương Yến,Nữ,1984,40-49,Nhà đầu tư,Hải Phòng,Việt Nam,Platinum,1,1,9,2018-02-19,2023-03-26,1
5399,customer5399@example.com,Hoàng Hoa,Nữ,1964,60+,Người nổi tiếng,Đồng Nai,Việt Nam,Platinum,1,1,1,2018-08-31,2024-02-15,1
5400,customer5400@example.com,Lê Long,Nam,1986,30-39,Nhà đầu tư,Hà Nội,Expat,Silver,3,1,8,2021-02-01,2024-02-29,1
5401,customer5401@example.com,Đặng Thành,Nam,1981,40-49,Nhà đầu tư,TP HCM,Việt Nam,Silver,1,1,4,2016-08-17,2023-04-09,1
5402,customer5402@example.com,Phan Thành,Nam,1977,40-49,Nhà đầu tư,Hà Nội,Expat,Gold,3,1,5,2022-09-24,2024-12-28,1
5403,customer5403@example.com,Đỗ Phương,Nữ,1964,60+,Nhà đầu tư,TP HCM,Việt Nam,Gold,4,1,3,2020-12-23,2024-08-25,1
5404,customer5404@example.com,Đặng Hùng,Nam,1974,50-59,Doanh nhân,TP HCM,Việt Nam,Diamond,2,1,4,2022-09-28,2024-09-13,1
5405,customer5405@example.com,Ngô Linh,Nữ,1988,30-39,Bác sĩ,Đồng Nai,Việt Nam,Silver,3,1,4,2022-11-02,2024-05-16,1
5406,customer5406@example.com,Vũ Tuấn,Nam,1966,50-59,Chuyên gia tài chính,TP HCM,Expat,Gold,4,1,2,2020-08-24,2024-01-13,0
5407,customer5407@example.com,Đặng Thu,Nữ,1988,30-39,Giám đốc,TP HCM,Việt Nam,Silver,2,1,9,2015-07-26,2024-08-31,1
5408,customer5408@example.com,Bùi Việt,Nam,1989,30-39,Nhà đầu tư,Bình Dương,Việt Nam,Gold,1,1,10,2016-11-05,2024-07-25,1
5409,customer5409@example.com,Nguyễn Hà,Nữ,1977,40-49,Bác sĩ,TP HCM,Việt Nam,Silver,2,1,6,2022-06-03,2024-07-22,1
5410,customer5410@example.com,Hồ Ánh,Nữ,1978,40-49,Luật sư,TP HCM,Việt Nam,Platinum,3,1,9,2018-04-03,2023-06-12,1
5411,customer5411@example.com,Hồ Thảo,Nữ,1983,40-49,Bác sĩ,TP HCM,Việt Nam,Gold,3,1,7,2020-01-23,2023-11-20,1
5412,customer5412@example.com,Bùi Yến,Nữ,1986,30-39,Giám đốc,Hà Nội,Việt Nam,Gold,2,1,5,2015-12-23,2023-07-24,1
5413,customer5413@example.com,Phạm Đức,Nam,1991,30-39,Bác sĩ,Khánh Hòa,Việt Nam,Platinum,1,1,10,2022-02-16,2023-11-03,1
5414,customer5414@example.com,Nguyễn Thành,Nam,1969,50-59,Kiến trúc sư,Hà Nội,Việt Nam,Gold,1,1,10,2016-06-07,2023-04-06,1
5415,customer5415@example.com,Ngô Thảo,Nữ,1976,40-49,Bác sĩ,TP HCM,Việt Nam,Platinum,1,1,6,2016-08-30,2024-11-22,1
5416,customer5416@example.com,Nguyễn Hoa,Nữ,1961,60+,Doanh nhân,TP HCM,Expat,Gold,3,1,3,2015-09-27,2024-10-05,1
5417,customer5417@example.com,Phan Quang,Nam,1969,50-59,Bác sĩ,Hà Nội,Việt Nam,Gold,2,1,10,2016-10-01,2023-02-08,1
5418,customer5418@example.com,Phan Hằng,Nữ,1976,40-49,Nhà đầu tư,Hải Phòng,Việt Nam,Silver,1,1,8,2015-07-12,2023-03-10,1
5419,customer5419@example.com,Đặng Ngọc,Nữ,1983,40-49,Chuyên gia tài chính,Hà Nội,Việt Nam,Gold,2,1,6,2022-11-09,2024-04-08,1
5420,customer5420@example.com,Trần Hùng,Nam,1989,30-39,Người nổi tiếng,TP HCM,Việt Nam,Platinum,3,1,7,2021-12-05,2023-04-20,1
5421,customer5421@example.com,Trần Yến,Nữ,1994,30-39,Người nổi tiếng,Hải Phòng,Expat,Gold,1,1,6,2021-03-02,2024-08-26,1
5422,customer5422@example.com,Phạm Phương,Nữ,1968,50-59,Luật sư,TP HCM,Việt Nam,Gold,4,1,2,2021-06-13,2024-01-08,1
5423,customer5423@example.com,Lê Ngọc,Nữ,1985,30-39,Giám đốc,Hà Nội,Việt Nam,Silver,4,1,2,2021-05-28,2023-10-26,0
5424,customer5424@example.com,Bùi Nga,Nữ,1987,30-39,Doanh nhân,Hải Phòng,Việt Nam,Gold,1,1,9,2019-09-04,2023-03-06,1
5425,customer5425@example.com,Phạm Phương,Nữ,1987,30-39,Giám đốc,Hà Nội,Việt Nam,Gold,3,1,3,2017-06-08,2024-04-27,1
5426,customer5426@example.com,Hồ Quang,Nam,1988,30-39,Bác sĩ,Đồng Nai,Việt Nam,Platinum,3,1,8,2015-01-17,2023-04-06,1
5427,customer5427@example.com,Ngô Nga,Nữ,1961,60+,Nhà đầu tư,Đồng Nai,Việt Nam,Diamond,2,1,7,2019-05-08,2024-08-25,1
5428,customer5428@example.com,Lê Minh,Nam,1984,40-49,Giám đốc,Quảng Ninh,Việt Nam,Silver,1,1,5,2023-01-09,2024-06-05,1
5429,customer5429@example.com,Nguyễn Mai,Nữ,1974,50-59,Nhà đầu tư,Quảng Ninh,Expat,Silver,1,1,4,2016-05-05,2024-08-25,1
5430,customer5430@example.com,Phan Phương,Nữ,1972,50-59,Giám đốc,Hà Nội,Việt Nam,Gold,4,1,4,2020-08-01,2023-10-16,1
5431,customer5431@example.com,Phan Anh,Nam,1979,40-49,Giám đốc,TP HCM,Việt Nam,Silver,2,1,4,2021-05-15,2023-05-04,1
5432,customer5432@example.com,Dương Tuấn,Nam,1972,50-59,Bác sĩ,TP HCM,Việt Nam,Silver,4,1,6,2018-06-08,2023-04-05,1
5433,customer5433@example.com,Phan Nga,Nữ,1963,60+,Kiến trúc sư,Hải Phòng,Việt Nam,Diamond,3,1,8,2018-08-15,2023-12-27,1
5434,customer5434@example.com,Phạm Hằng,Nữ,1967,50-59,Doanh nhân,Hải Phòng,Việt Nam,Platinum,3,1,10,2021-11-20,2023-05-01,1
5435,customer5435@example.com,Ngô Bình,Nam,1960,60+,Giám đốc,TP HCM,Việt Nam,Gold,4,1,8,2023-06-03,2023-12-31,1
5436,customer5436@example.com,Nguyễn Thảo,Nữ,1960,60+,Chuyên gia tài chính,Đà Nẵng,Việt Nam,Gold,3,1,3,2020-07-25,2024-01-14,1
5437,customer5437@example.com,Phạm Tuấn,Nam,1989,30-39,Nhà đầu tư,Bình Dương,Việt Nam,Diamond,2,1,8,2016-08-26,2023-09-19,1
5438,customer5438@example.com,Lê Mai,Nữ,1967,50-59,Nhà đầu tư,Đồng Nai,Việt Nam,Silver,2,1,7,2021-09-13,2023-06-16,1
5439,customer5439@example.com,Đỗ Hùng,Nam,1963,60+,Bác sĩ,Quảng Ninh,Việt Nam,Gold,2,1,5,2023-05-08,2023-02-22,1
5440,customer5440@example.com,Bùi Phương,Nữ,1961,60+,Chuyên gia tài chính,Hà Nội,Expat,Platinum,4,1,1,2019-11-18,2024-11-10,1
5441,customer5441@example.com,Đặng Long,Nam,1973,50-59,Nhà đầu tư,Hải Phòng,Việt Nam,Silver,2,1,8,2019-04-07,2024-09-15,1
5442,customer5442@example.com,Nguyễn Nga,Nữ,1964,60+,Luật sư,Hà Nội,Expat,Silver,3,1,8,2021-10-30,2023-10-19,1
5443,customer5443@example.com,Dương Trang,Nữ,1962,60+,Chuyên gia tài chính,Hải Phòng,Việt Nam,Silver,1,1,7,2015-09-06,2023-09-06,1
5444,customer5444@example.com,Đặng Lan,Nữ,1970,50-59,Nhà đầu tư,Hà Nội,Việt Nam,Silver,1,1,8,2016-03-05,2024-09-26,1
5445,customer5445@example.com,Lê Thành,Nam,1988,30-39,Giám đốc,TP HCM,Expat,Silver,3,1,8,2021-06-23,2024-03-28,1
5446,customer5446@example.com,Dương Anh,Nam,1964,60+,Giám đốc,TP HCM,Expat,Silver,1,1,7,2018-05-09,2023-08-08,1
5447,customer5447@example.com,Bùi Đức,Nam,1993,30-39,Nhà đầu tư,Bình Dương,Việt Nam,Diamond,1,1,10,2020-02-08,2023-09-16,1
5448,customer5448@example.com,Dương Mai,Nữ,1995,25-29,Người nổi tiếng,Đà Nẵng,Việt Nam,Silver,4,1,3,2022-02-09,2024-12-03,1
5449,customer5449@example.com,Ngô Nga,Nữ,1981,40-49,Người nổi tiếng,Hải Phòng,Việt Nam,Platinum,4,1,6,2021-03-20,2023-09-16,1
5450,customer5450@example.com,Nguyễn Khánh,Nam,1960,60+,Luật sư,Khánh Hòa,Việt Nam,Gold,4,1,3,2015-03-30,2024-03-06,1
5451,customer5451@example.com,Đỗ Yến,Nữ,1971,50-59,Luật sư,TP HCM,Việt Nam,Gold,1,1,1,2017-01-13,2024-05-30,1
5452,customer5452@example.com,Vũ Đức,Nam,1998,25-29,Doanh nhân,Hà Nội,Việt Nam,Gold,2,1,9,2015-08-12,2023-08-25,0
5453,customer5453@example.com,Lê Khánh,Nam,1970,50-59,Nhà đầu tư,Hà Nội,Việt Nam,Silver,4,1,8,2016-12-16,2024-08-18,1
5454,customer5454@example.com,Đặng Thành,Nam,1982,40-49,Luật sư,TP HCM,Expat,Gold,2,1,4,2015-03-13,2023-11-30,1
5455,customer5455@example.com,Lê Quang,Nam,1980,40-49,Doanh nhân,Hà Nội,Việt Nam,Gold,1,1,3,2017-09-28,2023-01-17,1
5456,customer5456@example.com,Hồ Tuấn,Nam,1964,60+,Bác sĩ,Hà Nội,Việt Nam,Silver,4,1,6,2016-06-06,2023-04-08,0
5457,customer5457@example.com,Dương Anh,Nam,1988,30-39,Kiến trúc sư,TP HCM,Expat,Silver,3,1,1,2015-05-22,2024-08-26,1
5458,customer5458@example.com,Đỗ Anh,Nam,1964,60+,Người nổi tiếng,Hà Nội,Việt Nam,Gold,3,1,2,2015-12-08,2024-12-11,0
5459,customer5459@example.com,Hồ Trang,Nữ,1961,60+,Kiến trúc sư,Hà Nội,Việt Nam,Platinum,3,1,1,2015-11-07,2023-04-27,1
5460,customer5460@example.com,Nguyễn Yến,Nữ,1981,40-49,Bác sĩ,TP HCM,Việt Nam,Silver,1,1,10,2020-06-09,2023-09-10,1
5461,customer5461@example.com,Trần Thảo,Nữ,1997,25-29,Luật sư,TP HCM,Expat,Silver,1,1,1,2018-02-03,2024-01-14,1
5462,customer5462@example.com,Vũ Khánh,Nam,1976,40-49,Giám đốc,Hải Phòng,Việt Nam,Gold,1,1,10,2018-12-01,2024-07-22,1
5463,customer5463@example.com,Ngô Linh,Nữ,1994,30-39,Chuyên gia tài chính,Khánh Hòa,Việt Nam,Silver,3,1,4,2019-09-05,2023-07-09,1
5464,customer5464@example.com,Phan Mai,Nữ,1963,60+,Luật sư,TP HCM,Expat,Platinum,3,1,8,2018-10-14,2023-01-14,1
5465,customer5465@example.com,Bùi Đức,Nam,1990,30-39,Chuyên gia tài chính,Đà Nẵng,Việt Nam,Gold,3,1,1,2022-01-27,2024-10-08,1
5466,customer5466@example.com,Bùi Hoa,Nữ,1992,30-39,Giám đốc,TP HCM,Việt Nam,Gold,4,1,1,2019-12-18,2024-04-07,1
5467,customer5467@example.com,Lê Thu,Nữ,1987,30-39,Giám đốc,Hà Nội,Việt Nam,Gold,1,1,5,2016-12-07,2023-02-03,1
5468,customer5468@example.com,Ngô Trang,Nữ,1973,50-59,Chuyên gia tài chính,Hà Nội,Việt Nam,Silver,1,1,6,2021-12-25,2024-04-23,1
5469,customer5469@example.com,Hồ Thành,Nam,1989,30-39,Nhà đầu tư,Bình Dương,Expat,Gold,1,1,1,2020-11-02,2023-11-22,1
5470,customer5470@example.com,Phan Lan,Nữ,1980,40-49,Người nổi tiếng,Hà Nội,Việt Nam,Silver,3,1,4,2021-08-16,2023-09-26,1
5471,customer5471@example.com,Vũ Tuấn,Nam,1985,30-39,Nhà đầu tư,Đà Nẵng,Việt Nam,Silver,1,1,4,2020-12-28,2023-08-27,1
5472,customer5472@example.com,Phan Nga,Nữ,1965,50-59,Bác sĩ,TP HCM,Việt Nam,Gold,4,1,8,2020-04-13,2024-11-25,1
5473,customer5473@example.com,Bùi Trung,Nam,1983,40-49,Nhà đầu tư,Hà Nội,Việt Nam,Silver,1,1,4,2016-03-03,2023-04-30,1
5474,customer5474@example.com,Đặng Hoa,Nữ,1992,30-39,Người nổi tiếng,TP HCM,Việt Nam,Platinum,2,1,10,2017-09-16,2023-03-01,1
5475,customer5475@example.com,Lê Hà,Nữ,1990,30-39,Chuyên gia tài chính,TP HCM,Việt Nam,Platinum,1,1,7,2017-02-04,2024-10-10,1
5476,customer5476@example.com,Ngô Hằng,Nữ,1986,30-39,Nhà đầu tư,Hà Nội,Expat,Platinum,4,1,9,2021-05-11,2023-01-27,1
5477,customer5477@example.com,Ngô Hải,Nam,1983,40-49,Bác sĩ,Bình Dương,Việt Nam,Platinum,4,1,4,2020-02-28,2024-10-15,1
5478,customer5478@example.com,Hồ Minh,Nam,1988,30-39,Kiến trúc sư,Bình Dương,Việt Nam,Silver,3,1,2,2019-08-08,2024-11-26,1
5479,customer5479@example.com,Đặng Tuấn,Nam,1991,30-39,Luật sư,Khánh Hòa,Việt Nam,Gold,2,1,1,2021-05-16,2023-01-16,1
5480,customer5480@example.com,Dương Minh,Nam,1972,50-59,Giám đốc,TP HCM,Việt Nam,Silver,4,1,5,2020-01-10,2023-01-21,1
5481,customer5481@example.com,Nguyễn Mai,Nữ,1980,40-49,Luật sư,Hà Nội,Việt Nam,Diamond,3,1,5,2020-06-23,2023-05-04,1
5482,customer5482@example.com,Nguyễn Linh,Nữ,1982,40-49,Người nổi tiếng,Hà Nội,Expat,Platinum,1,1,1,2020-06-06,2023-09-20,1
5483,customer5483@example.com,Lê Quang,Nam,1992,30-39,Bác sĩ,Hải Phòng,Việt Nam,Silver,1,1,6,2016-08-09,2024-02-19,1
5484,customer5484@example.com,Đặng Anh,Nam,1963,60+,Nhà đầu tư,TP HCM,Việt Nam,Platinum,4,1,6,2022-08-14,2024-04-18,1
5485,customer5485@example.com,Dương Thu,Nữ,1998,25-29,Bác sĩ,TP HCM,Việt Nam,Gold,4,1,4,2019-10-02,2023-12-17,1
5486,customer5486@example.com,Hoàng Phương,Nữ,1997,25-29,Bác sĩ,Bình Dương,Việt Nam,Silver,3,1,2,2016-03-26,2023-01-09,1
5487,customer5487@example.com,Bùi Đức,Nam,1991,30-39,Giám đốc,Quảng Ninh,Việt Nam,Gold,1,1,10,2022-09-21,2023-07-21,1
5488,customer5488@example.com,Ngô Hoa,Nữ,1987,30-39,Người nổi tiếng,Quảng Ninh,Việt Nam,Diamond,1,1,9,2020-09-20,2023-09-03,1
5489,customer5489@example.com,Vũ Hoa,Nữ,1961,60+,Người nổi tiếng,Hà Nội,Expat,Silver,1,1,8,2018-11-10,2024-07-07,1
5490,customer5490@example.com,Dương Anh,Nam,1967,50-59,Người nổi tiếng,Khánh Hòa,Việt Nam,Platinum,4,1,5,2015-08-27,2024-07-14,1
5491,customer5491@example.com,Hoàng Linh,Nữ,1977,40-49,Kiến trúc sư,Hà Nội,Expat,Gold,3,1,10,2021-08-31,2023-03-28,0
5492,customer5492@example.com,Trần Thu,Nữ,1988,30-39,Chuyên gia tài chính,Hải Phòng,Việt Nam,Platinum,3,1,8,2021-07-11,2023-01-02,1
5493,customer5493@example.com,Vũ Việt,Nam,1994,30-39,Luật sư,Hà Nội,Việt Nam,Diamond,2,1,9,2023-03-26,2024-12-02,1
5494,customer5494@example.com,Đặng Lan,Nữ,1974,50-59,Giám đốc,Hà Nội,Expat,Platinum,2,1,9,2021-10-31,2024-04-15,1
5495,customer5495@example.com,Đỗ Bình,Nam,1976,40-49,Nhà đầu tư,Hà Nội,Việt Nam,Platinum,3,1,9,2020-07-18,2024-04-30,1
5496,customer5496@example.com,Trần Linh,Nữ,1962,60+,Giám đốc,Hà Nội,Việt Nam,Diamond,2,1,5,2019-01-29,2023-07-22,0
5497,customer5497@example.com,Dương Bình,Nam,1980,40-49,Giám đốc,TP HCM,Việt Nam,Gold,2,1,3,2020-02-11,2023-04-30,1
5498,customer5498@example.com,Hoàng Hằng,Nữ,1993,30-39,Nhà đầu tư,Bình Dương,Expat,Gold,4,1,6,2021-01-27,2023-09-14,0
5499,customer5499@example.com,Trần Anh,Nam,1997,25-29,Doanh nhân,Hà Nội,Việt Nam,Gold,4,1,4,2019-10-04,2023-11-03,1
5500,customer5500@example.com,Lê Hà,Nữ,1964,60+,Giám đốc,Đà Nẵng,Việt Nam,Gold,4,1,7,2022-03-06,2023-11-05,0
5501,customer5501@example.com,Ngô Hà,Nữ,1990,30-39,Bác sĩ,Hà Nội,Việt Nam,Diamond,1,1,10,2015-12-07,2023-09-11,1
5502,customer5502@example.com,Phạm Ngọc,Nữ,1993,30-39,Doanh nhân,Hà Nội,Việt Nam,Silver,4,1,7,2020-06-12,2023-06-30,1
5503,customer5503@example.com,Dương Hùng,Nam,1991,30-39,Giám đốc,Hà Nội,Việt Nam,Platinum,2,1,4,2019-07-25,2024-02-27,1
5504,customer5504@example.com,Hoàng Phương,Nữ,1998,25-29,Bác sĩ,TP HCM,Việt Nam,Gold,3,1,5,2020-07-01,2023-07-12,1
5505,customer5505@example.com,Đặng Hoa,Nữ,1981,40-49,Chuyên gia tài chính,Khánh Hòa,Việt Nam,Gold,4,1,9,2017-11-02,2024-05-02,1
5506,customer5506@example.com,Nguyễn Thảo,Nữ,1985,30-39,Giám đốc,Đồng Nai,Việt Nam,Gold,4,1,8,2016-03-28,2024-05-12,1
5507,customer5507@example.com,Hoàng Mai,Nữ,1977,40-49,Luật sư,TP HCM,Việt Nam,Platinum,3,1,8,2015-06-14,2023-01-12,1
5508,customer5508@example.com,Ngô Trang,Nữ,1980,40-49,Kiến trúc sư,Quảng Ninh,Việt Nam,Silver,1,1,1,2019-12-12,2023-08-26,1
5509,customer5509@example.com,Bùi Minh,Nam,1984,40-49,Doanh nhân,TP HCM,Việt Nam,Silver,2,1,10,2022-02-11,2024-09-06,1
5510,customer5510@example.com,Ngô Thu,Nữ,1985,30-39,Chuyên gia tài chính,Hà Nội,Expat,Gold,2,1,10,2016-02-19,2024-07-18,1
5511,customer5511@example.com,Đỗ Lan,Nữ,1998,25-29,Chuyên gia tài chính,TP HCM,Việt Nam,Silver,3,1,9,2017-01-21,2023-10-10,1
5512,customer5512@example.com,Trần Hà,Nữ,1967,50-59,Doanh nhân,Bình Dương,Việt Nam,Gold,1,1,1,2019-09-28,2023-04-20,1
5513,customer5513@example.com,Dương Long,Nam,1994,30-39,Người nổi tiếng,Hà Nội,Việt Nam,Platinum,4,1,4,2020-08-02,2023-01-05,1
5514,customer5514@example.com,Trần Yến,Nữ,1970,50-59,Chuyên gia tài chính,Hà Nội,Việt Nam,Gold,4,1,4,2018-06-10,2023-02-17,1
5515,customer5515@example.com,Đỗ Yến,Nữ,1978,40-49,Chuyên gia tài chính,Quảng Ninh,Việt Nam,Platinum,4,1,6,2016-11-29,2023-11-13,0
5516,customer5516@example.com,Đặng Hải,Nam,1964,60+,Chuyên gia tài chính,Hà Nội,Việt Nam,Silver,4,1,9,2016-04-16,2023-10-23,1
5517,customer5517@example.com,Nguyễn Hoa,Nữ,1991,30-39,Chuyên gia tài chính,Hà Nội,Expat,Gold,2,1,9,2017-09-04,2024-08-23,1
5518,customer5518@example.com,Phạm Thành,Nam,1969,50-59,Giám đốc,Đà Nẵng,Việt Nam,Gold,4,1,5,2022-04-27,2023-02-16,0
5519,customer5519@example.com,Phạm Ngọc,Nữ,1976,40-49,Bác sĩ,TP HCM,Việt Nam,Platinum,3,1,4,2016-11-15,2023-08-18,1
5520,customer5520@example.com,Ngô Ánh,Nữ,1962,60+,Luật sư,Hà Nội,Việt Nam,Silver,3,1,5,2016-08-19,2023-10-20,1
5521,customer5521@example.com,Lê Quang,Nam,1968,50-59,Kiến trúc sư,Khánh Hòa,Việt Nam,Platinum,2,1,4,2018-06-02,2023-08-30,1
5522,customer5522@example.com,Dương Ánh,Nữ,1962,60+,Luật sư,Hà Nội,Việt Nam,Gold,4,1,2,2020-08-05,2024-10-28,1
5523,customer5523@example.com,Phạm Thảo,Nữ,1993,30-39,Kiến trúc sư,TP HCM,Việt Nam,Gold,1,1,10,2020-09-08,2024-12-13,1
5524,customer5524@example.com,Ngô Tuấn,Nam,1996,25-29,Kiến trúc sư,Đà Nẵng,Expat,Silver,1,1,3,2021-09-21,2024-03-23,1
5525,customer5525@example.com,Đặng Nga,Nữ,1998,25-29,Bác sĩ,Hà Nội,Việt Nam,Silver,1,1,10,2017-06-21,2024-08-25,1
5526,customer5526@example.com,Nguyễn Hà,Nữ,1995,25-29,Doanh nhân,Hải Phòng,Việt Nam,Gold,4,1,8,2019-12-03,2024-06-30,1
5527,customer5527@example.com,Phan Hải,Nam,1977,40-49,Kiến trúc sư,Đà Nẵng,Việt Nam,Silver,3,1,3,2021-09-25,2024-10-23,1
5528,customer5528@example.com,Lê Quang,Nam,1991,30-39,Luật sư,Hà Nội,Việt Nam,Diamond,3,1,9,2017-05-23,2023-07-27,1
5529,customer5529@example.com,Ngô Thu,Nữ,1983,40-49,Luật sư,TP HCM,Việt Nam,Silver,2,1,2,2016-03-14,2024-02-03,1
5530,customer5530@example.com,Vũ Long,Nam,1969,50-59,Chuyên gia tài chính,Khánh Hòa,Việt Nam,Gold,4,1,6,2019-12-21,2023-02-05,1
5531,customer5531@example.com,Trần Hải,Nam,1990,30-39,Giám đốc,TP HCM,Việt Nam,Silver,2,1,4,2019-02-08,2024-02-09,1
5532,customer5532@example.com,Nguyễn Hoa,Nữ,1981,40-49,Luật sư,TP HCM,Việt Nam,Silver,1,1,4,2023-03-04,2023-09-24,1
5533,customer5533@example.com,Phạm Anh,Nam,1988,30-39,Bác sĩ,Hà Nội,Việt Nam,Platinum,2,1,1,2015-12-07,2024-04-11,1
5534,customer5534@example.com,Hồ Quang,Nam,1968,50-59,Doanh nhân,Khánh Hòa,Việt Nam,Gold,4,1,7,2017-08-01,2023-01-01,1
5535,customer5535@example.com,Dương Long,Nam,1986,30-39,Nhà đầu tư,Hải Phòng,Expat,Platinum,4,1,6,2019-10-25,2024-07-28,1
5536,customer5536@example.com,Dương Hải,Nam,1996,25-29,Giám đốc,Hà Nội,Việt Nam,Gold,3,1,10,2022-04-15,2023-08-01,1
5537,customer5537@example.com,Nguyễn Trung,Nam,1980,40-49,Luật sư,Hà Nội,Việt Nam,Silver,4,1,10,2018-04-02,2024-05-27,1
5538,customer5538@example.com,Nguyễn Khánh,Nam,1968,50-59,Giám đốc,Bình Dương,Việt Nam,Platinum,4,1,6,2017-03-18,2023-07-26,1
5539,customer5539@example.com,Trần Hà,Nữ,1998,25-29,Giám đốc,TP HCM,Việt Nam,Silver,1,1,2,2018-10-20,2023-04-06,1
5540,customer5540@example.com,Ngô Ngọc,Nữ,1978,40-49,Kiến trúc sư,Đồng Nai,Việt Nam,Gold,2,1,4,2021-12-22,2024-03-01,1
5541,customer5541@example.com,Lê Hằng,Nữ,1995,25-29,Doanh nhân,Hà Nội,Việt Nam,Silver,1,1,4,2017-02-06,2023-06-14,1
5542,customer5542@example.com,Bùi Việt,Nam,1993,30-39,Kiến trúc sư,Bình Dương,Việt Nam,Diamond,1,1,4,2022-10-14,2023-10-01,1
5543,customer5543@example.com,Nguyễn Hải,Nam,1967,50-59,Luật sư,TP HCM,Việt Nam,Platinum,2,1,2,2016-10-21,2024-09-30,1
5544,customer5544@example.com,Lê Yến,Nữ,1977,40-49,Bác sĩ,Hà Nội,Việt Nam,Gold,1,1,1,2022-06-11,2024-09-28,1
5545,customer5545@example.com,Đỗ Anh,Nam,1995,25-29,Luật sư,Đà Nẵng,Việt Nam,Silver,1,1,1,2016-02-03,2024-01-06,1
5546,customer5546@example.com,Nguyễn Khánh,Nam,1986,30-39,Người nổi tiếng,Hải Phòng,Việt Nam,Gold,1,1,5,2022-07-24,2024-10-17,1
5547,customer5547@example.com,Đặng Anh,Nam,1997,25-29,Người nổi tiếng,Hải Phòng,Việt Nam,Diamond,2,1,2,2015-05-16,2023-02-21,1
5548,customer5548@example.com,Phạm Hoa,Nữ,1981,40-49,Kiến trúc sư,Hà Nội,Expat,Gold,2,1,3,2020-04-20,2023-03-23,1
5549,customer5549@example.com,Hồ Ánh,Nữ,1971,50-59,Chuyên gia tài chính,Hà Nội,Expat,Platinum,2,1,4,2016-06-05,2024-04-14,1
5550,customer5550@example.com,Đỗ Ánh,Nữ,1962,60+,Kiến trúc sư,Đồng Nai,Việt Nam,Diamond,2,1,2,2020-07-22,2024-11-12,1
5551,customer5551@example.com,Nguyễn Việt,Nam,1986,30-39,Giám đốc,TP HCM,Việt Nam,Gold,4,1,4,2023-04-03,2023-02-01,1
5552,customer5552@example.com,Lê Tuấn,Nam,1989,30-39,Chuyên gia tài chính,TP HCM,Việt Nam,Gold,4,1,4,2021-09-22,2023-05-02,1
5553,customer5553@example.com,Phạm Việt,Nam,1966,50-59,Giám đốc,Hà Nội,Việt Nam,Platinum,2,1,3,2022-07-17,2023-08-02,1
5554,customer5554@example.com,Bùi Quang,Nam,1981,40-49,Bác sĩ,Hà Nội,Expat,Silver,2,1,4,2018-04-09,2023-05-15,1
5555,customer5555@example.com,Nguyễn Hoa,Nữ,1964,60+,Kiến trúc sư,TP HCM,Expat,Silver,1,1,6,2019-04-10,2024-02-04,1
5556,customer5556@example.com,Vũ Lan,Nữ,1988,30-39,Nhà đầu tư,Hà Nội,Việt Nam,Gold,1,1,8,2017-11-23,2023-09-01,1
5557,customer5557@example.com,Bùi Long,Nam,1961,60+,Luật sư,Quảng Ninh,Việt Nam,Gold,2,1,10,2015-04-20,2023-09-12,1
5558,customer5558@example.com,Vũ Thảo,Nữ,1998,25-29,Nhà đầu tư,TP HCM,Việt Nam,Platinum,2,1,7,2022-06-16,2024-07-22,1
5559,customer5559@example.com,Hồ Ánh,Nữ,1967,50-59,Giám đốc,TP HCM,Expat,Platinum,4,1,2,2016-08-26,2023-10-15,1
5560,customer5560@example.com,Phan Ngọc,Nữ,1995,25-29,Người nổi tiếng,TP HCM,Việt Nam,Gold,2,1,7,2019-02-14,2024-09-04,1
5561,customer5561@example.com,Bùi Tuấn,Nam,1971,50-59,Người nổi tiếng,Bình Dương,Việt Nam,Silver,3,1,9,2017-01-20,2023-12-07,1
5562,customer5562@example.com,Vũ Linh,Nữ,1989,30-39,Kiến trúc sư,Hà Nội,Việt Nam,Gold,2,1,1,2015-07-15,2023-04-22,1
5563,customer5563@example.com,Phạm Nga,Nữ,1992,30-39,Bác sĩ,Quảng Ninh,Việt Nam,Gold,2,1,8,2016-06-12,2024-11-22,1
5564,customer5564@example.com,Vũ Khánh,Nam,1978,40-49,Chuyên gia tài chính,Hà Nội,Expat,Silver,4,1,1,2018-10-14,2024-05-01,1
5565,customer5565@example.com,Đỗ Yến,Nữ,1989,30-39,Luật sư,Bình Dương,Việt Nam,Silver,1,1,4,2015-06-07,2023-10-02,1
5566,customer5566@example.com,Đặng Trung,Nam,1991,30-39,Doanh nhân,Đà Nẵng,Việt Nam,Silver,1,1,6,2017-03-10,2023-07-04,1
5567,customer5567@example.com,Đỗ Phương,Nữ,1963,60+,Chuyên gia tài chính,TP HCM,Việt Nam,Platinum,2,1,8,2016-05-17,2024-07-24,1
5568,customer5568@example.com,Trần Phương,Nữ,1972,50-59,Chuyên gia tài chính,Hà Nội,Việt Nam,Silver,4,1,8,2023-03-11,2024-01-26,1
5569,customer5569@example.com,Hồ Phương,Nữ,1968,50-59,Doanh nhân,TP HCM,Expat,Platinum,3,1,2,2019-06-23,2023-12-23,1
5570,customer5570@example.com,Hoàng Thu,Nữ,1980,40-49,Luật sư,TP HCM,Việt Nam,Platinum,1,1,5,2016-05-03,2024-01-08,1
5571,customer5571@example.com,Dương Ngọc,Nữ,1988,30-39,Người nổi tiếng,Hải Phòng,Việt Nam,Silver,3,1,5,2018-11-17,2023-02-27,1
5572,customer5572@example.com,Hồ Bình,Nam,1981,40-49,Nhà đầu tư,Hà Nội,Việt Nam,Platinum,1,1,3,2017-03-06,2023-11-28,1
5573,customer5573@example.com,Vũ Minh,Nam,1973,50-59,Nhà đầu tư,Hà Nội,Việt Nam,Diamond,1,1,3,2022-02-26,2023-02-09,1
5574,customer5574@example.com,Phạm Bình,Nam,1988,30-39,Luật sư,Đồng Nai,Việt Nam,Gold,2,1,2,2019-11-15,2024-09-15,1
5575,customer5575@example.com,Đặng Trang,Nữ,1961,60+,Doanh nhân,Hà Nội,Việt Nam,Gold,1,1,6,2018-10-05,2024-08-28,1
5576,customer5576@example.com,Đỗ Long,Nam,1997,25-29,Luật sư,Quảng Ninh,Việt Nam,Platinum,1,1,7,2015-12-16,2024-01-08,1
5577,customer5577@example.com,Đặng Trung,Nam,1995,25-29,Bác sĩ,TP HCM,Việt Nam,Diamond,3,1,6,2019-12-30,2023-11-08,1
5578,customer5578@example.com,Ngô Hải,Nam,1976,40-49,Doanh nhân,TP HCM,Expat,Silver,4,1,1,2017-08-08,2024-03-01,1
5579,customer5579@example.com,Hồ Hùng,Nam,1997,25-29,Nhà đầu tư,Bình Dương,Việt Nam,Gold,2,1,2,2017-10-02,2023-07-22,1
5580,customer5580@example.com,Phan Việt,Nam,1978,40-49,Bác sĩ,TP HCM,Việt Nam,Silver,2,1,7,2017-11-21,2023-10-12,1
5581,customer5581@example.com,Trần Hằng,Nữ,1992,30-39,Kiến trúc sư,TP HCM,Việt Nam,Diamond,3,1,3,2022-02-16,2024-05-31,1
5582,customer5582@example.com,Đỗ Hùng,Nam,1980,40-49,Chuyên gia tài chính,TP HCM,Việt Nam,Platinum,4,1,10,2017-10-30,2024-08-07,1
5583,customer5583@example.com,Nguyễn Anh,Nam,1987,30-39,Giám đốc,Hà Nội,Việt Nam,Silver,1,1,3,2022-10-22,2024-09-23,1
5584,customer5584@example.com,Hoàng Thành,Nam,1969,50-59,Người nổi tiếng,Hà Nội,Việt Nam,Diamond,4,1,6,2021-10-29,2024-02-06,1
5585,customer5585@example.com,Dương Anh,Nam,1961,60+,Doanh nhân,Hà Nội,Việt Nam,Gold,4,1,10,2019-12-31,2024-12-11,1
5586,customer5586@example.com,Hồ Thảo,Nữ,1960,60+,Nhà đầu tư,TP HCM,Việt Nam,Silver,1,1,3,2018-06-25,2024-03-22,1
5587,customer5587@example.com,Đỗ Nga,Nữ,1986,30-39,Giám đốc,Hà Nội,Việt Nam,Gold,2,1,9,2023-02-17,2024-10-06,0
5588,customer5588@example.com,Dương Ngọc,Nữ,1966,50-59,Kiến trúc sư,Hà Nội,Việt Nam,Gold,3,1,8,2018-03-21,2024-01-29,1
5589,customer5589@example.com,Phạm Hằng,Nữ,1967,50-59,Giám đốc,TP HCM,Expat,Gold,3,1,5,2023-03-25,2024-01-21,1
5590,customer5590@example.com,Nguyễn Hà,Nữ,1995,25-29,Doanh nhân,Đà Nẵng,Việt Nam,Diamond,4,1,3,2021-11-05,2023-04-06,1
5591,customer5591@example.com,Trần Mai,Nữ,1967,50-59,Giám đốc,Quảng Ninh,Việt Nam,Diamond,3,1,9,2020-08-18,2024-05-30,1
5592,customer5592@example.com,Hồ Anh,Nam,1985,30-39,Bác sĩ,TP HCM,Expat,Platinum,1,1,4,2022-09-18,2023-11-05,1
5593,customer5593@example.com,Đặng Yến,Nữ,1961,60+,Giám đốc,Đà Nẵng,Việt Nam,Silver,2,1,2,2021-08-11,2024-11-09,1
5594,customer5594@example.com,Lê Mai,Nữ,1970,50-59,Luật sư,Hà Nội,Việt Nam,Diamond,2,1,2,2015-11-21,2024-01-07,1
5595,customer5595@example.com,Đỗ Trang,Nữ,1990,30-39,Người nổi tiếng,TP HCM,Expat,Silver,2,1,2,2022-12-21,2023-06-28,0
5596,customer5596@example.com,Phạm Trung,Nam,1980,40-49,Chuyên gia tài chính,Bình Dương,Việt Nam,Platinum,2,1,9,2018-02-08,2023-12-22,1
5597,customer5597@example.com,Đỗ Anh,Nam,1968,50-59,Luật sư,TP HCM,Việt Nam,Diamond,3,1,4,2015-11-11,2023-01-04,1
5598,customer5598@example.com,Bùi Bình,Nam,1976,40-49,Nhà đầu tư,Hải Phòng,Việt Nam,Silver,1,1,10,2016-11-14,2023-02-23,1
5599,customer5599@example.com,Bùi Bình,Nam,1994,30-39,Doanh nhân,Bình Dương,Việt Nam,Platinum,2,1,3,2023-06-03,2024-08-07,1
5600,customer5600@example.com,Trần Hoa,Nữ,1963,60+,Nhà đầu tư,Hà Nội,Việt Nam,Silver,4,1,9,2015-05-22,2024-04-20,1
5601,customer5601@example.com,Trần Trung,Nam,1993,30-39,Người nổi tiếng,Bình Dương,Việt Nam,Gold,1,1,8,2020-07-03,2023-06-03,0
5602,customer5602@example.com,Vũ Hải,Nam,1987,30-39,Doanh nhân,TP HCM,Việt Nam,Diamond,2,1,5,2015-04-05,2023-02-21,1
5603,customer5603@example.com,Trần Hằng,Nữ,1991,30-39,Giám đốc,TP HCM,Việt Nam,Gold,2,1,10,2021-05-08,2023-12-05,1
5604,customer5604@example.com,Ngô Anh,Nam,1965,50-59,Nhà đầu tư,Hà Nội,Việt Nam,Gold,1,1,5,2023-01-05,2023-06-26,1
5605,customer5605@example.com,Phan Trung,Nam,1992,30-39,Bác sĩ,TP HCM,Việt Nam,Diamond,3,1,5,2021-10-19,2023-05-29,1
5606,customer5606@example.com,Dương Hà,Nữ,1986,30-39,Người nổi tiếng,TP HCM,Việt Nam,Platinum,1,1,2,2021-01-02,2024-01-17,1
5607,customer5607@example.com,Nguyễn Trung,Nam,1965,50-59,Bác sĩ,Hà Nội,Việt Nam,Gold,4,1,9,2022-10-31,2024-03-23,1
5608,customer5608@example.com,Trần Phương,Nữ,1990,30-39,Chuyên gia tài chính,Quảng Ninh,Việt Nam,Silver,1,1,4,2017-12-22,2023-03-12,1
5609,customer5609@example.com,Trần Thu,Nữ,1980,40-49,Nhà đầu tư,Quảng Ninh,Expat,Diamond,2,1,8,2016-08-31,2024-05-11,1
5610,customer5610@example.com,Phạm Hải,Nam,1985,30-39,Luật sư,Hà Nội,Việt Nam,Platinum,1,1,1,2015-05-05,2024-09-12,1
5611,customer5611@example.com,Đỗ Trung,Nam,1971,50-59,Bác sĩ,Quảng Ninh,Việt Nam,Gold,4,1,2,2017-06-11,2024-12-01,1
5612,customer5612@example.com,Phan Thành,Nam,1972,50-59,Doanh nhân,TP HCM,Expat,Silver,1,1,3,2015-08-26,2024-12-03,1
5613,customer5613@example.com,Phạm Yến,Nữ,1997,25-29,Người nổi tiếng,TP HCM,Việt Nam,Diamond,2,1,9,2022-05-16,2023-11-06,1
5614,customer5614@example.com,Vũ Yến,Nữ,1977,40-49,Giám đốc,TP HCM,Việt Nam,Platinum,1,1,1,2017-02-19,2024-03-30,1
5615,customer5615@example.com,Dương Anh,Nam,1989,30-39,Chuyên gia tài chính,TP HCM,Việt Nam,Silver,1,1,6,2015-09-19,2024-12-12,1
5616,customer5616@example.com,Đặng Thành,Nam,1989,30-39,Luật sư,Hà Nội,Việt Nam,Silver,1,1,5,2022-10-08,2023-11-07,1
5617,customer5617@example.com,Đặng Nga,Nữ,1983,40-49,Luật sư,Hà Nội,Expat,Diamond,4,1,7,2021-04-07,2024-09-15,1
5618,customer5618@example.com,Đặng Nga,Nữ,1971,50-59,Người nổi tiếng,Khánh Hòa,Việt Nam,Gold,1,1,3,2019-03-08,2023-12-25,1
5619,customer5619@example.com,Phan Đức,Nam,1985,30-39,Người nổi tiếng,TP HCM,Việt Nam,Silver,1,1,6,2021-03-08,2024-10-24,1
5620,customer5620@example.com,Hoàng Phương,Nữ,1993,30-39,Bác sĩ,TP HCM,Việt Nam,Silver,2,1,9,2017-02-14,2023-06-02,1
5621,customer5621@example.com,Nguyễn Thành,Nam,1972,50-59,Giám đốc,Hà Nội,Expat,Platinum,3,1,4,2021-11-25,2024-03-26,1
5622,customer5622@example.com,Trần Lan,Nữ,1962,60+,Bác sĩ,Hải Phòng,Việt Nam,Gold,1,1,5,2022-06-08,2023-05-14,1
5623,customer5623@example.com,Đỗ Long,Nam,1963,60+,Doanh nhân,Hà Nội,Việt Nam,Platinum,3,1,10,2022-02-09,2023-04-10,1
5624,customer5624@example.com,Hoàng Trung,Nam,1968,50-59,Chuyên gia tài chính,Hải Phòng,Việt Nam,Gold,4,1,8,2015-05-07,2024-11-30,1
5625,customer5625@example.com,Trần Ngọc,Nữ,1964,60+,Nhà đầu tư,TP HCM,Việt Nam,Platinum,4,1,9,2020-01-30,2024-04-19,1
5626,customer5626@example.com,Ngô Hằng,Nữ,1977,40-49,Người nổi tiếng,TP HCM,Expat,Platinum,4,1,3,2016-04-28,2024-05-12,1
5627,customer5627@example.com,Hồ Trung,Nam,1964,60+,Bác sĩ,TP HCM,Việt Nam,Platinum,1,1,7,2023-04-22,2024-06-09,1
5628,customer5628@example.com,Lê Yến,Nữ,1978,40-49,Người nổi tiếng,Khánh Hòa,Việt Nam,Platinum,4,1,4,2022-07-31,2024-01-10,1
5629,customer5629@example.com,Trần Hoa,Nữ,1972,50-59,Giám đốc,Bình Dương,Việt Nam,Platinum,2,1,6,2021-04-19,2024-01-27,1
5630,customer5630@example.com,Dương Thảo,Nữ,1986,30-39,Kiến trúc sư,Quảng Ninh,Việt Nam,Silver,1,1,6,2019-05-01,2023-03-21,1
5631,customer5631@example.com,Phạm Anh,Nam,1974,50-59,Bác sĩ,TP HCM,Việt Nam,Silver,4,1,1,2020-10-20,2023-10-27,1
5632,customer5632@example.com,Nguyễn Thu,Nữ,1979,40-49,Bác sĩ,Hà Nội,Việt Nam,Diamond,1,1,2,2020-10-05,2024-05-04,1
5633,customer5633@example.com,Dương Thu,Nữ,1966,50-59,Doanh nhân,TP HCM,Việt Nam,Silver,2,1,8,2020-01-25,2024-12-14,1
5634,customer5634@example.com,Đặng Nga,Nữ,1970,50-59,Doanh nhân,TP HCM,Việt Nam,Silver,4,1,2,2017-09-05,2023-07-11,0
5635,customer5635@example.com,Phạm Việt,Nam,1985,30-39,Bác sĩ,Hải Phòng,Việt Nam,Silver,1,1,10,2020-02-13,2024-07-30,1
5636,customer5636@example.com,Dương Hùng,Nam,1966,50-59,Luật sư,Hà Nội,Việt Nam,Gold,1,1,10,2022-11-24,2024-02-19,1
5637,customer5637@example.com,Đặng Trung,Nam,1997,25-29,Nhà đầu tư,Hải Phòng,Việt Nam,Gold,4,1,3,2019-07-02,2024-01-24,1
5638,customer5638@example.com,Vũ Ngọc,Nữ,1964,60+,Bác sĩ,TP HCM,Việt Nam,Gold,1,1,1,2019-12-29,2023-08-09,1
5639,customer5639@example.com,Đặng Hùng,Nam,1968,50-59,Bác sĩ,Hà Nội,Việt Nam,Platinum,4,1,1,2021-10-21,2024-02-17,1
5640,customer5640@example.com,Trần Ngọc,Nữ,1974,50-59,Nhà đầu tư,TP HCM,Việt Nam,Diamond,2,1,9,2017-11-26,2023-05-28,1
5641,customer5641@example.com,Đặng Yến,Nữ,1965,50-59,Kiến trúc sư,Hà Nội,Việt Nam,Silver,1,1,3,2015-03-12,2024-02-22,1
5642,customer5642@example.com,Đặng Linh,Nữ,1992,30-39,Người nổi tiếng,Hà Nội,Việt Nam,Gold,4,1,8,2016-02-19,2024-12-18,1
5643,customer5643@example.com,Bùi Việt,Nam,1991,30-39,Giám đốc,Quảng Ninh,Việt Nam,Gold,2,1,4,2023-01-20,2024-07-30,1
5644,customer5644@example.com,Đặng Khánh,Nam,1997,25-29,Luật sư,TP HCM,Việt Nam,Platinum,2,1,2,2018-07-18,2023-03-11,1
5645,customer5645@example.com,Trần Minh,Nam,1985,30-39,Giám đốc,Đà Nẵng,Việt Nam,Silver,4,1,6,2019-03-27,2024-11-05,1
5646,customer5646@example.com,Đỗ Việt,Nam,1998,25-29,Luật sư,Quảng Ninh,Việt Nam,Gold,4,1,4,2016-10-04,2024-03-07,1
5647,customer5647@example.com,Vũ Ánh,Nữ,1970,50-59,Nhà đầu tư,Đà Nẵng,Việt Nam,Silver,3,1,3,2017-04-07,2023-12-15,1
5648,customer5648@example.com,Phạm Thảo,Nữ,1977,40-49,Doanh nhân,Quảng Ninh,Việt Nam,Platinum,4,1,3,2023-02-21,2024-05-11,1
5649,customer5649@example.com,Bùi Trang,Nữ,1990,30-39,Kiến trúc sư,TP HCM,Việt Nam,Silver,3,1,2,2017-07-28,2023-03-23,1
5650,customer5650@example.com,Vũ Ngọc,Nữ,1985,30-39,Doanh nhân,Đà Nẵng,Việt Nam,Platinum,2,1,10,2018-05-28,2023-12-08,1
5651,customer5651@example.com,Nguyễn Phương,Nữ,1986,30-39,Doanh nhân,Hà Nội,Việt Nam,Gold,4,1,9,2015-10-21,2023-03-01,1
5652,customer5652@example.com,Ngô Nga,Nữ,1997,25-29,Doanh nhân,Khánh Hòa,Việt Nam,Platinum,2,1,7,2016-12-03,2023-08-21,1
5653,customer5653@example.com,Ngô Anh,Nam,1981,40-49,Kiến trúc sư,Hà Nội,Expat,Platinum,1,1,3,2020-05-27,2024-07-27,1
5654,customer5654@example.com,Hoàng Hà,Nữ,1971,50-59,Doanh nhân,TP HCM,Việt Nam,Silver,4,1,6,2021-09-03,2023-09-23,1
5655,customer5655@example.com,Dương Mai,Nữ,1963,60+,Luật sư,Đà Nẵng,Việt Nam,Platinum,1,1,6,2019-03-24,2023-11-10,0
5656,customer5656@example.com,Đặng Long,Nam,1986,30-39,Giám đốc,TP HCM,Việt Nam,Gold,2,1,5,2023-02-19,2023-01-24,1
5657,customer5657@example.com,Trần Nga,Nữ,1977,40-49,Chuyên gia tài chính,Quảng Ninh,Việt Nam,Silver,4,1,5,2018-06-08,2024-08-14,1
5658,customer5658@example.com,Lê Hùng,Nam,1996,25-29,Kiến trúc sư,TP HCM,Việt Nam,Gold,2,1,5,2023-01-11,2023-03-05,1
5659,customer5659@example.com,Phan Long,Nam,1985,30-39,Chuyên gia tài chính,Hà Nội,Expat,Platinum,4,1,1,2015-07-26,2024-10-17,1
5660,customer5660@example.com,Vũ Anh,Nam,1969,50-59,Chuyên gia tài chính,Đồng Nai,Việt Nam,Diamond,2,1,7,2019-03-18,2023-05-18,1
5661,customer5661@example.com,Đặng Ngọc,Nữ,1966,50-59,Giám đốc,Bình Dương,Việt Nam,Platinum,4,1,6,2023-03-04,2024-10-27,1
5662,customer5662@example.com,Hoàng Hằng,Nữ,1966,50-59,Bác sĩ,TP HCM,Expat,Diamond,1,1,10,2017-06-29,2024-11-27,1
5663,customer5663@example.com,Đặng Thảo,Nữ,1983,40-49,Giám đốc,Hà Nội,Việt Nam,Gold,4,1,8,2015-02-18,2024-11-25,1
5664,customer5664@example.com,Dương Hoa,Nữ,1990,30-39,Nhà đầu tư,TP HCM,Việt Nam,Silver,1,1,5,2015-05-31,2024-07-06,0
5665,customer5665@example.com,Ngô Trang,Nữ,1968,50-59,Luật sư,Hà Nội,Việt Nam,Gold,1,1,5,2017-01-23,2024-04-23,0
5666,customer5666@example.com,Đỗ Hùng,Nam,1965,50-59,Bác sĩ,Đồng Nai,Việt Nam,Silver,3,1,4,2018-10-04,2023-08-08,1
5667,customer5667@example.com,Lê Hà,Nữ,1967,50-59,Nhà đầu tư,TP HCM,Việt Nam,Diamond,1,1,7,2021-04-19,2023-12-01,1
5668,customer5668@example.com,Ngô Tuấn,Nam,1960,60+,Chuyên gia tài chính,Hải Phòng,Việt Nam,Platinum,1,1,3,2015-04-29,2023-04-03,1
5669,customer5669@example.com,Trần Hải,Nam,1984,40-49,Chuyên gia tài chính,Bình Dương,Việt Nam,Silver,4,1,2,2022-03-29,2023-10-07,0
5670,customer5670@example.com,Phan Tuấn,Nam,1979,40-49,Người nổi tiếng,TP HCM,Việt Nam,Gold,1,1,10,2015-04-14,2024-12-25,1
5671,customer5671@example.com,Vũ Lan,Nữ,1969,50-59,Chuyên gia tài chính,Đà Nẵng,Việt Nam,Platinum,3,1,5,2023-03-25,2024-01-29,1
5672,customer5672@example.com,Đặng Tuấn,Nam,1972,50-59,Giám đốc,Hà Nội,Việt Nam,Silver,3,1,9,2020-12-24,2024-02-20,1
5673,customer5673@example.com,Bùi Lan,Nữ,1987,30-39,Bác sĩ,TP HCM,Việt Nam,Diamond,3,1,10,2022-11-22,2024-10-10,1
5674,customer5674@example.com,Dương Mai,Nữ,1981,40-49,Nhà đầu tư,TP HCM,Việt Nam,Gold,1,1,6,2019-08-09,2023-05-23,1
5675,customer5675@example.com,Phạm Ngọc,Nữ,1978,40-49,Bác sĩ,TP HCM,Việt Nam,Diamond,1,1,2,2019-10-12,2023-02-14,1
5676,customer5676@example.com,Đỗ Ánh,Nữ,1971,50-59,Luật sư,TP HCM,Việt Nam,Platinum,4,1,2,2017-03-08,2024-01-27,1
5677,customer5677@example.com,Dương Minh,Nam,1960,60+,Luật sư,TP HCM,Việt Nam,Platinum,2,1,2,2016-09-07,2023-01-10,1
5678,customer5678@example.com,Nguyễn Trang,Nữ,1962,60+,Người nổi tiếng,TP HCM,Việt Nam,Gold,1,1,6,2019-01-23,2023-12-05,1
5679,customer5679@example.com,Hồ Long,Nam,1996,25-29,Người nổi tiếng,TP HCM,Expat,Platinum,1,1,5,2018-10-13,2024-04-12,1
5680,customer5680@example.com,Đỗ Nga,Nữ,1960,60+,Giám đốc,TP HCM,Việt Nam,Platinum,3,1,10,2021-12-10,2023-03-04,1
5681,customer5681@example.com,Lê Quang,Nam,1973,50-59,Nhà đầu tư,Đà Nẵng,Việt Nam,Platinum,1,1,1,2017-08-11,2023-04-10,1
5682,customer5682@example.com,Bùi Bình,Nam,1961,60+,Doanh nhân,Hà Nội,Việt Nam,Diamond,3,1,7,2020-06-05,2024-05-06,1
5683,customer5683@example.com,Hồ Yến,Nữ,1995,25-29,Người nổi tiếng,Đà Nẵng,Việt Nam,Silver,1,1,9,2015-08-07,2024-09-29,1
5684,customer5684@example.com,Đặng Anh,Nam,1960,60+,Bác sĩ,Đồng Nai,Việt Nam,Gold,2,1,3,2018-03-08,2024-06-23,1
5685,customer5685@example.com,Hồ Bình,Nam,1981,40-49,Doanh nhân,Khánh Hòa,Việt Nam,Diamond,1,1,8,2015-11-11,2024-11-10,0
5686,customer5686@example.com,Đặng Anh,Nam,1981,40-49,Doanh nhân,TP HCM,Việt Nam,Platinum,3,1,10,2018-02-24,2023-09-08,1
5687,customer5687@example.com,Phan Lan,Nữ,1991,30-39,Nhà đầu tư,Hà Nội,Expat,Diamond,2,1,10,2021-12-28,2024-12-06,1
5688,customer5688@example.com,Vũ Phương,Nữ,1973,50-59,Luật sư,Hà Nội,Việt Nam,Diamond,3,1,3,2018-12-29,2024-03-04,1
5689,customer5689@example.com,Phan Minh,Nam,1985,30-39,Nhà đầu tư,Khánh Hòa,Việt Nam,Platinum,1,1,6,2018-04-23,2023-03-04,1
5690,customer5690@example.com,Vũ Nga,Nữ,1996,25-29,Giám đốc,Hà Nội,Việt Nam,Platinum,2,1,8,2016-08-01,2023-12-14,1
5691,customer5691@example.com,Nguyễn Minh,Nam,1975,40-49,Bác sĩ,Đồng Nai,Việt Nam,Platinum,1,1,2,2020-04-26,2024-04-30,1
5692,customer5692@example.com,Vũ Thu,Nữ,1972,50-59,Luật sư,Hà Nội,Việt Nam,Silver,2,1,2,2016-03-02,2023-12-17,1
5693,customer5693@example.com,Ngô Trung,Nam,1987,30-39,Luật sư,TP HCM,Việt Nam,Gold,4,1,4,2021-12-01,2024-09-26,1
5694,customer5694@example.com,Trần Minh,Nam,1974,50-59,Luật sư,TP HCM,Việt Nam,Gold,4,1,4,2018-09-25,2024-09-01,1
5695,customer5695@example.com,Nguyễn Anh,Nam,1974,50-59,Người nổi tiếng,Bình Dương,Việt Nam,Gold,3,1,4,2020-03-21,2024-05-16,0
5696,customer5696@example.com,Lê Mai,Nữ,1976,40-49,Chuyên gia tài chính,TP HCM,Việt Nam,Gold,4,1,1,2017-03-23,2023-04-23,1
5697,customer5697@example.com,Hoàng Tuấn,Nam,1979,40-49,Luật sư,TP HCM,Việt Nam,Silver,3,1,1,2017-09-29,2023-05-22,1
5698,customer5698@example.com,Phan Thảo,Nữ,1966,50-59,Nhà đầu tư,Hà Nội,Việt Nam,Gold,2,1,3,2020-08-07,2023-03-17,1
5699,customer5699@example.com,Đặng Long,Nam,1960,60+,Kiến trúc sư,Hà Nội,Việt Nam,Platinum,4,1,3,2021-10-27,2024-11-16,1
5700,customer5700@example.com,Hồ Thành,Nam,1968,50-59,Kiến trúc sư,TP HCM,Việt Nam,Platinum,1,1,7,2019-11-13,2023-02-28,1
5701,customer5701@example.com,Ngô Trung,Nam,1961,60+,Luật sư,Đà Nẵng,Việt Nam,Gold,1,1,8,2016-08-16,2023-03-19,1
5702,customer5702@example.com,Hoàng Anh,Nam,1994,30-39,Người nổi tiếng,Khánh Hòa,Việt Nam,Platinum,1,1,1,2018-07-25,2023-09-17,1
5703,customer5703@example.com,Hồ Tuấn,Nam,1965,50-59,Bác sĩ,Hà Nội,Việt Nam,Silver,2,1,4,2016-09-29,2024-03-28,1
5704,customer5704@example.com,Nguyễn Linh,Nữ,1982,40-49,Luật sư,Hà Nội,Việt Nam,Silver,3,1,3,2022-12-18,2023-07-12,1
5705,customer5705@example.com,Ngô Thu,Nữ,1972,50-59,Người nổi tiếng,TP HCM,Việt Nam,Silver,4,1,8,2015-09-16,2024-01-25,1
5706,customer5706@example.com,Dương Nga,Nữ,1975,40-49,Giám đốc,Hà Nội,Expat,Platinum,4,1,3,2019-05-16,2023-02-10,1
5707,customer5707@example.com,Phan Hải,Nam,1992,30-39,Chuyên gia tài chính,TP HCM,Việt Nam,Gold,1,1,9,2021-05-08,2023-03-05,1
5708,customer5708@example.com,Đặng Ánh,Nữ,1990,30-39,Kiến trúc sư,Hà Nội,Việt Nam,Silver,3,1,4,2022-11-24,2024-09-14,1
5709,customer5709@example.com,Dương Việt,Nam,1967,50-59,Giám đốc,Hà Nội,Việt Nam,Gold,2,1,3,2023-04-05,2023-03-25,1
5710,customer5710@example.com,Trần Việt,Nam,1987,30-39,Người nổi tiếng,TP HCM,Việt Nam,Silver,4,1,4,2022-08-12,2023-04-13,1
5711,customer5711@example.com,Bùi Anh,Nam,1998,25-29,Luật sư,Hà Nội,Việt Nam,Gold,2,1,9,2016-01-27,2023-01-02,1
5712,customer5712@example.com,Dương Hà,Nữ,1978,40-49,Người nổi tiếng,Hà Nội,Việt Nam,Silver,3,1,1,2018-01-27,2023-09-09,1
5713,customer5713@example.com,Bùi Quang,Nam,1963,60+,Nhà đầu tư,TP HCM,Việt Nam,Platinum,3,1,4,2021-12-23,2023-09-12,1
5714,customer5714@example.com,Lê Linh,Nữ,1969,50-59,Luật sư,Khánh Hòa,Expat,Gold,4,1,10,2018-12-02,2023-10-01,1
5715,customer5715@example.com,Phan Trang,Nữ,1987,30-39,Bác sĩ,Hà Nội,Việt Nam,Gold,3,1,1,2020-03-29,2023-08-06,1
5716,customer5716@example.com,Trần Hằng,Nữ,1998,25-29,Bác sĩ,TP HCM,Việt Nam,Silver,4,1,8,2016-11-09,2024-03-01,1
5717,customer5717@example.com,Phạm Mai,Nữ,1971,50-59,Doanh nhân,TP HCM,Việt Nam,Gold,4,1,3,2018-10-24,2023-02-04,1
5718,customer5718@example.com,Dương Minh,Nam,1968,50-59,Doanh nhân,Bình Dương,Việt Nam,Gold,2,1,3,2016-08-19,2024-05-05,1
5719,customer5719@example.com,Phan Phương,Nữ,1992,30-39,Luật sư,Bình Dương,Việt Nam,Diamond,4,1,9,2022-06-02,2024-05-10,1
5720,customer5720@example.com,Phạm Thành,Nam,1982,40-49,Nhà đầu tư,Đồng Nai,Expat,Gold,4,1,1,2022-07-31,2023-07-12,1
5721,customer5721@example.com,Đỗ Quang,Nam,1988,30-39,Người nổi tiếng,Hải Phòng,Việt Nam,Silver,4,1,8,2016-05-16,2024-12-27,1
5722,customer5722@example.com,Ngô Nga,Nữ,1985,30-39,Doanh nhân,Hà Nội,Việt Nam,Silver,2,1,3,2017-03-17,2024-10-17,1
5723,customer5723@example.com,Bùi Linh,Nữ,1962,60+,Kiến trúc sư,Hà Nội,Việt Nam,Silver,3,1,4,2019-06-12,2023-11-16,1
5724,customer5724@example.com,Đặng Ngọc,Nữ,1994,30-39,Người nổi tiếng,TP HCM,Việt Nam,Silver,3,1,2,2020-08-15,2024-07-03,1
5725,customer5725@example.com,Đỗ Thành,Nam,1994,30-39,Doanh nhân,TP HCM,Việt Nam,Silver,4,1,5,2018-04-12,2024-06-23,1
5726,customer5726@example.com,Phan Hải,Nam,1990,30-39,Bác sĩ,Hải Phòng,Việt Nam,Silver,1,1,3,2018-12-09,2023-11-26,1
5727,customer5727@example.com,Nguyễn Ngọc,Nữ,1961,60+,Luật sư,Hà Nội,Việt Nam,Platinum,2,1,8,2019-08-05,2023-02-21,1
5728,customer5728@example.com,Đặng Lan,Nữ,1993,30-39,Luật sư,Khánh Hòa,Việt Nam,Diamond,1,1,6,2020-08-13,2023-08-03,1
5729,customer5729@example.com,Phạm Khánh,Nam,1962,60+,Bác sĩ,TP HCM,Việt Nam,Platinum,4,1,8,2018-01-16,2023-08-18,1
5730,customer5730@example.com,Hoàng Yến,Nữ,1961,60+,Luật sư,Hà Nội,Việt Nam,Gold,1,1,8,2023-03-19,2023-11-21,0
5731,customer5731@example.com,Hoàng Khánh,Nam,1997,25-29,Người nổi tiếng,Quảng Ninh,Việt Nam,Platinum,1,1,7,2022-07-21,2024-10-01,1
5732,customer5732@example.com,Phạm Hoa,Nữ,1964,60+,Giám đốc,Bình Dương,Việt Nam,Gold,4,1,4,2015-03-05,2024-04-02,1
5733,customer5733@example.com,Bùi Hằng,Nữ,1973,50-59,Kiến trúc sư,TP HCM,Việt Nam,Diamond,4,1,9,2022-09-27,2023-04-12,1
5734,customer5734@example.com,Hoàng Phương,Nữ,1998,25-29,Giám đốc,TP HCM,Việt Nam,Platinum,2,1,4,2021-09-21,2023-03-08,1
5735,customer5735@example.com,Nguyễn Long,Nam,1990,30-39,Giám đốc,Hà Nội,Việt Nam,Gold,3,1,7,2016-06-07,2023-09-01,1
5736,customer5736@example.com,Hồ Đức,Nam,1994,30-39,Giám đốc,TP HCM,Việt Nam,Silver,2,1,8,2016-07-29,2024-11-27,1
5737,customer5737@example.com,Ngô Ánh,Nữ,1963,60+,Kiến trúc sư,Hà Nội,Việt Nam,Gold,1,1,4,2015-08-03,2024-05-15,1
5738,customer5738@example.com,Đỗ Lan,Nữ,1969,50-59,Doanh nhân,Hà Nội,Việt Nam,Silver,1,1,6,2020-05-12,2024-10-24,1
5739,customer5739@example.com,Phạm Trung,Nam,1995,25-29,Bác sĩ,Hải Phòng,Việt Nam,Silver,1,1,4,2015-08-10,2024-05-23,1
5740,customer5740@example.com,Trần Anh,Nam,1991,30-39,Nhà đầu tư,Hải Phòng,Việt Nam,Gold,4,1,2,2016-08-23,2024-10-07,1
5741,customer5741@example.com,Hồ Ánh,Nữ,1994,30-39,Giám đốc,Bình Dương,Việt Nam,Silver,1,1,7,2015-04-29,2023-07-23,0
5742,customer5742@example.com,Vũ Đức,Nam,1983,40-49,Giám đốc,Quảng Ninh,Việt Nam,Silver,2,1,2,2018-12-03,2023-08-03,1
5743,customer5743@example.com,Nguyễn Tuấn,Nam,1978,40-49,Người nổi tiếng,Bình Dương,Việt Nam,Diamond,1,1,3,2022-10-01,2024-06-09,1
5744,customer5744@example.com,Phạm Long,Nam,1968,50-59,Chuyên gia tài chính,Hà Nội,Việt Nam,Platinum,2,1,2,2023-05-21,2024-05-03,1
5745,customer5745@example.com,Lê Việt,Nam,1984,40-49,Giám đốc,Đà Nẵng,Expat,Gold,3,1,7,2018-10-18,2024-03-24,1
5746,customer5746@example.com,Lê Hoa,Nữ,1987,30-39,Kiến trúc sư,Bình Dương,Việt Nam,Platinum,1,1,3,2015-09-20,2023-10-18,1
5747,customer5747@example.com,Hồ Hùng,Nam,1984,40-49,Giám đốc,Bình Dương,Expat,Diamond,4,1,5,2018-08-10,2023-12-12,1
5748,customer5748@example.com,Nguyễn Anh,Nam,1960,60+,Kiến trúc sư,Đà Nẵng,Việt Nam,Platinum,3,1,6,2016-05-24,2024-01-20,1
5749,customer5749@example.com,Phan Linh,Nữ,1986,30-39,Người nổi tiếng,Hà Nội,Việt Nam,Platinum,4,1,10,2020-10-23,2023-08-29,1
5750,customer5750@example.com,Lê Việt,Nam,1974,50-59,Luật sư,Đà Nẵng,Expat,Gold,1,1,10,2021-03-07,2024-08-04,1
5751,customer5751@example.com,Lê Hải,Nam,1979,40-49,Giám đốc,TP HCM,Việt Nam,Platinum,3,1,9,2020-12-25,2023-04-04,1
5752,customer5752@example.com,Phan Việt,Nam,1983,40-49,Chuyên gia tài chính,Quảng Ninh,Việt Nam,Gold,2,1,1,2023-06-06,2024-06-01,1
5753,customer5753@example.com,Dương Hùng,Nam,1960,60+,Nhà đầu tư,Hà Nội,Việt Nam,Diamond,3,1,2,2016-02-29,2024-12-20,1
5754,customer5754@example.com,Vũ Hùng,Nam,1968,50-59,Doanh nhân,TP HCM,Việt Nam,Silver,1,1,1,2022-12-07,2023-05-21,1
5755,customer5755@example.com,Hoàng Hằng,Nữ,1990,30-39,Người nổi tiếng,TP HCM,Việt Nam,Silver,2,1,2,2019-11-20,2023-08-27,1
5756,customer5756@example.com,Bùi Đức,Nam,1979,40-49,Chuyên gia tài chính,TP HCM,Việt Nam,Silver,3,1,8,2018-05-12,2024-05-14,1
5757,customer5757@example.com,Phan Nga,Nữ,1966,50-59,Nhà đầu tư,Hà Nội,Việt Nam,Gold,2,1,3,2016-09-10,2024-12-31,1
5758,customer5758@example.com,Vũ Linh,Nữ,1997,25-29,Giám đốc,Hải Phòng,Expat,Silver,4,1,1,2021-07-30,2024-09-23,1
5759,customer5759@example.com,Phạm Long,Nam,1984,40-49,Luật sư,Hà Nội,Việt Nam,Silver,3,1,9,2016-07-07,2023-09-15,0
5760,customer5760@example.com,Trần Thu,Nữ,1969,50-59,Luật sư,TP HCM,Việt Nam,Platinum,4,1,4,2023-04-27,2023-07-30,1
5761,customer5761@example.com,Dương Bình,Nam,1978,40-49,Giám đốc,TP HCM,Việt Nam,Gold,4,1,8,2017-08-16,2024-09-21,0
5762,customer5762@example.com,Đỗ Bình,Nam,1984,40-49,Bác sĩ,Hải Phòng,Việt Nam,Gold,3,1,9,2017-10-22,2023-02-08,1
5763,customer5763@example.com,Trần Phương,Nữ,1974,50-59,Doanh nhân,Đồng Nai,Việt Nam,Gold,4,1,4,2018-02-05,2024-02-08,1
5764,customer5764@example.com,Phan Ánh,Nữ,1989,30-39,Người nổi tiếng,Hà Nội,Expat,Platinum,3,1,3,2022-06-19,2023-05-17,1
5765,customer5765@example.com,Đỗ Trang,Nữ,1962,60+,Chuyên gia tài chính,TP HCM,Việt Nam,Platinum,2,1,1,2015-07-12,2023-11-25,1
5766,customer5766@example.com,Dương Yến,Nữ,1995,25-29,Doanh nhân,TP HCM,Việt Nam,Silver,2,1,9,2016-12-22,2023-02-02,1
5767,customer5767@example.com,Vũ Thu,Nữ,1991,30-39,Giám đốc,Hà Nội,Việt Nam,Silver,3,1,2,2015-10-12,2024-01-15,1
5768,customer5768@example.com,Lê Khánh,Nam,1966,50-59,Người nổi tiếng,Đà Nẵng,Việt Nam,Silver,4,1,7,2017-01-01,2023-02-22,1
5769,customer5769@example.com,Đặng Mai,Nữ,1969,50-59,Kiến trúc sư,Khánh Hòa,Việt Nam,Diamond,4,1,8,2017-11-30,2024-01-09,0
5770,customer5770@example.com,Lê Đức,Nam,1987,30-39,Bác sĩ,Đồng Nai,Việt Nam,Gold,3,1,6,2018-09-24,2024-12-09,1
5771,customer5771@example.com,Vũ Ánh,Nữ,1988,30-39,Giám đốc,Hà Nội,Việt Nam,Platinum,1,1,6,2019-09-14,2023-11-25,1
5772,customer5772@example.com,Nguyễn Trang,Nữ,1975,40-49,Kiến trúc sư,Hà Nội,Việt Nam,Silver,2,1,9,2020-02-22,2023-06-11,1
5773,customer5773@example.com,Đặng Ánh,Nữ,1960,60+,Chuyên gia tài chính,TP HCM,Việt Nam,Gold,2,1,5,2016-11-15,2023-07-19,1
5774,customer5774@example.com,Lê Linh,Nữ,1995,25-29,Bác sĩ,TP HCM,Việt Nam,Platinum,1,1,1,2019-06-13,2023-07-26,1
5775,customer5775@example.com,Bùi Quang,Nam,1967,50-59,Luật sư,TP HCM,Việt Nam,Platinum,3,1,5,2017-02-21,2023-10-11,1
5776,customer5776@example.com,Lê Hà,Nữ,1964,60+,Kiến trúc sư,Hà Nội,Việt Nam,Gold,1,1,6,2021-03-13,2024-06-26,1
5777,customer5777@example.com,Đỗ Khánh,Nam,1976,40-49,Giám đốc,TP HCM,Việt Nam,Gold,4,1,4,2016-06-15,2023-08-27,1
5778,customer5778@example.com,Đỗ Nga,Nữ,1966,50-59,Doanh nhân,TP HCM,Expat,Silver,2,1,5,2018-01-24,2023-01-27,1
5779,customer5779@example.com,Ngô Trung,Nam,1995,25-29,Luật sư,Hà Nội,Việt Nam,Gold,4,1,4,2022-07-01,2024-11-05,1
5780,customer5780@example.com,Bùi Tuấn,Nam,1980,40-49,Chuyên gia tài chính,TP HCM,Việt Nam,Silver,1,1,6,2021-11-24,2023-12-09,0
5781,customer5781@example.com,Đặng Thảo,Nữ,1986,30-39,Nhà đầu tư,Hà Nội,Việt Nam,Diamond,4,1,4,2015-08-03,2023-02-08,1
5782,customer5782@example.com,Đặng Lan,Nữ,1978,40-49,Kiến trúc sư,Hải Phòng,Việt Nam,Silver,2,1,9,2022-01-08,2023-02-15,1
5783,customer5783@example.com,Lê Trung,Nam,1998,25-29,Kiến trúc sư,Đồng Nai,Việt Nam,Gold,2,1,8,2020-06-24,2024-09-08,1
5784,customer5784@example.com,Nguyễn Long,Nam,1992,30-39,Người nổi tiếng,Hải Phòng,Việt Nam,Platinum,2,1,8,2019-10-27,2023-01-12,1
5785,customer5785@example.com,Trần Khánh,Nam,1997,25-29,Người nổi tiếng,TP HCM,Việt Nam,Platinum,4,1,10,2022-07-25,2024-04-03,1
5786,customer5786@example.com,Nguyễn Khánh,Nam,1992,30-39,Bác sĩ,TP HCM,Việt Nam,Silver,4,1,3,2017-01-15,2023-11-22,1
5787,customer5787@example.com,Đỗ Lan,Nữ,1964,60+,Luật sư,Hà Nội,Việt Nam,Silver,4,1,10,2022-03-09,2023-03-11,1
5788,customer5788@example.com,Đặng Lan,Nữ,1961,60+,Kiến trúc sư,Hà Nội,Việt Nam,Silver,4,1,3,2017-11-01,2023-04-01,1
5789,customer5789@example.com,Hồ Ánh,Nữ,1992,30-39,Kiến trúc sư,TP HCM,Việt Nam,Platinum,1,1,1,2018-12-01,2023-07-24,1
5790,customer5790@example.com,Phan Linh,Nữ,1960,60+,Kiến trúc sư,TP HCM,Việt Nam,Silver,2,1,1,2022-09-15,2024-07-06,0
5791,customer5791@example.com,Ngô Trung,Nam,1990,30-39,Luật sư,Hà Nội,Việt Nam,Silver,2,1,10,2022-06-22,2023-01-28,1
5792,customer5792@example.com,Đặng Long,Nam,1984,40-49,Chuyên gia tài chính,Bình Dương,Việt Nam,Gold,2,1,6,2023-02-27,2024-08-10,1
5793,customer5793@example.com,Bùi Minh,Nam,1988,30-39,Bác sĩ,TP HCM,Việt Nam,Diamond,4,1,4,2020-05-27,2024-12-19,1
5794,customer5794@example.com,Phạm Việt,Nam,1986,30-39,Nhà đầu tư,Hà Nội,Expat,Silver,1,1,4,2023-06-27,2024-07-15,1
5795,customer5795@example.com,Trần Ngọc,Nữ,1993,30-39,Người nổi tiếng,TP HCM,Việt Nam,Gold,3,1,6,2015-02-20,2023-07-12,1
5796,customer5796@example.com,Hoàng Tuấn,Nam,1983,40-49,Giám đốc,Đà Nẵng,Expat,Diamond,3,1,8,2021-12-07,2024-02-09,1
5797,customer5797@example.com,Nguyễn Lan,Nữ,1978,40-49,Chuyên gia tài chính,TP HCM,Việt Nam,Gold,3,1,4,2015-12-06,2023-12-16,1
5798,customer5798@example.com,Trần Lan,Nữ,1965,50-59,Người nổi tiếng,Hà Nội,Việt Nam,Diamond,4,1,6,2017-08-27,2023-01-10,1
5799,customer5799@example.com,Vũ Thành,Nam,1961,60+,Nhà đầu tư,Hải Phòng,Việt Nam,Silver,1,1,5,2016-07-10,2023-01-23,1
5800,customer5800@example.com,Hoàng Bình,Nam,1969,50-59,Doanh nhân,Hà Nội,Việt Nam,Diamond,3,1,9,2018-07-19,2023-02-19,1
5801,customer5801@example.com,Đặng Tuấn,Nam,1985,30-39,Kiến trúc sư,TP HCM,Việt Nam,Silver,1,1,1,2020-12-02,2023-11-21,1
5802,customer5802@example.com,Lê Hoa,Nữ,1980,40-49,Luật sư,Hà Nội,Việt Nam,Silver,4,1,5,2017-06-18,2023-04-12,0
5803,customer5803@example.com,Nguyễn Trung,Nam,1968,50-59,Người nổi tiếng,TP HCM,Việt Nam,Gold,3,1,8,2016-04-12,2024-10-21,1
5804,customer5804@example.com,Dương Hằng,Nữ,1993,30-39,Bác sĩ,Hà Nội,Việt Nam,Silver,4,1,10,2017-02-25,2023-09-14,1
5805,customer5805@example.com,Hoàng Thành,Nam,1996,25-29,Doanh nhân,TP HCM,Việt Nam,Gold,1,1,2,2020-01-07,2023-12-27,0
5806,customer5806@example.com,Phan Thảo,Nữ,1990,30-39,Người nổi tiếng,Bình Dương,Việt Nam,Gold,4,1,9,2016-05-16,2024-01-02,1
5807,customer5807@example.com,Hoàng Trang,Nữ,1987,30-39,Doanh nhân,TP HCM,Việt Nam,Gold,1,1,2,2016-12-20,2023-01-27,0
5808,customer5808@example.com,Hồ Hùng,Nam,1993,30-39,Người nổi tiếng,Đà Nẵng,Việt Nam,Gold,3,1,10,2018-09-22,2023-10-31,1
5809,customer5809@example.com,Bùi Yến,Nữ,1962,60+,Chuyên gia tài chính,Bình Dương,Việt Nam,Gold,1,1,10,2017-04-19,2023-01-28,1
5810,customer5810@example.com,Dương Minh,Nam,1995,25-29,Kiến trúc sư,TP HCM,Việt Nam,Gold,3,1,7,2016-10-04,2023-02-27,1
5811,customer5811@example.com,Bùi Thảo,Nữ,1974,50-59,Luật sư,Hà Nội,Việt Nam,Platinum,2,1,5,2017-03-26,2024-09-11,1
5812,customer5812@example.com,Bùi Mai,Nữ,1986,30-39,Chuyên gia tài chính,Hà Nội,Việt Nam,Silver,3,1,8,2018-06-11,2023-08-03,1
5813,customer5813@example.com,Dương Thu,Nữ,1980,40-49,Chuyên gia tài chính,Hà Nội,Việt Nam,Gold,3,1,1,2019-11-20,2023-12-19,1
5814,customer5814@example.com,Phạm Ngọc,Nữ,1964,60+,Doanh nhân,Quảng Ninh,Việt Nam,Platinum,3,1,4,2016-06-06,2024-08-07,1
5815,customer5815@example.com,Lê Việt,Nam,1960,60+,Bác sĩ,Khánh Hòa,Việt Nam,Silver,4,1,1,2022-05-16,2023-08-24,1
5816,customer5816@example.com,Bùi Thành,Nam,1993,30-39,Người nổi tiếng,Hải Phòng,Việt Nam,Diamond,4,1,1,2015-08-26,2024-10-12,1
5817,customer5817@example.com,Dương Hùng,Nam,1987,30-39,Doanh nhân,Đà Nẵng,Việt Nam,Silver,1,1,7,2021-07-17,2024-11-05,1
5818,customer5818@example.com,Phan Linh,Nữ,1989,30-39,Bác sĩ,Hà Nội,Việt Nam,Platinum,4,1,8,2017-04-21,2024-02-17,1
5819,customer5819@example.com,Đặng Thành,Nam,1967,50-59,Chuyên gia tài chính,Đà Nẵng,Expat,Platinum,2,1,3,2020-10-09,2024-11-11,1
5820,customer5820@example.com,Vũ Phương,Nữ,1974,50-59,Giám đốc,TP HCM,Việt Nam,Diamond,2,1,4,2021-03-20,2023-02-24,1
5821,customer5821@example.com,Trần Phương,Nữ,1998,25-29,Giám đốc,TP HCM,Việt Nam,Gold,4,1,5,2018-07-31,2023-12-04,1
5822,customer5822@example.com,Hồ Linh,Nữ,1980,40-49,Người nổi tiếng,Bình Dương,Expat,Silver,1,1,1,2016-12-10,2023-07-25,1
5823,customer5823@example.com,Bùi Hằng,Nữ,1970,50-59,Kiến trúc sư,Khánh Hòa,Việt Nam,Diamond,2,1,8,2020-04-15,2024-10-29,0
5824,customer5824@example.com,Hồ Đức,Nam,1964,60+,Nhà đầu tư,TP HCM,Việt Nam,Platinum,4,1,6,2020-01-20,2023-03-19,1
5825,customer5825@example.com,Đỗ Ánh,Nữ,1969,50-59,Luật sư,Hà Nội,Việt Nam,Silver,1,1,9,2018-11-29,2023-12-28,1
5826,customer5826@example.com,Dương Thảo,Nữ,1991,30-39,Kiến trúc sư,TP HCM,Expat,Diamond,1,1,8,2016-02-04,2024-05-10,1
5827,customer5827@example.com,Đỗ Lan,Nữ,1978,40-49,Người nổi tiếng,TP HCM,Việt Nam,Gold,2,1,4,2020-06-03,2023-09-12,1
5828,customer5828@example.com,Ngô Hải,Nam,1961,60+,Người nổi tiếng,TP HCM,Expat,Platinum,1,1,8,2016-11-13,2024-01-31,1
5829,customer5829@example.com,Bùi Khánh,Nam,1967,50-59,Chuyên gia tài chính,Hải Phòng,Việt Nam,Silver,1,1,9,2019-11-19,2023-05-26,1
5830,customer5830@example.com,Phạm Phương,Nữ,1984,40-49,Kiến trúc sư,Khánh Hòa,Việt Nam,Silver,2,1,5,2017-04-14,2023-10-27,1
5831,customer5831@example.com,Lê Quang,Nam,1976,40-49,Bác sĩ,TP HCM,Expat,Silver,3,1,9,2017-05-11,2023-01-07,1
5832,customer5832@example.com,Hoàng Hải,Nam,1983,40-49,Nhà đầu tư,Hà Nội,Việt Nam,Gold,4,1,3,2021-03-07,2024-02-03,1
5833,customer5833@example.com,Vũ Trang,Nữ,1987,30-39,Doanh nhân,Hải Phòng,Việt Nam,Silver,4,1,2,2015-04-06,2024-04-20,1
5834,customer5834@example.com,Phan Hải,Nam,1986,30-39,Doanh nhân,Hà Nội,Việt Nam,Silver,2,1,2,2017-12-06,2024-02-27,1
5835,customer5835@example.com,Lê Minh,Nam,1962,60+,Người nổi tiếng,TP HCM,Expat,Gold,4,1,8,2018-11-30,2024-06-18,1
5836,customer5836@example.com,Phạm Việt,Nam,1979,40-49,Kiến trúc sư,TP HCM,Việt Nam,Platinum,4,1,3,2017-08-07,2024-02-11,1
5837,customer5837@example.com,Hồ Linh,Nữ,1986,30-39,Người nổi tiếng,TP HCM,Expat,Silver,1,1,5,2018-12-18,2024-09-29,1
5838,customer5838@example.com,Ngô Ánh,Nữ,1990,30-39,Kiến trúc sư,Hà Nội,Việt Nam,Diamond,1,1,7,2022-03-17,2024-09-04,1
5839,customer5839@example.com,Hồ Hùng,Nam,1998,25-29,Giám đốc,TP HCM,Việt Nam,Silver,2,1,10,2016-07-30,2024-04-11,1
5840,customer5840@example.com,Vũ Tuấn,Nam,1972,50-59,Kiến trúc sư,TP HCM,Việt Nam,Platinum,4,1,8,2020-04-07,2024-09-15,1
5841,customer5841@example.com,Phạm Trung,Nam,1995,25-29,Chuyên gia tài chính,Hải Phòng,Việt Nam,Gold,4,1,9,2019-05-02,2024-11-08,1
5842,customer5842@example.com,Hồ Hà,Nữ,1972,50-59,Giám đốc,Hà Nội,Việt Nam,Silver,1,1,4,2022-09-24,2024-09-12,1
5843,customer5843@example.com,Hoàng Hà,Nữ,1965,50-59,Giám đốc,Hà Nội,Việt Nam,Silver,1,1,7,2020-07-15,2024-05-13,1
5844,customer5844@example.com,Phan Mai,Nữ,1994,30-39,Luật sư,TP HCM,Việt Nam,Diamond,4,1,7,2016-05-14,2023-04-29,1
5845,customer5845@example.com,Hồ Ngọc,Nữ,1997,25-29,Người nổi tiếng,Đà Nẵng,Việt Nam,Silver,1,1,9,2016-03-31,2023-03-18,1
5846,customer5846@example.com,Trần Mai,Nữ,1969,50-59,Kiến trúc sư,Hà Nội,Expat,Gold,4,1,8,2020-11-11,2024-01-23,1
5847,customer5847@example.com,Vũ Việt,Nam,1994,30-39,Nhà đầu tư,Hà Nội,Việt Nam,Gold,4,1,4,2017-04-15,2023-05-06,0
5848,customer5848@example.com,Đặng Hằng,Nữ,1979,40-49,Doanh nhân,Quảng Ninh,Việt Nam,Gold,4,1,4,2022-03-27,2024-01-12,1
5849,customer5849@example.com,Trần Thảo,Nữ,1976,40-49,Kiến trúc sư,Hà Nội,Việt Nam,Platinum,4,1,10,2021-01-04,2024-07-19,0
5850,customer5850@example.com,Nguyễn Phương,Nữ,1968,50-59,Luật sư,TP HCM,Expat,Silver,1,1,10,2020-12-12,2024-04-09,1
5851,customer5851@example.com,Hoàng Trang,Nữ,1981,40-49,Nhà đầu tư,TP HCM,Việt Nam,Silver,4,1,6,2022-08-31,2024-07-14,1
5852,customer5852@example.com,Dương Khánh,Nam,1968,50-59,Doanh nhân,Quảng Ninh,Việt Nam,Silver,1,1,2,2019-05-25,2023-07-20,1
5853,customer5853@example.com,Trần Minh,Nam,1962,60+,Luật sư,Hà Nội,Việt Nam,Silver,2,1,8,2021-03-29,2023-01-23,0
5854,customer5854@example.com,Nguyễn Yến,Nữ,1986,30-39,Nhà đầu tư,Hà Nội,Việt Nam,Platinum,3,1,2,2021-09-28,2024-01-29,1
5855,customer5855@example.com,Dương Phương,Nữ,1966,50-59,Kiến trúc sư,Hà Nội,Việt Nam,Gold,3,1,8,2021-06-30,2023-06-20,1
5856,customer5856@example.com,Phạm Trung,Nam,1994,30-39,Chuyên gia tài chính,TP HCM,Việt Nam,Diamond,3,1,4,2020-12-06,2024-09-12,1
5857,customer5857@example.com,Lê Trang,Nữ,1984,40-49,Kiến trúc sư,Hà Nội,Việt Nam,Gold,4,1,4,2016-02-11,2024-07-10,1
5858,customer5858@example.com,Bùi Quang,Nam,1989,30-39,Chuyên gia tài chính,TP HCM,Việt Nam,Platinum,4,1,8,2022-11-14,2023-07-27,1
5859,customer5859@example.com,Bùi Yến,Nữ,1984,40-49,Doanh nhân,Đà Nẵng,Việt Nam,Platinum,4,1,7,2018-11-29,2023-05-27,1
5860,customer5860@example.com,Ngô Ánh,Nữ,1973,50-59,Kiến trúc sư,TP HCM,Việt Nam,Platinum,3,1,9,2015-04-08,2023-05-08,0
5861,customer5861@example.com,Bùi Long,Nam,1965,50-59,Bác sĩ,TP HCM,Việt Nam,Diamond,1,1,1,2016-10-04,2023-05-30,1
5862,customer5862@example.com,Bùi Đức,Nam,1983,40-49,Chuyên gia tài chính,TP HCM,Expat,Gold,1,1,9,2017-07-03,2023-12-21,1
5863,customer5863@example.com,Phạm Anh,Nam,1988,30-39,Bác sĩ,TP HCM,Expat,Silver,4,1,1,2019-06-18,2023-05-29,1
5864,customer5864@example.com,Hồ Bình,Nam,1965,50-59,Bác sĩ,Bình Dương,Expat,Silver,1,1,10,2018-08-27,2024-03-23,1
5865,customer5865@example.com,Đỗ Linh,Nữ,1996,25-29,Bác sĩ,Hà Nội,Việt Nam,Gold,2,1,7,2022-10-21,2023-12-15,1
5866,customer5866@example.com,Dương Trung,Nam,1965,50-59,Người nổi tiếng,Hà Nội,Việt Nam,Platinum,1,1,3,2020-03-16,2023-06-23,1
5867,customer5867@example.com,Trần Thu,Nữ,1975,40-49,Kiến trúc sư,TP HCM,Việt Nam,Gold,2,1,9,2021-05-18,2023-05-12,1
5868,customer5868@example.com,Hoàng Minh,Nam,1974,50-59,Chuyên gia tài chính,TP HCM,Việt Nam,Silver,2,1,4,2016-07-24,2024-01-28,1
5869,customer5869@example.com,Hoàng Mai,Nữ,1968,50-59,Nhà đầu tư,Quảng Ninh,Expat,Platinum,1,1,8,2018-02-09,2023-05-15,1
5870,customer5870@example.com,Phạm Yến,Nữ,1973,50-59,Giám đốc,Hà Nội,Việt Nam,Diamond,1,1,3,2017-06-30,2024-10-19,1
5871,customer5871@example.com,Đỗ Ngọc,Nữ,1961,60+,Luật sư,Hà Nội,Việt Nam,Platinum,2,1,7,2016-04-06,2023-06-13,1
5872,customer5872@example.com,Bùi Hùng,Nam,1972,50-59,Kiến trúc sư,TP HCM,Việt Nam,Platinum,4,1,6,2015-11-29,2024-12-05,1
5873,customer5873@example.com,Phạm Ngọc,Nữ,1970,50-59,Chuyên gia tài chính,TP HCM,Việt Nam,Silver,4,1,8,2022-12-24,2023-03-19,1
5874,customer5874@example.com,Đặng Khánh,Nam,1974,50-59,Doanh nhân,TP HCM,Expat,Silver,3,1,7,2018-07-03,2023-10-26,1
5875,customer5875@example.com,Phan Anh,Nam,1965,50-59,Luật sư,Hà Nội,Expat,Gold,2,1,3,2022-06-13,2024-03-09,1
5876,customer5876@example.com,Lê Thành,Nam,1967,50-59,Giám đốc,TP HCM,Việt Nam,Gold,2,1,7,2018-05-12,2023-12-08,1
5877,customer5877@example.com,Hồ Minh,Nam,1975,40-49,Doanh nhân,TP HCM,Expat,Diamond,1,1,4,2018-03-09,2024-02-23,1
5878,customer5878@example.com,Hồ Việt,Nam,1984,40-49,Doanh nhân,TP HCM,Việt Nam,Silver,4,1,5,2020-04-17,2023-05-23,1
5879,customer5879@example.com,Phạm Thảo,Nữ,1971,50-59,Doanh nhân,Quảng Ninh,Việt Nam,Diamond,4,1,8,2016-09-02,2024-05-07,1
5880,customer5880@example.com,Bùi Hằng,Nữ,1972,50-59,Nhà đầu tư,TP HCM,Việt Nam,Platinum,4,1,4,2023-03-04,2023-11-03,1
5881,customer5881@example.com,Bùi Minh,Nam,1966,50-59,Luật sư,Hà Nội,Expat,Gold,2,1,4,2023-01-30,2024-05-25,1
5882,customer5882@example.com,Ngô Thảo,Nữ,1975,40-49,Bác sĩ,TP HCM,Expat,Silver,4,1,9,2015-04-05,2024-04-12,1
5883,customer5883@example.com,Vũ Thu,Nữ,1970,50-59,Chuyên gia tài chính,Khánh Hòa,Việt Nam,Silver,1,1,6,2017-09-21,2024-10-27,1
5884,customer5884@example.com,Vũ Hùng,Nam,1972,50-59,Doanh nhân,Hải Phòng,Expat,Gold,1,1,6,2016-03-22,2023-01-03,1
5885,customer5885@example.com,Ngô Trung,Nam,1996,25-29,Chuyên gia tài chính,Hà Nội,Việt Nam,Platinum,4,1,3,2019-06-08,2023-10-05,1
5886,customer5886@example.com,Trần Quang,Nam,1988,30-39,Người nổi tiếng,TP HCM,Việt Nam,Silver,2,1,6,2017-12-12,2023-03-22,1
5887,customer5887@example.com,Phạm Phương,Nữ,1970,50-59,Người nổi tiếng,Hà Nội,Việt Nam,Gold,3,1,3,2022-04-16,2023-11-30,1
5888,customer5888@example.com,Ngô Hải,Nam,1997,25-29,Người nổi tiếng,Đà Nẵng,Việt Nam,Silver,3,1,7,2022-08-22,2024-01-19,1
5889,customer5889@example.com,Nguyễn Việt,Nam,1985,30-39,Luật sư,Hà Nội,Việt Nam,Gold,3,1,9,2021-06-02,2024-05-10,1
5890,customer5890@example.com,Ngô Hà,Nữ,1966,50-59,Người nổi tiếng,Hà Nội,Việt Nam,Platinum,3,1,3,2020-10-27,2024-07-18,1
5891,customer5891@example.com,Lê Đức,Nam,1993,30-39,Giám đốc,Hà Nội,Expat,Diamond,1,1,3,2018-12-01,2023-06-02,0
5892,customer5892@example.com,Dương Khánh,Nam,1996,25-29,Doanh nhân,Hà Nội,Việt Nam,Gold,1,1,9,2020-05-13,2024-07-10,1
5893,customer5893@example.com,Hoàng Hằng,Nữ,1975,40-49,Người nổi tiếng,TP HCM,Việt Nam,Diamond,3,1,1,2023-06-17,2024-03-21,0
5894,customer5894@example.com,Trần Anh,Nam,1975,40-49,Bác sĩ,Khánh Hòa,Việt Nam,Gold,1,1,7,2022-03-29,2023-07-08,1
5895,customer5895@example.com,Đặng Thảo,Nữ,1992,30-39,Bác sĩ,Hà Nội,Việt Nam,Diamond,2,1,9,2018-03-22,2023-11-08,1
5896,customer5896@example.com,Trần Thu,Nữ,1964,60+,Chuyên gia tài chính,Hà Nội,Việt Nam,Diamond,4,1,2,2022-08-19,2023-03-27,1
5897,customer5897@example.com,Đỗ Long,Nam,1978,40-49,Kiến trúc sư,TP HCM,Việt Nam,Diamond,4,1,2,2017-11-21,2023-12-09,1
5898,customer5898@example.com,Phạm Tuấn,Nam,1964,60+,Giám đốc,Hải Phòng,Việt Nam,Platinum,4,1,1,2018-05-20,2024-08-20,1
5899,customer5899@example.com,Trần Lan,Nữ,1985,30-39,Doanh nhân,Đồng Nai,Việt Nam,Silver,4,1,9,2022-08-26,2023-12-27,0
5900,customer5900@example.com,Hồ Hà,Nữ,1963,60+,Nhà đầu tư,Hà Nội,Expat,Silver,3,1,5,2018-11-22,2023-04-16,1
5901,customer5901@example.com,Lê Bình,Nam,1992,30-39,Bác sĩ,TP HCM,Việt Nam,Diamond,1,1,2,2019-09-28,2024-03-18,1
5902,customer5902@example.com,Đặng Mai,Nữ,1998,25-29,Kiến trúc sư,TP HCM,Việt Nam,Silver,3,1,8,2018-05-14,2024-12-16,1
5903,customer5903@example.com,Phạm Bình,Nam,1974,50-59,Chuyên gia tài chính,TP HCM,Việt Nam,Silver,3,1,9,2017-02-05,2023-08-01,1
5904,customer5904@example.com,Đặng Hùng,Nam,1992,30-39,Nhà đầu tư,TP HCM,Việt Nam,Gold,3,1,7,2021-04-20,2024-09-19,1
5905,customer5905@example.com,Hồ Tuấn,Nam,1998,25-29,Kiến trúc sư,TP HCM,Việt Nam,Gold,4,1,3,2018-09-12,2024-04-25,1
5906,customer5906@example.com,Hồ Hoa,Nữ,1982,40-49,Luật sư,Hà Nội,Việt Nam,Gold,4,1,8,2022-05-08,2024-03-08,1
5907,customer5907@example.com,Hồ Quang,Nam,1973,50-59,Doanh nhân,TP HCM,Việt Nam,Platinum,3,1,5,2020-03-20,2024-10-04,1
5908,customer5908@example.com,Hoàng Nga,Nữ,1968,50-59,Chuyên gia tài chính,TP HCM,Việt Nam,Gold,4,1,6,2015-10-03,2023-04-18,1
5909,customer5909@example.com,Ngô Đức,Nam,1972,50-59,Nhà đầu tư,Đà Nẵng,Expat,Gold,4,1,1,2015-10-02,2023-11-16,1
5910,customer5910@example.com,Phan Ánh,Nữ,1967,50-59,Người nổi tiếng,TP HCM,Việt Nam,Gold,3,1,6,2021-12-25,2024-01-08,1
5911,customer5911@example.com,Hoàng Lan,Nữ,1965,50-59,Người nổi tiếng,TP HCM,Việt Nam,Diamond,3,1,2,2016-08-06,2024-01-25,1
5912,customer5912@example.com,Phạm Hải,Nam,1980,40-49,Bác sĩ,Quảng Ninh,Việt Nam,Silver,4,1,7,2021-08-01,2024-12-17,1
5913,customer5913@example.com,Dương Bình,Nam,1980,40-49,Bác sĩ,Hà Nội,Việt Nam,Silver,2,1,3,2022-05-16,2024-03-21,1
5914,customer5914@example.com,Đặng Ngọc,Nữ,1964,60+,Kiến trúc sư,TP HCM,Việt Nam,Platinum,3,1,6,2022-03-17,2023-06-16,1
5915,customer5915@example.com,Dương Minh,Nam,1993,30-39,Chuyên gia tài chính,Hà Nội,Việt Nam,Gold,1,1,7,2023-06-23,2024-07-26,1
5916,customer5916@example.com,Hồ Tuấn,Nam,1960,60+,Nhà đầu tư,TP HCM,Việt Nam,Silver,4,1,4,2017-08-10,2024-02-05,1
5917,customer5917@example.com,Đặng Quang,Nam,1997,25-29,Bác sĩ,Đà Nẵng,Expat,Gold,2,1,9,2021-03-01,2023-06-30,1
5918,customer5918@example.com,Trần Lan,Nữ,1975,40-49,Nhà đầu tư,Đà Nẵng,Việt Nam,Silver,3,1,1,2019-12-08,2024-05-19,1
5919,customer5919@example.com,Bùi Trang,Nữ,1994,30-39,Giám đốc,Khánh Hòa,Expat,Gold,2,1,1,2018-02-16,2023-08-10,1
5920,customer5920@example.com,Đặng Bình,Nam,1968,50-59,Luật sư,Hà Nội,Việt Nam,Gold,2,1,8,2021-01-04,2024-09-10,1
5921,customer5921@example.com,Đặng Yến,Nữ,1972,50-59,Người nổi tiếng,Hà Nội,Việt Nam,Silver,1,1,5,2015-04-13,2024-12-11,1
5922,customer5922@example.com,Bùi Minh,Nam,1981,40-49,Chuyên gia tài chính,Hà Nội,Việt Nam,Silver,1,1,6,2021-11-07,2024-10-10,1
5923,customer5923@example.com,Phạm Trang,Nữ,1981,40-49,Kiến trúc sư,Hà Nội,Việt Nam,Gold,2,1,3,2021-01-10,2024-10-12,1
5924,customer5924@example.com,Bùi Ánh,Nữ,1994,30-39,Luật sư,Hà Nội,Việt Nam,Gold,4,1,2,2015-05-25,2024-07-15,1
5925,customer5925@example.com,Hoàng Minh,Nam,1996,25-29,Luật sư,Hà Nội,Việt Nam,Gold,3,1,10,2017-10-12,2023-08-05,1
5926,customer5926@example.com,Bùi Thành,Nam,1982,40-49,Kiến trúc sư,TP HCM,Việt Nam,Platinum,4,1,8,2022-02-08,2024-06-21,1
5927,customer5927@example.com,Ngô Khánh,Nam,1974,50-59,Giám đốc,Bình Dương,Việt Nam,Gold,4,1,7,2022-07-13,2023-10-15,1
5928,customer5928@example.com,Phan Quang,Nam,1975,40-49,Nhà đầu tư,Hà Nội,Việt Nam,Diamond,2,1,9,2016-11-08,2023-07-05,1
5929,customer5929@example.com,Đặng Thu,Nữ,1997,25-29,Người nổi tiếng,TP HCM,Việt Nam,Platinum,2,1,10,2020-09-02,2023-11-17,1
5930,customer5930@example.com,Nguyễn Ánh,Nữ,1988,30-39,Bác sĩ,Hà Nội,Việt Nam,Platinum,3,1,7,2017-08-05,2024-02-01,1
5931,customer5931@example.com,Trần Hải,Nam,1961,60+,Kiến trúc sư,TP HCM,Việt Nam,Silver,1,1,3,2022-03-05,2023-07-06,1
5932,customer5932@example.com,Phạm Hoa,Nữ,1988,30-39,Kiến trúc sư,Đà Nẵng,Việt Nam,Platinum,3,1,10,2016-09-02,2024-10-22,1
5933,customer5933@example.com,Trần Yến,Nữ,1966,50-59,Chuyên gia tài chính,TP HCM,Expat,Silver,2,1,1,2017-01-11,2024-10-26,1
5934,customer5934@example.com,Trần Ánh,Nữ,1970,50-59,Doanh nhân,TP HCM,Việt Nam,Silver,2,1,1,2016-04-04,2024-07-16,1
5935,customer5935@example.com,Phan Trang,Nữ,1974,50-59,Người nổi tiếng,Hải Phòng,Việt Nam,Gold,1,1,7,2018-08-01,2024-04-27,1
5936,customer5936@example.com,Nguyễn Hùng,Nam,1993,30-39,Nhà đầu tư,TP HCM,Việt Nam,Platinum,4,1,4,2017-01-16,2024-11-30,1
5937,customer5937@example.com,Ngô Lan,Nữ,1978,40-49,Chuyên gia tài chính,Hà Nội,Việt Nam,Silver,1,1,6,2017-12-04,2024-10-02,0
5938,customer5938@example.com,Trần Thu,Nữ,1970,50-59,Người nổi tiếng,Hà Nội,Việt Nam,Gold,2,1,10,2017-01-30,2023-08-21,1
5939,customer5939@example.com,Đặng Hoa,Nữ,1986,30-39,Kiến trúc sư,Hà Nội,Việt Nam,Gold,2,1,8,2018-05-04,2023-09-07,0
5940,customer5940@example.com,Ngô Ánh,Nữ,1985,30-39,Nhà đầu tư,TP HCM,Việt Nam,Gold,1,1,2,2022-02-12,2024-06-15,1
5941,customer5941@example.com,Dương Ánh,Nữ,1989,30-39,Nhà đầu tư,Đồng Nai,Việt Nam,Platinum,3,1,4,2018-11-11,2024-08-08,1
5942,customer5942@example.com,Lê Thảo,Nữ,1965,50-59,Doanh nhân,TP HCM,Việt Nam,Gold,3,1,3,2015-04-29,2024-11-22,1
5943,customer5943@example.com,Hồ Long,Nam,1971,50-59,Người nổi tiếng,Hà Nội,Việt Nam,Diamond,1,1,5,2022-01-31,2023-09-03,1
5944,customer5944@example.com,Ngô Hải,Nam,1978,40-49,Bác sĩ,TP HCM,Việt Nam,Platinum,1,1,8,2018-07-15,2023-02-26,1
5945,customer5945@example.com,Dương Hà,Nữ,1981,40-49,Bác sĩ,Hà Nội,Việt Nam,Gold,4,1,7,2020-07-15,2024-03-30,1
5946,customer5946@example.com,Đỗ Đức,Nam,1992,30-39,Doanh nhân,Đà Nẵng,Việt Nam,Silver,4,1,9,2018-01-17,2023-05-09,1
5947,customer5947@example.com,Phạm Hằng,Nữ,1975,40-49,Giám đốc,TP HCM,Việt Nam,Diamond,3,1,6,2021-09-07,2024-03-21,1
5948,customer5948@example.com,Lê Thành,Nam,1989,30-39,Người nổi tiếng,Hải Phòng,Việt Nam,Platinum,3,1,2,2023-02-12,2023-11-08,1
5949,customer5949@example.com,Dương Ngọc,Nữ,1971,50-59,Luật sư,TP HCM,Việt Nam,Platinum,4,1,1,2021-08-31,2023-10-24,1
5950,customer5950@example.com,Hồ Thu,Nữ,1989,30-39,Giám đốc,Bình Dương,Việt Nam,Platinum,1,1,9,2016-05-21,2023-09-27,1
5951,customer5951@example.com,Hồ Anh,Nam,1976,40-49,Giám đốc,Hà Nội,Việt Nam,Silver,2,1,3,2016-08-25,2024-06-15,0
5952,customer5952@example.com,Đặng Trung,Nam,1998,25-29,Doanh nhân,Hải Phòng,Việt Nam,Silver,3,1,8,2016-09-10,2023-02-13,1
5953,customer5953@example.com,Phạm Yến,Nữ,1991,30-39,Nhà đầu tư,TP HCM,Việt Nam,Gold,3,1,4,2019-12-23,2024-02-02,1
5954,customer5954@example.com,Đỗ Khánh,Nam,1975,40-49,Bác sĩ,TP HCM,Việt Nam,Gold,3,1,4,2021-02-08,2023-08-31,1
5955,customer5955@example.com,Nguyễn Nga,Nữ,1980,40-49,Luật sư,Hà Nội,Expat,Silver,4,1,1,2016-02-26,2023-10-28,1
5956,customer5956@example.com,Phan Hoa,Nữ,1967,50-59,Giám đốc,Khánh Hòa,Việt Nam,Gold,2,1,8,2015-08-03,2023-09-04,1
5957,customer5957@example.com,Ngô Thành,Nam,1978,40-49,Giám đốc,Hà Nội,Việt Nam,Diamond,4,1,5,2018-11-11,2024-01-14,1
5958,customer5958@example.com,Dương Trang,Nữ,1987,30-39,Luật sư,TP HCM,Việt Nam,Gold,2,1,8,2018-09-20,2024-06-03,1
5959,customer5959@example.com,Lê Thu,Nữ,1993,30-39,Người nổi tiếng,TP HCM,Việt Nam,Platinum,2,1,3,2020-03-16,2024-11-17,1
5960,customer5960@example.com,Đỗ Tuấn,Nam,1965,50-59,Kiến trúc sư,TP HCM,Việt Nam,Gold,4,1,10,2022-01-27,2024-01-28,1
5961,customer5961@example.com,Ngô Hoa,Nữ,1967,50-59,Luật sư,Hà Nội,Expat,Silver,4,1,2,2019-09-02,2023-11-17,0
5962,customer5962@example.com,Nguyễn Đức,Nam,1989,30-39,Người nổi tiếng,TP HCM,Việt Nam,Silver,2,1,9,2016-02-26,2024-03-14,1
5963,customer5963@example.com,Phạm Ngọc,Nữ,1981,40-49,Kiến trúc sư,Hà Nội,Việt Nam,Gold,4,1,3,2018-02-14,2023-10-06,1
5964,customer5964@example.com,Dương Linh,Nữ,1982,40-49,Người nổi tiếng,TP HCM,Việt Nam,Platinum,1,1,2,2018-03-02,2024-06-14,1
5965,customer5965@example.com,Đặng Trung,Nam,1972,50-59,Bác sĩ,TP HCM,Việt Nam,Diamond,4,1,9,2019-08-09,2024-11-13,1
5966,customer5966@example.com,Nguyễn Hoa,Nữ,1986,30-39,Giám đốc,TP HCM,Việt Nam,Diamond,4,1,6,2016-01-23,2023-03-25,1
5967,customer5967@example.com,Phan Hải,Nam,1975,40-49,Chuyên gia tài chính,TP HCM,Việt Nam,Gold,1,1,1,2019-08-31,2024-02-14,1
5968,customer5968@example.com,Hồ Ngọc,Nữ,1987,30-39,Người nổi tiếng,TP HCM,Việt Nam,Gold,2,1,7,2015-03-14,2023-02-11,1
5969,customer5969@example.com,Bùi Lan,Nữ,1973,50-59,Doanh nhân,Đồng Nai,Việt Nam,Silver,2,1,8,2020-12-09,2023-05-22,1
5970,customer5970@example.com,Đỗ Khánh,Nam,1987,30-39,Giám đốc,Hà Nội,Việt Nam,Platinum,4,1,9,2020-01-30,2023-06-22,1
5971,customer5971@example.com,Trần Việt,Nam,1996,25-29,Nhà đầu tư,Hà Nội,Việt Nam,Platinum,1,1,7,2018-09-15,2023-04-04,1
5972,customer5972@example.com,Hoàng Bình,Nam,1961,60+,Bác sĩ,Hà Nội,Việt Nam,Gold,1,1,1,2021-11-15,2023-08-01,1
5973,customer5973@example.com,Đặng Lan,Nữ,1965,50-59,Bác sĩ,Hà Nội,Việt Nam,Gold,3,1,6,2015-02-28,2024-10-30,1
5974,customer5974@example.com,Đỗ Lan,Nữ,1993,30-39,Doanh nhân,TP HCM,Expat,Gold,3,1,3,2017-07-10,2023-05-15,1
5975,customer5975@example.com,Hồ Linh,Nữ,1972,50-59,Kiến trúc sư,TP HCM,Việt Nam,Silver,1,1,3,2022-08-05,2023-11-06,1
5976,customer5976@example.com,Phan Thành,Nam,1969,50-59,Luật sư,Hà Nội,Việt Nam,Gold,1,1,4,2016-07-07,2023-05-24,1
5977,customer5977@example.com,Nguyễn Thảo,Nữ,1997,25-29,Người nổi tiếng,Khánh Hòa,Việt Nam,Gold,2,1,1,2021-10-14,2024-10-10,1
5978,customer5978@example.com,Nguyễn Khánh,Nam,1967,50-59,Người nổi tiếng,Đồng Nai,Việt Nam,Silver,4,1,7,2019-04-09,2024-05-07,1
5979,customer5979@example.com,Phạm Thảo,Nữ,1973,50-59,Luật sư,Đà Nẵng,Việt Nam,Platinum,3,1,4,2020-02-10,2023-02-10,1
5980,customer5980@example.com,Dương Anh,Nam,1992,30-39,Doanh nhân,Hà Nội,Việt Nam,Gold,1,1,4,2019-05-24,2023-08-06,1
5981,customer5981@example.com,Vũ Lan,Nữ,1961,60+,Chuyên gia tài chính,Hà Nội,Việt Nam,Platinum,3,1,2,2016-04-06,2024-02-09,1
5982,customer5982@example.com,Dương Hà,Nữ,1995,25-29,Kiến trúc sư,Quảng Ninh,Việt Nam,Diamond,2,1,7,2016-11-19,2023-12-26,1
5983,customer5983@example.com,Phạm Long,Nam,1960,60+,Bác sĩ,Hải Phòng,Việt Nam,Silver,4,1,4,2017-02-03,2023-05-12,1
5984,customer5984@example.com,Lê Anh,Nam,1988,30-39,Người nổi tiếng,Hà Nội,Việt Nam,Silver,1,1,1,2021-08-03,2024-05-15,1
5985,customer5985@example.com,Dương Tuấn,Nam,1960,60+,Luật sư,TP HCM,Việt Nam,Silver,1,1,10,2021-06-14,2024-02-27,1
5986,customer5986@example.com,Đỗ Nga,Nữ,1995,25-29,Nhà đầu tư,Hà Nội,Việt Nam,Gold,1,1,8,2015-09-20,2023-08-04,1
5987,customer5987@example.com,Lê Trung,Nam,1974,50-59,Bác sĩ,Hải Phòng,Việt Nam,Silver,2,1,2,2017-05-18,2024-07-11,1
5988,customer5988@example.com,Lê Hùng,Nam,1973,50-59,Luật sư,Bình Dương,Việt Nam,Silver,1,1,1,2018-03-31,2023-06-19,1
5989,customer5989@example.com,Phạm Lan,Nữ,1960,60+,Bác sĩ,TP HCM,Việt Nam,Gold,4,1,3,2015-04-19,2023-06-23,0
5990,customer5990@example.com,Lê Lan,Nữ,1982,40-49,Doanh nhân,Hải Phòng,Việt Nam,Gold,2,1,2,2020-09-25,2024-03-18,0
5991,customer5991@example.com,Hồ Việt,Nam,1974,50-59,Giám đốc,Hà Nội,Việt Nam,Silver,2,1,8,2017-10-02,2023-01-08,1
5992,customer5992@example.com,Lê Thu,Nữ,1986,30-39,Nhà đầu tư,Hà Nội,Việt Nam,Gold,4,1,7,2017-07-28,2024-10-11,1
5993,customer5993@example.com,Hồ Đức,Nam,1989,30-39,Người nổi tiếng,Đồng Nai,Việt Nam,Platinum,1,1,4,2021-06-26,2023-04-07,1
5994,customer5994@example.com,Đặng Hải,Nam,1974,50-59,Nhà đầu tư,TP HCM,Việt Nam,Platinum,2,1,2,2018-05-02,2023-01-30,1
5995,customer5995@example.com,Hoàng Mai,Nữ,1995,25-29,Chuyên gia tài chính,Hà Nội,Việt Nam,Platinum,4,1,2,2020-10-08,2024-08-23,1
5996,customer5996@example.com,Hoàng Minh,Nam,1994,30-39,Chuyên gia tài chính,TP HCM,Việt Nam,Silver,3,1,3,2015-10-10,2023-06-05,1
5997,customer5997@example.com,Hồ Hùng,Nam,1978,40-49,Nhà đầu tư,Hà Nội,Việt Nam,Platinum,3,1,2,2019-02-15,2023-12-27,1
5998,customer5998@example.com,Bùi Thu,Nữ,1976,40-49,Doanh nhân,Hà Nội,Việt Nam,Diamond,4,1,1,2017-09-05,2024-09-20,1
5999,customer5999@example.com,Dương Thành,Nam,1995,25-29,Kiến trúc sư,Hà Nội,Việt Nam,Platinum,3,1,1,2016-07-07,2023-03-12,1
6000,customer6000@example.com,Bùi Hùng,Nam,1987,30-39,Luật sư,TP HCM,Việt Nam,Platinum,4,1,3,2016-08-08,2023-10-04,1
6001,customer6001@example.com,Vũ Nga,Nữ,1971,50-59,Chuyên gia tài chính,TP HCM,Việt Nam,Gold,4,1,3,2017-07-27,2023-12-13,1
6002,customer6002@example.com,Lê Bình,Nam,1990,30-39,Kiến trúc sư,Khánh Hòa,Việt Nam,Gold,2,1,8,2015-06-25,2023-12-28,1
6003,customer6003@example.com,Vũ Hoa,Nữ,1977,40-49,Người nổi tiếng,Hà Nội,Việt Nam,Silver,3,1,5,2020-08-03,2024-11-28,0
6004,customer6004@example.com,Nguyễn Phương,Nữ,1979,40-49,Giám đốc,TP HCM,Việt Nam,Silver,4,1,1,2015-04-06,2024-04-03,1
6005,customer6005@example.com,Vũ Long,Nam,1961,60+,Doanh nhân,Đồng Nai,Việt Nam,Silver,3,1,9,2019-06-14,2024-07-30,1
6006,customer6006@example.com,Dương Thành,Nam,1963,60+,Giám đốc,Hà Nội,Việt Nam,Gold,3,1,7,2022-09-13,2023-12-03,1
6007,customer6007@example.com,Hoàng Khánh,Nam,1971,50-59,Bác sĩ,Khánh Hòa,Việt Nam,Diamond,1,1,7,2021-12-15,2023-03-26,1
6008,customer6008@example.com,Đặng Khánh,Nam,1967,50-59,Bác sĩ,Đà Nẵng,Việt Nam,Platinum,1,1,9,2019-08-14,2024-03-16,1
6009,customer6009@example.com,Dương Anh,Nam,1973,50-59,Nhà đầu tư,TP HCM,Việt Nam,Gold,3,1,10,2018-04-05,2024-12-02,1
6010,customer6010@example.com,Đặng Yến,Nữ,1974,50-59,Người nổi tiếng,Hải Phòng,Việt Nam,Silver,4,1,2,2015-11-26,2024-06-18,1
6011,customer6011@example.com,Hoàng Trang,Nữ,1968,50-59,Giám đốc,TP HCM,Việt Nam,Diamond,2,1,4,2020-05-13,2024-10-06,1
6012,customer6012@example.com,Đặng Mai,Nữ,1976,40-49,Nhà đầu tư,Đà Nẵng,Việt Nam,Silver,4,1,9,2016-03-24,2023-08-28,1
6013,customer6013@example.com,Vũ Thảo,Nữ,1974,50-59,Doanh nhân,TP HCM,Việt Nam,Silver,2,1,9,2016-09-25,2024-12-30,0
6014,customer6014@example.com,Phan Trang,Nữ,1997,25-29,Nhà đầu tư,Hà Nội,Việt Nam,Silver,2,1,3,2018-02-19,2023-12-18,1
6015,customer6015@example.com,Phạm Anh,Nam,1968,50-59,Giám đốc,Hà Nội,Việt Nam,Silver,1,1,6,2020-11-02,2023-06-01,1
6016,customer6016@example.com,Ngô Ngọc,Nữ,1981,40-49,Giám đốc,Hà Nội,Việt Nam,Gold,2,1,6,2015-09-07,2023-02-27,1
6017,customer6017@example.com,Dương Phương,Nữ,1998,25-29,Bác sĩ,Quảng Ninh,Việt Nam,Silver,3,1,2,2019-01-13,2024-08-29,1
6018,customer6018@example.com,Phạm Long,Nam,1994,30-39,Kiến trúc sư,Hà Nội,Việt Nam,Platinum,2,1,8,2015-09-06,2024-03-05,0
6019,customer6019@example.com,Hoàng Phương,Nữ,1964,60+,Người nổi tiếng,TP HCM,Việt Nam,Gold,1,1,8,2022-03-19,2023-02-17,1
6020,customer6020@example.com,Lê Tuấn,Nam,1979,40-49,Luật sư,Hà Nội,Expat,Diamond,4,1,10,2023-01-04,2023-06-05,1
6021,customer6021@example.com,Đặng Minh,Nam,1966,50-59,Doanh nhân,TP HCM,Việt Nam,Platinum,4,1,1,2021-12-19,2023-01-25,1
6022,customer6022@example.com,Đặng Mai,Nữ,1967,50-59,Doanh nhân,TP HCM,Việt Nam,Diamond,2,1,8,2015-05-22,2024-10-20,1
6023,customer6023@example.com,Trần Nga,Nữ,1972,50-59,Bác sĩ,Hà Nội,Việt Nam,Gold,4,1,2,2020-04-18,2024-06-19,1
6024,customer6024@example.com,Hồ Quang,Nam,1982,40-49,Giám đốc,TP HCM,Việt Nam,Gold,4,1,5,2022-07-03,2024-01-31,1
6025,customer6025@example.com,Hoàng Ngọc,Nữ,1961,60+,Chuyên gia tài chính,TP HCM,Việt Nam,Platinum,4,1,3,2020-10-21,2023-12-25,1
6026,customer6026@example.com,Đỗ Mai,Nữ,1979,40-49,Giám đốc,TP HCM,Expat,Gold,1,1,2,2022-10-18,2023-07-26,1
6027,customer6027@example.com,Phan Ngọc,Nữ,1974,50-59,Kiến trúc sư,Hà Nội,Việt Nam,Silver,1,1,2,2022-10-16,2023-05-25,1
6028,customer6028@example.com,Vũ Trang,Nữ,1963,60+,Kiến trúc sư,TP HCM,Việt Nam,Diamond,2,1,10,2023-05-12,2024-11-02,1
6029,customer6029@example.com,Đỗ Bình,Nam,1977,40-49,Giám đốc,Hà Nội,Việt Nam,Silver,4,1,10,2021-10-31,2023-04-29,1
6030,customer6030@example.com,Lê Phương,Nữ,1960,60+,Người nổi tiếng,TP HCM,Việt Nam,Gold,3,1,1,2021-09-13,2023-08-03,1
6031,customer6031@example.com,Đặng Hằng,Nữ,1990,30-39,Giám đốc,Hà Nội,Việt Nam,Gold,2,1,7,2015-04-01,2023-02-14,1
6032,customer6032@example.com,Vũ Đức,Nam,1995,25-29,Chuyên gia tài chính,Quảng Ninh,Việt Nam,Platinum,3,1,2,2019-12-21,2023-11-11,1
6033,customer6033@example.com,Phạm Ngọc,Nữ,1964,60+,Bác sĩ,Hà Nội,Việt Nam,Platinum,3,1,6,2016-08-15,2024-02-06,1
6034,customer6034@example.com,Bùi Việt,Nam,1975,40-49,Doanh nhân,Quảng Ninh,Việt Nam,Silver,4,1,10,2021-09-26,2024-06-08,1
6035,customer6035@example.com,Bùi Trang,Nữ,1973,50-59,Giám đốc,Đồng Nai,Việt Nam,Silver,1,1,6,2021-09-07,2024-10-09,1
6036,customer6036@example.com,Đặng Ngọc,Nữ,1961,60+,Nhà đầu tư,Hà Nội,Việt Nam,Silver,4,1,9,2020-03-29,2023-04-26,1
6037,customer6037@example.com,Nguyễn Thu,Nữ,1998,25-29,Luật sư,Quảng Ninh,Việt Nam,Silver,1,1,1,2021-09-24,2023-07-06,0
6038,customer6038@example.com,Hoàng Trung,Nam,1967,50-59,Bác sĩ,Hà Nội,Việt Nam,Silver,1,1,10,2020-09-26,2024-09-08,1
6039,customer6039@example.com,Hồ Đức,Nam,1993,30-39,Nhà đầu tư,Đồng Nai,Việt Nam,Gold,1,1,7,2022-02-11,2023-04-26,0
6040,customer6040@example.com,Phạm Linh,Nữ,1962,60+,Bác sĩ,Đồng Nai,Việt Nam,Platinum,2,1,9,2022-01-28,2024-12-25,1
6041,customer6041@example.com,Phạm Bình,Nam,1983,40-49,Chuyên gia tài chính,TP HCM,Việt Nam,Silver,1,1,6,2021-11-12,2023-05-16,1
6042,customer6042@example.com,Hồ Hoa,Nữ,1961,60+,Người nổi tiếng,Hà Nội,Việt Nam,Gold,4,1,8,2019-07-22,2024-05-13,1
6043,customer6043@example.com,Dương Yến,Nữ,1994,30-39,Người nổi tiếng,Hà Nội,Expat,Gold,3,1,9,2017-05-13,2024-09-09,1
6044,customer6044@example.com,Vũ Khánh,Nam,1962,60+,Nhà đầu tư,Hà Nội,Việt Nam,Gold,4,1,6,2019-12-05,2023-11-14,1
6045,customer6045@example.com,Đặng Anh,Nam,1985,30-39,Doanh nhân,TP HCM,Việt Nam,Platinum,4,1,6,2015-02-03,2023-01-03,1
6046,customer6046@example.com,Hồ Minh,Nam,1979,40-49,Kiến trúc sư,Hà Nội,Việt Nam,Silver,3,1,4,2015-10-15,2023-12-28,1
6047,customer6047@example.com,Dương Hải,Nam,1960,60+,Luật sư,TP HCM,Việt Nam,Platinum,3,1,9,2018-04-16,2023-07-08,1
6048,customer6048@example.com,Hoàng Hoa,Nữ,1964,60+,Người nổi tiếng,Khánh Hòa,Việt Nam,Diamond,4,1,7,2015-04-26,2023-04-11,1
6049,customer6049@example.com,Dương Hải,Nam,1971,50-59,Người nổi tiếng,TP HCM,Việt Nam,Silver,4,1,10,2018-12-25,2024-12-13,1
6050,customer6050@example.com,Lê Long,Nam,1983,40-49,Nhà đầu tư,Đà Nẵng,Việt Nam,Platinum,4,1,1,2017-12-02,2023-07-08,1
6051,customer6051@example.com,Ngô Việt,Nam,1976,40-49,Doanh nhân,Hà Nội,Expat,Diamond,3,1,9,2021-06-11,2024-06-05,0
6052,customer6052@example.com,Ngô Mai,Nữ,1975,40-49,Kiến trúc sư,Hải Phòng,Việt Nam,Platinum,4,1,5,2017-08-16,2023-11-16,1
6053,customer6053@example.com,Phan Ánh,Nữ,1997,25-29,Giám đốc,Hà Nội,Việt Nam,Gold,3,1,3,2021-07-21,2024-12-29,1
6054,customer6054@example.com,Nguyễn Quang,Nam,1966,50-59,Bác sĩ,TP HCM,Việt Nam,Silver,1,1,1,2015-06-12,2024-12-21,1
6055,customer6055@example.com,Nguyễn Hoa,Nữ,1998,25-29,Luật sư,Hà Nội,Việt Nam,Gold,4,1,1,2022-03-31,2023-11-08,1
6056,customer6056@example.com,Bùi Tuấn,Nam,1976,40-49,Bác sĩ,Hà Nội,Việt Nam,Diamond,2,1,6,2021-11-21,2023-11-29,1
6057,customer6057@example.com,Đặng Linh,Nữ,1980,40-49,Luật sư,TP HCM,Việt Nam,Gold,4,1,1,2021-02-04,2024-01-03,1
6058,customer6058@example.com,Lê Việt,Nam,1985,30-39,Chuyên gia tài chính,Hải Phòng,Việt Nam,Silver,2,1,6,2017-06-10,2024-08-08,1
6059,customer6059@example.com,Đỗ Hà,Nữ,1986,30-39,Giám đốc,TP HCM,Việt Nam,Silver,1,1,4,2019-11-19,2024-12-20,1
6060,customer6060@example.com,Phạm Quang,Nam,1990,30-39,Luật sư,Đồng Nai,Việt Nam,Silver,2,1,8,2020-06-02,2023-07-25,1
6061,customer6061@example.com,Bùi Long,Nam,1967,50-59,Kiến trúc sư,TP HCM,Việt Nam,Platinum,3,1,3,2021-06-10,2023-04-14,1
6062,customer6062@example.com,Nguyễn Phương,Nữ,1978,40-49,Doanh nhân,Hà Nội,Expat,Silver,3,1,9,2020-02-15,2024-06-06,1
6063,customer6063@example.com,Trần Linh,Nữ,1972,50-59,Doanh nhân,Hà Nội,Expat,Silver,2,1,8,2017-10-04,2024-10-06,1
6064,customer6064@example.com,Hồ Đức,Nam,1983,40-49,Luật sư,TP HCM,Việt Nam,Platinum,1,1,7,2018-02-12,2024-12-02,1
6065,customer6065@example.com,Ngô Hằng,Nữ,1963,60+,Doanh nhân,TP HCM,Việt Nam,Silver,1,1,10,2021-01-05,2024-01-25,1
6066,customer6066@example.com,Nguyễn Mai,Nữ,1964,60+,Giám đốc,Hải Phòng,Việt Nam,Silver,1,1,10,2022-06-26,2023-07-30,1
6067,customer6067@example.com,Dương Việt,Nam,1961,60+,Nhà đầu tư,Khánh Hòa,Việt Nam,Silver,3,1,1,2015-11-23,2024-09-06,1
6068,customer6068@example.com,Đỗ Yến,Nữ,1990,30-39,Người nổi tiếng,TP HCM,Việt Nam,Diamond,4,1,1,2015-02-16,2024-02-14,1
6069,customer6069@example.com,Trần Thu,Nữ,1962,60+,Người nổi tiếng,TP HCM,Việt Nam,Platinum,1,1,10,2016-12-29,2023-07-23,1
6070,customer6070@example.com,Nguyễn Khánh,Nam,1986,30-39,Kiến trúc sư,TP HCM,Việt Nam,Gold,1,1,7,2019-11-10,2023-02-22,1
6071,customer6071@example.com,Phan Mai,Nữ,1984,40-49,Người nổi tiếng,Hà Nội,Việt Nam,Platinum,2,1,2,2023-03-13,2023-04-08,1
6072,customer6072@example.com,Bùi Hà,Nữ,1997,25-29,Bác sĩ,Hà Nội,Việt Nam,Gold,4,1,1,2016-03-26,2024-03-18,1
6073,customer6073@example.com,Hoàng Nga,Nữ,1976,40-49,Giám đốc,TP HCM,Expat,Silver,4,1,1,2017-09-25,2023-09-25,0
6074,customer6074@example.com,Đặng Yến,Nữ,1998,25-29,Chuyên gia tài chính,Hà Nội,Việt Nam,Silver,2,1,8,2022-02-18,2023-10-26,1
6075,customer6075@example.com,Ngô Hùng,Nam,1998,25-29,Giám đốc,TP HCM,Việt Nam,Silver,3,1,9,2015-04-08,2024-02-25,1
6076,customer6076@example.com,Ngô Ngọc,Nữ,1968,50-59,Người nổi tiếng,TP HCM,Việt Nam,Gold,4,1,1,2020-01-14,2023-06-10,1
6077,customer6077@example.com,Hồ Anh,Nam,1972,50-59,Luật sư,Hải Phòng,Việt Nam,Silver,4,1,9,2017-01-30,2023-05-26,0
6078,customer6078@example.com,Hoàng Hải,Nam,1992,30-39,Bác sĩ,TP HCM,Việt Nam,Gold,3,1,8,2018-07-29,2023-06-03,1
6079,customer6079@example.com,Vũ Quang,Nam,1969,50-59,Giám đốc,Quảng Ninh,Việt Nam,Silver,1,1,9,2019-08-19,2023-06-27,0
6080,customer6080@example.com,Hồ Mai,Nữ,1962,60+,Chuyên gia tài chính,Hải Phòng,Việt Nam,Silver,4,1,3,2021-10-30,2023-11-01,1
6081,customer6081@example.com,Hồ Phương,Nữ,1978,40-49,Người nổi tiếng,Đà Nẵng,Việt Nam,Silver,3,1,6,2019-03-28,2023-06-28,0
6082,customer6082@example.com,Lê Thu,Nữ,1981,40-49,Kiến trúc sư,Hà Nội,Expat,Gold,1,1,10,2019-01-01,2024-05-11,1
6083,customer6083@example.com,Hồ Phương,Nữ,1967,50-59,Doanh nhân,Hà Nội,Việt Nam,Gold,4,1,6,2018-05-18,2024-05-23,1
6084,customer6084@example.com,Lê Long,Nam,1998,25-29,Doanh nhân,TP HCM,Việt Nam,Gold,4,1,7,2015-10-30,2024-11-06,1
6085,customer6085@example.com,Nguyễn Thu,Nữ,1963,60+,Kiến trúc sư,TP HCM,Việt Nam,Gold,1,1,1,2019-08-30,2023-04-04,1
6086,customer6086@example.com,Phạm Hùng,Nam,1962,60+,Chuyên gia tài chính,TP HCM,Expat,Gold,3,1,3,2016-04-16,2024-02-25,1
6087,customer6087@example.com,Ngô Long,Nam,1976,40-49,Kiến trúc sư,Khánh Hòa,Việt Nam,Diamond,4,1,7,2018-08-16,2023-11-10,1
6088,customer6088@example.com,Dương Hải,Nam,1980,40-49,Luật sư,TP HCM,Việt Nam,Gold,3,1,2,2018-06-13,2023-05-17,1
6089,customer6089@example.com,Ngô Long,Nam,1991,30-39,Bác sĩ,Hà Nội,Việt Nam,Platinum,4,1,4,2019-08-21,2023-01-13,0
6090,customer6090@example.com,Lê Linh,Nữ,1980,40-49,Bác sĩ,Hà Nội,Việt Nam,Silver,3,1,3,2022-02-24,2023-02-04,1
6091,customer6091@example.com,Đỗ Đức,Nam,1991,30-39,Chuyên gia tài chính,Hà Nội,Việt Nam,Silver,4,1,2,2022-09-25,2024-06-06,1
6092,customer6092@example.com,Đỗ Lan,Nữ,1960,60+,Luật sư,Đà Nẵng,Việt Nam,Silver,1,1,4,2017-06-13,2023-08-27,1
6093,customer6093@example.com,Phạm Quang,Nam,1996,25-29,Doanh nhân,Đồng Nai,Việt Nam,Gold,1,1,8,2017-04-05,2023-04-01,0
6094,customer6094@example.com,Vũ Ánh,Nữ,1991,30-39,Bác sĩ,Khánh Hòa,Việt Nam,Gold,2,1,7,2017-08-17,2023-01-27,1
6095,customer6095@example.com,Bùi Lan,Nữ,1964,60+,Luật sư,Hà Nội,Việt Nam,Silver,4,1,10,2018-01-29,2023-06-11,1
6096,customer6096@example.com,Ngô Nga,Nữ,1960,60+,Kiến trúc sư,Đà Nẵng,Việt Nam,Silver,4,1,10,2020-10-31,2023-08-19,1
6097,customer6097@example.com,Đỗ Trung,Nam,1971,50-59,Giám đốc,Đà Nẵng,Việt Nam,Silver,1,1,10,2015-10-07,2024-07-31,1
6098,customer6098@example.com,Ngô Lan,Nữ,1990,30-39,Giám đốc,TP HCM,Việt Nam,Silver,4,1,8,2022-04-01,2023-04-29,1
6099,customer6099@example.com,Đặng Yến,Nữ,1985,30-39,Chuyên gia tài chính,Khánh Hòa,Việt Nam,Platinum,4,1,2,2016-09-25,2023-03-24,1
6100,customer6100@example.com,Ngô Thảo,Nữ,1978,40-49,Kiến trúc sư,Hà Nội,Việt Nam,Gold,3,1,4,2020-05-25,2023-12-10,1
6101,customer6101@example.com,Bùi Hùng,Nam,1978,40-49,Luật sư,Hà Nội,Việt Nam,Diamond,1,1,2,2017-01-11,2024-09-22,1
6102,customer6102@example.com,Hoàng Ánh,Nữ,1992,30-39,Kiến trúc sư,Hà Nội,Expat,Silver,4,1,5,2015-05-23,2024-04-02,1
6103,customer6103@example.com,Trần Linh,Nữ,1996,25-29,Giám đốc,Hà Nội,Việt Nam,Platinum,2,1,8,2018-06-28,2023-02-26,1
6104,customer6104@example.com,Vũ Thảo,Nữ,1982,40-49,Chuyên gia tài chính,Hà Nội,Việt Nam,Gold,1,1,4,2020-12-03,2023-06-30,1
6105,customer6105@example.com,Dương Trung,Nam,1969,50-59,Kiến trúc sư,TP HCM,Việt Nam,Silver,2,1,4,2020-01-16,2023-02-03,1
6106,customer6106@example.com,Phan Hùng,Nam,1998,25-29,Giám đốc,Hà Nội,Việt Nam,Platinum,1,1,3,2016-08-19,2023-06-09,1
6107,customer6107@example.com,Phan Yến,Nữ,1966,50-59,Kiến trúc sư,Đà Nẵng,Việt Nam,Silver,4,1,5,2017-01-12,2023-06-11,1
6108,customer6108@example.com,Phạm Hoa,Nữ,1992,30-39,Luật sư,Hà Nội,Việt Nam,Gold,2,1,5,2015-04-28,2024-09-29,1
6109,customer6109@example.com,Trần Long,Nam,1994,30-39,Chuyên gia tài chính,Hà Nội,Expat,Silver,4,1,5,2020-11-02,2023-04-19,1
6110,customer6110@example.com,Đặng Khánh,Nam,1967,50-59,Chuyên gia tài chính,Hà Nội,Việt Nam,Silver,3,1,7,2021-03-02,2023-11-21,1
6111,customer6111@example.com,Trần Bình,Nam,1985,30-39,Chuyên gia tài chính,TP HCM,Việt Nam,Gold,2,1,8,2022-11-14,2024-12-29,1
6112,customer6112@example.com,Phạm Trung,Nam,1963,60+,Giám đốc,TP HCM,Việt Nam,Gold,1,1,2,2016-02-20,2024-05-16,0
6113,customer6113@example.com,Ngô Bình,Nam,1978,40-49,Người nổi tiếng,Hà Nội,Việt Nam,Silver,2,1,2,2023-02-19,2024-12-04,1
6114,customer6114@example.com,Nguyễn Bình,Nam,1968,50-59,Luật sư,TP HCM,Việt Nam,Diamond,1,1,7,2022-08-12,2023-08-21,1
6115,customer6115@example.com,Đỗ Nga,Nữ,1968,50-59,Giám đốc,Đồng Nai,Việt Nam,Gold,1,1,10,2019-06-09,2024-11-03,1
6116,customer6116@example.com,Ngô Thảo,Nữ,1991,30-39,Giám đốc,TP HCM,Việt Nam,Platinum,4,1,5,2021-02-23,2023-12-13,1
6117,customer6117@example.com,Hoàng Ánh,Nữ,1979,40-49,Bác sĩ,Hà Nội,Việt Nam,Silver,4,1,5,2018-12-21,2023-08-16,1
6118,customer6118@example.com,Trần Mai,Nữ,1980,40-49,Nhà đầu tư,TP HCM,Việt Nam,Diamond,4,1,8,2017-08-30,2023-04-22,1
6119,customer6119@example.com,Hoàng Hùng,Nam,1980,40-49,Người nổi tiếng,Hải Phòng,Expat,Diamond,1,1,2,2016-09-11,2024-01-24,1
6120,customer6120@example.com,Vũ Thành,Nam,1995,25-29,Chuyên gia tài chính,Hà Nội,Expat,Silver,3,1,9,2022-07-29,2023-12-16,1
6121,customer6121@example.com,Trần Lan,Nữ,1991,30-39,Kiến trúc sư,TP HCM,Expat,Gold,2,1,7,2022-11-02,2023-08-30,1
6122,customer6122@example.com,Phạm Nga,Nữ,1971,50-59,Bác sĩ,TP HCM,Việt Nam,Gold,1,1,6,2016-07-09,2023-12-24,1
6123,customer6123@example.com,Lê Bình,Nam,1985,30-39,Bác sĩ,TP HCM,Expat,Gold,2,1,2,2015-09-24,2024-10-04,1
6124,customer6124@example.com,Đặng Thảo,Nữ,1992,30-39,Bác sĩ,TP HCM,Việt Nam,Platinum,4,1,2,2016-11-28,2023-03-12,1
6125,customer6125@example.com,Đặng Nga,Nữ,1968,50-59,Người nổi tiếng,TP HCM,Việt Nam,Platinum,1,1,1,2019-09-17,2023-04-08,1
6126,customer6126@example.com,Bùi Trung,Nam,1987,30-39,Chuyên gia tài chính,Khánh Hòa,Việt Nam,Platinum,4,1,5,2021-01-19,2023-01-11,1
6127,customer6127@example.com,Hồ Hải,Nam,1974,50-59,Bác sĩ,Hà Nội,Expat,Gold,3,1,10,2019-11-10,2023-08-30,1
6128,customer6128@example.com,Hoàng Quang,Nam,1993,30-39,Doanh nhân,TP HCM,Việt Nam,Silver,1,1,6,2018-08-31,2023-11-28,1
6129,customer6129@example.com,Vũ Việt,Nam,1998,25-29,Doanh nhân,Hải Phòng,Việt Nam,Gold,1,1,1,2018-04-04,2023-07-09,1
6130,customer6130@example.com,Bùi Long,Nam,1980,40-49,Nhà đầu tư,TP HCM,Expat,Gold,2,1,4,2018-10-19,2024-05-03,1
6131,customer6131@example.com,Dương Trang,Nữ,1995,25-29,Chuyên gia tài chính,Hà Nội,Việt Nam,Diamond,3,1,1,2020-11-13,2023-10-04,1
6132,customer6132@example.com,Đặng Phương,Nữ,1969,50-59,Người nổi tiếng,Hà Nội,Việt Nam,Diamond,4,1,8,2023-05-10,2023-03-17,1
6133,customer6133@example.com,Dương Quang,Nam,1978,40-49,Kiến trúc sư,Hà Nội,Việt Nam,Gold,4,1,4,2019-11-05,2023-04-23,1
6134,customer6134@example.com,Ngô Nga,Nữ,1988,30-39,Bác sĩ,Hà Nội,Việt Nam,Diamond,4,1,5,2016-11-06,2024-10-26,0
6135,customer6135@example.com,Ngô Thành,Nam,1967,50-59,Doanh nhân,TP HCM,Việt Nam,Platinum,3,1,5,2022-01-26,2024-07-29,1
6136,customer6136@example.com,Trần Trang,Nữ,1968,50-59,Giám đốc,TP HCM,Việt Nam,Platinum,3,1,10,2018-06-28,2024-03-08,1
6137,customer6137@example.com,Trần Việt,Nam,1995,25-29,Người nổi tiếng,Khánh Hòa,Việt Nam,Silver,4,1,7,2021-08-26,2023-02-16,1
6138,customer6138@example.com,Vũ Phương,Nữ,1961,60+,Doanh nhân,TP HCM,Việt Nam,Silver,2,1,8,2015-09-09,2024-12-02,1
6139,customer6139@example.com,Phạm Trung,Nam,1984,40-49,Nhà đầu tư,Đà Nẵng,Expat,Diamond,2,1,7,2017-10-24,2024-03-16,1
6140,customer6140@example.com,Nguyễn Nga,Nữ,1996,25-29,Kiến trúc sư,Đà Nẵng,Việt Nam,Gold,2,1,7,2020-04-26,2023-05-08,1
6141,customer6141@example.com,Dương Hà,Nữ,1994,30-39,Kiến trúc sư,Hà Nội,Việt Nam,Gold,1,1,9,2022-05-16,2023-09-11,1
6142,customer6142@example.com,Phạm Hải,Nam,1988,30-39,Kiến trúc sư,TP HCM,Việt Nam,Gold,4,1,5,2015-09-01,2024-10-11,1
6143,customer6143@example.com,Bùi Nga,Nữ,1987,30-39,Nhà đầu tư,Hà Nội,Việt Nam,Gold,2,1,6,2018-10-23,2024-08-13,1
6144,customer6144@example.com,Bùi Hằng,Nữ,1994,30-39,Chuyên gia tài chính,Hà Nội,Việt Nam,Silver,2,1,1,2022-06-18,2024-09-19,1
6145,customer6145@example.com,Phan Linh,Nữ,1984,40-49,Giám đốc,Đà Nẵng,Việt Nam,Platinum,3,1,10,2019-09-12,2023-05-17,1
6146,customer6146@example.com,Lê Hà,Nữ,1976,40-49,Luật sư,Hà Nội,Expat,Silver,2,1,9,2022-10-02,2023-09-04,1
6147,customer6147@example.com,Nguyễn Đức,Nam,1990,30-39,Người nổi tiếng,TP HCM,Việt Nam,Gold,4,1,9,2019-03-14,2024-05-04,1
6148,customer6148@example.com,Hồ Trung,Nam,1984,40-49,Giám đốc,Hà Nội,Việt Nam,Gold,2,1,4,2016-06-06,2024-05-10,1
6149,customer6149@example.com,Phạm Trung,Nam,1984,40-49,Kiến trúc sư,TP HCM,Việt Nam,Gold,2,1,6,2016-04-26,2023-06-28,1
6150,customer6150@example.com,Bùi Hoa,Nữ,1979,40-49,Chuyên gia tài chính,Hải Phòng,Việt Nam,Gold,1,1,7,2017-07-18,2024-09-11,1
6151,customer6151@example.com,Phan Hải,Nam,1993,30-39,Kiến trúc sư,Hà Nội,Việt Nam,Silver,2,1,10,2022-01-05,2024-02-09,0
6152,customer6152@example.com,Đỗ Trang,Nữ,1995,25-29,Kiến trúc sư,TP HCM,Việt Nam,Silver,1,1,7,2016-02-06,2024-05-13,1
6153,customer6153@example.com,Lê Minh,Nam,1992,30-39,Người nổi tiếng,TP HCM,Việt Nam,Silver,4,1,6,2020-01-21,2024-08-28,1
6154,customer6154@example.com,Phạm Tuấn,Nam,1960,60+,Doanh nhân,Hà Nội,Việt Nam,Silver,2,1,3,2021-04-09,2023-03-26,1
6155,customer6155@example.com,Phạm Hoa,Nữ,1979,40-49,Bác sĩ,Hà Nội,Việt Nam,Silver,1,1,10,2018-03-28,2023-01-07,1
6156,customer6156@example.com,Bùi Hùng,Nam,1988,30-39,Kiến trúc sư,Hà Nội,Việt Nam,Gold,2,1,7,2015-07-25,2024-02-27,1
6157,customer6157@example.com,Nguyễn Hải,Nam,1976,40-49,Giám đốc,Bình Dương,Việt Nam,Silver,2,1,4,2021-05-04,2024-01-18,1
6158,customer6158@example.com,Trần Yến,Nữ,1996,25-29,Bác sĩ,Hà Nội,Việt Nam,Gold,1,1,7,2016-07-15,2024-09-04,1
6159,customer6159@example.com,Trần Ánh,Nữ,1995,25-29,Người nổi tiếng,Đà Nẵng,Việt Nam,Diamond,3,1,5,2016-06-13,2024-10-27,1
6160,customer6160@example.com,Lê Anh,Nam,1982,40-49,Giám đốc,Hà Nội,Việt Nam,Silver,2,1,5,2020-07-23,2023-11-10,1
6161,customer6161@example.com,Lê Thu,Nữ,1996,25-29,Giám đốc,TP HCM,Việt Nam,Silver,4,1,1,2017-05-04,2024-12-20,1
6162,customer6162@example.com,Đặng Hà,Nữ,1998,25-29,Doanh nhân,TP HCM,Việt Nam,Diamond,1,1,8,2020-09-28,2024-03-04,1
6163,customer6163@example.com,Đỗ Ngọc,Nữ,1974,50-59,Luật sư,TP HCM,Việt Nam,Silver,3,1,8,2017-01-28,2023-01-31,1
6164,customer6164@example.com,Lê Hùng,Nam,1980,40-49,Doanh nhân,Hà Nội,Expat,Silver,3,1,7,2020-12-06,2024-10-09,1
6165,customer6165@example.com,Trần Đức,Nam,1975,40-49,Nhà đầu tư,Hà Nội,Expat,Diamond,2,1,4,2018-08-18,2024-12-12,1
6166,customer6166@example.com,Đỗ Đức,Nam,1977,40-49,Người nổi tiếng,Đà Nẵng,Việt Nam,Diamond,1,1,8,2019-06-18,2023-07-10,1
6167,customer6167@example.com,Nguyễn Linh,Nữ,1966,50-59,Doanh nhân,Khánh Hòa,Expat,Silver,3,1,1,2023-04-16,2023-10-01,0
6168,customer6168@example.com,Lê Hoa,Nữ,1985,30-39,Giám đốc,TP HCM,Việt Nam,Gold,1,1,5,2017-09-28,2024-05-30,1
6169,customer6169@example.com,Hồ Thành,Nam,1979,40-49,Bác sĩ,Hà Nội,Expat,Platinum,2,1,1,2019-03-20,2023-05-31,1
6170,customer6170@example.com,Trần Yến,Nữ,1978,40-49,Chuyên gia tài chính,Đà Nẵng,Việt Nam,Diamond,4,1,5,2022-07-04,2023-03-22,1
6171,customer6171@example.com,Đỗ Hải,Nam,1998,25-29,Người nổi tiếng,Đà Nẵng,Expat,Gold,1,1,2,2022-04-05,2023-08-23,1
6172,customer6172@example.com,Phạm Tuấn,Nam,1981,40-49,Luật sư,Bình Dương,Việt Nam,Silver,2,1,9,2022-03-31,2023-06-08,1
6173,customer6173@example.com,Ngô Trung,Nam,1983,40-49,Nhà đầu tư,Hà Nội,Expat,Gold,2,1,7,2016-11-12,2023-10-04,1
6174,customer6174@example.com,Dương Khánh,Nam,1998,25-29,Luật sư,TP HCM,Việt Nam,Diamond,2,1,8,2022-07-23,2024-03-28,1
6175,customer6175@example.com,Bùi Bình,Nam,1960,60+,Bác sĩ,TP HCM,Expat,Silver,3,1,9,2023-06-03,2023-02-11,0
6176,customer6176@example.com,Hồ Long,Nam,1982,40-49,Doanh nhân,TP HCM,Việt Nam,Diamond,4,1,8,2019-09-27,2024-01-10,1
6177,customer6177@example.com,Đặng Trang,Nữ,1969,50-59,Người nổi tiếng,Đồng Nai,Việt Nam,Silver,1,1,3,2017-04-12,2024-10-13,1
6178,customer6178@example.com,Hoàng Thảo,Nữ,1987,30-39,Giám đốc,Hà Nội,Việt Nam,Silver,3,1,10,2015-01-05,2023-08-12,1
6179,customer6179@example.com,Nguyễn Đức,Nam,1976,40-49,Doanh nhân,TP HCM,Việt Nam,Platinum,2,1,5,2017-04-04,2024-01-31,1
6180,customer6180@example.com,Vũ Hằng,Nữ,1983,40-49,Luật sư,Hà Nội,Việt Nam,Platinum,1,1,7,2019-10-13,2024-08-07,1
6181,customer6181@example.com,Dương Trung,Nam,1978,40-49,Kiến trúc sư,Hà Nội,Việt Nam,Gold,3,1,5,2019-07-30,2024-01-13,0
6182,customer6182@example.com,Đặng Ánh,Nữ,1966,50-59,Bác sĩ,TP HCM,Expat,Silver,2,1,9,2020-08-23,2023-07-27,1
6183,customer6183@example.com,Hồ Mai,Nữ,1996,25-29,Kiến trúc sư,Hải Phòng,Việt Nam,Platinum,1,1,8,2018-06-24,2024-10-22,1
6184,customer6184@example.com,Nguyễn Đức,Nam,1994,30-39,Người nổi tiếng,Khánh Hòa,Việt Nam,Silver,1,1,1,2015-09-23,2023-01-04,1
6185,customer6185@example.com,Bùi Phương,Nữ,1987,30-39,Người nổi tiếng,TP HCM,Việt Nam,Diamond,4,1,5,2021-10-31,2024-01-21,1
6186,customer6186@example.com,Trần Quang,Nam,1969,50-59,Nhà đầu tư,Hải Phòng,Việt Nam,Platinum,4,1,10,2020-06-16,2024-08-20,1
6187,customer6187@example.com,Bùi Hải,Nam,1978,40-49,Nhà đầu tư,Khánh Hòa,Việt Nam,Gold,2,1,3,2022-06-20,2023-07-24,1
6188,customer6188@example.com,Dương Ánh,Nữ,1968,50-59,Nhà đầu tư,Hà Nội,Việt Nam,Gold,3,1,9,2015-10-09,2023-11-17,1
6189,customer6189@example.com,Nguyễn Hùng,Nam,1961,60+,Chuyên gia tài chính,Hà Nội,Việt Nam,Silver,3,1,6,2020-07-01,2023-08-29,1
6190,customer6190@example.com,Nguyễn Trang,Nữ,1992,30-39,Doanh nhân,Hà Nội,Việt Nam,Platinum,2,1,9,2020-07-17,2024-10-20,1
6191,customer6191@example.com,Dương Phương,Nữ,1993,30-39,Nhà đầu tư,Đà Nẵng,Việt Nam,Platinum,2,1,3,2022-06-08,2023-05-17,1
6192,customer6192@example.com,Ngô Hùng,Nam,1998,25-29,Chuyên gia tài chính,Đà Nẵng,Việt Nam,Silver,2,1,3,2017-01-24,2023-09-06,1
6193,customer6193@example.com,Trần Thu,Nữ,1962,60+,Chuyên gia tài chính,Hà Nội,Việt Nam,Diamond,2,1,3,2015-09-05,2024-09-20,1
6194,customer6194@example.com,Hoàng Tuấn,Nam,1968,50-59,Luật sư,Hà Nội,Việt Nam,Gold,1,1,7,2015-11-19,2024-12-21,1
6195,customer6195@example.com,Ngô Trang,Nữ,1985,30-39,Người nổi tiếng,Hà Nội,Việt Nam,Gold,1,1,3,2022-12-06,2023-08-04,1
6196,customer6196@example.com,Hoàng Thu,Nữ,1995,25-29,Người nổi tiếng,Hà Nội,Việt Nam,Silver,1,1,10,2016-09-22,2023-05-06,1
6197,customer6197@example.com,Trần Yến,Nữ,1962,60+,Luật sư,Hải Phòng,Việt Nam,Silver,2,1,2,2019-11-25,2024-08-27,1
6198,customer6198@example.com,Phạm Thảo,Nữ,1977,40-49,Giám đốc,TP HCM,Việt Nam,Platinum,3,1,8,2022-04-23,2024-03-15,1
6199,customer6199@example.com,Phan Lan,Nữ,1965,50-59,Bác sĩ,Hà Nội,Việt Nam,Silver,3,1,10,2021-04-13,2023-05-23,1
6200,customer6200@example.com,Phan Hoa,Nữ,1967,50-59,Người nổi tiếng,TP HCM,Expat,Gold,1,1,9,2022-05-03,2024-09-16,0
6201,customer6201@example.com,Nguyễn Ánh,Nữ,1979,40-49,Luật sư,Bình Dương,Việt Nam,Diamond,2,1,6,2018-08-14,2023-12-04,1
6202,customer6202@example.com,Đỗ Thu,Nữ,1972,50-59,Bác sĩ,Hà Nội,Expat,Platinum,3,1,7,2015-03-06,2023-01-04,1
6203,customer6203@example.com,Nguyễn Phương,Nữ,1968,50-59,Bác sĩ,Bình Dương,Việt Nam,Gold,2,1,10,2019-08-26,2024-04-19,1
6204,customer6204@example.com,Nguyễn Hằng,Nữ,1965,50-59,Doanh nhân,Khánh Hòa,Việt Nam,Silver,2,1,1,2017-07-06,2023-05-20,1
6205,customer6205@example.com,Phan Khánh,Nam,1975,40-49,Kiến trúc sư,Hà Nội,Việt Nam,Platinum,3,1,6,2017-04-30,2024-03-16,1
6206,customer6206@example.com,Nguyễn Ngọc,Nữ,1985,30-39,Bác sĩ,TP HCM,Việt Nam,Diamond,2,1,2,2019-06-08,2023-08-14,1
6207,customer6207@example.com,Phan Trung,Nam,1976,40-49,Nhà đầu tư,Đồng Nai,Việt Nam,Diamond,4,1,3,2018-02-14,2024-12-07,1
6208,customer6208@example.com,Đỗ Hằng,Nữ,1973,50-59,Doanh nhân,TP HCM,Việt Nam,Platinum,4,1,10,2017-02-18,2024-08-17,1
6209,customer6209@example.com,Trần Hải,Nam,1982,40-49,Doanh nhân,Đà Nẵng,Việt Nam,Platinum,1,1,7,2023-06-30,2024-01-15,1
6210,customer6210@example.com,Ngô Ánh,Nữ,1996,25-29,Chuyên gia tài chính,Đà Nẵng,Việt Nam,Gold,2,1,3,2015-09-11,2024-09-23,1
6211,customer6211@example.com,Phạm Long,Nam,1983,40-49,Bác sĩ,TP HCM,Việt Nam,Silver,1,1,6,2016-11-28,2024-11-30,1
6212,customer6212@example.com,Ngô Việt,Nam,1963,60+,Nhà đầu tư,Hà Nội,Việt Nam,Gold,3,1,8,2022-05-19,2024-04-12,1
6213,customer6213@example.com,Hoàng Quang,Nam,1971,50-59,Nhà đầu tư,TP HCM,Việt Nam,Silver,4,1,4,2020-12-03,2024-09-24,1
6214,customer6214@example.com,Nguyễn Hoa,Nữ,1992,30-39,Bác sĩ,Đà Nẵng,Việt Nam,Platinum,2,1,1,2015-05-19,2023-11-24,1
6215,customer6215@example.com,Dương Mai,Nữ,1977,40-49,Kiến trúc sư,TP HCM,Việt Nam,Platinum,2,1,9,2016-01-06,2024-06-10,1
6216,customer6216@example.com,Phan Hùng,Nam,1981,40-49,Bác sĩ,TP HCM,Việt Nam,Platinum,1,1,8,2022-04-09,2024-07-03,1
6217,customer6217@example.com,Đỗ Thu,Nữ,1970,50-59,Bác sĩ,Hà Nội,Việt Nam,Platinum,4,1,7,2015-03-21,2023-06-22,1
6218,customer6218@example.com,Trần Hằng,Nữ,1974,50-59,Chuyên gia tài chính,Bình Dương,Việt Nam,Silver,1,1,5,2022-06-15,2023-01-11,1
6219,customer6219@example.com,Trần Bình,Nam,1979,40-49,Nhà đầu tư,Hà Nội,Việt Nam,Gold,2,1,8,2020-05-09,2024-05-06,1
6220,customer6220@example.com,Vũ Long,Nam,1993,30-39,Doanh nhân,Hà Nội,Việt Nam,Silver,2,1,1,2022-05-28,2024-07-10,1
6221,customer6221@example.com,Ngô Thảo,Nữ,1985,30-39,Người nổi tiếng,Đà Nẵng,Việt Nam,Gold,3,1,4,2015-02-26,2024-12-20,1
6222,customer6222@example.com,Vũ Trung,Nam,1968,50-59,Kiến trúc sư,Hà Nội,Việt Nam,Silver,2,1,2,2020-08-28,2024-04-27,1
6223,customer6223@example.com,Dương Minh,Nam,1982,40-49,Bác sĩ,Đồng Nai,Việt Nam,Gold,2,1,6,2021-12-18,2023-08-16,1
6224,customer6224@example.com,Nguyễn Khánh,Nam,1977,40-49,Kiến trúc sư,TP HCM,Expat,Gold,2,1,9,2017-09-22,2023-09-29,1
6225,customer6225@example.com,Phạm Hà,Nữ,1968,50-59,Bác sĩ,TP HCM,Việt Nam,Gold,3,1,5,2015-04-16,2023-05-24,1
6226,customer6226@example.com,Lê Tuấn,Nam,1973,50-59,Người nổi tiếng,TP HCM,Việt Nam,Silver,2,1,2,2021-04-23,2023-04-16,1
6227,customer6227@example.com,Bùi Ngọc,Nữ,1980,40-49,Doanh nhân,TP HCM,Expat,Diamond,3,1,6,2023-04-21,2023-03-06,1
6228,customer6228@example.com,Ngô Linh,Nữ,1985,30-39,Giám đốc,TP HCM,Việt Nam,Gold,2,1,1,2021-11-19,2024-04-07,1
6229,customer6229@example.com,Vũ Đức,Nam,1978,40-49,Chuyên gia tài chính,Hà Nội,Việt Nam,Diamond,1,1,9,2021-01-05,2023-12-12,1
6230,customer6230@example.com,Đặng Hải,Nam,1989,30-39,Luật sư,Hà Nội,Việt Nam,Platinum,1,1,10,2018-07-14,2024-11-01,1
6231,customer6231@example.com,Lê Anh,Nam,1972,50-59,Kiến trúc sư,TP HCM,Việt Nam,Diamond,2,1,6,2015-03-20,2024-02-07,1
6232,customer6232@example.com,Phạm Linh,Nữ,1979,40-49,Doanh nhân,Hà Nội,Expat,Gold,1,1,3,2020-04-22,2024-07-10,0
6233,customer6233@example.com,Hoàng Ngọc,Nữ,1984,40-49,Kiến trúc sư,TP HCM,Expat,Diamond,4,1,9,2022-09-25,2024-01-21,1
6234,customer6234@example.com,Ngô Thành,Nam,1985,30-39,Chuyên gia tài chính,Đà Nẵng,Việt Nam,Gold,1,1,2,2016-02-27,2024-06-24,1
6235,customer6235@example.com,Vũ Linh,Nữ,1963,60+,Người nổi tiếng,Hà Nội,Việt Nam,Diamond,3,1,6,2018-06-14,2024-01-01,1
6236,customer6236@example.com,Phan Thảo,Nữ,1966,50-59,Giám đốc,Hải Phòng,Việt Nam,Silver,4,1,2,2018-06-07,2023-11-19,0
6237,customer6237@example.com,Phạm Ánh,Nữ,1967,50-59,Bác sĩ,Hà Nội,Việt Nam,Gold,3,1,1,2015-12-14,2024-10-13,0
6238,customer6238@example.com,Đỗ Minh,Nam,1967,50-59,Chuyên gia tài chính,Hà Nội,Việt Nam,Silver,2,1,9,2016-02-21,2024-03-05,1
6239,customer6239@example.com,Ngô Trang,Nữ,1992,30-39,Doanh nhân,TP HCM,Việt Nam,Silver,4,1,4,2018-09-19,2024-01-01,1
6240,customer6240@example.com,Vũ Linh,Nữ,1969,50-59,Kiến trúc sư,Đà Nẵng,Việt Nam,Gold,2,1,5,2020-07-16,2024-03-03,1
6241,customer6241@example.com,Hoàng Nga,Nữ,1994,30-39,Người nổi tiếng,Hà Nội,Việt Nam,Silver,1,1,7,2015-03-30,2023-01-23,1
6242,customer6242@example.com,Hoàng Ánh,Nữ,1993,30-39,Nhà đầu tư,TP HCM,Expat,Gold,1,1,10,2016-12-25,2023-02-18,1
6243,customer6243@example.com,Phạm Thu,Nữ,1985,30-39,Người nổi tiếng,TP HCM,Việt Nam,Platinum,4,1,10,2018-05-02,2023-08-26,1
6244,customer6244@example.com,Vũ Bình,Nam,1984,40-49,Giám đốc,Hà Nội,Việt Nam,Gold,3,1,3,2016-07-07,2024-09-13,1
6245,customer6245@example.com,Đỗ Ánh,Nữ,1970,50-59,Giám đốc,TP HCM,Việt Nam,Silver,4,1,6,2021-10-19,2023-09-13,1
6246,customer6246@example.com,Đặng Nga,Nữ,1968,50-59,Giám đốc,Hà Nội,Việt Nam,Platinum,4,1,3,2015-04-06,2024-04-28,0
6247,customer6247@example.com,Đỗ Long,Nam,1993,30-39,Người nổi tiếng,TP HCM,Expat,Gold,3,1,1,2019-12-24,2024-08-22,1
6248,customer6248@example.com,Đỗ Linh,Nữ,1975,40-49,Kiến trúc sư,Hà Nội,Việt Nam,Silver,4,1,5,2019-07-24,2024-12-10,1
6249,customer6249@example.com,Vũ Phương,Nữ,1963,60+,Nhà đầu tư,TP HCM,Việt Nam,Platinum,4,1,5,2020-03-01,2023-11-11,0
6250,customer6250@example.com,Ngô Lan,Nữ,1983,40-49,Luật sư,TP HCM,Việt Nam,Diamond,4,1,1,2018-08-15,2024-01-09,1
6251,customer6251@example.com,Đặng Thành,Nam,1977,40-49,Người nổi tiếng,TP HCM,Expat,Silver,4,1,3,2021-03-26,2024-04-25,1
6252,customer6252@example.com,Vũ Hà,Nữ,1991,30-39,Chuyên gia tài chính,TP HCM,Việt Nam,Gold,2,1,10,2021-07-02,2024-11-01,1
6253,customer6253@example.com,Đặng Hoa,Nữ,1978,40-49,Người nổi tiếng,TP HCM,Việt Nam,Diamond,1,1,7,2020-11-25,2024-03-08,1
6254,customer6254@example.com,Đỗ Phương,Nữ,1993,30-39,Nhà đầu tư,Hà Nội,Expat,Silver,1,1,7,2015-02-28,2023-01-18,1
6255,customer6255@example.com,Phạm Nga,Nữ,1978,40-49,Luật sư,Bình Dương,Việt Nam,Platinum,1,1,1,2019-09-04,2024-11-16,1
6256,customer6256@example.com,Hồ Quang,Nam,1988,30-39,Doanh nhân,Hà Nội,Việt Nam,Silver,3,1,4,2015-03-21,2023-02-02,1
6257,customer6257@example.com,Hoàng Hoa,Nữ,1972,50-59,Chuyên gia tài chính,Hà Nội,Việt Nam,Platinum,1,1,3,2021-01-10,2023-05-05,1
6258,customer6258@example.com,Hoàng Đức,Nam,1998,25-29,Doanh nhân,Hà Nội,Việt Nam,Silver,4,1,6,2017-02-12,2024-04-09,1
6259,customer6259@example.com,Ngô Quang,Nam,1971,50-59,Doanh nhân,Hà Nội,Việt Nam,Diamond,4,1,5,2018-11-03,2024-12-01,1
6260,customer6260@example.com,Bùi Phương,Nữ,1964,60+,Kiến trúc sư,Hà Nội,Việt Nam,Silver,3,1,9,2020-12-30,2024-04-12,1
6261,customer6261@example.com,Dương Thành,Nam,1970,50-59,Bác sĩ,TP HCM,Việt Nam,Platinum,3,1,6,2016-09-03,2023-06-08,0
6262,customer6262@example.com,Hoàng Thành,Nam,1994,30-39,Doanh nhân,Hà Nội,Việt Nam,Gold,3,1,8,2016-04-18,2024-02-05,1
6263,customer6263@example.com,Phan Khánh,Nam,1998,25-29,Kiến trúc sư,TP HCM,Việt Nam,Gold,3,1,5,2016-03-11,2024-07-13,1
6264,customer6264@example.com,Trần Việt,Nam,1988,30-39,Giám đốc,Hà Nội,Expat,Platinum,3,1,2,2017-12-01,2024-03-22,1
6265,customer6265@example.com,Vũ Nga,Nữ,1989,30-39,Kiến trúc sư,TP HCM,Việt Nam,Gold,3,1,5,2022-12-08,2024-04-14,1
6266,customer6266@example.com,Đỗ Đức,Nam,1987,30-39,Kiến trúc sư,Đà Nẵng,Expat,Diamond,2,1,8,2015-03-11,2024-11-26,1
6267,customer6267@example.com,Dương Hoa,Nữ,1985,30-39,Người nổi tiếng,Hải Phòng,Việt Nam,Platinum,3,1,2,2020-05-22,2023-06-13,1
6268,customer6268@example.com,Phan Hùng,Nam,1983,40-49,Kiến trúc sư,TP HCM,Việt Nam,Gold,1,1,2,2021-01-31,2023-07-05,1
6269,customer6269@example.com,Nguyễn Hùng,Nam,1965,50-59,Doanh nhân,Hà Nội,Việt Nam,Diamond,1,1,1,2022-06-26,2023-04-15,1
6270,customer6270@example.com,Ngô Đức,Nam,1988,30-39,Kiến trúc sư,TP HCM,Việt Nam,Silver,2,1,10,2015-05-30,2024-03-09,1
6271,customer6271@example.com,Trần Yến,Nữ,1990,30-39,Người nổi tiếng,Hà Nội,Expat,Gold,2,1,5,2018-07-11,2023-02-26,1
6272,customer6272@example.com,Lê Long,Nam,1962,60+,Kiến trúc sư,Đồng Nai,Việt Nam,Gold,2,1,10,2022-01-29,2024-04-27,1
6273,customer6273@example.com,Đặng Bình,Nam,1980,40-49,Luật sư,Hà Nội,Expat,Silver,3,1,6,2017-04-19,2024-06-04,1
6274,customer6274@example.com,Lê Hùng,Nam,1975,40-49,Luật sư,Đà Nẵng,Việt Nam,Platinum,2,1,9,2019-04-22,2024-10-13,1
6275,customer6275@example.com,Vũ Bình,Nam,1968,50-59,Bác sĩ,Hà Nội,Việt Nam,Silver,3,1,4,2019-08-09,2023-04-11,1
6276,customer6276@example.com,Lê Phương,Nữ,1984,40-49,Người nổi tiếng,TP HCM,Việt Nam,Gold,2,1,2,2020-12-18,2024-10-18,1
6277,customer6277@example.com,Hoàng Trang,Nữ,1978,40-49,Nhà đầu tư,TP HCM,Việt Nam,Gold,3,1,7,2017-03-27,2023-10-19,1
6278,customer6278@example.com,Hồ Yến,Nữ,1995,25-29,Doanh nhân,Hà Nội,Việt Nam,Gold,1,1,9,2023-04-08,2024-03-18,1
6279,customer6279@example.com,Hoàng Lan,Nữ,1983,40-49,Nhà đầu tư,TP HCM,Việt Nam,Silver,3,1,7,2023-02-13,2023-11-07,1
6280,customer6280@example.com,Đặng Thu,Nữ,1962,60+,Giám đốc,Bình Dương,Expat,Silver,1,1,6,2018-06-13,2023-09-08,1
6281,customer6281@example.com,Đặng Hùng,Nam,1972,50-59,Luật sư,Đà Nẵng,Expat,Platinum,4,1,10,2021-06-05,2023-06-02,1
6282,customer6282@example.com,Ngô Thành,Nam,1963,60+,Doanh nhân,TP HCM,Việt Nam,Gold,3,1,10,2022-01-16,2024-09-05,1
6283,customer6283@example.com,Đỗ Anh,Nam,1992,30-39,Bác sĩ,Hà Nội,Expat,Gold,4,1,1,2017-07-19,2024-06-28,1
6284,customer6284@example.com,Bùi Hằng,Nữ,1991,30-39,Bác sĩ,TP HCM,Việt Nam,Silver,4,1,2,2018-09-21,2024-10-29,1
6285,customer6285@example.com,Vũ Minh,Nam,1994,30-39,Chuyên gia tài chính,Hà Nội,Việt Nam,Silver,1,1,8,2020-12-28,2024-02-20,0
6286,customer6286@example.com,Nguyễn Anh,Nam,1976,40-49,Người nổi tiếng,TP HCM,Việt Nam,Silver,4,1,1,2015-05-20,2024-06-02,1
6287,customer6287@example.com,Hoàng Anh,Nam,1990,30-39,Nhà đầu tư,Hải Phòng,Việt Nam,Silver,3,1,1,2022-03-13,2024-04-03,1
6288,customer6288@example.com,Trần Phương,Nữ,1970,50-59,Luật sư,Khánh Hòa,Việt Nam,Silver,3,1,10,2017-07-29,2023-01-14,0
6289,customer6289@example.com,Đặng Lan,Nữ,1996,25-29,Người nổi tiếng,Hà Nội,Việt Nam,Gold,3,1,2,2016-02-28,2024-04-13,0
6290,customer6290@example.com,Phạm Thảo,Nữ,1961,60+,Bác sĩ,TP HCM,Việt Nam,Platinum,4,1,8,2017-04-04,2024-12-12,1
6291,customer6291@example.com,Trần Bình,Nam,1963,60+,Nhà đầu tư,TP HCM,Expat,Silver,1,1,3,2019-08-25,2023-03-19,1
6292,customer6292@example.com,Hồ Hải,Nam,1992,30-39,Nhà đầu tư,TP HCM,Việt Nam,Silver,2,1,5,2021-04-10,2023-05-05,0
6293,customer6293@example.com,Hoàng Anh,Nam,1972,50-59,Chuyên gia tài chính,Hà Nội,Việt Nam,Silver,4,1,5,2023-02-02,2023-05-13,1
6294,customer6294@example.com,Đỗ Yến,Nữ,1983,40-49,Giám đốc,Hà Nội,Việt Nam,Platinum,1,1,4,2019-05-05,2024-11-21,1
6295,customer6295@example.com,Đặng Phương,Nữ,1975,40-49,Bác sĩ,Quảng Ninh,Việt Nam,Diamond,4,1,9,2016-07-01,2023-09-25,1
6296,customer6296@example.com,Đỗ Thu,Nữ,1971,50-59,Giám đốc,Hà Nội,Việt Nam,Silver,2,1,6,2015-07-24,2024-07-05,1
6297,customer6297@example.com,Hồ Tuấn,Nam,1977,40-49,Giám đốc,Bình Dương,Việt Nam,Silver,2,1,9,2020-11-20,2023-06-22,1
6298,customer6298@example.com,Hoàng Hà,Nữ,1982,40-49,Người nổi tiếng,Hà Nội,Việt Nam,Diamond,3,1,4,2017-05-07,2023-07-01,1
6299,customer6299@example.com,Ngô Nga,Nữ,1997,25-29,Kiến trúc sư,Hà Nội,Expat,Silver,2,1,10,2017-01-21,2023-06-28,0
6300,customer6300@example.com,Hồ Ánh,Nữ,1992,30-39,Giám đốc,Hải Phòng,Việt Nam,Diamond,3,1,1,2023-05-07,2024-07-07,1
6301,customer6301@example.com,Hồ Bình,Nam,1985,30-39,Bác sĩ,Hà Nội,Việt Nam,Silver,2,1,6,2016-02-14,2023-02-14,1
6302,customer6302@example.com,Phan Ngọc,Nữ,1964,60+,Luật sư,Hà Nội,Việt Nam,Gold,3,1,2,2018-11-13,2023-10-22,1
6303,customer6303@example.com,Vũ Hùng,Nam,1979,40-49,Người nổi tiếng,Hà Nội,Việt Nam,Silver,4,1,9,2015-06-07,2023-05-04,1
6304,customer6304@example.com,Trần Đức,Nam,1980,40-49,Doanh nhân,Hà Nội,Việt Nam,Silver,4,1,2,2016-12-17,2024-10-22,1
6305,customer6305@example.com,Dương Tuấn,Nam,1984,40-49,Luật sư,Đà Nẵng,Việt Nam,Gold,1,1,6,2019-12-04,2024-08-30,1
6306,customer6306@example.com,Lê Linh,Nữ,1978,40-49,Người nổi tiếng,TP HCM,Việt Nam,Silver,1,1,5,2020-03-02,2024-01-19,1
6307,customer6307@example.com,Dương Đức,Nam,1960,60+,Luật sư,TP HCM,Việt Nam,Diamond,1,1,3,2017-07-21,2023-06-21,1
6308,customer6308@example.com,Dương Hùng,Nam,1966,50-59,Bác sĩ,Hải Phòng,Việt Nam,Silver,3,1,9,2016-09-10,2023-05-23,1
6309,customer6309@example.com,Dương Hải,Nam,1965,50-59,Giám đốc,Hà Nội,Việt Nam,Diamond,1,1,10,2021-01-29,2024-08-02,1
6310,customer6310@example.com,Vũ Việt,Nam,1984,40-49,Chuyên gia tài chính,TP HCM,Việt Nam,Silver,4,1,2,2022-12-21,2023-10-04,1
6311,customer6311@example.com,Ngô Hùng,Nam,1995,25-29,Kiến trúc sư,TP HCM,Việt Nam,Gold,4,1,1,2019-07-07,2024-07-02,1
6312,customer6312@example.com,Ngô Long,Nam,1990,30-39,Kiến trúc sư,TP HCM,Việt Nam,Gold,3,1,3,2016-07-22,2023-10-31,1
6313,customer6313@example.com,Hồ Yến,Nữ,1998,25-29,Người nổi tiếng,TP HCM,Việt Nam,Silver,1,1,1,2020-01-13,2024-02-09,1
6314,customer6314@example.com,Phan Anh,Nam,1986,30-39,Người nổi tiếng,Hà Nội,Expat,Silver,3,1,1,2023-06-29,2024-03-03,1
6315,customer6315@example.com,Trần Ánh,Nữ,1979,40-49,Nhà đầu tư,TP HCM,Expat,Silver,1,1,5,2018-05-31,2023-11-18,1
6316,customer6316@example.com,Bùi Ánh,Nữ,1997,25-29,Giám đốc,TP HCM,Việt Nam,Gold,2,1,5,2023-06-29,2023-08-03,1
6317,customer6317@example.com,Bùi Ánh,Nữ,1960,60+,Chuyên gia tài chính,Hà Nội,Việt Nam,Diamond,3,1,9,2022-04-18,2024-12-29,1
6318,customer6318@example.com,Ngô Việt,Nam,1986,30-39,Chuyên gia tài chính,Hà Nội,Expat,Silver,4,1,1,2018-09-28,2024-12-11,1
6319,customer6319@example.com,Hồ Hùng,Nam,1969,50-59,Người nổi tiếng,Đà Nẵng,Việt Nam,Diamond,2,1,9,2016-08-29,2024-01-16,1
6320,customer6320@example.com,Dương Thành,Nam,1970,50-59,Người nổi tiếng,TP HCM,Việt Nam,Platinum,4,1,7,2021-01-09,2023-04-06,1
6321,customer6321@example.com,Lê Anh,Nam,1961,60+,Doanh nhân,TP HCM,Việt Nam,Silver,2,1,7,2018-09-25,2024-10-22,1
6322,customer6322@example.com,Trần Trung,Nam,1975,40-49,Doanh nhân,TP HCM,Việt Nam,Diamond,2,1,6,2020-11-15,2023-10-05,1
6323,customer6323@example.com,Bùi Anh,Nam,1961,60+,Nhà đầu tư,TP HCM,Việt Nam,Gold,3,1,9,2019-05-14,2023-02-19,1
6324,customer6324@example.com,Đặng Hà,Nữ,1974,50-59,Giám đốc,Hà Nội,Việt Nam,Gold,1,1,10,2019-11-29,2023-06-02,1
6325,customer6325@example.com,Hồ Thành,Nam,1971,50-59,Chuyên gia tài chính,TP HCM,Việt Nam,Platinum,4,1,5,2021-03-27,2023-09-18,1
6326,customer6326@example.com,Phan Tuấn,Nam,1993,30-39,Bác sĩ,TP HCM,Việt Nam,Gold,2,1,8,2016-08-26,2024-02-23,1
6327,customer6327@example.com,Phan Bình,Nam,1984,40-49,Nhà đầu tư,TP HCM,Việt Nam,Gold,4,1,8,2016-08-24,2024-06-19,1
6328,customer6328@example.com,Ngô Trang,Nữ,1966,50-59,Người nổi tiếng,TP HCM,Việt Nam,Gold,1,1,5,2016-11-21,2024-06-23,1
6329,customer6329@example.com,Dương Trung,Nam,1980,40-49,Nhà đầu tư,Bình Dương,Việt Nam,Platinum,1,1,10,2019-01-04,2023-10-23,1
6330,customer6330@example.com,Trần Thu,Nữ,1990,30-39,Nhà đầu tư,Hà Nội,Việt Nam,Gold,2,1,9,2021-05-08,2023-05-21,1
6331,customer6331@example.com,Phan Hà,Nữ,1982,40-49,Chuyên gia tài chính,Đồng Nai,Việt Nam,Diamond,2,1,2,2018-01-05,2023-07-24,1
6332,customer6332@example.com,Lê Hoa,Nữ,1974,50-59,Luật sư,Hà Nội,Việt Nam,Gold,2,1,1,2018-09-01,2024-11-11,1
6333,customer6333@example.com,Hoàng Yến,Nữ,1983,40-49,Luật sư,Hải Phòng,Việt Nam,Gold,4,1,8,2016-03-21,2024-09-10,1
6334,customer6334@example.com,Phan Hoa,Nữ,1971,50-59,Nhà đầu tư,TP HCM,Việt Nam,Platinum,4,1,8,2016-02-19,2024-04-07,1
6335,customer6335@example.com,Hồ Minh,Nam,1979,40-49,Người nổi tiếng,TP HCM,Việt Nam,Silver,2,1,10,2017-07-31,2023-10-08,1
6336,customer6336@example.com,Phan Hà,Nữ,1997,25-29,Doanh nhân,Quảng Ninh,Việt Nam,Platinum,3,1,1,2015-02-09,2024-03-15,0
6337,customer6337@example.com,Dương Anh,Nam,1991,30-39,Kiến trúc sư,Hà Nội,Việt Nam,Platinum,4,1,2,2018-08-13,2024-03-14,1
6338,customer6338@example.com,Dương Linh,Nữ,1998,25-29,Kiến trúc sư,Hải Phòng,Expat,Silver,4,1,10,2023-04-09,2023-09-12,1
6339,customer6339@example.com,Phạm Thu,Nữ,1964,60+,Doanh nhân,TP HCM,Việt Nam,Silver,2,1,1,2015-12-25,2023-10-14,0
6340,customer6340@example.com,Hồ Minh,Nam,1984,40-49,Nhà đầu tư,TP HCM,Việt Nam,Gold,1,1,8,2021-12-11,2024-03-27,1
6341,customer6341@example.com,Đặng Lan,Nữ,1985,30-39,Chuyên gia tài chính,Bình Dương,Việt Nam,Diamond,1,1,6,2015-05-16,2024-10-24,0
6342,customer6342@example.com,Nguyễn Hùng,Nam,1960,60+,Bác sĩ,TP HCM,Việt Nam,Gold,1,1,2,2016-05-13,2024-09-21,1
6343,customer6343@example.com,Bùi Thu,Nữ,1994,30-39,Doanh nhân,Đà Nẵng,Việt Nam,Gold,3,1,3,2017-10-04,2023-06-03,1
6344,customer6344@example.com,Ngô Thảo,Nữ,1974,50-59,Chuyên gia tài chính,TP HCM,Việt Nam,Gold,3,1,1,2022-11-21,2024-05-05,1
6345,customer6345@example.com,Hồ Nga,Nữ,1969,50-59,Bác sĩ,Hà Nội,Việt Nam,Diamond,3,1,3,2015-04-17,2024-04-28,1
6346,customer6346@example.com,Phan Phương,Nữ,1975,40-49,Luật sư,Hà Nội,Việt Nam,Silver,2,1,8,2015-06-13,2023-05-08,1
6347,customer6347@example.com,Hoàng Thảo,Nữ,1990,30-39,Giám đốc,TP HCM,Expat,Gold,1,1,5,2022-11-07,2023-11-30,1
6348,customer6348@example.com,Ngô Ánh,Nữ,1993,30-39,Kiến trúc sư,TP HCM,Việt Nam,Gold,2,1,7,2023-03-04,2023-04-11,1
6349,customer6349@example.com,Bùi Mai,Nữ,1984,40-49,Nhà đầu tư,TP HCM,Việt Nam,Diamond,3,1,2,2019-02-08,2023-12-03,1
6350,customer6350@example.com,Phan Bình,Nam,1978,40-49,Doanh nhân,Hà Nội,Việt Nam,Platinum,4,1,4,2022-03-10,2023-08-21,1
6351,customer6351@example.com,Hồ Tuấn,Nam,1966,50-59,Nhà đầu tư,TP HCM,Việt Nam,Platinum,2,1,10,2018-10-21,2023-12-04,1
6352,customer6352@example.com,Nguyễn Hùng,Nam,1986,30-39,Nhà đầu tư,Hà Nội,Việt Nam,Platinum,3,1,10,2018-05-02,2023-06-23,1
6353,customer6353@example.com,Dương Tuấn,Nam,1980,40-49,Chuyên gia tài chính,Hà Nội,Việt Nam,Silver,1,1,7,2019-01-04,2024-09-30,1
6354,customer6354@example.com,Hoàng Lan,Nữ,1977,40-49,Doanh nhân,Đà Nẵng,Việt Nam,Gold,2,1,9,2016-07-27,2023-04-29,1
6355,customer6355@example.com,Dương Ánh,Nữ,1997,25-29,Nhà đầu tư,Hà Nội,Việt Nam,Silver,4,1,8,2016-07-14,2024-11-03,1
6356,customer6356@example.com,Bùi Đức,Nam,1994,30-39,Luật sư,TP HCM,Việt Nam,Silver,3,1,10,2015-11-18,2023-02-04,1
6357,customer6357@example.com,Đỗ Yến,Nữ,1974,50-59,Nhà đầu tư,Hà Nội,Việt Nam,Silver,4,1,1,2020-01-07,2023-12-14,1
6358,customer6358@example.com,Phạm Yến,Nữ,1983,40-49,Bác sĩ,Hà Nội,Việt Nam,Silver,1,1,8,2015-05-17,2024-05-29,1
6359,customer6359@example.com,Hoàng Linh,Nữ,1991,30-39,Bác sĩ,TP HCM,Việt Nam,Gold,4,1,6,2021-07-05,2024-06-15,1
6360,customer6360@example.com,Nguyễn Thu,Nữ,1993,30-39,Giám đốc,Hà Nội,Việt Nam,Platinum,1,1,5,2019-11-25,2024-08-19,1
6361,customer6361@example.com,Hồ Thành,Nam,1973,50-59,Nhà đầu tư,Đà Nẵng,Việt Nam,Gold,4,1,3,2017-07-07,2024-01-29,1
6362,customer6362@example.com,Bùi Nga,Nữ,1969,50-59,Kiến trúc sư,Đồng Nai,Việt Nam,Gold,1,1,5,2019-03-06,2024-05-13,1
6363,customer6363@example.com,Bùi Hằng,Nữ,1974,50-59,Doanh nhân,TP HCM,Việt Nam,Silver,1,1,2,2018-09-27,2023-07-02,1
6364,customer6364@example.com,Ngô Bình,Nam,1993,30-39,Giám đốc,Hải Phòng,Việt Nam,Silver,2,1,1,2015-08-03,2023-09-09,1
6365,customer6365@example.com,Phan Hùng,Nam,1990,30-39,Người nổi tiếng,TP HCM,Việt Nam,Silver,3,1,10,2018-06-06,2024-07-17,1
6366,customer6366@example.com,Dương Minh,Nam,1987,30-39,Doanh nhân,Đồng Nai,Việt Nam,Silver,3,1,6,2023-03-22,2024-07-11,1
6367,customer6367@example.com,Dương Quang,Nam,1978,40-49,Giám đốc,TP HCM,Expat,Silver,4,1,1,2015-12-08,2024-07-22,1
6368,customer6368@example.com,Bùi Bình,Nam,1992,30-39,Bác sĩ,Hà Nội,Việt Nam,Platinum,2,1,7,2015-01-09,2024-03-20,1
6369,customer6369@example.com,Bùi Ngọc,Nữ,1994,30-39,Kiến trúc sư,Hải Phòng,Việt Nam,Gold,2,1,2,2020-01-25,2023-07-18,1
6370,customer6370@example.com,Nguyễn Quang,Nam,1968,50-59,Bác sĩ,Hà Nội,Việt Nam,Silver,2,1,8,2018-03-10,2023-08-11,1
6371,customer6371@example.com,Đỗ Linh,Nữ,1984,40-49,Bác sĩ,TP HCM,Việt Nam,Diamond,3,1,4,2018-04-01,2023-05-21,1
6372,customer6372@example.com,Nguyễn Tuấn,Nam,1981,40-49,Kiến trúc sư,Hà Nội,Việt Nam,Silver,1,1,9,2022-01-27,2023-08-04,1
6373,customer6373@example.com,Nguyễn Linh,Nữ,1982,40-49,Người nổi tiếng,Hải Phòng,Việt Nam,Gold,4,1,10,2016-12-07,2023-12-18,1
6374,customer6374@example.com,Trần Bình,Nam,1987,30-39,Chuyên gia tài chính,Hà Nội,Việt Nam,Silver,2,1,3,2022-09-15,2024-06-03,1
6375,customer6375@example.com,Trần Đức,Nam,1969,50-59,Nhà đầu tư,Đà Nẵng,Việt Nam,Gold,2,1,4,2016-09-26,2023-08-10,1
6376,customer6376@example.com,Hồ Ánh,Nữ,1977,40-49,Kiến trúc sư,TP HCM,Expat,Diamond,2,1,8,2019-09-19,2024-10-28,1
6377,customer6377@example.com,Bùi Quang,Nam,1988,30-39,Nhà đầu tư,Hà Nội,Việt Nam,Platinum,3,1,5,2022-04-10,2024-11-16,1
6378,customer6378@example.com,Nguyễn Bình,Nam,1989,30-39,Người nổi tiếng,Hà Nội,Expat,Gold,2,1,4,2017-10-07,2023-04-01,1
6379,customer6379@example.com,Trần Yến,Nữ,1967,50-59,Nhà đầu tư,Đà Nẵng,Expat,Silver,3,1,3,2017-03-28,2023-03-19,1
6380,customer6380@example.com,Lê Hải,Nam,1984,40-49,Người nổi tiếng,Hà Nội,Việt Nam,Gold,3,1,7,2019-07-04,2024-12-23,1
6381,customer6381@example.com,Phan Lan,Nữ,1980,40-49,Chuyên gia tài chính,TP HCM,Việt Nam,Gold,2,1,5,2016-06-07,2023-12-11,1
6382,customer6382@example.com,Hồ Minh,Nam,1980,40-49,Chuyên gia tài chính,Đà Nẵng,Expat,Silver,3,1,10,2017-12-22,2024-04-06,1
6383,customer6383@example.com,Hồ Thảo,Nữ,1960,60+,Nhà đầu tư,Đồng Nai,Expat,Silver,2,1,6,2018-05-15,2024-10-31,1
6384,customer6384@example.com,Bùi Minh,Nam,1992,30-39,Luật sư,Đà Nẵng,Việt Nam,Silver,4,1,5,2021-04-16,2023-01-25,1
6385,customer6385@example.com,Vũ Trang,Nữ,1998,25-29,Người nổi tiếng,TP HCM,Việt Nam,Silver,3,1,3,2015-05-27,2023-04-13,1
6386,customer6386@example.com,Trần Hoa,Nữ,1985,30-39,Doanh nhân,TP HCM,Việt Nam,Platinum,2,1,1,2016-10-31,2024-06-14,1
6387,customer6387@example.com,Ngô Hà,Nữ,1987,30-39,Chuyên gia tài chính,Hà Nội,Expat,Platinum,1,1,9,2021-06-29,2024-07-16,1
6388,customer6388@example.com,Hồ Thu,Nữ,1966,50-59,Bác sĩ,Hà Nội,Việt Nam,Gold,2,1,4,2021-03-29,2024-12-25,1
6389,customer6389@example.com,Hồ Nga,Nữ,1967,50-59,Giám đốc,Hà Nội,Việt Nam,Gold,3,1,7,2019-09-29,2024-03-24,1
6390,customer6390@example.com,Bùi Anh,Nam,1976,40-49,Doanh nhân,TP HCM,Việt Nam,Gold,2,1,8,2022-10-22,2023-10-12,1
6391,customer6391@example.com,Dương Hùng,Nam,1965,50-59,Giám đốc,TP HCM,Expat,Platinum,2,1,2,2023-04-08,2023-03-08,0
6392,customer6392@example.com,Phan Nga,Nữ,1994,30-39,Người nổi tiếng,Đà Nẵng,Việt Nam,Silver,2,1,9,2016-02-20,2023-06-01,1
6393,customer6393@example.com,Đặng Quang,Nam,1978,40-49,Nhà đầu tư,TP HCM,Việt Nam,Gold,4,1,2,2018-09-20,2024-09-21,1
6394,customer6394@example.com,Phan Tuấn,Nam,1979,40-49,Người nổi tiếng,TP HCM,Việt Nam,Platinum,1,1,5,2017-02-07,2024-11-20,1
6395,customer6395@example.com,Bùi Bình,Nam,1972,50-59,Chuyên gia tài chính,Hà Nội,Việt Nam,Silver,1,1,7,2023-01-05,2023-04-18,1
6396,customer6396@example.com,Ngô Hải,Nam,1981,40-49,Người nổi tiếng,Hà Nội,Việt Nam,Gold,1,1,7,2019-04-15,2023-10-23,0
6397,customer6397@example.com,Lê Hải,Nam,1984,40-49,Chuyên gia tài chính,Hà Nội,Việt Nam,Silver,4,1,3,2020-12-27,2024-11-23,0
6398,customer6398@example.com,Lê Hải,Nam,1991,30-39,Chuyên gia tài chính,Quảng Ninh,Việt Nam,Gold,2,1,8,2022-07-06,2023-11-20,0
6399,customer6399@example.com,Trần Ngọc,Nữ,1995,25-29,Doanh nhân,Đồng Nai,Việt Nam,Silver,2,1,7,2018-02-07,2024-02-20,1
6400,customer6400@example.com,Trần Trang,Nữ,1985,30-39,Doanh nhân,TP HCM,Việt Nam,Gold,2,1,8,2018-11-13,2023-11-14,1
6401,customer6401@example.com,Đặng Thu,Nữ,1979,40-49,Doanh nhân,Hà Nội,Việt Nam,Platinum,1,1,8,2018-04-30,2024-06-30,1
6402,customer6402@example.com,Bùi Thành,Nam,1981,40-49,Luật sư,TP HCM,Việt Nam,Platinum,4,1,10,2016-04-04,2024-12-29,1
6403,customer6403@example.com,Đỗ Ánh,Nữ,1980,40-49,Giám đốc,Hà Nội,Việt Nam,Silver,2,1,3,2022-12-20,2023-07-20,1
6404,customer6404@example.com,Hồ Trang,Nữ,1992,30-39,Giám đốc,Đà Nẵng,Việt Nam,Gold,2,1,6,2020-09-01,2024-07-31,1
6405,customer6405@example.com,Hoàng Nga,Nữ,1980,40-49,Bác sĩ,Hải Phòng,Expat,Gold,2,1,1,2017-11-23,2023-04-28,1
6406,customer6406@example.com,Ngô Long,Nam,1998,25-29,Bác sĩ,Hà Nội,Việt Nam,Silver,1,1,5,2020-11-20,2024-08-24,1
6407,customer6407@example.com,Nguyễn Quang,Nam,1984,40-49,Người nổi tiếng,Hà Nội,Việt Nam,Gold,4,1,3,2018-01-02,2023-02-01,1
6408,customer6408@example.com,Phạm Đức,Nam,1995,25-29,Doanh nhân,Hà Nội,Việt Nam,Gold,2,1,9,2018-08-12,2023-06-06,1
6409,customer6409@example.com,Đặng Minh,Nam,1980,40-49,Bác sĩ,Đà Nẵng,Việt Nam,Gold,1,1,9,2016-11-18,2023-12-28,1
6410,customer6410@example.com,Đặng Bình,Nam,1983,40-49,Luật sư,Đà Nẵng,Expat,Silver,4,1,4,2021-10-29,2024-03-31,1
6411,customer6411@example.com,Nguyễn Linh,Nữ,1998,25-29,Nhà đầu tư,Hà Nội,Expat,Diamond,2,1,10,2023-02-10,2024-02-23,1
6412,customer6412@example.com,Bùi Anh,Nam,1997,25-29,Luật sư,Khánh Hòa,Việt Nam,Silver,3,1,8,2016-03-18,2024-05-02,1
6413,customer6413@example.com,Nguyễn Khánh,Nam,1960,60+,Luật sư,Hà Nội,Việt Nam,Silver,1,1,6,2021-03-16,2024-08-31,1
6414,customer6414@example.com,Bùi Mai,Nữ,1979,40-49,Người nổi tiếng,Hà Nội,Việt Nam,Platinum,2,1,2,2021-02-15,2024-11-01,1
6415,customer6415@example.com,Trần Hải,Nam,1968,50-59,Người nổi tiếng,Hà Nội,Việt Nam,Silver,1,1,9,2017-05-06,2024-12-19,1
6416,customer6416@example.com,Ngô Tuấn,Nam,1984,40-49,Bác sĩ,TP HCM,Việt Nam,Gold,1,1,2,2015-03-05,2024-08-30,1
6417,customer6417@example.com,Hoàng Thành,Nam,1963,60+,Giám đốc,TP HCM,Việt Nam,Silver,2,1,9,2021-02-27,2024-12-03,1
6418,customer6418@example.com,Dương Ánh,Nữ,1990,30-39,Doanh nhân,Hà Nội,Việt Nam,Diamond,4,1,8,2016-03-18,2024-08-05,1
6419,customer6419@example.com,Hồ Đức,Nam,1987,30-39,Doanh nhân,Hà Nội,Việt Nam,Diamond,4,1,10,2020-11-22,2023-02-17,1
6420,customer6420@example.com,Ngô Đức,Nam,1988,30-39,Nhà đầu tư,TP HCM,Việt Nam,Silver,1,1,4,2020-02-14,2023-10-16,0
6421,customer6421@example.com,Dương Đức,Nam,1994,30-39,Giám đốc,TP HCM,Việt Nam,Platinum,4,1,4,2023-06-07,2023-12-14,0
6422,customer6422@example.com,Ngô Minh,Nam,1968,50-59,Kiến trúc sư,TP HCM,Việt Nam,Platinum,1,1,2,2021-08-25,2023-05-14,1
6423,customer6423@example.com,Hoàng Thành,Nam,1988,30-39,Bác sĩ,Hà Nội,Expat,Diamond,2,1,6,2019-09-14,2024-04-23,1
6424,customer6424@example.com,Dương Ánh,Nữ,1964,60+,Doanh nhân,Hà Nội,Việt Nam,Silver,3,1,3,2020-03-30,2023-06-27,1
6425,customer6425@example.com,Bùi Trung,Nam,1963,60+,Chuyên gia tài chính,TP HCM,Việt Nam,Silver,1,1,6,2015-11-03,2024-04-19,1
6426,customer6426@example.com,Lê Lan,Nữ,1968,50-59,Nhà đầu tư,TP HCM,Việt Nam,Silver,3,1,4,2022-01-11,2024-07-01,1
6427,customer6427@example.com,Lê Đức,Nam,1983,40-49,Chuyên gia tài chính,TP HCM,Việt Nam,Silver,1,1,3,2021-05-30,2024-10-10,0
6428,customer6428@example.com,Phan Hoa,Nữ,1985,30-39,Chuyên gia tài chính,Hà Nội,Việt Nam,Gold,2,1,4,2022-07-10,2023-10-16,1
6429,customer6429@example.com,Hồ Hằng,Nữ,1985,30-39,Kiến trúc sư,TP HCM,Việt Nam,Platinum,3,1,7,2018-10-06,2024-10-29,0
6430,customer6430@example.com,Nguyễn Long,Nam,1982,40-49,Nhà đầu tư,TP HCM,Việt Nam,Platinum,1,1,6,2022-10-03,2023-05-18,1
6431,customer6431@example.com,Nguyễn Phương,Nữ,1982,40-49,Nhà đầu tư,Hà Nội,Việt Nam,Platinum,3,1,9,2018-11-06,2024-02-23,1
6432,customer6432@example.com,Phạm Tuấn,Nam,1986,30-39,Bác sĩ,TP HCM,Expat,Gold,3,1,8,2019-03-23,2023-08-30,1
6433,customer6433@example.com,Phạm Phương,Nữ,1973,50-59,Người nổi tiếng,Hà Nội,Việt Nam,Silver,1,1,7,2016-04-26,2024-09-13,1
6434,customer6434@example.com,Hồ Lan,Nữ,1989,30-39,Nhà đầu tư,Hà Nội,Việt Nam,Gold,1,1,2,2021-02-26,2024-04-21,1
6435,customer6435@example.com,Vũ Anh,Nam,1986,30-39,Luật sư,Hà Nội,Việt Nam,Silver,3,1,7,2020-06-19,2024-11-24,1
6436,customer6436@example.com,Dương Long,Nam,1988,30-39,Bác sĩ,Hà Nội,Việt Nam,Gold,3,1,3,2022-02-08,2024-04-18,1
6437,customer6437@example.com,Phạm Thu,Nữ,1964,60+,Chuyên gia tài chính,Bình Dương,Việt Nam,Silver,4,1,8,2023-05-15,2023-04-26,1
6438,customer6438@example.com,Hoàng Thành,Nam,1986,30-39,Luật sư,Bình Dương,Việt Nam,Gold,1,1,9,2020-10-02,2024-10-03,1
6439,customer6439@example.com,Lê Hải,Nam,1963,60+,Giám đốc,Đồng Nai,Việt Nam,Silver,1,1,7,2015-07-05,2023-06-21,1
6440,customer6440@example.com,Hoàng Long,Nam,1975,40-49,Giám đốc,Bình Dương,Expat,Silver,1,1,3,2016-12-16,2023-02-04,0
6441,customer6441@example.com,Vũ Minh,Nam,1964,60+,Bác sĩ,Hà Nội,Việt Nam,Diamond,2,1,8,2015-01-08,2024-09-03,1
6442,customer6442@example.com,Vũ Linh,Nữ,1971,50-59,Luật sư,Hà Nội,Việt Nam,Diamond,1,1,1,2016-09-18,2023-07-28,1
6443,customer6443@example.com,Trần Mai,Nữ,1970,50-59,Kiến trúc sư,Hà Nội,Việt Nam,Silver,3,1,2,2020-06-02,2023-11-07,1
6444,customer6444@example.com,Nguyễn Hằng,Nữ,1962,60+,Kiến trúc sư,Hải Phòng,Việt Nam,Gold,2,1,5,2020-01-31,2024-12-08,1
6445,customer6445@example.com,Đỗ Minh,Nam,1970,50-59,Bác sĩ,TP HCM,Việt Nam,Gold,1,1,5,2018-07-15,2023-02-17,1
6446,customer6446@example.com,Hồ Tuấn,Nam,1961,60+,Nhà đầu tư,Đà Nẵng,Expat,Silver,2,1,10,2020-07-04,2023-06-15,1
6447,customer6447@example.com,Đỗ Yến,Nữ,1973,50-59,Luật sư,TP HCM,Việt Nam,Silver,4,1,5,2015-08-03,2023-03-18,1
6448,customer6448@example.com,Hoàng Ngọc,Nữ,1994,30-39,Doanh nhân,Đồng Nai,Expat,Gold,4,1,5,2017-03-23,2023-05-27,1
6449,customer6449@example.com,Đỗ Linh,Nữ,1981,40-49,Giám đốc,Hà Nội,Việt Nam,Silver,2,1,8,2021-10-29,2023-02-20,1
6450,customer6450@example.com,Phan Thu,Nữ,1979,40-49,Luật sư,Hà Nội,Việt Nam,Silver,1,1,4,2016-07-09,2023-08-27,1
6451,customer6451@example.com,Lê Hải,Nam,1986,30-39,Bác sĩ,Hà Nội,Expat,Platinum,1,1,10,2022-07-03,2024-04-17,1
6452,customer6452@example.com,Đỗ Long,Nam,1976,40-49,Chuyên gia tài chính,Hà Nội,Việt Nam,Gold,2,1,5,2016-08-19,2024-11-02,1
6453,customer6453@example.com,Vũ Ánh,Nữ,1970,50-59,Người nổi tiếng,Hà Nội,Việt Nam,Gold,1,1,8,2019-03-31,2023-04-27,1
6454,customer6454@example.com,Phạm Ánh,Nữ,1984,40-49,Chuyên gia tài chính,Hà Nội,Việt Nam,Platinum,2,1,3,2015-02-05,2024-12-24,1
6455,customer6455@example.com,Bùi Yến,Nữ,1989,30-39,Nhà đầu tư,TP HCM,Việt Nam,Gold,1,1,6,2020-06-26,2023-01-30,1
6456,customer6456@example.com,Hồ Lan,Nữ,1972,50-59,Luật sư,TP HCM,Việt Nam,Diamond,1,1,1,2022-07-08,2023-02-08,1
6457,customer6457@example.com,Trần Minh,Nam,1965,50-59,Doanh nhân,Hà Nội,Expat,Platinum,2,1,2,2015-01-16,2023-07-22,1
6458,customer6458@example.com,Trần Nga,Nữ,1992,30-39,Giám đốc,Đồng Nai,Việt Nam,Gold,2,1,7,2019-02-12,2023-10-20,1
6459,customer6459@example.com,Lê Khánh,Nam,1985,30-39,Kiến trúc sư,Bình Dương,Việt Nam,Diamond,3,1,6,2017-06-28,2024-06-06,1
6460,customer6460@example.com,Trần Nga,Nữ,1997,25-29,Kiến trúc sư,Hà Nội,Expat,Diamond,1,1,6,2021-02-26,2024-11-08,1
6461,customer6461@example.com,Phạm Bình,Nam,1993,30-39,Giám đốc,TP HCM,Expat,Diamond,3,1,5,2017-11-08,2024-09-16,1
6462,customer6462@example.com,Lê Long,Nam,1976,40-49,Nhà đầu tư,TP HCM,Việt Nam,Silver,3,1,9,2017-12-29,2023-06-07,1
6463,customer6463@example.com,Nguyễn Hùng,Nam,1961,60+,Kiến trúc sư,Hà Nội,Expat,Diamond,1,1,7,2022-03-09,2023-03-04,1
6464,customer6464@example.com,Đặng Anh,Nam,1987,30-39,Doanh nhân,Hà Nội,Việt Nam,Silver,1,1,10,2017-06-01,2023-12-23,0
6465,customer6465@example.com,Hoàng Tuấn,Nam,1983,40-49,Luật sư,Hà Nội,Việt Nam,Silver,3,1,2,2021-03-02,2023-05-06,1
6466,customer6466@example.com,Hồ Yến,Nữ,1971,50-59,Giám đốc,TP HCM,Việt Nam,Gold,2,1,10,2023-03-31,2024-08-12,0
6467,customer6467@example.com,Đỗ Anh,Nam,1989,30-39,Giám đốc,Đà Nẵng,Việt Nam,Silver,4,1,3,2021-03-11,2024-05-09,1
6468,customer6468@example.com,Bùi Ngọc,Nữ,1966,50-59,Giám đốc,TP HCM,Việt Nam,Silver,1,1,4,2019-06-02,2023-05-26,1
6469,customer6469@example.com,Đỗ Hoa,Nữ,1967,50-59,Người nổi tiếng,Quảng Ninh,Việt Nam,Silver,3,1,10,2017-07-27,2023-06-05,1
6470,customer6470@example.com,Ngô Trang,Nữ,1977,40-49,Doanh nhân,TP HCM,Việt Nam,Platinum,4,1,4,2022-09-10,2023-05-24,1
6471,customer6471@example.com,Nguyễn Minh,Nam,1988,30-39,Nhà đầu tư,Đà Nẵng,Expat,Platinum,2,1,7,2021-03-17,2024-03-07,1
6472,customer6472@example.com,Dương Việt,Nam,1995,25-29,Kiến trúc sư,Hà Nội,Việt Nam,Diamond,4,1,8,2021-09-28,2024-06-04,1
6473,customer6473@example.com,Bùi Hằng,Nữ,1970,50-59,Người nổi tiếng,Khánh Hòa,Việt Nam,Silver,3,1,3,2018-08-04,2024-07-23,1
6474,customer6474@example.com,Hồ Hằng,Nữ,1996,25-29,Bác sĩ,TP HCM,Việt Nam,Platinum,1,1,4,2022-11-23,2023-04-26,1
6475,customer6475@example.com,Ngô Hải,Nam,1998,25-29,Luật sư,Hà Nội,Việt Nam,Silver,3,1,3,2015-10-01,2023-11-06,1
6476,customer6476@example.com,Phan Hoa,Nữ,1990,30-39,Người nổi tiếng,Hà Nội,Việt Nam,Diamond,2,1,7,2016-06-11,2023-03-22,1
6477,customer6477@example.com,Trần Thảo,Nữ,1975,40-49,Chuyên gia tài chính,TP HCM,Việt Nam,Gold,2,1,6,2020-10-07,2024-11-04,1
6478,customer6478@example.com,Trần Phương,Nữ,1960,60+,Kiến trúc sư,Quảng Ninh,Expat,Silver,4,1,1,2021-01-14,2023-04-28,1
6479,customer6479@example.com,Hồ Nga,Nữ,1979,40-49,Bác sĩ,TP HCM,Việt Nam,Gold,4,1,2,2022-03-26,2023-12-04,0
6480,customer6480@example.com,Trần Hoa,Nữ,1980,40-49,Doanh nhân,Bình Dương,Việt Nam,Gold,1,1,4,2015-03-03,2024-02-15,1
6481,customer6481@example.com,Đặng Hoa,Nữ,1978,40-49,Doanh nhân,Quảng Ninh,Việt Nam,Gold,1,1,4,2022-01-11,2024-04-17,1
6482,customer6482@example.com,Dương Trung,Nam,1965,50-59,Kiến trúc sư,TP HCM,Expat,Diamond,4,1,2,2015-07-02,2023-03-04,1
6483,customer6483@example.com,Nguyễn Hằng,Nữ,1987,30-39,Luật sư,Hà Nội,Việt Nam,Gold,1,1,6,2021-07-20,2023-10-07,1
6484,customer6484@example.com,Ngô Lan,Nữ,1987,30-39,Nhà đầu tư,TP HCM,Expat,Diamond,1,1,6,2016-12-28,2023-09-30,1
6485,customer6485@example.com,Đỗ Lan,Nữ,1963,60+,Giám đốc,TP HCM,Việt Nam,Silver,4,1,5,2018-02-16,2023-08-15,1
6486,customer6486@example.com,Phạm Lan,Nữ,1970,50-59,Doanh nhân,Hải Phòng,Việt Nam,Silver,3,1,3,2015-06-26,2024-06-23,1
6487,customer6487@example.com,Nguyễn Trung,Nam,1980,40-49,Nhà đầu tư,TP HCM,Expat,Gold,2,1,2,2015-12-25,2023-10-24,1
6488,customer6488@example.com,Vũ Bình,Nam,1992,30-39,Nhà đầu tư,TP HCM,Expat,Silver,1,1,3,2016-04-05,2024-09-01,1
6489,customer6489@example.com,Vũ Mai,Nữ,1963,60+,Bác sĩ,TP HCM,Việt Nam,Diamond,3,1,3,2019-08-18,2023-01-04,1
6490,customer6490@example.com,Dương Khánh,Nam,1960,60+,Luật sư,TP HCM,Việt Nam,Gold,1,1,6,2018-06-21,2023-05-20,1
6491,customer6491@example.com,Bùi Linh,Nữ,1969,50-59,Giám đốc,Hà Nội,Việt Nam,Silver,4,1,1,2015-12-18,2023-07-10,1
6492,customer6492@example.com,Ngô Linh,Nữ,1969,50-59,Nhà đầu tư,Hà Nội,Việt Nam,Gold,2,1,3,2022-10-27,2023-06-22,1
6493,customer6493@example.com,Lê Linh,Nữ,1966,50-59,Bác sĩ,Hà Nội,Expat,Diamond,3,1,6,2018-06-08,2023-01-02,1
6494,customer6494@example.com,Vũ Trang,Nữ,1974,50-59,Nhà đầu tư,TP HCM,Việt Nam,Silver,1,1,7,2019-08-05,2024-01-17,1
6495,customer6495@example.com,Phạm Lan,Nữ,1996,25-29,Doanh nhân,Đà Nẵng,Việt Nam,Silver,4,1,6,2022-03-11,2023-12-06,1
6496,customer6496@example.com,Trần Linh,Nữ,1984,40-49,Kiến trúc sư,Hà Nội,Việt Nam,Silver,3,1,5,2017-08-21,2023-01-22,1
6497,customer6497@example.com,Hoàng Mai,Nữ,1965,50-59,Người nổi tiếng,Hà Nội,Việt Nam,Silver,2,1,10,2018-12-31,2023-10-19,1
6498,customer6498@example.com,Trần Ngọc,Nữ,1996,25-29,Nhà đầu tư,Quảng Ninh,Việt Nam,Silver,2,1,9,2017-11-12,2023-05-31,1
6499,customer6499@example.com,Đỗ Hằng,Nữ,1965,50-59,Bác sĩ,Đồng Nai,Việt Nam,Gold,4,1,3,2019-02-14,2023-04-02,1
6500,customer6500@example.com,Lê Thu,Nữ,1990,30-39,Nhà đầu tư,Quảng Ninh,Việt Nam,Gold,3,1,10,2015-02-15,2024-06-09,1
6501,customer6501@example.com,Nguyễn Đức,Nam,1966,50-59,Kiến trúc sư,Hà Nội,Việt Nam,Silver,4,1,5,2021-09-02,2024-05-29,1
6502,customer6502@example.com,Đỗ Bình,Nam,1963,60+,Nhà đầu tư,TP HCM,Expat,Gold,1,1,2,2022-03-14,2023-07-03,1
6503,customer6503@example.com,Đỗ Lan,Nữ,1965,50-59,Nhà đầu tư,Hà Nội,Việt Nam,Silver,1,1,6,2016-12-11,2023-01-23,1
6504,customer6504@example.com,Ngô Hải,Nam,1987,30-39,Người nổi tiếng,Bình Dương,Việt Nam,Silver,4,1,6,2023-01-22,2023-08-01,1
6505,customer6505@example.com,Nguyễn Ánh,Nữ,1992,30-39,Doanh nhân,Hà Nội,Expat,Platinum,3,1,10,2018-04-21,2024-05-22,1
6506,customer6506@example.com,Hoàng Tuấn,Nam,1967,50-59,Chuyên gia tài chính,Hà Nội,Việt Nam,Platinum,2,1,8,2016-02-11,2024-07-27,1
6507,customer6507@example.com,Phan Bình,Nam,1978,40-49,Nhà đầu tư,TP HCM,Việt Nam,Gold,3,1,9,2022-11-06,2023-11-01,1
6508,customer6508@example.com,Hồ Tuấn,Nam,1990,30-39,Giám đốc,TP HCM,Việt Nam,Gold,3,1,10,2015-08-19,2023-12-27,1
6509,customer6509@example.com,Dương Linh,Nữ,1977,40-49,Giám đốc,TP HCM,Việt Nam,Silver,1,1,7,2017-10-09,2024-10-22,1
6510,customer6510@example.com,Đặng Lan,Nữ,1963,60+,Doanh nhân,TP HCM,Expat,Silver,2,1,4,2021-05-17,2024-05-14,1
6511,customer6511@example.com,Dương Trung,Nam,1961,60+,Doanh nhân,Đồng Nai,Việt Nam,Platinum,1,1,9,2019-09-06,2024-12-09,1
6512,customer6512@example.com,Bùi Anh,Nam,1997,25-29,Chuyên gia tài chính,TP HCM,Expat,Platinum,2,1,7,2019-03-22,2024-02-03,1
6513,customer6513@example.com,Đỗ Minh,Nam,1995,25-29,Doanh nhân,TP HCM,Việt Nam,Silver,4,1,4,2022-01-16,2023-06-14,1
6514,customer6514@example.com,Hoàng Ánh,Nữ,1967,50-59,Giám đốc,TP HCM,Việt Nam,Silver,4,1,1,2020-01-25,2024-11-30,1
6515,customer6515@example.com,Phan Thảo,Nữ,1991,30-39,Chuyên gia tài chính,Đà Nẵng,Việt Nam,Gold,3,1,7,2020-08-23,2024-11-04,1
6516,customer6516@example.com,Dương Bình,Nam,1978,40-49,Người nổi tiếng,Khánh Hòa,Expat,Gold,1,1,2,2022-01-24,2023-07-14,1
6517,customer6517@example.com,Đặng Ánh,Nữ,1996,25-29,Người nổi tiếng,Khánh Hòa,Việt Nam,Platinum,1,1,4,2021-12-25,2023-07-11,0
6518,customer6518@example.com,Ngô Nga,Nữ,1963,60+,Kiến trúc sư,TP HCM,Việt Nam,Silver,3,1,8,2021-06-29,2024-04-12,1
6519,customer6519@example.com,Đỗ Tuấn,Nam,1992,30-39,Nhà đầu tư,TP HCM,Việt Nam,Silver,2,1,6,2016-06-11,2024-08-26,1
6520,customer6520@example.com,Hồ Ánh,Nữ,1963,60+,Doanh nhân,TP HCM,Việt Nam,Silver,3,1,3,2016-03-21,2023-10-20,1
6521,customer6521@example.com,Ngô Quang,Nam,1965,50-59,Nhà đầu tư,TP HCM,Việt Nam,Gold,3,1,1,2017-03-22,2024-02-12,1
6522,customer6522@example.com,Lê Phương,Nữ,1962,60+,Giám đốc,TP HCM,Việt Nam,Platinum,2,1,4,2017-02-03,2024-01-24,1
6523,customer6523@example.com,Phạm Anh,Nam,1961,60+,Chuyên gia tài chính,TP HCM,Việt Nam,Silver,1,1,6,2019-02-28,2023-04-13,1
6524,customer6524@example.com,Đỗ Thành,Nam,1966,50-59,Luật sư,TP HCM,Việt Nam,Diamond,1,1,9,2015-11-26,2024-10-10,1
6525,customer6525@example.com,Đặng Hằng,Nữ,1961,60+,Giám đốc,Hà Nội,Việt Nam,Silver,3,1,2,2018-09-24,2024-02-08,1
6526,customer6526@example.com,Dương Bình,Nam,1963,60+,Bác sĩ,TP HCM,Expat,Gold,3,1,10,2022-10-03,2024-09-20,1
6527,customer6527@example.com,Ngô Thành,Nam,1967,50-59,Bác sĩ,TP HCM,Việt Nam,Diamond,2,1,7,2020-01-17,2023-09-15,0
6528,customer6528@example.com,Vũ Trang,Nữ,1983,40-49,Doanh nhân,Hà Nội,Việt Nam,Platinum,3,1,8,2015-04-12,2023-08-17,1
6529,customer6529@example.com,Ngô Hải,Nam,1982,40-49,Luật sư,Hà Nội,Việt Nam,Silver,4,1,7,2020-05-01,2024-09-01,1
6530,customer6530@example.com,Dương Phương,Nữ,1995,25-29,Giám đốc,Đồng Nai,Việt Nam,Silver,3,1,7,2022-11-01,2023-09-08,1
6531,customer6531@example.com,Đặng Thảo,Nữ,1988,30-39,Giám đốc,TP HCM,Việt Nam,Platinum,2,1,4,2018-05-24,2024-11-27,1
6532,customer6532@example.com,Trần Tuấn,Nam,1962,60+,Doanh nhân,Quảng Ninh,Việt Nam,Silver,3,1,3,2015-08-10,2024-03-30,1
6533,customer6533@example.com,Phan Hải,Nam,1964,60+,Người nổi tiếng,Hà Nội,Việt Nam,Silver,2,1,8,2015-11-19,2024-09-11,1
6534,customer6534@example.com,Nguyễn Thu,Nữ,1995,25-29,Chuyên gia tài chính,Quảng Ninh,Việt Nam,Gold,4,1,8,2015-01-18,2024-06-09,1
6535,customer6535@example.com,Bùi Khánh,Nam,1993,30-39,Doanh nhân,TP HCM,Việt Nam,Diamond,2,1,9,2016-06-10,2024-06-03,1
6536,customer6536@example.com,Lê Đức,Nam,1988,30-39,Chuyên gia tài chính,Khánh Hòa,Việt Nam,Gold,3,1,2,2017-02-18,2024-03-19,1
6537,customer6537@example.com,Đặng Hùng,Nam,1992,30-39,Doanh nhân,Hà Nội,Việt Nam,Platinum,4,1,8,2015-03-07,2023-10-03,1
6538,customer6538@example.com,Phan Việt,Nam,1978,40-49,Chuyên gia tài chính,Hà Nội,Việt Nam,Gold,2,1,3,2020-08-26,2024-09-16,1
6539,customer6539@example.com,Nguyễn Nga,Nữ,1967,50-59,Người nổi tiếng,TP HCM,Việt Nam,Gold,1,1,2,2015-11-06,2024-07-01,0
6540,customer6540@example.com,Vũ Anh,Nam,1986,30-39,Doanh nhân,Đà Nẵng,Việt Nam,Gold,1,1,2,2016-09-28,2024-06-04,1
6541,customer6541@example.com,Hoàng Linh,Nữ,1966,50-59,Kiến trúc sư,Quảng Ninh,Việt Nam,Diamond,3,1,5,2015-04-30,2024-12-03,1
6542,customer6542@example.com,Phan Trung,Nam,1972,50-59,Nhà đầu tư,Hải Phòng,Việt Nam,Diamond,4,1,1,2018-09-06,2023-11-18,1
6543,customer6543@example.com,Ngô Thu,Nữ,1968,50-59,Người nổi tiếng,Quảng Ninh,Việt Nam,Gold,4,1,9,2017-03-26,2023-03-02,1
6544,customer6544@example.com,Lê Hằng,Nữ,1987,30-39,Doanh nhân,TP HCM,Việt Nam,Gold,4,1,5,2019-02-27,2023-09-09,1
6545,customer6545@example.com,Đỗ Hà,Nữ,1985,30-39,Nhà đầu tư,TP HCM,Việt Nam,Diamond,1,1,7,2021-10-09,2023-05-28,1
6546,customer6546@example.com,Trần Bình,Nam,1979,40-49,Chuyên gia tài chính,TP HCM,Việt Nam,Diamond,1,1,4,2017-07-08,2023-12-16,0
6547,customer6547@example.com,Vũ Quang,Nam,1988,30-39,Doanh nhân,Hà Nội,Việt Nam,Platinum,3,1,1,2017-05-04,2024-07-22,1
6548,customer6548@example.com,Dương Ngọc,Nữ,1988,30-39,Giám đốc,Hà Nội,Việt Nam,Platinum,4,1,4,2015-11-01,2024-04-24,1
6549,customer6549@example.com,Phạm Trang,Nữ,1969,50-59,Giám đốc,Hà Nội,Việt Nam,Platinum,3,1,6,2021-06-22,2024-04-20,1
6550,customer6550@example.com,Nguyễn Hùng,Nam,1975,40-49,Bác sĩ,Hà Nội,Việt Nam,Silver,1,1,7,2017-03-31,2023-10-23,1
6551,customer6551@example.com,Dương Hải,Nam,1961,60+,Doanh nhân,Hà Nội,Việt Nam,Silver,3,1,8,2020-02-14,2023-06-26,1
6552,customer6552@example.com,Ngô Thảo,Nữ,1994,30-39,Luật sư,Đồng Nai,Việt Nam,Silver,4,1,4,2018-12-06,2024-07-28,1
6553,customer6553@example.com,Phạm Long,Nam,1978,40-49,Bác sĩ,Hà Nội,Expat,Silver,3,1,8,2019-04-09,2023-06-22,1
6554,customer6554@example.com,Lê Đức,Nam,1984,40-49,Giám đốc,TP HCM,Việt Nam,Silver,3,1,1,2016-08-07,2023-11-14,1
6555,customer6555@example.com,Dương Ngọc,Nữ,1980,40-49,Bác sĩ,TP HCM,Việt Nam,Diamond,1,1,9,2021-01-03,2023-02-11,1
6556,customer6556@example.com,Đặng Việt,Nam,1982,40-49,Bác sĩ,Hải Phòng,Việt Nam,Gold,2,1,1,2018-11-15,2023-11-09,1
6557,customer6557@example.com,Bùi Mai,Nữ,1971,50-59,Giám đốc,Hà Nội,Việt Nam,Diamond,2,1,2,2022-01-15,2024-02-16,1
6558,customer6558@example.com,Dương Quang,Nam,1963,60+,Kiến trúc sư,Hà Nội,Việt Nam,Platinum,4,1,1,2016-11-05,2024-10-06,0
6559,customer6559@example.com,Lê Hùng,Nam,1970,50-59,Bác sĩ,TP HCM,Expat,Platinum,4,1,3,2017-08-26,2024-06-20,1
6560,customer6560@example.com,Hoàng Yến,Nữ,1992,30-39,Luật sư,Đà Nẵng,Việt Nam,Diamond,1,1,3,2016-11-14,2023-12-11,1
6561,customer6561@example.com,Phan Anh,Nam,1973,50-59,Người nổi tiếng,Đà Nẵng,Việt Nam,Silver,4,1,5,2017-01-13,2023-04-19,1
6562,customer6562@example.com,Dương Bình,Nam,1980,40-49,Doanh nhân,TP HCM,Việt Nam,Platinum,1,1,5,2019-07-11,2023-01-05,1
6563,customer6563@example.com,Trần Hùng,Nam,1985,30-39,Doanh nhân,TP HCM,Việt Nam,Platinum,4,1,7,2022-07-03,2024-12-18,1
6564,customer6564@example.com,Đỗ Việt,Nam,1978,40-49,Kiến trúc sư,Hà Nội,Việt Nam,Silver,2,1,7,2020-08-11,2023-04-14,1
6565,customer6565@example.com,Đặng Ngọc,Nữ,1983,40-49,Chuyên gia tài chính,Hải Phòng,Việt Nam,Gold,2,1,6,2019-02-25,2024-06-08,1
6566,customer6566@example.com,Dương Hải,Nam,1997,25-29,Chuyên gia tài chính,Hà Nội,Việt Nam,Diamond,3,1,2,2016-02-11,2023-01-04,1
6567,customer6567@example.com,Hoàng Minh,Nam,1980,40-49,Bác sĩ,Hà Nội,Expat,Platinum,3,1,7,2019-06-21,2023-06-21,1
6568,customer6568@example.com,Ngô Long,Nam,1983,40-49,Luật sư,TP HCM,Việt Nam,Platinum,3,1,8,2017-02-04,2024-03-17,1
6569,customer6569@example.com,Hồ Lan,Nữ,1981,40-49,Doanh nhân,Hà Nội,Việt Nam,Silver,4,1,3,2021-09-03,2024-01-23,1
6570,customer6570@example.com,Vũ Quang,Nam,1994,30-39,Giám đốc,TP HCM,Việt Nam,Gold,1,1,5,2015-06-19,2024-03-04,1
6571,customer6571@example.com,Dương Thảo,Nữ,1974,50-59,Giám đốc,Hà Nội,Việt Nam,Silver,1,1,2,2022-06-08,2023-07-20,0
6572,customer6572@example.com,Phạm Tuấn,Nam,1964,60+,Nhà đầu tư,Khánh Hòa,Việt Nam,Gold,4,1,9,2018-05-07,2024-08-29,1
6573,customer6573@example.com,Vũ Thu,Nữ,1993,30-39,Luật sư,Khánh Hòa,Việt Nam,Gold,3,1,4,2021-06-01,2023-03-30,1
6574,customer6574@example.com,Nguyễn Long,Nam,1998,25-29,Luật sư,TP HCM,Việt Nam,Diamond,1,1,6,2019-09-15,2024-08-07,0
6575,customer6575@example.com,Dương Khánh,Nam,1986,30-39,Kiến trúc sư,TP HCM,Việt Nam,Platinum,4,1,10,2017-12-02,2023-11-06,1
6576,customer6576@example.com,Nguyễn Quang,Nam,1964,60+,Người nổi tiếng,Hà Nội,Việt Nam,Silver,3,1,4,2022-02-06,2023-02-08,1
6577,customer6577@example.com,Phan Hoa,Nữ,1965,50-59,Người nổi tiếng,Hà Nội,Việt Nam,Platinum,3,1,5,2019-10-20,2023-09-25,1
6578,customer6578@example.com,Bùi Phương,Nữ,1974,50-59,Bác sĩ,Hà Nội,Việt Nam,Diamond,3,1,5,2023-04-11,2024-10-06,1
6579,customer6579@example.com,Nguyễn Trang,Nữ,1996,25-29,Chuyên gia tài chính,TP HCM,Expat,Silver,1,1,6,2018-01-07,2023-04-23,1
6580,customer6580@example.com,Đỗ Khánh,Nam,1992,30-39,Bác sĩ,Đồng Nai,Việt Nam,Gold,1,1,7,2022-05-21,2024-11-21,1
6581,customer6581@example.com,Phan Đức,Nam,1966,50-59,Doanh nhân,TP HCM,Việt Nam,Silver,1,1,7,2022-12-17,2024-05-10,1
6582,customer6582@example.com,Hồ Ngọc,Nữ,1992,30-39,Giám đốc,Đà Nẵng,Việt Nam,Gold,1,1,4,2022-08-03,2024-10-08,1
6583,customer6583@example.com,Đỗ Đức,Nam,1975,40-49,Người nổi tiếng,TP HCM,Việt Nam,Platinum,1,1,4,2022-11-18,2023-01-02,1
6584,customer6584@example.com,Đặng Minh,Nam,1965,50-59,Kiến trúc sư,Hà Nội,Việt Nam,Gold,1,1,4,2017-11-09,2023-04-27,0
6585,customer6585@example.com,Trần Quang,Nam,1987,30-39,Giám đốc,Hải Phòng,Việt Nam,Diamond,3,1,4,2019-08-30,2023-03-20,0
6586,customer6586@example.com,Đặng Hằng,Nữ,1961,60+,Nhà đầu tư,TP HCM,Việt Nam,Silver,1,1,3,2020-04-28,2023-04-18,1
6587,customer6587@example.com,Vũ Thành,Nam,1970,50-59,Chuyên gia tài chính,Đà Nẵng,Expat,Gold,1,1,1,2018-11-11,2023-05-12,1
6588,customer6588@example.com,Vũ Hà,Nữ,1964,60+,Nhà đầu tư,Hải Phòng,Việt Nam,Gold,3,1,6,2016-06-03,2024-11-09,1
6589,customer6589@example.com,Ngô Thu,Nữ,1984,40-49,Người nổi tiếng,TP HCM,Expat,Silver,3,1,2,2015-11-28,2024-03-09,1
6590,customer6590@example.com,Trần Hoa,Nữ,1998,25-29,Chuyên gia tài chính,Hà Nội,Việt Nam,Gold,3,1,3,2018-05-30,2023-05-23,1
6591,customer6591@example.com,Dương Hằng,Nữ,1997,25-29,Người nổi tiếng,TP HCM,Việt Nam,Platinum,1,1,1,2020-03-29,2024-07-25,1
6592,customer6592@example.com,Nguyễn Long,Nam,1985,30-39,Giám đốc,Đà Nẵng,Việt Nam,Platinum,4,1,5,2022-07-09,2023-02-12,1
6593,customer6593@example.com,Phạm Yến,Nữ,1962,60+,Luật sư,Hà Nội,Việt Nam,Silver,1,1,2,2019-02-22,2023-12-31,1
6594,customer6594@example.com,Trần Yến,Nữ,1963,60+,Luật sư,Hà Nội,Việt Nam,Gold,3,1,10,2015-03-24,2024-05-31,1
6595,customer6595@example.com,Vũ Lan,Nữ,1982,40-49,Kiến trúc sư,Đồng Nai,Expat,Silver,2,1,1,2016-09-10,2023-05-12,1
6596,customer6596@example.com,Hoàng Minh,Nam,1982,40-49,Luật sư,TP HCM,Việt Nam,Platinum,3,1,5,2020-06-14,2023-06-14,1
6597,customer6597@example.com,Dương Hùng,Nam,1968,50-59,Nhà đầu tư,Đồng Nai,Việt Nam,Silver,4,1,4,2019-02-23,2023-03-29,1
6598,customer6598@example.com,Vũ Lan,Nữ,1996,25-29,Nhà đầu tư,TP HCM,Việt Nam,Diamond,4,1,5,2020-06-09,2023-04-03,1
6599,customer6599@example.com,Ngô Khánh,Nam,1978,40-49,Nhà đầu tư,TP HCM,Việt Nam,Silver,3,1,5,2021-08-25,2024-04-11,1
6600,customer6600@example.com,Đỗ Yến,Nữ,1991,30-39,Doanh nhân,Hà Nội,Việt Nam,Silver,4,1,10,2020-04-14,2024-10-13,1
6601,customer6601@example.com,Phạm Khánh,Nam,1987,30-39,Doanh nhân,Hà Nội,Việt Nam,Gold,2,1,2,2023-05-27,2023-02-11,1
6602,customer6602@example.com,Bùi Đức,Nam,1991,30-39,Luật sư,Hà Nội,Việt Nam,Platinum,4,1,9,2017-07-29,2023-09-26,1
6603,customer6603@example.com,Ngô Hùng,Nam,1987,30-39,Doanh nhân,Quảng Ninh,Việt Nam,Silver,1,1,4,2020-10-11,2023-06-03,1
6604,customer6604@example.com,Vũ Tuấn,Nam,1970,50-59,Luật sư,TP HCM,Việt Nam,Gold,3,1,10,2021-11-23,2024-01-31,1
6605,customer6605@example.com,Nguyễn Trang,Nữ,1969,50-59,Kiến trúc sư,TP HCM,Việt Nam,Silver,4,1,8,2022-08-23,2024-09-07,0
6606,customer6606@example.com,Bùi Hải,Nam,1992,30-39,Giám đốc,TP HCM,Việt Nam,Silver,1,1,10,2018-05-08,2024-06-11,1
6607,customer6607@example.com,Bùi Yến,Nữ,1964,60+,Bác sĩ,TP HCM,Việt Nam,Gold,1,1,8,2019-05-26,2024-03-05,1
6608,customer6608@example.com,Phan Trang,Nữ,1976,40-49,Doanh nhân,Quảng Ninh,Expat,Gold,4,1,1,2015-04-22,2023-03-24,1
6609,customer6609@example.com,Trần Mai,Nữ,1980,40-49,Bác sĩ,Hà Nội,Việt Nam,Gold,4,1,10,2016-03-06,2023-09-03,1
6610,customer6610@example.com,Hồ Ngọc,Nữ,1971,50-59,Chuyên gia tài chính,TP HCM,Việt Nam,Gold,3,1,3,2016-02-18,2023-06-25,1
6611,customer6611@example.com,Dương Nga,Nữ,1973,50-59,Kiến trúc sư,Hải Phòng,Việt Nam,Silver,3,1,3,2019-06-10,2024-04-17,1
6612,customer6612@example.com,Lê Nga,Nữ,1972,50-59,Giám đốc,TP HCM,Việt Nam,Diamond,3,1,4,2015-04-05,2024-07-09,0
6613,customer6613@example.com,Trần Lan,Nữ,1974,50-59,Doanh nhân,Hà Nội,Việt Nam,Silver,3,1,5,2022-11-08,2024-05-07,1
6614,customer6614@example.com,Trần Đức,Nam,1989,30-39,Chuyên gia tài chính,TP HCM,Việt Nam,Diamond,3,1,7,2021-07-05,2024-12-12,1
6615,customer6615@example.com,Hoàng Bình,Nam,1992,30-39,Giám đốc,Hà Nội,Việt Nam,Diamond,2,1,8,2016-12-01,2023-11-08,1
6616,customer6616@example.com,Phạm Hà,Nữ,1994,30-39,Luật sư,Hà Nội,Việt Nam,Gold,4,1,7,2015-10-12,2023-09-05,1
6617,customer6617@example.com,Nguyễn Khánh,Nam,1968,50-59,Bác sĩ,Đồng Nai,Expat,Gold,4,1,2,2022-05-22,2024-05-16,1
6618,customer6618@example.com,Trần Tuấn,Nam,1962,60+,Doanh nhân,TP HCM,Việt Nam,Platinum,3,1,2,2020-01-29,2023-07-06,1
6619,customer6619@example.com,Bùi Trang,Nữ,1994,30-39,Luật sư,Hà Nội,Việt Nam,Silver,4,1,9,2017-10-04,2024-01-07,1
6620,customer6620@example.com,Hồ Nga,Nữ,1968,50-59,Nhà đầu tư,Hải Phòng,Việt Nam,Diamond,1,1,6,2019-06-12,2023-11-11,1
6621,customer6621@example.com,Nguyễn Minh,Nam,1998,25-29,Chuyên gia tài chính,Khánh Hòa,Việt Nam,Silver,4,1,3,2020-08-05,2023-11-30,0
6622,customer6622@example.com,Hồ Hằng,Nữ,1975,40-49,Bác sĩ,Hà Nội,Việt Nam,Silver,2,1,6,2015-02-19,2023-12-20,1
6623,customer6623@example.com,Phạm Hoa,Nữ,1980,40-49,Bác sĩ,Hà Nội,Việt Nam,Gold,3,1,3,2015-09-07,2024-08-08,1
6624,customer6624@example.com,Hoàng Hằng,Nữ,1978,40-49,Bác sĩ,Quảng Ninh,Việt Nam,Platinum,2,1,5,2018-10-12,2024-05-26,1
6625,customer6625@example.com,Đặng Linh,Nữ,1971,50-59,Giám đốc,Hải Phòng,Expat,Platinum,2,1,2,2016-03-16,2024-10-20,1
6626,customer6626@example.com,Phạm Thành,Nam,1997,25-29,Doanh nhân,TP HCM,Việt Nam,Diamond,4,1,3,2021-10-26,2023-02-16,1
6627,customer6627@example.com,Hồ Quang,Nam,1965,50-59,Chuyên gia tài chính,Bình Dương,Việt Nam,Platinum,3,1,7,2022-03-08,2024-04-11,1
6628,customer6628@example.com,Vũ Hùng,Nam,1988,30-39,Doanh nhân,TP HCM,Việt Nam,Gold,4,1,7,2022-01-25,2023-12-04,1
6629,customer6629@example.com,Lê Thảo,Nữ,1975,40-49,Nhà đầu tư,Hà Nội,Việt Nam,Platinum,1,1,6,2015-03-13,2023-05-20,1
6630,customer6630@example.com,Lê Hải,Nam,1998,25-29,Doanh nhân,Đà Nẵng,Việt Nam,Platinum,2,1,7,2022-12-28,2024-06-17,1
6631,customer6631@example.com,Đặng Ngọc,Nữ,1964,60+,Doanh nhân,TP HCM,Việt Nam,Platinum,3,1,6,2022-04-12,2023-06-01,1
6632,customer6632@example.com,Vũ Phương,Nữ,1976,40-49,Luật sư,Khánh Hòa,Expat,Silver,2,1,3,2021-03-06,2023-07-16,1
6633,customer6633@example.com,Phạm Minh,Nam,1964,60+,Bác sĩ,TP HCM,Việt Nam,Silver,1,1,5,2018-05-25,2024-07-14,1
6634,customer6634@example.com,Hoàng Hải,Nam,1960,60+,Luật sư,Hà Nội,Việt Nam,Platinum,2,1,3,2020-08-09,2024-09-10,1
6635,customer6635@example.com,Lê Bình,Nam,1991,30-39,Bác sĩ,Hà Nội,Việt Nam,Silver,4,1,3,2022-08-29,2023-01-22,1
6636,customer6636@example.com,Phạm Hà,Nữ,1978,40-49,Người nổi tiếng,Quảng Ninh,Expat,Silver,2,1,6,2022-08-11,2024-01-12,1
6637,customer6637@example.com,Hoàng Yến,Nữ,1995,25-29,Bác sĩ,Đà Nẵng,Expat,Silver,4,1,6,2019-02-17,2024-09-01,1
6638,customer6638@example.com,Hoàng Hoa,Nữ,1996,25-29,Luật sư,Khánh Hòa,Việt Nam,Platinum,4,1,2,2015-08-06,2024-03-08,1
6639,customer6639@example.com,Hồ Hoa,Nữ,1998,25-29,Nhà đầu tư,TP HCM,Việt Nam,Gold,3,1,5,2019-05-03,2024-11-20,1
6640,customer6640@example.com,Ngô Hằng,Nữ,1985,30-39,Chuyên gia tài chính,TP HCM,Việt Nam,Silver,1,1,8,2019-10-13,2024-10-24,1
6641,customer6641@example.com,Phạm Trang,Nữ,1965,50-59,Doanh nhân,TP HCM,Việt Nam,Platinum,4,1,4,2018-04-13,2024-12-24,1
6642,customer6642@example.com,Dương Phương,Nữ,1990,30-39,Kiến trúc sư,Quảng Ninh,Việt Nam,Platinum,3,1,5,2016-11-10,2024-03-22,1
6643,customer6643@example.com,Hồ Nga,Nữ,1997,25-29,Luật sư,TP HCM,Việt Nam,Gold,3,1,5,2021-12-09,2023-10-30,1
6644,customer6644@example.com,Hoàng Phương,Nữ,1979,40-49,Giám đốc,TP HCM,Việt Nam,Silver,3,1,2,2023-04-21,2024-07-11,1
6645,customer6645@example.com,Bùi Hoa,Nữ,1984,40-49,Giám đốc,TP HCM,Việt Nam,Silver,1,1,5,2021-09-05,2023-03-05,1
6646,customer6646@example.com,Đỗ Phương,Nữ,1987,30-39,Giám đốc,Hải Phòng,Việt Nam,Gold,1,1,1,2018-05-22,2024-05-31,1
6647,customer6647@example.com,Nguyễn Yến,Nữ,1996,25-29,Doanh nhân,Bình Dương,Việt Nam,Platinum,2,1,3,2017-11-10,2024-08-09,0
6648,customer6648@example.com,Lê Việt,Nam,1979,40-49,Người nổi tiếng,Hà Nội,Việt Nam,Diamond,3,1,8,2018-08-07,2023-06-24,1
6649,customer6649@example.com,Phan Hùng,Nam,1983,40-49,Chuyên gia tài chính,TP HCM,Việt Nam,Silver,2,1,8,2016-07-26,2024-08-29,1
6650,customer6650@example.com,Hoàng Đức,Nam,1962,60+,Doanh nhân,Hà Nội,Việt Nam,Silver,4,1,4,2023-05-25,2024-05-21,1
6651,customer6651@example.com,Đỗ Yến,Nữ,1971,50-59,Kiến trúc sư,TP HCM,Việt Nam,Gold,3,1,8,2019-08-10,2023-01-31,1
6652,customer6652@example.com,Phan Phương,Nữ,1990,30-39,Người nổi tiếng,TP HCM,Việt Nam,Gold,2,1,10,2022-07-27,2023-03-26,1
6653,customer6653@example.com,Nguyễn Hải,Nam,1976,40-49,Kiến trúc sư,TP HCM,Việt Nam,Gold,3,1,3,2021-07-05,2023-03-25,1
6654,customer6654@example.com,Bùi Minh,Nam,1983,40-49,Chuyên gia tài chính,TP HCM,Việt Nam,Gold,2,1,1,2018-07-27,2023-09-15,1
6655,customer6655@example.com,Lê Ngọc,Nữ,1961,60+,Kiến trúc sư,Hà Nội,Việt Nam,Silver,2,1,9,2018-02-27,2024-09-21,1
6656,customer6656@example.com,Phạm Trang,Nữ,1976,40-49,Nhà đầu tư,TP HCM,Việt Nam,Silver,3,1,1,2019-12-19,2023-01-23,0
6657,customer6657@example.com,Dương Mai,Nữ,1968,50-59,Luật sư,TP HCM,Việt Nam,Silver,3,1,1,2019-03-02,2024-05-26,1
6658,customer6658@example.com,Hồ Quang,Nam,1963,60+,Bác sĩ,Hà Nội,Expat,Silver,1,1,2,2022-04-15,2023-04-16,1
6659,customer6659@example.com,Lê Nga,Nữ,1965,50-59,Nhà đầu tư,TP HCM,Việt Nam,Platinum,1,1,3,2022-03-17,2023-06-15,1
6660,customer6660@example.com,Trần Hùng,Nam,1961,60+,Chuyên gia tài chính,TP HCM,Việt Nam,Gold,2,1,8,2015-06-14,2023-05-11,1
6661,customer6661@example.com,Phan Trung,Nam,1968,50-59,Bác sĩ,Đà Nẵng,Việt Nam,Diamond,1,1,5,2015-07-06,2023-07-06,1
6662,customer6662@example.com,Dương Hùng,Nam,1960,60+,Doanh nhân,Hà Nội,Việt Nam,Silver,3,1,3,2018-11-02,2023-09-25,0
6663,customer6663@example.com,Phan Anh,Nam,1973,50-59,Giám đốc,Đà Nẵng,Việt Nam,Gold,2,1,5,2023-05-19,2023-11-20,1
6664,customer6664@example.com,Hoàng Thu,Nữ,1996,25-29,Người nổi tiếng,TP HCM,Việt Nam,Platinum,1,1,2,2019-07-18,2024-10-29,1
6665,customer6665@example.com,Ngô Anh,Nam,1986,30-39,Kiến trúc sư,TP HCM,Việt Nam,Gold,2,1,7,2019-10-29,2023-08-17,1
6666,customer6666@example.com,Bùi Tuấn,Nam,1992,30-39,Người nổi tiếng,TP HCM,Việt Nam,Platinum,4,1,9,2022-10-30,2023-06-03,1
6667,customer6667@example.com,Phan Hoa,Nữ,1992,30-39,Nhà đầu tư,TP HCM,Việt Nam,Diamond,2,1,6,2019-12-07,2023-11-28,1
6668,customer6668@example.com,Lê Thảo,Nữ,1981,40-49,Doanh nhân,Hải Phòng,Expat,Platinum,4,1,9,2017-03-18,2023-07-24,1
6669,customer6669@example.com,Trần Ánh,Nữ,1971,50-59,Kiến trúc sư,TP HCM,Việt Nam,Platinum,1,1,4,2016-10-06,2024-04-06,0
6670,customer6670@example.com,Hoàng Thảo,Nữ,1981,40-49,Doanh nhân,Hà Nội,Expat,Diamond,1,1,3,2017-10-21,2023-08-18,1
6671,customer6671@example.com,Bùi Trung,Nam,1981,40-49,Bác sĩ,Hà Nội,Việt Nam,Gold,1,1,5,2022-04-11,2023-06-03,1
6672,customer6672@example.com,Hồ Trang,Nữ,1966,50-59,Luật sư,TP HCM,Việt Nam,Diamond,3,1,9,2019-01-22,2023-05-16,1
6673,customer6673@example.com,Đỗ Nga,Nữ,1969,50-59,Doanh nhân,Hà Nội,Việt Nam,Diamond,1,1,2,2017-07-18,2023-06-22,1
6674,customer6674@example.com,Phan Nga,Nữ,1992,30-39,Nhà đầu tư,TP HCM,Việt Nam,Platinum,4,1,8,2023-01-29,2024-07-18,1
6675,customer6675@example.com,Bùi Hùng,Nam,1970,50-59,Doanh nhân,TP HCM,Việt Nam,Diamond,1,1,4,2015-08-12,2024-01-22,1
6676,customer6676@example.com,Đặng Anh,Nam,1984,40-49,Doanh nhân,Hà Nội,Việt Nam,Gold,1,1,8,2020-10-03,2023-07-12,1
6677,customer6677@example.com,Đặng Bình,Nam,1961,60+,Bác sĩ,TP HCM,Việt Nam,Silver,1,1,10,2021-02-16,2023-12-13,1
6678,customer6678@example.com,Ngô Minh,Nam,1987,30-39,Kiến trúc sư,Hà Nội,Việt Nam,Platinum,1,1,4,2019-03-12,2023-07-15,1
6679,customer6679@example.com,Hồ Ánh,Nữ,1965,50-59,Giám đốc,TP HCM,Expat,Gold,4,1,5,2016-12-13,2024-09-12,1
6680,customer6680@example.com,Phan Quang,Nam,1989,30-39,Giám đốc,Hà Nội,Expat,Platinum,1,1,6,2021-08-22,2024-01-25,1
6681,customer6681@example.com,Hoàng Phương,Nữ,1983,40-49,Giám đốc,Đà Nẵng,Việt Nam,Silver,3,1,6,2020-07-15,2024-02-07,1
6682,customer6682@example.com,Lê Hải,Nam,1987,30-39,Luật sư,Hà Nội,Việt Nam,Silver,2,1,4,2020-01-21,2023-08-26,1
6683,customer6683@example.com,Phan Khánh,Nam,1977,40-49,Người nổi tiếng,Khánh Hòa,Việt Nam,Platinum,4,1,1,2023-03-21,2024-11-07,1
6684,customer6684@example.com,Đỗ Ngọc,Nữ,1990,30-39,Doanh nhân,Bình Dương,Việt Nam,Silver,2,1,2,2020-05-04,2024-10-13,0
6685,customer6685@example.com,Đặng Bình,Nam,1991,30-39,Bác sĩ,Hà Nội,Việt Nam,Platinum,4,1,9,2021-04-22,2024-11-01,1
6686,customer6686@example.com,Bùi Ngọc,Nữ,1969,50-59,Người nổi tiếng,TP HCM,Việt Nam,Gold,1,1,1,2022-01-08,2023-07-29,0
6687,customer6687@example.com,Phan Long,Nam,1973,50-59,Luật sư,TP HCM,Việt Nam,Silver,4,1,8,2016-04-06,2024-07-17,1
6688,customer6688@example.com,Đỗ Hải,Nam,1973,50-59,Luật sư,Hà Nội,Việt Nam,Silver,3,1,3,2016-10-01,2023-08-07,1
6689,customer6689@example.com,Phan Trung,Nam,1966,50-59,Giám đốc,Khánh Hòa,Việt Nam,Silver,3,1,1,2022-05-06,2024-05-10,1
6690,customer6690@example.com,Lê Yến,Nữ,1968,50-59,Giám đốc,Hà Nội,Việt Nam,Silver,4,1,1,2020-10-18,2024-09-06,1
6691,customer6691@example.com,Nguyễn Đức,Nam,1962,60+,Giám đốc,Hà Nội,Expat,Silver,1,1,4,2019-06-24,2023-01-23,1
6692,customer6692@example.com,Phạm Bình,Nam,1972,50-59,Kiến trúc sư,TP HCM,Việt Nam,Silver,2,1,7,2021-07-10,2023-01-02,1
6693,customer6693@example.com,Đỗ Đức,Nam,1990,30-39,Kiến trúc sư,Hải Phòng,Việt Nam,Gold,4,1,10,2015-01-10,2024-10-16,1
6694,customer6694@example.com,Phạm Hùng,Nam,1970,50-59,Luật sư,TP HCM,Việt Nam,Gold,1,1,5,2018-01-03,2024-02-17,0
6695,customer6695@example.com,Trần Phương,Nữ,1996,25-29,Kiến trúc sư,TP HCM,Việt Nam,Gold,2,1,1,2016-12-26,2024-05-12,1
6696,customer6696@example.com,Đỗ Việt,Nam,1979,40-49,Người nổi tiếng,TP HCM,Việt Nam,Silver,1,1,2,2018-05-02,2023-10-12,1
6697,customer6697@example.com,Trần Anh,Nam,1966,50-59,Nhà đầu tư,TP HCM,Việt Nam,Diamond,2,1,2,2015-08-23,2024-04-30,1
6698,customer6698@example.com,Phan Ngọc,Nữ,1972,50-59,Kiến trúc sư,TP HCM,Việt Nam,Silver,3,1,4,2020-05-15,2023-12-23,1
6699,customer6699@example.com,Trần Mai,Nữ,1998,25-29,Bác sĩ,TP HCM,Việt Nam,Silver,1,1,5,2020-10-14,2023-12-09,1
6700,customer6700@example.com,Bùi Phương,Nữ,1967,50-59,Kiến trúc sư,Hải Phòng,Việt Nam,Platinum,3,1,5,2023-03-20,2024-03-26,1
6701,customer6701@example.com,Trần Quang,Nam,1960,60+,Giám đốc,Quảng Ninh,Expat,Diamond,2,1,5,2017-01-09,2024-01-23,1
6702,customer6702@example.com,Phan Minh,Nam,1964,60+,Người nổi tiếng,Hà Nội,Việt Nam,Platinum,2,1,3,2016-04-28,2024-05-13,1
6703,customer6703@example.com,Đặng Nga,Nữ,1984,40-49,Luật sư,Khánh Hòa,Việt Nam,Silver,4,1,1,2018-09-14,2023-12-30,1
6704,customer6704@example.com,Hoàng Đức,Nam,1966,50-59,Doanh nhân,Hà Nội,Việt Nam,Platinum,4,1,10,2022-05-17,2024-08-07,1
6705,customer6705@example.com,Dương Long,Nam,1977,40-49,Doanh nhân,Hà Nội,Expat,Platinum,2,1,3,2017-11-03,2023-06-23,1
6706,customer6706@example.com,Phan Long,Nam,1998,25-29,Giám đốc,Hà Nội,Việt Nam,Diamond,2,1,10,2020-04-01,2024-09-12,1
6707,customer6707@example.com,Hoàng Mai,Nữ,1985,30-39,Nhà đầu tư,Hà Nội,Việt Nam,Silver,1,1,4,2016-10-08,2024-01-01,1
6708,customer6708@example.com,Lê Anh,Nam,1965,50-59,Người nổi tiếng,Hà Nội,Expat,Platinum,3,1,1,2022-12-16,2023-12-07,1
6709,customer6709@example.com,Ngô Phương,Nữ,1968,50-59,Người nổi tiếng,TP HCM,Việt Nam,Gold,4,1,2,2022-07-19,2024-03-06,1
6710,customer6710@example.com,Vũ Hoa,Nữ,1996,25-29,Người nổi tiếng,Bình Dương,Việt Nam,Gold,2,1,1,2020-04-19,2024-11-06,1
6711,customer6711@example.com,Nguyễn Thu,Nữ,1969,50-59,Chuyên gia tài chính,TP HCM,Việt Nam,Gold,4,1,5,2020-12-20,2024-11-24,1
6712,customer6712@example.com,Phan Linh,Nữ,1965,50-59,Doanh nhân,Hà Nội,Việt Nam,Platinum,4,1,5,2020-09-01,2023-04-18,1
6713,customer6713@example.com,Hoàng Linh,Nữ,1989,30-39,Giám đốc,Hải Phòng,Expat,Silver,2,1,8,2016-09-14,2023-12-24,1
6714,customer6714@example.com,Phạm Thảo,Nữ,1989,30-39,Người nổi tiếng,Hà Nội,Việt Nam,Silver,3,1,2,2019-10-08,2024-10-30,1
6715,customer6715@example.com,Ngô Hằng,Nữ,1981,40-49,Doanh nhân,Hải Phòng,Việt Nam,Silver,4,1,6,2018-02-06,2023-04-18,1
6716,customer6716@example.com,Hồ Thảo,Nữ,1967,50-59,Bác sĩ,TP HCM,Việt Nam,Silver,2,1,1,2021-12-16,2024-03-24,1
6717,customer6717@example.com,Lê Linh,Nữ,1968,50-59,Chuyên gia tài chính,Bình Dương,Expat,Platinum,2,1,2,2017-07-01,2024-10-21,1
6718,customer6718@example.com,Đặng Trang,Nữ,1994,30-39,Người nổi tiếng,Hà Nội,Việt Nam,Diamond,4,1,1,2021-11-05,2024-08-13,1
6719,customer6719@example.com,Hoàng Bình,Nam,1998,25-29,Chuyên gia tài chính,TP HCM,Việt Nam,Diamond,2,1,5,2017-12-01,2023-09-02,1
6720,customer6720@example.com,Đỗ Long,Nam,1966,50-59,Doanh nhân,TP HCM,Việt Nam,Gold,1,1,2,2020-06-27,2023-03-18,1
6721,customer6721@example.com,Đỗ Thảo,Nữ,1992,30-39,Chuyên gia tài chính,Hà Nội,Việt Nam,Diamond,4,1,3,2017-09-05,2024-03-17,1
6722,customer6722@example.com,Bùi Mai,Nữ,1986,30-39,Nhà đầu tư,Hà Nội,Việt Nam,Platinum,4,1,9,2023-01-22,2023-11-30,1
6723,customer6723@example.com,Phan Ngọc,Nữ,1986,30-39,Bác sĩ,Hải Phòng,Việt Nam,Platinum,2,1,5,2021-01-11,2024-09-18,1
6724,customer6724@example.com,Hoàng Hằng,Nữ,1980,40-49,Kiến trúc sư,Hà Nội,Expat,Diamond,4,1,10,2017-06-08,2023-01-05,1
6725,customer6725@example.com,Hoàng Quang,Nam,1960,60+,Nhà đầu tư,TP HCM,Việt Nam,Platinum,3,1,3,2016-06-30,2024-12-17,1
6726,customer6726@example.com,Dương Long,Nam,1968,50-59,Người nổi tiếng,Hà Nội,Expat,Silver,2,1,1,2019-06-06,2023-10-02,1
6727,customer6727@example.com,Ngô Việt,Nam,1965,50-59,Người nổi tiếng,Đà Nẵng,Expat,Gold,2,1,6,2018-04-30,2024-06-06,1
6728,customer6728@example.com,Dương Khánh,Nam,1970,50-59,Giám đốc,Bình Dương,Việt Nam,Silver,1,1,6,2018-07-06,2024-06-30,1
6729,customer6729@example.com,Bùi Linh,Nữ,1972,50-59,Luật sư,TP HCM,Việt Nam,Gold,3,1,10,2020-10-20,2023-07-19,1
6730,customer6730@example.com,Đặng Bình,Nam,1971,50-59,Doanh nhân,Hà Nội,Việt Nam,Platinum,2,1,3,2020-08-27,2024-06-01,1
6731,customer6731@example.com,Lê Nga,Nữ,1981,40-49,Người nổi tiếng,TP HCM,Việt Nam,Platinum,3,1,3,2019-07-21,2023-09-30,1
6732,customer6732@example.com,Đặng Trang,Nữ,1997,25-29,Chuyên gia tài chính,Hà Nội,Việt Nam,Silver,4,1,2,2021-10-08,2023-05-02,1
6733,customer6733@example.com,Ngô Nga,Nữ,1998,25-29,Bác sĩ,Bình Dương,Việt Nam,Diamond,3,1,10,2018-04-18,2024-10-30,1
6734,customer6734@example.com,Ngô Đức,Nam,1980,40-49,Người nổi tiếng,TP HCM,Việt Nam,Diamond,3,1,10,2021-10-26,2023-02-26,1
6735,customer6735@example.com,Dương Hoa,Nữ,1967,50-59,Kiến trúc sư,Hà Nội,Việt Nam,Silver,4,1,3,2019-03-20,2024-08-07,1
6736,customer6736@example.com,Đặng Hoa,Nữ,1979,40-49,Luật sư,TP HCM,Việt Nam,Diamond,4,1,7,2021-08-08,2024-01-18,1
6737,customer6737@example.com,Phạm Việt,Nam,1993,30-39,Người nổi tiếng,Đà Nẵng,Việt Nam,Silver,2,1,2,2017-01-29,2024-10-02,1
6738,customer6738@example.com,Nguyễn Thu,Nữ,1991,30-39,Chuyên gia tài chính,Hà Nội,Việt Nam,Platinum,4,1,8,2018-06-22,2023-03-03,0
6739,customer6739@example.com,Vũ Bình,Nam,1994,30-39,Kiến trúc sư,Đà Nẵng,Việt Nam,Silver,4,1,4,2016-01-05,2024-08-20,1
6740,customer6740@example.com,Hoàng Thu,Nữ,1962,60+,Bác sĩ,Bình Dương,Việt Nam,Platinum,1,1,3,2021-01-23,2024-10-05,1
6741,customer6741@example.com,Bùi Mai,Nữ,1963,60+,Người nổi tiếng,Đà Nẵng,Việt Nam,Gold,3,1,1,2019-03-29,2023-11-15,1
6742,customer6742@example.com,Bùi Bình,Nam,1994,30-39,Doanh nhân,Hà Nội,Việt Nam,Silver,4,1,1,2020-05-28,2024-12-19,1
6743,customer6743@example.com,Đặng Khánh,Nam,1969,50-59,Chuyên gia tài chính,TP HCM,Việt Nam,Silver,2,1,3,2023-04-28,2023-01-11,1
6744,customer6744@example.com,Dương Việt,Nam,1962,60+,Kiến trúc sư,TP HCM,Việt Nam,Gold,1,1,8,2018-10-13,2023-10-13,1
6745,customer6745@example.com,Ngô Ánh,Nữ,1976,40-49,Bác sĩ,Hà Nội,Việt Nam,Gold,4,1,10,2017-10-22,2023-07-17,1
6746,customer6746@example.com,Đỗ Ánh,Nữ,1968,50-59,Nhà đầu tư,TP HCM,Việt Nam,Silver,1,1,6,2016-06-15,2024-08-10,1
6747,customer6747@example.com,Vũ Hoa,Nữ,1996,25-29,Người nổi tiếng,TP HCM,Expat,Gold,3,1,9,2023-04-01,2024-12-29,1
6748,customer6748@example.com,Hoàng Trung,Nam,1987,30-39,Doanh nhân,Đồng Nai,Việt Nam,Silver,2,1,6,2018-06-12,2024-05-10,1
6749,customer6749@example.com,Phạm Lan,Nữ,1973,50-59,Luật sư,Hà Nội,Việt Nam,Platinum,1,1,10,2022-05-18,2023-10-09,1
6750,customer6750@example.com,Hồ Trang,Nữ,1975,40-49,Nhà đầu tư,Bình Dương,Việt Nam,Silver,1,1,6,2018-06-22,2024-12-03,1
6751,customer6751@example.com,Phạm Ngọc,Nữ,1967,50-59,Doanh nhân,TP HCM,Việt Nam,Platinum,4,1,2,2017-07-01,2023-01-20,1
6752,customer6752@example.com,Hồ Anh,Nam,1969,50-59,Người nổi tiếng,TP HCM,Việt Nam,Platinum,3,1,5,2015-05-08,2024-03-02,1
6753,customer6753@example.com,Ngô Hùng,Nam,1983,40-49,Người nổi tiếng,Hà Nội,Việt Nam,Silver,2,1,3,2015-11-14,2023-09-11,1
6754,customer6754@example.com,Lê Đức,Nam,1988,30-39,Nhà đầu tư,Đà Nẵng,Việt Nam,Diamond,1,1,1,2015-07-07,2023-04-18,1
6755,customer6755@example.com,Bùi Ánh,Nữ,1960,60+,Người nổi tiếng,Hà Nội,Việt Nam,Silver,3,1,7,2019-12-23,2023-01-30,1
6756,customer6756@example.com,Vũ Ánh,Nữ,1972,50-59,Kiến trúc sư,Hà Nội,Việt Nam,Diamond,2,1,7,2021-10-10,2023-12-23,1
6757,customer6757@example.com,Đỗ Long,Nam,1960,60+,Kiến trúc sư,Đà Nẵng,Việt Nam,Platinum,1,1,3,2020-11-25,2024-06-06,1
6758,customer6758@example.com,Bùi Thành,Nam,1996,25-29,Kiến trúc sư,Hà Nội,Việt Nam,Silver,1,1,2,2020-09-25,2023-07-29,1
6759,customer6759@example.com,Ngô Hải,Nam,1995,25-29,Giám đốc,Đà Nẵng,Việt Nam,Silver,4,1,3,2022-09-07,2023-01-19,1
6760,customer6760@example.com,Trần Yến,Nữ,1994,30-39,Bác sĩ,Hà Nội,Việt Nam,Silver,2,1,6,2015-06-15,2024-03-01,1
6761,customer6761@example.com,Trần Việt,Nam,1971,50-59,Kiến trúc sư,Đà Nẵng,Việt Nam,Gold,4,1,9,2022-03-09,2024-03-08,1
6762,customer6762@example.com,Vũ Thành,Nam,1979,40-49,Người nổi tiếng,Quảng Ninh,Việt Nam,Platinum,1,1,2,2019-01-28,2023-05-04,1
6763,customer6763@example.com,Phan Nga,Nữ,1997,25-29,Luật sư,TP HCM,Việt Nam,Gold,1,1,3,2018-03-24,2024-02-07,1
6764,customer6764@example.com,Bùi Thành,Nam,1988,30-39,Doanh nhân,TP HCM,Việt Nam,Gold,1,1,10,2021-04-19,2023-09-01,1
6765,customer6765@example.com,Bùi Tuấn,Nam,1971,50-59,Giám đốc,TP HCM,Expat,Silver,3,1,3,2017-03-13,2023-10-03,1
6766,customer6766@example.com,Đặng Trang,Nữ,1967,50-59,Giám đốc,TP HCM,Việt Nam,Platinum,3,1,8,2016-01-06,2024-03-25,1
6767,customer6767@example.com,Phan Minh,Nam,1992,30-39,Nhà đầu tư,Hà Nội,Việt Nam,Gold,4,1,4,2016-06-18,2023-01-25,1
6768,customer6768@example.com,Trần Long,Nam,1990,30-39,Người nổi tiếng,Hà Nội,Việt Nam,Diamond,3,1,5,2019-03-11,2024-04-30,1
6769,customer6769@example.com,Vũ Ánh,Nữ,1989,30-39,Luật sư,Hà Nội,Việt Nam,Platinum,1,1,10,2016-12-06,2024-09-24,1
6770,customer6770@example.com,Lê Khánh,Nam,1971,50-59,Luật sư,TP HCM,Việt Nam,Platinum,1,1,1,2015-07-22,2023-12-27,0
6771,customer6771@example.com,Trần Nga,Nữ,1988,30-39,Nhà đầu tư,TP HCM,Việt Nam,Gold,3,1,7,2020-10-20,2024-06-22,1
6772,customer6772@example.com,Đỗ Anh,Nam,1962,60+,Người nổi tiếng,Đà Nẵng,Việt Nam,Platinum,1,1,5,2019-01-16,2023-01-11,1
6773,customer6773@example.com,Lê Trang,Nữ,1973,50-59,Nhà đầu tư,TP HCM,Việt Nam,Gold,2,1,6,2023-05-29,2024-08-30,1
6774,customer6774@example.com,Đặng Minh,Nam,1973,50-59,Giám đốc,Khánh Hòa,Việt Nam,Platinum,3,1,6,2021-01-26,2023-08-05,1
6775,customer6775@example.com,Hoàng Phương,Nữ,1960,60+,Nhà đầu tư,Đà Nẵng,Việt Nam,Platinum,1,1,4,2017-04-16,2023-01-09,1
6776,customer6776@example.com,Lê Hằng,Nữ,1989,30-39,Bác sĩ,TP HCM,Việt Nam,Silver,3,1,6,2017-08-10,2024-12-22,1
6777,customer6777@example.com,Lê Long,Nam,1993,30-39,Chuyên gia tài chính,Hải Phòng,Việt Nam,Diamond,2,1,6,2020-02-25,2024-02-19,1
6778,customer6778@example.com,Đỗ Linh,Nữ,1992,30-39,Người nổi tiếng,Hà Nội,Việt Nam,Silver,4,1,7,2018-05-02,2023-03-30,1
6779,customer6779@example.com,Trần Yến,Nữ,1983,40-49,Chuyên gia tài chính,TP HCM,Việt Nam,Platinum,3,1,6,2017-04-11,2023-10-11,1
6780,customer6780@example.com,Ngô Hải,Nam,1993,30-39,Bác sĩ,Hà Nội,Việt Nam,Silver,1,1,1,2023-02-02,2024-01-13,1
6781,customer6781@example.com,Ngô Trang,Nữ,1996,25-29,Kiến trúc sư,Hà Nội,Expat,Platinum,3,1,2,2017-10-04,2023-05-30,1
6782,customer6782@example.com,Bùi Phương,Nữ,1970,50-59,Luật sư,TP HCM,Việt Nam,Silver,3,1,5,2019-01-03,2024-12-09,1
6783,customer6783@example.com,Phan Quang,Nam,1974,50-59,Nhà đầu tư,Hà Nội,Việt Nam,Gold,4,1,5,2015-09-21,2024-05-05,1
6784,customer6784@example.com,Đặng Lan,Nữ,1981,40-49,Người nổi tiếng,TP HCM,Expat,Silver,1,1,3,2015-01-11,2023-02-21,1
6785,customer6785@example.com,Hồ Hằng,Nữ,1992,30-39,Nhà đầu tư,Hà Nội,Việt Nam,Silver,4,1,1,2021-04-24,2023-03-08,1
6786,customer6786@example.com,Vũ Khánh,Nam,1987,30-39,Người nổi tiếng,Hà Nội,Expat,Silver,2,1,4,2017-04-20,2024-04-27,1
6787,customer6787@example.com,Nguyễn Việt,Nam,1973,50-59,Bác sĩ,TP HCM,Việt Nam,Platinum,1,1,4,2017-06-11,2023-05-30,1
6788,customer6788@example.com,Bùi Bình,Nam,1965,50-59,Luật sư,Hải Phòng,Việt Nam,Gold,2,1,8,2018-05-07,2023-06-14,0
6789,customer6789@example.com,Nguyễn Mai,Nữ,1963,60+,Giám đốc,TP HCM,Expat,Platinum,1,1,7,2022-03-21,2023-10-19,1
6790,customer6790@example.com,Bùi Yến,Nữ,1986,30-39,Bác sĩ,Hà Nội,Việt Nam,Silver,1,1,8,2022-01-18,2023-09-24,1
6791,customer6791@example.com,Đặng Trang,Nữ,1992,30-39,Kiến trúc sư,Hà Nội,Việt Nam,Silver,2,1,2,2018-05-09,2024-04-20,1
6792,customer6792@example.com,Ngô Yến,Nữ,1993,30-39,Doanh nhân,Hải Phòng,Việt Nam,Diamond,4,1,5,2020-06-27,2023-09-09,1
6793,customer6793@example.com,Đỗ Thảo,Nữ,1987,30-39,Người nổi tiếng,Hà Nội,Việt Nam,Diamond,3,1,10,2021-11-11,2024-06-26,1
6794,customer6794@example.com,Lê Nga,Nữ,1989,30-39,Chuyên gia tài chính,Hà Nội,Việt Nam,Gold,3,1,6,2019-05-20,2023-01-06,1
6795,customer6795@example.com,Phạm Thành,Nam,1972,50-59,Bác sĩ,Hà Nội,Việt Nam,Platinum,1,1,4,2022-11-22,2024-10-06,1
6796,customer6796@example.com,Bùi Đức,Nam,1986,30-39,Giám đốc,Đà Nẵng,Việt Nam,Gold,3,1,1,2017-09-04,2023-09-19,1
6797,customer6797@example.com,Đỗ Minh,Nam,1981,40-49,Người nổi tiếng,Đà Nẵng,Expat,Gold,3,1,2,2018-07-31,2023-06-11,1
6798,customer6798@example.com,Trần Hà,Nữ,1971,50-59,Người nổi tiếng,Đồng Nai,Expat,Silver,4,1,9,2015-10-05,2023-07-18,1
6799,customer6799@example.com,Trần Hùng,Nam,1966,50-59,Bác sĩ,Khánh Hòa,Việt Nam,Gold,3,1,1,2019-02-13,2024-10-24,1
6800,customer6800@example.com,Phạm Long,Nam,1991,30-39,Chuyên gia tài chính,TP HCM,Expat,Gold,3,1,10,2021-02-25,2024-08-20,1
6801,customer6801@example.com,Bùi Hải,Nam,1963,60+,Bác sĩ,Hà Nội,Expat,Platinum,1,1,4,2022-01-09,2023-04-07,1
6802,customer6802@example.com,Đặng Khánh,Nam,1962,60+,Luật sư,Hà Nội,Việt Nam,Gold,3,1,8,2022-01-06,2023-12-21,0
6803,customer6803@example.com,Phạm Bình,Nam,1982,40-49,Nhà đầu tư,TP HCM,Expat,Silver,2,1,9,2016-08-18,2024-11-19,1
6804,customer6804@example.com,Ngô Long,Nam,1963,60+,Bác sĩ,Hà Nội,Việt Nam,Platinum,1,1,2,2023-05-19,2024-10-03,1
6805,customer6805@example.com,Đỗ Hùng,Nam,1974,50-59,Doanh nhân,TP HCM,Việt Nam,Platinum,4,1,7,2022-03-21,2023-10-12,1
6806,customer6806@example.com,Lê Trung,Nam,1971,50-59,Luật sư,Hà Nội,Việt Nam,Gold,3,1,3,2017-02-21,2023-06-02,1
6807,customer6807@example.com,Dương Khánh,Nam,1965,50-59,Doanh nhân,Hà Nội,Việt Nam,Gold,1,1,7,2021-05-01,2023-11-02,1
6808,customer6808@example.com,Đặng Mai,Nữ,1972,50-59,Giám đốc,Đồng Nai,Việt Nam,Gold,1,1,6,2021-10-16,2023-06-27,1
6809,customer6809@example.com,Hoàng Trung,Nam,1971,50-59,Nhà đầu tư,Hà Nội,Việt Nam,Platinum,4,1,2,2019-09-07,2024-09-07,1
6810,customer6810@example.com,Phan Ánh,Nữ,1980,40-49,Kiến trúc sư,Hải Phòng,Việt Nam,Silver,1,1,6,2022-08-01,2023-03-11,0
6811,customer6811@example.com,Nguyễn Hùng,Nam,1961,60+,Doanh nhân,Đồng Nai,Việt Nam,Gold,1,1,2,2017-11-04,2023-09-19,1
6812,customer6812@example.com,Hoàng Phương,Nữ,1968,50-59,Kiến trúc sư,Hà Nội,Việt Nam,Gold,2,1,6,2018-06-17,2024-01-29,1
6813,customer6813@example.com,Phạm Thành,Nam,1988,30-39,Người nổi tiếng,TP HCM,Việt Nam,Gold,1,1,2,2016-12-06,2024-09-13,1
6814,customer6814@example.com,Ngô Minh,Nam,1978,40-49,Giám đốc,Hà Nội,Việt Nam,Platinum,1,1,10,2020-07-16,2023-12-28,0
6815,customer6815@example.com,Phạm Yến,Nữ,1972,50-59,Giám đốc,TP HCM,Việt Nam,Gold,3,1,7,2017-01-09,2024-04-24,1
6816,customer6816@example.com,Hồ Thu,Nữ,1988,30-39,Luật sư,Hà Nội,Việt Nam,Platinum,4,1,8,2017-04-14,2023-07-29,1
6817,customer6817@example.com,Phan Quang,Nam,1984,40-49,Luật sư,TP HCM,Expat,Silver,3,1,2,2019-06-01,2024-01-14,1
6818,customer6818@example.com,Trần Bình,Nam,1980,40-49,Bác sĩ,TP HCM,Việt Nam,Platinum,3,1,1,2017-02-06,2023-04-27,1
6819,customer6819@example.com,Lê Hùng,Nam,1991,30-39,Bác sĩ,Hà Nội,Việt Nam,Silver,3,1,3,2020-09-23,2023-05-26,1
6820,customer6820@example.com,Ngô Ngọc,Nữ,1976,40-49,Bác sĩ,TP HCM,Việt Nam,Gold,2,1,3,2023-03-11,2023-09-02,0
6821,customer6821@example.com,Hồ Lan,Nữ,1973,50-59,Doanh nhân,Hải Phòng,Việt Nam,Silver,2,1,5,2021-02-17,2024-10-17,1
6822,customer6822@example.com,Hoàng Lan,Nữ,1976,40-49,Chuyên gia tài chính,Hà Nội,Việt Nam,Gold,3,1,9,2021-01-16,2024-04-03,0
6823,customer6823@example.com,Dương Yến,Nữ,1976,40-49,Doanh nhân,Hà Nội,Việt Nam,Silver,3,1,3,2021-06-10,2024-10-26,1
6824,customer6824@example.com,Nguyễn Phương,Nữ,1974,50-59,Bác sĩ,Hải Phòng,Việt Nam,Diamond,2,1,2,2018-12-02,2023-07-31,1
6825,customer6825@example.com,Lê Việt,Nam,1993,30-39,Luật sư,Hà Nội,Việt Nam,Silver,4,1,2,2023-06-16,2024-01-20,1
6826,customer6826@example.com,Vũ Lan,Nữ,1982,40-49,Doanh nhân,TP HCM,Việt Nam,Platinum,1,1,4,2022-05-10,2024-07-21,1
6827,customer6827@example.com,Hoàng Lan,Nữ,1963,60+,Bác sĩ,Hải Phòng,Việt Nam,Silver,2,1,1,2022-09-02,2023-02-24,1
6828,customer6828@example.com,Hồ Tuấn,Nam,1992,30-39,Chuyên gia tài chính,Bình Dương,Việt Nam,Platinum,1,1,6,2023-02-12,2024-04-18,1
6829,customer6829@example.com,Nguyễn Đức,Nam,1989,30-39,Chuyên gia tài chính,TP HCM,Việt Nam,Diamond,1,1,4,2017-05-29,2023-07-13,1
6830,customer6830@example.com,Phạm Hải,Nam,1987,30-39,Doanh nhân,Hải Phòng,Việt Nam,Platinum,2,1,4,2023-05-28,2023-04-14,1
6831,customer6831@example.com,Bùi Hoa,Nữ,1962,60+,Doanh nhân,TP HCM,Việt Nam,Platinum,4,1,3,2016-06-08,2024-08-13,1
6832,customer6832@example.com,Trần Việt,Nam,1970,50-59,Giám đốc,Khánh Hòa,Việt Nam,Gold,3,1,8,2015-12-09,2023-07-18,1
6833,customer6833@example.com,Bùi Hoa,Nữ,1965,50-59,Bác sĩ,TP HCM,Việt Nam,Platinum,4,1,1,2019-03-30,2023-07-05,1
6834,customer6834@example.com,Dương Khánh,Nam,1986,30-39,Giám đốc,Bình Dương,Việt Nam,Silver,3,1,9,2020-01-29,2024-06-22,1
6835,customer6835@example.com,Đặng Thu,Nữ,1991,30-39,Giám đốc,Hà Nội,Expat,Platinum,2,1,4,2022-04-28,2023-06-15,0
6836,customer6836@example.com,Lê Nga,Nữ,1985,30-39,Người nổi tiếng,Hà Nội,Việt Nam,Gold,2,1,9,2018-08-10,2024-07-30,1
6837,customer6837@example.com,Đỗ Hùng,Nam,1985,30-39,Chuyên gia tài chính,TP HCM,Việt Nam,Silver,1,1,1,2015-02-15,2023-08-30,1
6838,customer6838@example.com,Đặng Ngọc,Nữ,1987,30-39,Chuyên gia tài chính,Khánh Hòa,Việt Nam,Gold,4,1,4,2017-06-19,2024-05-16,1
6839,customer6839@example.com,Trần Trang,Nữ,1973,50-59,Chuyên gia tài chính,Bình Dương,Expat,Platinum,4,1,6,2020-04-19,2023-10-19,1
6840,customer6840@example.com,Vũ Yến,Nữ,1992,30-39,Chuyên gia tài chính,TP HCM,Việt Nam,Silver,2,1,6,2020-05-04,2023-10-30,1
6841,customer6841@example.com,Bùi Việt,Nam,1974,50-59,Người nổi tiếng,TP HCM,Việt Nam,Diamond,3,1,2,2017-11-03,2023-05-31,1
6842,customer6842@example.com,Đỗ Khánh,Nam,1965,50-59,Nhà đầu tư,Đà Nẵng,Expat,Diamond,4,1,3,2016-04-07,2023-04-09,1
6843,customer6843@example.com,Phan Trung,Nam,1991,30-39,Nhà đầu tư,Hà Nội,Việt Nam,Platinum,1,1,7,2020-07-26,2024-09-13,1
6844,customer6844@example.com,Bùi Long,Nam,1972,50-59,Bác sĩ,TP HCM,Việt Nam,Silver,3,1,5,2021-07-07,2023-01-20,0
6845,customer6845@example.com,Bùi Minh,Nam,1974,50-59,Giám đốc,Hà Nội,Expat,Gold,3,1,5,2019-07-11,2023-08-02,1
6846,customer6846@example.com,Đặng Đức,Nam,1996,25-29,Chuyên gia tài chính,TP HCM,Việt Nam,Silver,4,1,5,2015-07-11,2023-07-25,1
6847,customer6847@example.com,Phạm Tuấn,Nam,1964,60+,Luật sư,Hải Phòng,Expat,Diamond,1,1,7,2022-11-01,2024-06-28,1
6848,customer6848@example.com,Dương Hải,Nam,1963,60+,Giám đốc,TP HCM,Việt Nam,Silver,1,1,4,2015-01-06,2023-08-27,1
6849,customer6849@example.com,Lê Trang,Nữ,1996,25-29,Doanh nhân,Đà Nẵng,Việt Nam,Platinum,2,1,1,2017-04-18,2023-11-14,1
6850,customer6850@example.com,Bùi Ánh,Nữ,1966,50-59,Bác sĩ,Hải Phòng,Việt Nam,Gold,4,1,6,2015-03-04,2024-12-28,1
6851,customer6851@example.com,Ngô Ánh,Nữ,1986,30-39,Kiến trúc sư,Hải Phòng,Việt Nam,Platinum,3,1,7,2021-08-26,2024-08-28,1
6852,customer6852@example.com,Vũ Hải,Nam,1972,50-59,Kiến trúc sư,Hà Nội,Việt Nam,Silver,3,1,4,2018-05-16,2024-04-24,1
6853,customer6853@example.com,Hoàng Ánh,Nữ,1986,30-39,Luật sư,Hà Nội,Việt Nam,Silver,4,1,1,2018-02-11,2023-09-04,1
6854,customer6854@example.com,Dương Hoa,Nữ,1967,50-59,Bác sĩ,Hà Nội,Việt Nam,Platinum,3,1,4,2020-04-24,2024-08-10,1
6855,customer6855@example.com,Bùi Thảo,Nữ,1961,60+,Luật sư,Hà Nội,Việt Nam,Silver,1,1,8,2018-06-13,2024-08-25,0
6856,customer6856@example.com,Lê Thu,Nữ,1995,25-29,Nhà đầu tư,TP HCM,Việt Nam,Gold,1,1,7,2018-03-22,2023-05-29,0
6857,customer6857@example.com,Phạm Thu,Nữ,1976,40-49,Chuyên gia tài chính,TP HCM,Việt Nam,Platinum,4,1,8,2020-09-17,2023-11-10,1
6858,customer6858@example.com,Trần Minh,Nam,1983,40-49,Giám đốc,TP HCM,Việt Nam,Gold,4,1,2,2015-10-03,2024-08-07,1
6859,customer6859@example.com,Hồ Thu,Nữ,1976,40-49,Người nổi tiếng,TP HCM,Việt Nam,Silver,2,1,8,2021-11-17,2024-05-06,0
6860,customer6860@example.com,Đỗ Phương,Nữ,1996,25-29,Chuyên gia tài chính,TP HCM,Việt Nam,Silver,2,1,3,2021-03-06,2024-09-26,1
6861,customer6861@example.com,Hoàng Thu,Nữ,1969,50-59,Chuyên gia tài chính,Hà Nội,Việt Nam,Gold,4,1,9,2022-08-08,2023-01-09,1
6862,customer6862@example.com,Trần Trang,Nữ,1986,30-39,Kiến trúc sư,Hải Phòng,Việt Nam,Gold,1,1,2,2023-03-25,2024-05-13,1
6863,customer6863@example.com,Phan Yến,Nữ,1997,25-29,Luật sư,Quảng Ninh,Việt Nam,Gold,1,1,6,2019-12-09,2023-01-17,1
6864,customer6864@example.com,Hoàng Hằng,Nữ,1986,30-39,Bác sĩ,Đà Nẵng,Việt Nam,Gold,2,1,4,2015-01-14,2024-06-02,1
6865,customer6865@example.com,Phạm Trang,Nữ,1978,40-49,Nhà đầu tư,Đà Nẵng,Việt Nam,Silver,2,1,8,2018-06-06,2024-05-10,1
6866,customer6866@example.com,Bùi Yến,Nữ,1987,30-39,Luật sư,TP HCM,Expat,Diamond,3,1,10,2016-02-07,2024-03-15,1
6867,customer6867@example.com,Đặng Khánh,Nam,1983,40-49,Nhà đầu tư,Đà Nẵng,Việt Nam,Diamond,3,1,9,2015-05-01,2024-02-12,1
6868,customer6868@example.com,Ngô Anh,Nam,1981,40-49,Giám đốc,Hải Phòng,Việt Nam,Gold,4,1,5,2020-04-02,2024-05-16,1
6869,customer6869@example.com,Phạm Khánh,Nam,1996,25-29,Nhà đầu tư,Hải Phòng,Việt Nam,Silver,4,1,3,2015-09-06,2024-10-06,1
6870,customer6870@example.com,Ngô Hùng,Nam,1974,50-59,Luật sư,TP HCM,Việt Nam,Silver,1,1,5,2018-07-19,2023-02-02,0
6871,customer6871@example.com,Hoàng Thảo,Nữ,1968,50-59,Kiến trúc sư,Hà Nội,Việt Nam,Gold,2,1,8,2016-06-07,2023-05-14,1
6872,customer6872@example.com,Lê Long,Nam,1979,40-49,Luật sư,Hà Nội,Việt Nam,Gold,1,1,6,2022-03-29,2024-07-05,0
6873,customer6873@example.com,Nguyễn Minh,Nam,1972,50-59,Nhà đầu tư,TP HCM,Việt Nam,Platinum,3,1,7,2017-04-01,2024-08-16,1
6874,customer6874@example.com,Vũ Thảo,Nữ,1981,40-49,Bác sĩ,Hà Nội,Việt Nam,Platinum,1,1,8,2019-02-28,2024-09-07,1
6875,customer6875@example.com,Hồ Việt,Nam,1967,50-59,Giám đốc,Khánh Hòa,Việt Nam,Silver,3,1,8,2021-09-23,2023-11-03,1
6876,customer6876@example.com,Trần Hải,Nam,1982,40-49,Kiến trúc sư,TP HCM,Việt Nam,Silver,3,1,9,2022-11-14,2023-03-12,1
6877,customer6877@example.com,Đặng Tuấn,Nam,1971,50-59,Chuyên gia tài chính,Hải Phòng,Việt Nam,Silver,1,1,5,2016-03-10,2024-03-16,1
6878,customer6878@example.com,Dương Hằng,Nữ,1962,60+,Chuyên gia tài chính,Đồng Nai,Expat,Diamond,2,1,3,2021-01-12,2023-12-14,1
6879,customer6879@example.com,Đỗ Thu,Nữ,1968,50-59,Kiến trúc sư,TP HCM,Việt Nam,Gold,4,1,2,2022-03-24,2024-09-09,1
6880,customer6880@example.com,Phạm Khánh,Nam,1972,50-59,Nhà đầu tư,TP HCM,Việt Nam,Platinum,1,1,9,2022-12-04,2024-08-04,1
6881,customer6881@example.com,Hoàng Thu,Nữ,1997,25-29,Bác sĩ,Đồng Nai,Việt Nam,Diamond,1,1,8,2020-03-14,2023-12-27,1
6882,customer6882@example.com,Đỗ Mai,Nữ,1974,50-59,Người nổi tiếng,TP HCM,Việt Nam,Platinum,3,1,4,2016-05-23,2023-04-22,1
6883,customer6883@example.com,Ngô Quang,Nam,1994,30-39,Doanh nhân,TP HCM,Việt Nam,Gold,3,1,8,2015-03-21,2023-10-18,1
6884,customer6884@example.com,Phan Hằng,Nữ,1974,50-59,Kiến trúc sư,Hà Nội,Việt Nam,Platinum,3,1,3,2022-09-17,2023-05-06,1
6885,customer6885@example.com,Dương Thảo,Nữ,1975,40-49,Nhà đầu tư,TP HCM,Việt Nam,Silver,4,1,6,2022-09-09,2024-08-02,1
6886,customer6886@example.com,Bùi Việt,Nam,1988,30-39,Nhà đầu tư,Khánh Hòa,Expat,Platinum,2,1,5,2015-05-25,2023-11-25,1
6887,customer6887@example.com,Bùi Tuấn,Nam,1984,40-49,Kiến trúc sư,TP HCM,Việt Nam,Silver,4,1,1,2019-06-04,2024-12-24,0
6888,customer6888@example.com,Hồ Linh,Nữ,1962,60+,Chuyên gia tài chính,Hà Nội,Việt Nam,Gold,1,1,1,2021-12-08,2024-04-30,1
6889,customer6889@example.com,Hoàng Yến,Nữ,1968,50-59,Luật sư,Hà Nội,Việt Nam,Platinum,1,1,5,2019-02-27,2023-01-18,1
6890,customer6890@example.com,Phạm Linh,Nữ,1980,40-49,Kiến trúc sư,Đà Nẵng,Expat,Gold,3,1,7,2021-08-06,2023-06-05,1
6891,customer6891@example.com,Phạm Thành,Nam,1966,50-59,Chuyên gia tài chính,TP HCM,Expat,Diamond,3,1,7,2020-12-01,2023-10-21,1
6892,customer6892@example.com,Ngô Khánh,Nam,1992,30-39,Chuyên gia tài chính,Đồng Nai,Việt Nam,Platinum,2,1,5,2020-10-06,2024-05-07,1
6893,customer6893@example.com,Phạm Quang,Nam,1969,50-59,Bác sĩ,Khánh Hòa,Việt Nam,Gold,3,1,10,2021-12-30,2023-12-05,1
6894,customer6894@example.com,Dương Long,Nam,1966,50-59,Doanh nhân,TP HCM,Việt Nam,Diamond,3,1,1,2015-02-26,2024-11-26,0
6895,customer6895@example.com,Hoàng Thu,Nữ,1998,25-29,Giám đốc,TP HCM,Việt Nam,Diamond,1,1,2,2015-10-02,2023-04-21,1
6896,customer6896@example.com,Lê Khánh,Nam,1993,30-39,Doanh nhân,Đà Nẵng,Việt Nam,Gold,1,1,10,2022-12-08,2024-08-20,1
6897,customer6897@example.com,Hồ Anh,Nam,1997,25-29,Người nổi tiếng,Hà Nội,Việt Nam,Gold,1,1,5,2021-11-10,2023-05-25,1
6898,customer6898@example.com,Vũ Hùng,Nam,1981,40-49,Bác sĩ,Hà Nội,Việt Nam,Gold,4,1,6,2016-11-11,2024-01-07,1
6899,customer6899@example.com,Đặng Yến,Nữ,1963,60+,Luật sư,TP HCM,Expat,Gold,3,1,5,2020-02-05,2023-05-11,1
6900,customer6900@example.com,Ngô Hùng,Nam,1968,50-59,Bác sĩ,Hà Nội,Expat,Gold,3,1,6,2015-01-23,2024-08-19,1
6901,customer6901@example.com,Trần Phương,Nữ,1962,60+,Kiến trúc sư,Hà Nội,Việt Nam,Diamond,3,1,8,2015-12-11,2024-02-15,1
6902,customer6902@example.com,Trần Nga,Nữ,1976,40-49,Giám đốc,Bình Dương,Expat,Platinum,2,1,5,2015-05-16,2023-07-27,1
6903,customer6903@example.com,Lê Bình,Nam,1967,50-59,Bác sĩ,TP HCM,Việt Nam,Silver,4,1,1,2016-11-04,2024-12-01,1
6904,customer6904@example.com,Ngô Quang,Nam,1968,50-59,Luật sư,Khánh Hòa,Việt Nam,Platinum,4,1,10,2019-03-13,2023-12-16,1
6905,customer6905@example.com,Nguyễn Quang,Nam,1962,60+,Bác sĩ,Hải Phòng,Expat,Gold,4,1,8,2015-06-20,2024-06-28,1
6906,customer6906@example.com,Đặng Thành,Nam,1994,30-39,Bác sĩ,Bình Dương,Việt Nam,Silver,3,1,1,2015-07-13,2023-03-28,1
6907,customer6907@example.com,Đặng Quang,Nam,1979,40-49,Kiến trúc sư,Hà Nội,Việt Nam,Platinum,1,1,7,2015-07-18,2024-01-20,0
6908,customer6908@example.com,Trần Tuấn,Nam,1986,30-39,Kiến trúc sư,Hà Nội,Việt Nam,Gold,3,1,10,2018-11-18,2024-03-05,1
6909,customer6909@example.com,Lê Thu,Nữ,1992,30-39,Luật sư,Khánh Hòa,Việt Nam,Silver,2,1,5,2019-11-09,2023-07-06,1
6910,customer6910@example.com,Bùi Phương,Nữ,1997,25-29,Nhà đầu tư,TP HCM,Việt Nam,Platinum,3,1,6,2015-05-08,2024-01-23,1
6911,customer6911@example.com,Vũ Minh,Nam,1974,50-59,Luật sư,Quảng Ninh,Expat,Silver,2,1,10,2015-12-02,2024-08-31,1
6912,customer6912@example.com,Hồ Ánh,Nữ,1968,50-59,Người nổi tiếng,Đà Nẵng,Việt Nam,Diamond,2,1,9,2020-07-21,2023-09-18,1
6913,customer6913@example.com,Ngô Tuấn,Nam,1994,30-39,Luật sư,Đà Nẵng,Việt Nam,Silver,4,1,10,2021-11-08,2024-12-14,1
6914,customer6914@example.com,Nguyễn Quang,Nam,1975,40-49,Chuyên gia tài chính,Đà Nẵng,Expat,Silver,1,1,8,2018-05-11,2024-08-20,1
6915,customer6915@example.com,Bùi Thảo,Nữ,1984,40-49,Nhà đầu tư,TP HCM,Việt Nam,Silver,1,1,5,2017-07-17,2024-11-05,1
6916,customer6916@example.com,Hồ Hà,Nữ,1965,50-59,Nhà đầu tư,Hà Nội,Expat,Silver,1,1,6,2017-09-27,2024-08-13,1
6917,customer6917@example.com,Hồ Linh,Nữ,1969,50-59,Giám đốc,Hà Nội,Expat,Platinum,4,1,2,2018-03-07,2023-08-10,1
6918,customer6918@example.com,Hoàng Yến,Nữ,1987,30-39,Nhà đầu tư,TP HCM,Việt Nam,Silver,2,1,10,2019-03-07,2024-05-06,1
6919,customer6919@example.com,Phạm Long,Nam,1973,50-59,Giám đốc,TP HCM,Việt Nam,Platinum,2,1,10,2015-07-27,2024-10-07,1
6920,customer6920@example.com,Trần Ngọc,Nữ,1962,60+,Kiến trúc sư,Hà Nội,Việt Nam,Gold,2,1,7,2017-08-18,2024-01-11,1
6921,customer6921@example.com,Dương Lan,Nữ,1991,30-39,Giám đốc,Đà Nẵng,Expat,Platinum,4,1,4,2016-11-29,2023-09-22,1
6922,customer6922@example.com,Đặng Hoa,Nữ,1981,40-49,Chuyên gia tài chính,TP HCM,Việt Nam,Platinum,1,1,5,2021-07-31,2024-07-16,1
6923,customer6923@example.com,Vũ Hùng,Nam,1976,40-49,Nhà đầu tư,Hà Nội,Việt Nam,Silver,1,1,5,2020-07-06,2023-04-21,1
6924,customer6924@example.com,Phạm Trang,Nữ,1984,40-49,Doanh nhân,TP HCM,Expat,Gold,4,1,2,2017-03-08,2023-04-09,1
6925,customer6925@example.com,Bùi Việt,Nam,1997,25-29,Người nổi tiếng,Khánh Hòa,Việt Nam,Gold,2,1,6,2016-02-23,2024-01-24,0
6926,customer6926@example.com,Vũ Khánh,Nam,1978,40-49,Giám đốc,Hà Nội,Việt Nam,Silver,2,1,1,2021-07-08,2023-02-09,1
6927,customer6927@example.com,Hồ Mai,Nữ,1993,30-39,Bác sĩ,TP HCM,Expat,Silver,3,1,7,2017-06-30,2023-11-06,1
6928,customer6928@example.com,Vũ Trung,Nam,1995,25-29,Chuyên gia tài chính,Hà Nội,Việt Nam,Gold,1,1,7,2022-08-10,2024-07-19,1
6929,customer6929@example.com,Ngô Việt,Nam,1977,40-49,Doanh nhân,TP HCM,Việt Nam,Gold,2,1,2,2016-12-02,2023-01-28,1
6930,customer6930@example.com,Ngô Tuấn,Nam,1995,25-29,Người nổi tiếng,Hà Nội,Expat,Platinum,2,1,7,2018-10-17,2024-02-28,1
6931,customer6931@example.com,Đỗ Hằng,Nữ,1985,30-39,Chuyên gia tài chính,Đà Nẵng,Việt Nam,Gold,3,1,9,2016-09-21,2023-06-16,1
6932,customer6932@example.com,Hồ Thảo,Nữ,1960,60+,Kiến trúc sư,TP HCM,Việt Nam,Platinum,4,1,8,2015-05-18,2023-04-25,1
6933,customer6933@example.com,Đỗ Thành,Nam,1998,25-29,Chuyên gia tài chính,Bình Dương,Việt Nam,Diamond,1,1,7,2019-01-04,2024-06-19,1
6934,customer6934@example.com,Trần Thảo,Nữ,1997,25-29,Kiến trúc sư,Hà Nội,Việt Nam,Diamond,1,1,6,2017-01-12,2023-12-30,1
6935,customer6935@example.com,Đỗ Trung,Nam,1977,40-49,Chuyên gia tài chính,Hà Nội,Việt Nam,Silver,2,1,5,2018-01-08,2024-12-27,1
6936,customer6936@example.com,Đỗ Hùng,Nam,1960,60+,Chuyên gia tài chính,Bình Dương,Việt Nam,Silver,3,1,4,2022-10-08,2023-06-13,1
6937,customer6937@example.com,Hoàng Thành,Nam,1990,30-39,Người nổi tiếng,Hà Nội,Việt Nam,Gold,3,1,1,2016-05-19,2023-02-26,1
6938,customer6938@example.com,Đỗ Ánh,Nữ,1978,40-49,Doanh nhân,Hà Nội,Việt Nam,Diamond,2,1,6,2021-07-09,2024-04-13,1
6939,customer6939@example.com,Vũ Quang,Nam,1979,40-49,Người nổi tiếng,Hà Nội,Việt Nam,Gold,2,1,3,2019-01-01,2023-04-22,1
6940,customer6940@example.com,Lê Thu,Nữ,1976,40-49,Doanh nhân,Đồng Nai,Việt Nam,Gold,2,1,4,2021-10-22,2024-05-27,1
6941,customer6941@example.com,Đặng Phương,Nữ,1993,30-39,Doanh nhân,Quảng Ninh,Việt Nam,Gold,2,1,5,2020-10-15,2024-07-29,1
6942,customer6942@example.com,Phạm Long,Nam,1962,60+,Nhà đầu tư,TP HCM,Việt Nam,Platinum,2,1,1,2017-11-03,2023-02-24,1
6943,customer6943@example.com,Đỗ Hải,Nam,1963,60+,Luật sư,TP HCM,Việt Nam,Gold,2,1,8,2017-02-06,2024-09-10,1
6944,customer6944@example.com,Dương Hà,Nữ,1992,30-39,Người nổi tiếng,TP HCM,Expat,Diamond,3,1,5,2016-03-24,2023-11-15,1
6945,customer6945@example.com,Vũ Minh,Nam,1974,50-59,Bác sĩ,Đồng Nai,Expat,Gold,4,1,8,2018-07-19,2024-05-21,1
6946,customer6946@example.com,Phan Phương,Nữ,1972,50-59,Kiến trúc sư,Hải Phòng,Việt Nam,Platinum,3,1,3,2020-08-16,2024-11-15,1
6947,customer6947@example.com,Đặng Long,Nam,1982,40-49,Nhà đầu tư,Hà Nội,Việt Nam,Gold,4,1,6,2016-09-22,2024-05-16,1
6948,customer6948@example.com,Phan Mai,Nữ,1980,40-49,Doanh nhân,Đà Nẵng,Expat,Diamond,4,1,10,2019-05-18,2024-02-08,1
6949,customer6949@example.com,Phan Hằng,Nữ,1967,50-59,Luật sư,Đồng Nai,Việt Nam,Gold,3,1,10,2016-07-19,2023-12-16,1
6950,customer6950@example.com,Hồ Hằng,Nữ,1989,30-39,Nhà đầu tư,Bình Dương,Việt Nam,Silver,1,1,3,2020-01-11,2023-08-01,1
6951,customer6951@example.com,Đặng Tuấn,Nam,1975,40-49,Nhà đầu tư,Đà Nẵng,Expat,Diamond,3,1,6,2021-04-16,2023-12-15,1
6952,customer6952@example.com,Lê Đức,Nam,1983,40-49,Kiến trúc sư,Khánh Hòa,Việt Nam,Platinum,1,1,2,2021-10-01,2024-09-18,1
6953,customer6953@example.com,Hoàng Đức,Nam,1985,30-39,Nhà đầu tư,TP HCM,Expat,Gold,3,1,5,2020-02-07,2024-11-06,1
6954,customer6954@example.com,Lê Ánh,Nữ,1998,25-29,Doanh nhân,Bình Dương,Việt Nam,Silver,2,1,8,2017-08-24,2024-01-22,1
6955,customer6955@example.com,Đỗ Khánh,Nam,1966,50-59,Giám đốc,TP HCM,Việt Nam,Gold,4,1,2,2015-05-02,2024-06-20,1
6956,customer6956@example.com,Đỗ Linh,Nữ,1988,30-39,Doanh nhân,Hà Nội,Việt Nam,Silver,4,1,9,2016-02-25,2024-12-30,1
6957,customer6957@example.com,Đặng Ngọc,Nữ,1971,50-59,Nhà đầu tư,Đồng Nai,Việt Nam,Gold,1,1,1,2018-06-27,2023-12-20,1
6958,customer6958@example.com,Trần Trang,Nữ,1998,25-29,Nhà đầu tư,Đà Nẵng,Việt Nam,Gold,2,1,8,2015-06-07,2023-04-15,1
6959,customer6959@example.com,Nguyễn Khánh,Nam,1966,50-59,Người nổi tiếng,Hà Nội,Việt Nam,Platinum,4,1,9,2017-11-16,2024-01-12,1
6960,customer6960@example.com,Ngô Khánh,Nam,1988,30-39,Giám đốc,Hà Nội,Expat,Platinum,2,1,5,2021-11-22,2024-11-24,1
6961,customer6961@example.com,Hồ Hà,Nữ,1994,30-39,Kiến trúc sư,Hà Nội,Expat,Gold,4,1,9,2015-03-31,2024-06-02,1
6962,customer6962@example.com,Vũ Mai,Nữ,1989,30-39,Chuyên gia tài chính,TP HCM,Việt Nam,Gold,2,1,4,2017-03-18,2023-11-10,1
6963,customer6963@example.com,Bùi Trung,Nam,1989,30-39,Giám đốc,Bình Dương,Việt Nam,Silver,2,1,1,2017-04-24,2024-05-12,1
6964,customer6964@example.com,Trần Yến,Nữ,1967,50-59,Kiến trúc sư,TP HCM,Việt Nam,Gold,2,1,9,2020-12-12,2024-02-17,1
6965,customer6965@example.com,Vũ Ngọc,Nữ,1994,30-39,Luật sư,TP HCM,Việt Nam,Gold,4,1,2,2022-01-22,2024-02-25,1
6966,customer6966@example.com,Phạm Hoa,Nữ,1964,60+,Bác sĩ,TP HCM,Việt Nam,Silver,3,1,3,2021-01-03,2023-03-30,1
6967,customer6967@example.com,Phạm Quang,Nam,1977,40-49,Giám đốc,Đà Nẵng,Việt Nam,Platinum,1,1,6,2022-10-17,2023-05-01,1
6968,customer6968@example.com,Ngô Long,Nam,1998,25-29,Chuyên gia tài chính,Hà Nội,Việt Nam,Gold,1,1,4,2015-01-19,2024-05-28,1
6969,customer6969@example.com,Đỗ Việt,Nam,1991,30-39,Giám đốc,Hải Phòng,Việt Nam,Platinum,4,1,3,2017-12-15,2024-06-24,1
6970,customer6970@example.com,Nguyễn Hà,Nữ,1975,40-49,Nhà đầu tư,TP HCM,Việt Nam,Gold,4,1,2,2016-05-31,2023-08-30,1
6971,customer6971@example.com,Ngô Trung,Nam,1973,50-59,Người nổi tiếng,TP HCM,Việt Nam,Gold,4,1,3,2018-01-29,2023-07-21,1
6972,customer6972@example.com,Ngô Anh,Nam,1979,40-49,Luật sư,TP HCM,Việt Nam,Silver,2,1,6,2019-08-29,2023-09-05,1
6973,customer6973@example.com,Hồ Anh,Nam,1961,60+,Người nổi tiếng,Hà Nội,Việt Nam,Platinum,1,1,4,2022-02-16,2024-11-12,0
6974,customer6974@example.com,Hoàng Thu,Nữ,1969,50-59,Giám đốc,TP HCM,Việt Nam,Gold,2,1,1,2023-05-12,2024-04-11,1
6975,customer6975@example.com,Bùi Bình,Nam,1967,50-59,Giám đốc,TP HCM,Việt Nam,Silver,4,1,9,2017-12-23,2024-06-09,1
6976,customer6976@example.com,Trần Linh,Nữ,1978,40-49,Chuyên gia tài chính,Hà Nội,Việt Nam,Silver,3,1,7,2022-02-05,2024-09-05,1
6977,customer6977@example.com,Phạm Thu,Nữ,1992,30-39,Doanh nhân,Đồng Nai,Việt Nam,Diamond,1,1,1,2016-01-13,2023-02-18,1
6978,customer6978@example.com,Phạm Hùng,Nam,1973,50-59,Giám đốc,Hà Nội,Expat,Diamond,4,1,5,2017-11-10,2023-12-14,1
6979,customer6979@example.com,Vũ Hằng,Nữ,1998,25-29,Bác sĩ,TP HCM,Việt Nam,Gold,2,1,8,2019-11-20,2024-02-16,1
6980,customer6980@example.com,Phạm Minh,Nam,1965,50-59,Nhà đầu tư,TP HCM,Việt Nam,Gold,4,1,9,2019-08-07,2024-07-21,1
6981,customer6981@example.com,Bùi Đức,Nam,1972,50-59,Nhà đầu tư,Đà Nẵng,Việt Nam,Silver,3,1,5,2022-11-13,2024-07-10,1
6982,customer6982@example.com,Phan Long,Nam,1998,25-29,Giám đốc,TP HCM,Việt Nam,Gold,4,1,2,2015-04-22,2024-06-11,1
6983,customer6983@example.com,Bùi Anh,Nam,1987,30-39,Bác sĩ,TP HCM,Việt Nam,Diamond,1,1,10,2018-01-02,2024-04-25,1
6984,customer6984@example.com,Vũ Linh,Nữ,1982,40-49,Bác sĩ,Bình Dương,Expat,Silver,3,1,9,2022-12-30,2024-12-01,1
6985,customer6985@example.com,Lê Hoa,Nữ,1992,30-39,Bác sĩ,TP HCM,Việt Nam,Platinum,1,1,5,2015-04-01,2024-11-11,1
6986,customer6986@example.com,Đỗ Yến,Nữ,1963,60+,Người nổi tiếng,Hà Nội,Việt Nam,Silver,2,1,6,2019-08-24,2024-12-20,1
6987,customer6987@example.com,Hồ Ngọc,Nữ,1975,40-49,Kiến trúc sư,TP HCM,Việt Nam,Diamond,3,1,6,2022-01-12,2024-12-18,1
6988,customer6988@example.com,Trần Trang,Nữ,1960,60+,Người nổi tiếng,Hà Nội,Việt Nam,Gold,4,1,5,2023-02-10,2023-12-12,1
6989,customer6989@example.com,Vũ Thảo,Nữ,1973,50-59,Giám đốc,Hà Nội,Việt Nam,Gold,1,1,2,2021-04-08,2023-03-24,0
6990,customer6990@example.com,Nguyễn Minh,Nam,1997,25-29,Bác sĩ,Đà Nẵng,Việt Nam,Silver,4,1,10,2019-09-04,2024-10-30,1
6991,customer6991@example.com,Đỗ Lan,Nữ,1985,30-39,Bác sĩ,Hà Nội,Việt Nam,Diamond,2,1,3,2023-03-25,2024-06-25,1
6992,customer6992@example.com,Ngô Hải,Nam,1971,50-59,Bác sĩ,TP HCM,Việt Nam,Platinum,1,1,3,2021-07-31,2024-05-27,0
6993,customer6993@example.com,Lê Thành,Nam,1981,40-49,Luật sư,Hà Nội,Việt Nam,Gold,3,1,6,2022-07-28,2024-12-21,1
6994,customer6994@example.com,Vũ Thu,Nữ,1995,25-29,Nhà đầu tư,Đà Nẵng,Việt Nam,Silver,2,1,6,2021-06-22,2024-06-15,1
6995,customer6995@example.com,Nguyễn Lan,Nữ,1960,60+,Doanh nhân,Hà Nội,Việt Nam,Diamond,2,1,6,2016-08-12,2024-12-28,1
6996,customer6996@example.com,Nguyễn Bình,Nam,1981,40-49,Nhà đầu tư,TP HCM,Việt Nam,Platinum,2,1,4,2018-07-20,2024-05-09,0
6997,customer6997@example.com,Trần Quang,Nam,1997,25-29,Chuyên gia tài chính,Hà Nội,Việt Nam,Gold,1,1,7,2022-10-19,2023-12-23,1
6998,customer6998@example.com,Lê Bình,Nam,1982,40-49,Doanh nhân,Hà Nội,Việt Nam,Gold,1,1,2,2016-08-16,2024-08-31,1
6999,customer6999@example.com,Vũ Thảo,Nữ,1989,30-39,Bác sĩ,Hà Nội,Việt Nam,Silver,4,1,7,2020-07-12,2023-03-28,1
7000,customer7000@example.com,Đặng Thành,Nam,1979,40-49,Bác sĩ,Hà Nội,Việt Nam,Silver,2,1,6,2021-02-10,2024-06-18,1
7001,customer7001@example.com,Trần Ánh,Nữ,1985,30-39,Bác sĩ,TP HCM,Việt Nam,Gold,4,1,6,2017-07-10,2024-10-23,1
7002,customer7002@example.com,Lê Ngọc,Nữ,1966,50-59,Giám đốc,Hà Nội,Việt Nam,Platinum,2,1,9,2016-01-04,2023-09-29,1
7003,customer7003@example.com,Lê Việt,Nam,1969,50-59,Luật sư,Đà Nẵng,Việt Nam,Gold,3,1,8,2018-05-02,2023-10-02,1
7004,customer7004@example.com,Nguyễn Long,Nam,1978,40-49,Luật sư,TP HCM,Việt Nam,Diamond,2,1,4,2018-11-30,2024-11-12,1
7005,customer7005@example.com,Bùi Anh,Nam,1982,40-49,Bác sĩ,TP HCM,Việt Nam,Silver,3,1,3,2020-11-08,2024-01-13,1
7006,customer7006@example.com,Hoàng Long,Nam,1974,50-59,Nhà đầu tư,Hải Phòng,Việt Nam,Silver,1,1,2,2015-11-03,2024-09-23,1
7007,customer7007@example.com,Trần Hà,Nữ,1962,60+,Giám đốc,TP HCM,Việt Nam,Diamond,4,1,4,2022-02-26,2023-03-29,1
7008,customer7008@example.com,Ngô Khánh,Nam,1966,50-59,Doanh nhân,TP HCM,Việt Nam,Silver,3,1,6,2019-10-12,2024-04-17,1
7009,customer7009@example.com,Trần Quang,Nam,1962,60+,Người nổi tiếng,Quảng Ninh,Expat,Diamond,1,1,3,2016-03-01,2023-05-11,1
7010,customer7010@example.com,Phạm Mai,Nữ,1985,30-39,Nhà đầu tư,TP HCM,Việt Nam,Gold,3,1,9,2017-09-28,2023-06-07,1
7011,customer7011@example.com,Ngô Hằng,Nữ,1979,40-49,Kiến trúc sư,Hà Nội,Việt Nam,Silver,3,1,10,2019-08-15,2024-06-01,1
7012,customer7012@example.com,Lê Đức,Nam,1993,30-39,Luật sư,Hà Nội,Việt Nam,Platinum,4,1,5,2023-06-02,2024-08-27,1
7013,customer7013@example.com,Phan Khánh,Nam,1973,50-59,Kiến trúc sư,TP HCM,Việt Nam,Gold,3,1,6,2020-04-29,2024-09-29,1
7014,customer7014@example.com,Nguyễn Hằng,Nữ,1995,25-29,Nhà đầu tư,TP HCM,Việt Nam,Platinum,4,1,9,2023-03-03,2023-12-29,1
7015,customer7015@example.com,Phan Quang,Nam,1990,30-39,Nhà đầu tư,Hà Nội,Việt Nam,Silver,2,1,9,2021-03-13,2023-10-03,0
7016,customer7016@example.com,Đặng Trung,Nam,1964,60+,Chuyên gia tài chính,TP HCM,Việt Nam,Platinum,3,1,7,2022-06-22,2024-03-04,0
7017,customer7017@example.com,Ngô Mai,Nữ,1987,30-39,Luật sư,TP HCM,Việt Nam,Silver,3,1,6,2020-05-23,2024-07-19,1
7018,customer7018@example.com,Phạm Mai,Nữ,1985,30-39,Chuyên gia tài chính,Hà Nội,Việt Nam,Gold,3,1,8,2015-08-13,2024-10-29,1
7019,customer7019@example.com,Phan Quang,Nam,1989,30-39,Giám đốc,TP HCM,Việt Nam,Silver,3,1,5,2022-02-23,2024-10-26,1
7020,customer7020@example.com,Ngô Hùng,Nam,1979,40-49,Nhà đầu tư,Bình Dương,Việt Nam,Silver,4,1,5,2020-12-12,2024-09-11,1
7021,customer7021@example.com,Vũ Minh,Nam,1996,25-29,Kiến trúc sư,Bình Dương,Việt Nam,Platinum,1,1,9,2016-07-16,2023-03-09,1
7022,customer7022@example.com,Bùi Hải,Nam,1979,40-49,Doanh nhân,Quảng Ninh,Việt Nam,Gold,4,1,4,2017-11-03,2024-11-05,1
7023,customer7023@example.com,Vũ Trang,Nữ,1961,60+,Doanh nhân,Đà Nẵng,Việt Nam,Gold,2,1,5,2020-04-09,2024-11-13,1
7024,customer7024@example.com,Lê Trung,Nam,1969,50-59,Người nổi tiếng,TP HCM,Việt Nam,Silver,1,1,8,2021-05-29,2023-06-29,1
7025,customer7025@example.com,Bùi Trung,Nam,1997,25-29,Doanh nhân,Đà Nẵng,Việt Nam,Platinum,3,1,4,2016-10-25,2024-05-05,1
7026,customer7026@example.com,Nguyễn Nga,Nữ,1990,30-39,Chuyên gia tài chính,TP HCM,Việt Nam,Platinum,2,1,8,2016-01-09,2024-07-02,0
7027,customer7027@example.com,Hoàng Trang,Nữ,1969,50-59,Người nổi tiếng,TP HCM,Việt Nam,Platinum,1,1,6,2017-03-31,2023-10-01,1
7028,customer7028@example.com,Đặng Thảo,Nữ,1982,40-49,Kiến trúc sư,TP HCM,Việt Nam,Gold,3,1,10,2021-04-04,2023-09-15,1
7029,customer7029@example.com,Phan Hà,Nữ,1976,40-49,Nhà đầu tư,Hà Nội,Việt Nam,Silver,1,1,5,2022-10-04,2024-11-22,1
7030,customer7030@example.com,Bùi Anh,Nam,1966,50-59,Nhà đầu tư,Hà Nội,Việt Nam,Platinum,1,1,7,2015-11-08,2024-05-25,0
7031,customer7031@example.com,Đặng Việt,Nam,1998,25-29,Bác sĩ,TP HCM,Việt Nam,Platinum,2,1,10,2017-11-20,2024-01-03,1
7032,customer7032@example.com,Đỗ Trang,Nữ,1987,30-39,Người nổi tiếng,Hà Nội,Việt Nam,Silver,3,1,9,2017-05-14,2024-09-24,1
7033,customer7033@example.com,Đặng Mai,Nữ,1983,40-49,Luật sư,Hà Nội,Việt Nam,Silver,2,1,7,2021-08-01,2023-10-17,1
7034,customer7034@example.com,Dương Nga,Nữ,1982,40-49,Giám đốc,TP HCM,Việt Nam,Silver,3,1,3,2022-07-26,2023-08-27,1
7035,customer7035@example.com,Bùi Trung,Nam,1972,50-59,Bác sĩ,TP HCM,Việt Nam,Silver,4,1,4,2020-05-28,2024-12-24,1
7036,customer7036@example.com,Đặng Long,Nam,1993,30-39,Bác sĩ,TP HCM,Việt Nam,Gold,2,1,8,2017-10-02,2024-01-14,1
7037,customer7037@example.com,Trần Hải,Nam,1994,30-39,Doanh nhân,Bình Dương,Việt Nam,Gold,3,1,8,2019-10-11,2024-10-05,1
7038,customer7038@example.com,Phạm Thành,Nam,1990,30-39,Người nổi tiếng,Hà Nội,Việt Nam,Gold,3,1,10,2016-08-28,2023-07-05,1
7039,customer7039@example.com,Phạm Linh,Nữ,1996,25-29,Người nổi tiếng,TP HCM,Expat,Platinum,2,1,7,2015-12-03,2023-09-30,1
7040,customer7040@example.com,Ngô Phương,Nữ,1998,25-29,Chuyên gia tài chính,Hà Nội,Expat,Gold,2,1,5,2015-08-11,2024-09-17,1
7041,customer7041@example.com,Hoàng Anh,Nam,1998,25-29,Giám đốc,Quảng Ninh,Expat,Gold,3,1,8,2015-03-26,2023-09-06,1
7042,customer7042@example.com,Đỗ Việt,Nam,1965,50-59,Bác sĩ,TP HCM,Việt Nam,Platinum,2,1,9,2023-06-20,2024-08-09,1
7043,customer7043@example.com,Đặng Long,Nam,1965,50-59,Kiến trúc sư,TP HCM,Việt Nam,Gold,4,1,8,2017-06-02,2024-08-09,1
7044,customer7044@example.com,Lê Hùng,Nam,1966,50-59,Nhà đầu tư,Hà Nội,Việt Nam,Platinum,1,1,1,2015-10-24,2023-01-14,1
7045,customer7045@example.com,Trần Thành,Nam,1989,30-39,Bác sĩ,Hà Nội,Việt Nam,Diamond,3,1,5,2019-04-10,2024-05-18,1
7046,customer7046@example.com,Nguyễn Hà,Nữ,1983,40-49,Kiến trúc sư,TP HCM,Việt Nam,Silver,2,1,5,2020-07-10,2023-04-22,1
7047,customer7047@example.com,Đặng Đức,Nam,1985,30-39,Nhà đầu tư,Đà Nẵng,Việt Nam,Gold,4,1,2,2018-06-12,2024-02-20,1
7048,customer7048@example.com,Đặng Việt,Nam,1966,50-59,Người nổi tiếng,TP HCM,Việt Nam,Gold,2,1,10,2015-11-27,2023-04-26,0
7049,customer7049@example.com,Đặng Khánh,Nam,1998,25-29,Luật sư,TP HCM,Việt Nam,Silver,4,1,8,2018-05-14,2023-04-09,1
7050,customer7050@example.com,Nguyễn Thảo,Nữ,1982,40-49,Người nổi tiếng,Hà Nội,Việt Nam,Platinum,3,1,4,2020-11-18,2023-08-22,1
7051,customer7051@example.com,Nguyễn Việt,Nam,1997,25-29,Doanh nhân,Đồng Nai,Việt Nam,Platinum,4,1,6,2022-08-12,2024-08-17,1
7052,customer7052@example.com,Trần Thành,Nam,1987,30-39,Luật sư,TP HCM,Việt Nam,Gold,4,1,10,2022-11-30,2023-09-24,1
7053,customer7053@example.com,Đặng Anh,Nam,1960,60+,Bác sĩ,Hải Phòng,Expat,Gold,3,1,6,2016-05-02,2023-02-22,1
7054,customer7054@example.com,Hồ Trang,Nữ,1976,40-49,Chuyên gia tài chính,TP HCM,Việt Nam,Gold,2,1,10,2016-08-17,2023-04-26,1
7055,customer7055@example.com,Lê Yến,Nữ,1968,50-59,Bác sĩ,TP HCM,Việt Nam,Silver,1,1,1,2022-12-23,2024-06-08,1
7056,customer7056@example.com,Đặng Nga,Nữ,1967,50-59,Bác sĩ,TP HCM,Expat,Gold,2,1,9,2022-01-31,2024-10-03,1
7057,customer7057@example.com,Bùi Ngọc,Nữ,1992,30-39,Chuyên gia tài chính,TP HCM,Expat,Platinum,2,1,9,2016-05-01,2024-06-14,1
7058,customer7058@example.com,Đặng Ngọc,Nữ,1984,40-49,Bác sĩ,Bình Dương,Việt Nam,Diamond,3,1,1,2022-06-18,2024-05-30,1
7059,customer7059@example.com,Phạm Nga,Nữ,1987,30-39,Doanh nhân,TP HCM,Việt Nam,Gold,1,1,7,2017-04-23,2023-09-01,1
7060,customer7060@example.com,Lê Trung,Nam,1994,30-39,Giám đốc,Hà Nội,Việt Nam,Silver,2,1,9,2015-03-30,2024-12-15,1
7061,customer7061@example.com,Ngô Thành,Nam,1965,50-59,Doanh nhân,Đà Nẵng,Việt Nam,Platinum,4,1,6,2015-07-06,2023-07-28,1
7062,customer7062@example.com,Vũ Ánh,Nữ,1984,40-49,Chuyên gia tài chính,TP HCM,Việt Nam,Silver,3,1,3,2017-04-03,2024-06-22,1
7063,customer7063@example.com,Đỗ Minh,Nam,1979,40-49,Doanh nhân,TP HCM,Expat,Silver,2,1,3,2019-02-12,2024-07-10,1
7064,customer7064@example.com,Dương Mai,Nữ,1960,60+,Bác sĩ,Hà Nội,Việt Nam,Gold,3,1,6,2015-08-26,2024-01-07,1
7065,customer7065@example.com,Ngô Mai,Nữ,1970,50-59,Bác sĩ,Hà Nội,Expat,Platinum,4,1,8,2021-12-05,2024-10-27,1
7066,customer7066@example.com,Phan Anh,Nam,1960,60+,Chuyên gia tài chính,Quảng Ninh,Expat,Platinum,4,1,6,2016-05-05,2023-08-26,0
7067,customer7067@example.com,Phạm Tuấn,Nam,1991,30-39,Người nổi tiếng,Hải Phòng,Việt Nam,Platinum,3,1,1,2017-01-15,2024-11-14,1
7068,customer7068@example.com,Trần Long,Nam,1994,30-39,Nhà đầu tư,Đà Nẵng,Việt Nam,Diamond,3,1,6,2015-03-12,2024-02-10,1
7069,customer7069@example.com,Hồ Hà,Nữ,1987,30-39,Chuyên gia tài chính,Hà Nội,Việt Nam,Gold,1,1,4,2022-05-14,2024-04-17,1
7070,customer7070@example.com,Đặng Anh,Nam,1981,40-49,Giám đốc,Hà Nội,Expat,Silver,2,1,8,2022-04-20,2024-11-23,1
7071,customer7071@example.com,Vũ Quang,Nam,1980,40-49,Bác sĩ,TP HCM,Việt Nam,Silver,1,1,7,2020-12-03,2023-10-21,1
7072,customer7072@example.com,Phan Mai,Nữ,1980,40-49,Doanh nhân,Đà Nẵng,Việt Nam,Silver,3,1,8,2023-04-03,2023-07-28,1
7073,customer7073@example.com,Hoàng Minh,Nam,1996,25-29,Bác sĩ,Đà Nẵng,Expat,Silver,4,1,8,2020-07-25,2023-04-29,1
7074,customer7074@example.com,Vũ Long,Nam,1966,50-59,Nhà đầu tư,Hà Nội,Việt Nam,Diamond,2,1,2,2022-07-27,2024-09-18,1
7075,customer7075@example.com,Phan Anh,Nam,1985,30-39,Người nổi tiếng,TP HCM,Việt Nam,Gold,2,1,3,2020-06-27,2024-03-17,1
7076,customer7076@example.com,Lê Tuấn,Nam,1962,60+,Luật sư,Hải Phòng,Việt Nam,Diamond,3,1,2,2022-08-30,2023-04-02,1
7077,customer7077@example.com,Ngô Thành,Nam,1993,30-39,Nhà đầu tư,TP HCM,Việt Nam,Platinum,4,1,5,2021-11-02,2023-10-11,1
7078,customer7078@example.com,Đặng Thành,Nam,1969,50-59,Giám đốc,TP HCM,Việt Nam,Silver,3,1,5,2021-01-05,2023-12-22,1
7079,customer7079@example.com,Lê Quang,Nam,1991,30-39,Bác sĩ,Khánh Hòa,Việt Nam,Gold,3,1,7,2020-06-22,2024-11-01,1
7080,customer7080@example.com,Trần Tuấn,Nam,1960,60+,Kiến trúc sư,TP HCM,Việt Nam,Silver,4,1,2,2022-04-22,2023-12-27,1
7081,customer7081@example.com,Vũ Hùng,Nam,1997,25-29,Doanh nhân,TP HCM,Việt Nam,Silver,2,1,4,2017-11-04,2024-07-31,1
7082,customer7082@example.com,Ngô Tuấn,Nam,1991,30-39,Nhà đầu tư,TP HCM,Việt Nam,Diamond,1,1,4,2017-02-03,2023-01-15,1
7083,customer7083@example.com,Dương Hà,Nữ,1973,50-59,Người nổi tiếng,Hà Nội,Expat,Gold,1,1,5,2020-11-15,2023-07-03,1
7084,customer7084@example.com,Hồ Thảo,Nữ,1985,30-39,Bác sĩ,Khánh Hòa,Việt Nam,Gold,2,1,10,2015-01-17,2024-09-07,1
7085,customer7085@example.com,Nguyễn Lan,Nữ,1971,50-59,Doanh nhân,TP HCM,Việt Nam,Gold,4,1,9,2016-11-26,2023-05-03,0
7086,customer7086@example.com,Ngô Ngọc,Nữ,1989,30-39,Luật sư,Hà Nội,Việt Nam,Diamond,4,1,7,2018-09-21,2023-05-09,1
7087,customer7087@example.com,Phan Trang,Nữ,1961,60+,Chuyên gia tài chính,Khánh Hòa,Việt Nam,Silver,3,1,7,2018-10-22,2023-03-03,1
7088,customer7088@example.com,Trần Nga,Nữ,1990,30-39,Luật sư,Đà Nẵng,Việt Nam,Silver,3,1,1,2018-04-22,2023-09-18,1
7089,customer7089@example.com,Trần Hùng,Nam,1990,30-39,Doanh nhân,TP HCM,Việt Nam,Gold,1,1,9,2020-01-30,2024-08-11,1
7090,customer7090@example.com,Trần Anh,Nam,1976,40-49,Nhà đầu tư,TP HCM,Việt Nam,Gold,3,1,7,2023-05-01,2023-11-04,1
7091,customer7091@example.com,Trần Anh,Nam,1961,60+,Bác sĩ,TP HCM,Việt Nam,Diamond,1,1,6,2017-06-11,2023-07-11,1
7092,customer7092@example.com,Ngô Việt,Nam,1982,40-49,Nhà đầu tư,Hà Nội,Việt Nam,Platinum,1,1,3,2018-03-16,2023-12-23,1
7093,customer7093@example.com,Trần Trung,Nam,1990,30-39,Kiến trúc sư,TP HCM,Expat,Silver,2,1,2,2018-09-10,2023-08-23,1
7094,customer7094@example.com,Trần Ánh,Nữ,1960,60+,Doanh nhân,TP HCM,Việt Nam,Silver,3,1,4,2018-02-04,2024-08-02,1
7095,customer7095@example.com,Hồ Thu,Nữ,1993,30-39,Chuyên gia tài chính,TP HCM,Expat,Platinum,3,1,4,2019-07-09,2023-08-02,1
7096,customer7096@example.com,Ngô Minh,Nam,1980,40-49,Luật sư,Hà Nội,Expat,Diamond,4,1,8,2020-09-29,2024-12-29,1
7097,customer7097@example.com,Lê Quang,Nam,1968,50-59,Chuyên gia tài chính,TP HCM,Expat,Silver,4,1,4,2018-04-25,2024-12-05,1
7098,customer7098@example.com,Bùi Thảo,Nữ,1989,30-39,Bác sĩ,TP HCM,Việt Nam,Gold,3,1,4,2019-04-02,2023-06-30,0
7099,customer7099@example.com,Hồ Hoa,Nữ,1966,50-59,Giám đốc,Bình Dương,Việt Nam,Silver,1,1,9,2017-07-26,2024-10-25,1
7100,customer7100@example.com,Ngô Ánh,Nữ,1963,60+,Luật sư,Đà Nẵng,Việt Nam,Silver,1,1,8,2020-10-10,2024-09-20,0
7101,customer7101@example.com,Đặng Đức,Nam,1985,30-39,Nhà đầu tư,Hải Phòng,Việt Nam,Gold,1,1,8,2021-03-07,2024-04-05,1
7102,customer7102@example.com,Đặng Khánh,Nam,1966,50-59,Kiến trúc sư,TP HCM,Việt Nam,Gold,2,1,3,2016-01-16,2024-09-28,1
7103,customer7103@example.com,Lê Yến,Nữ,1960,60+,Bác sĩ,Hà Nội,Việt Nam,Silver,1,1,4,2018-12-11,2024-12-12,1
7104,customer7104@example.com,Trần Thành,Nam,1995,25-29,Giám đốc,Khánh Hòa,Việt Nam,Silver,1,1,6,2015-09-05,2023-07-06,1
7105,customer7105@example.com,Trần Tuấn,Nam,1995,25-29,Doanh nhân,Bình Dương,Việt Nam,Gold,4,1,10,2018-12-23,2024-10-10,1
7106,customer7106@example.com,Ngô Anh,Nam,1985,30-39,Nhà đầu tư,TP HCM,Expat,Silver,2,1,2,2020-12-10,2024-12-01,1
7107,customer7107@example.com,Ngô Hải,Nam,1995,25-29,Chuyên gia tài chính,Hà Nội,Việt Nam,Gold,3,1,9,2020-06-03,2023-03-06,1
7108,customer7108@example.com,Phan Việt,Nam,1997,25-29,Doanh nhân,TP HCM,Việt Nam,Gold,1,1,1,2021-11-23,2024-08-21,1
7109,customer7109@example.com,Ngô Thu,Nữ,1971,50-59,Nhà đầu tư,Hà Nội,Việt Nam,Diamond,1,1,3,2017-12-11,2023-06-08,1
7110,customer7110@example.com,Hoàng Hoa,Nữ,1973,50-59,Kiến trúc sư,Hà Nội,Việt Nam,Diamond,1,1,5,2020-09-28,2023-04-24,1
7111,customer7111@example.com,Phan Linh,Nữ,1994,30-39,Nhà đầu tư,Bình Dương,Việt Nam,Gold,2,1,5,2021-12-03,2024-10-13,1
7112,customer7112@example.com,Đặng Mai,Nữ,1974,50-59,Chuyên gia tài chính,Hải Phòng,Việt Nam,Silver,4,1,4,2021-03-06,2024-01-18,1
7113,customer7113@example.com,Hồ Phương,Nữ,1964,60+,Doanh nhân,TP HCM,Việt Nam,Gold,2,1,6,2021-02-23,2024-04-30,1
7114,customer7114@example.com,Lê Hằng,Nữ,1988,30-39,Bác sĩ,TP HCM,Việt Nam,Gold,2,1,10,2020-08-08,2024-05-28,1
7115,customer7115@example.com,Đỗ Hà,Nữ,1992,30-39,Giám đốc,TP HCM,Expat,Silver,3,1,4,2023-01-07,2024-03-30,1
7116,customer7116@example.com,Nguyễn Trung,Nam,1962,60+,Bác sĩ,Khánh Hòa,Việt Nam,Gold,4,1,10,2018-11-13,2023-06-09,1
7117,customer7117@example.com,Đặng Trang,Nữ,1962,60+,Người nổi tiếng,Hà Nội,Việt Nam,Silver,3,1,9,2022-12-11,2024-12-06,1
7118,customer7118@example.com,Đỗ Khánh,Nam,1989,30-39,Luật sư,TP HCM,Việt Nam,Silver,1,1,7,2018-09-19,2023-11-13,1
7119,customer7119@example.com,Nguyễn Phương,Nữ,1989,30-39,Người nổi tiếng,Hà Nội,Việt Nam,Gold,1,1,2,2016-09-08,2024-06-07,1
7120,customer7120@example.com,Bùi Việt,Nam,1967,50-59,Doanh nhân,Hải Phòng,Việt Nam,Diamond,1,1,6,2022-03-15,2023-05-26,0
7121,customer7121@example.com,Đặng Tuấn,Nam,1981,40-49,Kiến trúc sư,Hà Nội,Việt Nam,Silver,1,1,3,2016-01-01,2024-04-05,1
7122,customer7122@example.com,Nguyễn Thu,Nữ,1971,50-59,Kiến trúc sư,Bình Dương,Việt Nam,Platinum,2,1,8,2019-11-17,2024-11-02,1
7123,customer7123@example.com,Đặng Tuấn,Nam,1967,50-59,Bác sĩ,TP HCM,Việt Nam,Platinum,3,1,2,2021-06-29,2024-07-01,1
7124,customer7124@example.com,Dương Bình,Nam,1992,30-39,Doanh nhân,Đà Nẵng,Việt Nam,Silver,3,1,10,2017-03-26,2024-06-23,1
7125,customer7125@example.com,Dương Ngọc,Nữ,1969,50-59,Nhà đầu tư,Hà Nội,Việt Nam,Gold,4,1,2,2023-01-29,2024-02-14,1
7126,customer7126@example.com,Phan Thảo,Nữ,1991,30-39,Giám đốc,Hà Nội,Việt Nam,Platinum,4,1,3,2021-08-23,2024-03-29,1
7127,customer7127@example.com,Ngô Phương,Nữ,1988,30-39,Giám đốc,TP HCM,Việt Nam,Platinum,1,1,3,2022-11-06,2024-03-24,1
7128,customer7128@example.com,Đỗ Việt,Nam,1960,60+,Doanh nhân,Hà Nội,Việt Nam,Gold,3,1,8,2017-07-13,2023-01-11,1
7129,customer7129@example.com,Trần Trung,Nam,1972,50-59,Giám đốc,Hà Nội,Việt Nam,Platinum,3,1,8,2018-04-02,2024-02-24,1
7130,customer7130@example.com,Phan Ngọc,Nữ,1984,40-49,Kiến trúc sư,Hà Nội,Expat,Gold,4,1,7,2018-03-13,2023-12-19,1
7131,customer7131@example.com,Nguyễn Bình,Nam,1988,30-39,Luật sư,Hà Nội,Việt Nam,Silver,3,1,3,2015-10-21,2023-01-27,1
7132,customer7132@example.com,Ngô Minh,Nam,1997,25-29,Giám đốc,TP HCM,Việt Nam,Platinum,2,1,7,2022-11-03,2023-04-02,1
7133,customer7133@example.com,Bùi Nga,Nữ,1972,50-59,Bác sĩ,Hà Nội,Việt Nam,Silver,2,1,9,2023-03-14,2023-04-02,1
7134,customer7134@example.com,Dương Ngọc,Nữ,1968,50-59,Kiến trúc sư,TP HCM,Việt Nam,Gold,1,1,3,2015-10-02,2024-11-23,1
7135,customer7135@example.com,Lê Nga,Nữ,1963,60+,Luật sư,TP HCM,Việt Nam,Silver,4,1,10,2020-07-31,2024-04-07,1
7136,customer7136@example.com,Đỗ Tuấn,Nam,1998,25-29,Bác sĩ,Bình Dương,Việt Nam,Gold,3,1,9,2023-02-26,2023-06-15,1
7137,customer7137@example.com,Đặng Trang,Nữ,1964,60+,Kiến trúc sư,TP HCM,Việt Nam,Gold,2,1,6,2017-02-22,2023-11-02,1
7138,customer7138@example.com,Ngô Ánh,Nữ,1994,30-39,Giám đốc,Hà Nội,Việt Nam,Silver,4,1,2,2017-08-31,2024-05-17,1
7139,customer7139@example.com,Hoàng Mai,Nữ,1975,40-49,Kiến trúc sư,TP HCM,Việt Nam,Silver,3,1,4,2022-12-30,2024-01-24,1
7140,customer7140@example.com,Dương Linh,Nữ,1977,40-49,Luật sư,Hà Nội,Việt Nam,Gold,2,1,10,2022-10-13,2023-05-26,1
7141,customer7141@example.com,Đặng Minh,Nam,1991,30-39,Luật sư,TP HCM,Việt Nam,Silver,4,1,4,2018-08-14,2023-04-10,1
7142,customer7142@example.com,Hồ Hà,Nữ,1965,50-59,Kiến trúc sư,Quảng Ninh,Việt Nam,Diamond,2,1,1,2023-04-19,2023-07-21,1
7143,customer7143@example.com,Phan Khánh,Nam,1987,30-39,Chuyên gia tài chính,Hà Nội,Việt Nam,Silver,3,1,1,2020-06-15,2024-02-02,1
7144,customer7144@example.com,Nguyễn Long,Nam,1996,25-29,Doanh nhân,TP HCM,Expat,Silver,2,1,4,2019-07-03,2023-05-08,1
7145,customer7145@example.com,Ngô Đức,Nam,1987,30-39,Doanh nhân,Quảng Ninh,Việt Nam,Gold,2,1,7,2023-05-21,2024-01-27,1
7146,customer7146@example.com,Nguyễn Quang,Nam,1978,40-49,Luật sư,Đà Nẵng,Việt Nam,Platinum,4,1,7,2015-09-29,2023-04-21,1
7147,customer7147@example.com,Bùi Thu,Nữ,1974,50-59,Nhà đầu tư,TP HCM,Việt Nam,Diamond,4,1,7,2018-05-25,2023-10-18,1
7148,customer7148@example.com,Phan Long,Nam,1970,50-59,Người nổi tiếng,TP HCM,Việt Nam,Gold,1,1,8,2021-12-04,2023-08-18,1
7149,customer7149@example.com,Lê Thảo,Nữ,1970,50-59,Giám đốc,Hà Nội,Việt Nam,Gold,1,1,1,2016-08-26,2023-11-18,0
7150,customer7150@example.com,Đặng Linh,Nữ,1972,50-59,Luật sư,TP HCM,Expat,Diamond,1,1,7,2020-05-06,2024-11-27,1
7151,customer7151@example.com,Dương Tuấn,Nam,1995,25-29,Người nổi tiếng,TP HCM,Việt Nam,Gold,4,1,7,2020-04-06,2023-03-23,1
7152,customer7152@example.com,Vũ Long,Nam,1995,25-29,Người nổi tiếng,TP HCM,Việt Nam,Diamond,4,1,4,2020-09-05,2023-03-08,1
7153,customer7153@example.com,Phan Thu,Nữ,1984,40-49,Nhà đầu tư,Đồng Nai,Việt Nam,Platinum,3,1,10,2016-01-25,2023-05-11,1
7154,customer7154@example.com,Nguyễn Mai,Nữ,1996,25-29,Chuyên gia tài chính,TP HCM,Việt Nam,Gold,4,1,7,2018-05-23,2023-01-10,1
7155,customer7155@example.com,Đỗ Lan,Nữ,1995,25-29,Doanh nhân,Hà Nội,Việt Nam,Platinum,4,1,9,2017-07-15,2023-07-21,1
7156,customer7156@example.com,Hồ Anh,Nam,1987,30-39,Người nổi tiếng,Đà Nẵng,Việt Nam,Gold,4,1,1,2017-02-25,2023-04-06,1
7157,customer7157@example.com,Dương Hoa,Nữ,1998,25-29,Luật sư,Đà Nẵng,Việt Nam,Diamond,3,1,3,2018-11-17,2023-07-05,1
7158,customer7158@example.com,Ngô Yến,Nữ,1974,50-59,Nhà đầu tư,Hà Nội,Việt Nam,Platinum,2,1,3,2015-10-18,2024-05-08,1
7159,customer7159@example.com,Đặng Nga,Nữ,1963,60+,Người nổi tiếng,Đà Nẵng,Việt Nam,Gold,3,1,2,2016-10-12,2024-01-22,1
7160,customer7160@example.com,Đặng Lan,Nữ,1996,25-29,Chuyên gia tài chính,Đà Nẵng,Việt Nam,Gold,4,1,7,2020-03-17,2024-09-03,0
7161,customer7161@example.com,Ngô Hằng,Nữ,1993,30-39,Giám đốc,TP HCM,Việt Nam,Gold,4,1,3,2016-07-08,2023-06-22,1
7162,customer7162@example.com,Trần Trang,Nữ,1965,50-59,Chuyên gia tài chính,Hà Nội,Việt Nam,Silver,2,1,1,2019-05-27,2024-03-26,1
7163,customer7163@example.com,Hoàng Long,Nam,1980,40-49,Người nổi tiếng,Đà Nẵng,Việt Nam,Gold,2,1,6,2017-11-29,2023-06-11,1
7164,customer7164@example.com,Bùi Ngọc,Nữ,1967,50-59,Chuyên gia tài chính,TP HCM,Việt Nam,Gold,4,1,8,2015-06-15,2023-01-17,0
7165,customer7165@example.com,Hoàng Nga,Nữ,1994,30-39,Nhà đầu tư,Hà Nội,Việt Nam,Gold,1,1,4,2019-02-22,2024-02-18,1
7166,customer7166@example.com,Trần Nga,Nữ,1967,50-59,Nhà đầu tư,Hà Nội,Việt Nam,Gold,2,1,5,2017-01-02,2023-06-16,1
7167,customer7167@example.com,Bùi Hằng,Nữ,1972,50-59,Giám đốc,Quảng Ninh,Việt Nam,Diamond,2,1,2,2017-10-27,2023-08-21,0
7168,customer7168@example.com,Nguyễn Quang,Nam,1971,50-59,Giám đốc,TP HCM,Việt Nam,Silver,3,1,9,2021-12-30,2024-11-22,1
7169,customer7169@example.com,Dương Bình,Nam,1975,40-49,Luật sư,TP HCM,Việt Nam,Platinum,3,1,1,2023-06-26,2024-12-11,1
7170,customer7170@example.com,Phạm Tuấn,Nam,1979,40-49,Kiến trúc sư,Hà Nội,Việt Nam,Platinum,3,1,10,2015-12-20,2023-04-12,1
7171,customer7171@example.com,Trần Anh,Nam,1994,30-39,Giám đốc,Hà Nội,Việt Nam,Gold,4,1,3,2018-02-24,2024-10-04,1
7172,customer7172@example.com,Hoàng Tuấn,Nam,1988,30-39,Bác sĩ,TP HCM,Việt Nam,Diamond,3,1,5,2021-04-11,2024-07-01,1
7173,customer7173@example.com,Nguyễn Tuấn,Nam,1966,50-59,Giám đốc,Đà Nẵng,Việt Nam,Platinum,2,1,5,2015-06-16,2024-04-06,1
7174,customer7174@example.com,Vũ Ánh,Nữ,1971,50-59,Nhà đầu tư,Hà Nội,Expat,Silver,2,1,5,2020-10-02,2024-04-30,1
7175,customer7175@example.com,Hồ Hải,Nam,1980,40-49,Người nổi tiếng,TP HCM,Việt Nam,Platinum,4,1,4,2016-10-13,2023-08-29,1
7176,customer7176@example.com,Hoàng Mai,Nữ,1987,30-39,Người nổi tiếng,TP HCM,Việt Nam,Silver,2,1,5,2018-06-27,2023-04-02,1
7177,customer7177@example.com,Phạm Trang,Nữ,1982,40-49,Nhà đầu tư,Bình Dương,Việt Nam,Silver,2,1,2,2023-06-06,2023-01-08,1
7178,customer7178@example.com,Ngô Nga,Nữ,1974,50-59,Giám đốc,Hà Nội,Việt Nam,Gold,2,1,5,2020-06-07,2024-01-14,1
7179,customer7179@example.com,Hồ Bình,Nam,1990,30-39,Doanh nhân,Hà Nội,Việt Nam,Gold,3,1,6,2018-07-17,2023-02-05,1
7180,customer7180@example.com,Hồ Ngọc,Nữ,1995,25-29,Bác sĩ,Hà Nội,Việt Nam,Gold,2,1,2,2020-12-25,2023-10-03,1
7181,customer7181@example.com,Hoàng Linh,Nữ,1980,40-49,Giám đốc,TP HCM,Expat,Gold,2,1,7,2020-06-10,2024-03-11,1
7182,customer7182@example.com,Vũ Yến,Nữ,1996,25-29,Người nổi tiếng,TP HCM,Việt Nam,Platinum,4,1,4,2022-12-29,2023-02-22,1
7183,customer7183@example.com,Hồ Phương,Nữ,1974,50-59,Doanh nhân,Hà Nội,Việt Nam,Silver,4,1,1,2018-01-08,2023-02-21,1
7184,customer7184@example.com,Lê Long,Nam,1970,50-59,Doanh nhân,Bình Dương,Việt Nam,Platinum,4,1,7,2023-01-02,2024-03-06,0
7185,customer7185@example.com,Nguyễn Hằng,Nữ,1976,40-49,Kiến trúc sư,TP HCM,Việt Nam,Gold,4,1,7,2017-04-04,2024-06-12,0
7186,customer7186@example.com,Trần Đức,Nam,1972,50-59,Người nổi tiếng,TP HCM,Việt Nam,Gold,4,1,8,2019-05-06,2024-03-31,1
7187,customer7187@example.com,Phạm Hoa,Nữ,1994,30-39,Luật sư,TP HCM,Việt Nam,Silver,4,1,9,2019-01-21,2023-12-10,1
7188,customer7188@example.com,Bùi Ánh,Nữ,1976,40-49,Luật sư,TP HCM,Việt Nam,Platinum,4,1,2,2022-12-05,2023-04-27,1
7189,customer7189@example.com,Hoàng Linh,Nữ,1980,40-49,Kiến trúc sư,Hà Nội,Việt Nam,Platinum,1,1,7,2022-05-26,2023-07-09,1
7190,customer7190@example.com,Nguyễn Ngọc,Nữ,1995,25-29,Giám đốc,Quảng Ninh,Việt Nam,Platinum,4,1,10,2020-06-11,2024-05-03,1
7191,customer7191@example.com,Bùi Bình,Nam,1995,25-29,Luật sư,TP HCM,Việt Nam,Platinum,1,1,4,2018-12-19,2023-08-05,1
7192,customer7192@example.com,Lê Hải,Nam,1980,40-49,Doanh nhân,Hà Nội,Expat,Platinum,4,1,4,2015-12-16,2024-06-22,0
7193,customer7193@example.com,Bùi Khánh,Nam,1996,25-29,Nhà đầu tư,Hà Nội,Việt Nam,Diamond,4,1,6,2021-12-12,2023-08-19,1
7194,customer7194@example.com,Nguyễn Hùng,Nam,1980,40-49,Doanh nhân,Đồng Nai,Việt Nam,Silver,1,1,10,2018-10-04,2024-05-27,1
7195,customer7195@example.com,Nguyễn Hoa,Nữ,1972,50-59,Bác sĩ,Hải Phòng,Việt Nam,Diamond,2,1,4,2018-02-17,2024-06-29,1
7196,customer7196@example.com,Đặng Hùng,Nam,1978,40-49,Chuyên gia tài chính,TP HCM,Việt Nam,Silver,1,1,6,2022-02-05,2023-06-12,1
7197,customer7197@example.com,Bùi Ngọc,Nữ,1978,40-49,Chuyên gia tài chính,TP HCM,Việt Nam,Silver,4,1,10,2015-05-07,2023-05-10,1
7198,customer7198@example.com,Vũ Thành,Nam,1993,30-39,Nhà đầu tư,Hải Phòng,Việt Nam,Diamond,1,1,9,2017-08-17,2024-08-01,1
7199,customer7199@example.com,Lê Trang,Nữ,1980,40-49,Người nổi tiếng,Khánh Hòa,Việt Nam,Gold,1,1,5,2016-10-09,2023-10-21,0
7200,customer7200@example.com,Hoàng Quang,Nam,1991,30-39,Giám đốc,TP HCM,Việt Nam,Platinum,3,1,4,2017-04-25,2024-10-16,1
7201,customer7201@example.com,Nguyễn Minh,Nam,1998,25-29,Doanh nhân,TP HCM,Việt Nam,Diamond,1,1,4,2021-10-29,2023-02-18,1
7202,customer7202@example.com,Nguyễn Quang,Nam,1977,40-49,Luật sư,Hà Nội,Việt Nam,Platinum,4,1,4,2015-03-22,2023-02-20,1
7203,customer7203@example.com,Hoàng Quang,Nam,1985,30-39,Giám đốc,Bình Dương,Việt Nam,Platinum,3,1,9,2022-10-13,2023-12-31,1
7204,customer7204@example.com,Đỗ Quang,Nam,1993,30-39,Người nổi tiếng,Hà Nội,Việt Nam,Platinum,3,1,6,2016-09-28,2024-10-23,1
7205,customer7205@example.com,Trần Phương,Nữ,1968,50-59,Doanh nhân,Hà Nội,Việt Nam,Platinum,3,1,5,2017-07-08,2024-06-04,1
7206,customer7206@example.com,Vũ Đức,Nam,1968,50-59,Bác sĩ,TP HCM,Việt Nam,Silver,4,1,7,2017-04-19,2023-10-03,1
7207,customer7207@example.com,Vũ Linh,Nữ,1970,50-59,Chuyên gia tài chính,Bình Dương,Việt Nam,Diamond,2,1,6,2016-05-28,2024-12-20,1
7208,customer7208@example.com,Ngô Bình,Nam,1989,30-39,Kiến trúc sư,Bình Dương,Expat,Gold,4,1,7,2015-07-10,2024-08-02,1
7209,customer7209@example.com,Phan Trang,Nữ,1979,40-49,Bác sĩ,TP HCM,Việt Nam,Silver,3,1,2,2020-01-30,2024-03-17,1
7210,customer7210@example.com,Phạm Mai,Nữ,1997,25-29,Người nổi tiếng,Hà Nội,Việt Nam,Diamond,4,1,7,2015-11-01,2023-01-07,1
7211,customer7211@example.com,Bùi Hà,Nữ,1976,40-49,Bác sĩ,Khánh Hòa,Expat,Diamond,4,1,10,2015-06-08,2024-07-20,1
7212,customer7212@example.com,Trần Khánh,Nam,1973,50-59,Người nổi tiếng,Hà Nội,Expat,Silver,1,1,3,2015-01-04,2024-06-16,1
7213,customer7213@example.com,Vũ Lan,Nữ,1978,40-49,Bác sĩ,TP HCM,Việt Nam,Gold,4,1,9,2019-01-17,2024-05-11,1
7214,customer7214@example.com,Phan Việt,Nam,1965,50-59,Doanh nhân,Hà Nội,Việt Nam,Platinum,1,1,9,2019-10-28,2024-08-15,1
7215,customer7215@example.com,Hoàng Thảo,Nữ,1960,60+,Nhà đầu tư,Quảng Ninh,Việt Nam,Silver,1,1,8,2020-07-29,2023-07-06,1
7216,customer7216@example.com,Nguyễn Ngọc,Nữ,1992,30-39,Bác sĩ,TP HCM,Việt Nam,Gold,2,1,10,2020-12-21,2023-02-16,1
7217,customer7217@example.com,Đặng Thu,Nữ,1974,50-59,Kiến trúc sư,TP HCM,Expat,Gold,1,1,5,2022-12-09,2023-12-14,1
7218,customer7218@example.com,Bùi Khánh,Nam,1983,40-49,Luật sư,TP HCM,Expat,Gold,4,1,1,2015-09-07,2024-01-19,1
7219,customer7219@example.com,Phan Hoa,Nữ,1968,50-59,Nhà đầu tư,TP HCM,Việt Nam,Platinum,3,1,6,2015-03-13,2024-05-18,1
7220,customer7220@example.com,Đỗ Phương,Nữ,1974,50-59,Chuyên gia tài chính,TP HCM,Việt Nam,Diamond,1,1,9,2015-11-23,2023-10-24,1
7221,customer7221@example.com,Nguyễn Việt,Nam,1981,40-49,Bác sĩ,TP HCM,Việt Nam,Diamond,4,1,10,2015-05-25,2023-11-25,1
7222,customer7222@example.com,Nguyễn Trang,Nữ,1974,50-59,Người nổi tiếng,Đà Nẵng,Việt Nam,Gold,1,1,9,2023-05-02,2024-07-17,1
7223,customer7223@example.com,Đặng Hải,Nam,1983,40-49,Kiến trúc sư,Hà Nội,Việt Nam,Silver,4,1,3,2015-11-12,2023-07-29,1
7224,customer7224@example.com,Trần Quang,Nam,1994,30-39,Chuyên gia tài chính,Hà Nội,Expat,Gold,2,1,3,2021-10-14,2023-10-09,1
7225,customer7225@example.com,Bùi Khánh,Nam,1969,50-59,Kiến trúc sư,Quảng Ninh,Việt Nam,Silver,2,1,9,2018-06-06,2024-01-04,1
7226,customer7226@example.com,Ngô Phương,Nữ,1988,30-39,Kiến trúc sư,Hà Nội,Việt Nam,Silver,4,1,2,2021-01-06,2024-07-10,1
7227,customer7227@example.com,Phan Đức,Nam,1993,30-39,Luật sư,Hải Phòng,Việt Nam,Platinum,1,1,10,2018-11-25,2023-05-06,1
7228,customer7228@example.com,Dương Ngọc,Nữ,1977,40-49,Người nổi tiếng,TP HCM,Việt Nam,Silver,4,1,5,2019-04-28,2024-05-14,1
7229,customer7229@example.com,Hồ Quang,Nam,1960,60+,Giám đốc,Quảng Ninh,Việt Nam,Platinum,4,1,4,2015-09-20,2023-01-26,1
7230,customer7230@example.com,Hồ Hùng,Nam,1971,50-59,Giám đốc,Hà Nội,Việt Nam,Gold,2,1,5,2022-08-20,2024-10-24,1
7231,customer7231@example.com,Hồ Hoa,Nữ,1965,50-59,Kiến trúc sư,Hà Nội,Việt Nam,Silver,3,1,8,2020-08-25,2024-06-21,1
7232,customer7232@example.com,Phan Việt,Nam,1978,40-49,Người nổi tiếng,Hà Nội,Việt Nam,Silver,4,1,9,2022-03-24,2024-10-19,1
7233,customer7233@example.com,Dương Hoa,Nữ,1990,30-39,Nhà đầu tư,Hải Phòng,Việt Nam,Silver,3,1,8,2020-02-25,2024-07-30,1
7234,customer7234@example.com,Trần Việt,Nam,1972,50-59,Giám đốc,TP HCM,Expat,Diamond,3,1,4,2015-09-13,2024-10-27,1
7235,customer7235@example.com,Đặng Hà,Nữ,1972,50-59,Doanh nhân,Hải Phòng,Việt Nam,Platinum,4,1,2,2017-05-20,2023-03-19,1
7236,customer7236@example.com,Vũ Trung,Nam,1997,25-29,Bác sĩ,Bình Dương,Việt Nam,Platinum,2,1,8,2022-02-10,2024-09-09,1
7237,customer7237@example.com,Đặng Anh,Nam,1962,60+,Chuyên gia tài chính,Hà Nội,Việt Nam,Gold,1,1,10,2022-03-02,2024-03-25,1
7238,customer7238@example.com,Trần Bình,Nam,1976,40-49,Kiến trúc sư,Đồng Nai,Việt Nam,Platinum,1,1,6,2021-09-23,2024-01-01,1
7239,customer7239@example.com,Bùi Hải,Nam,1964,60+,Người nổi tiếng,Đồng Nai,Việt Nam,Gold,4,1,6,2015-12-21,2024-02-16,1
7240,customer7240@example.com,Phan Hà,Nữ,1994,30-39,Kiến trúc sư,Đà Nẵng,Expat,Gold,4,1,3,2015-12-08,2023-01-23,1
7241,customer7241@example.com,Bùi Ngọc,Nữ,1976,40-49,Chuyên gia tài chính,Quảng Ninh,Expat,Silver,2,1,1,2020-08-11,2023-11-02,1
7242,customer7242@example.com,Dương Trung,Nam,1974,50-59,Chuyên gia tài chính,Hà Nội,Việt Nam,Silver,4,1,2,2020-09-24,2024-03-19,1
7243,customer7243@example.com,Bùi Hải,Nam,1960,60+,Nhà đầu tư,Hà Nội,Việt Nam,Gold,2,1,5,2015-12-21,2023-12-31,1
7244,customer7244@example.com,Trần Thu,Nữ,1962,60+,Kiến trúc sư,TP HCM,Việt Nam,Silver,4,1,5,2015-11-13,2023-05-12,1
7245,customer7245@example.com,Bùi Phương,Nữ,1967,50-59,Chuyên gia tài chính,Hà Nội,Expat,Platinum,4,1,5,2021-03-13,2024-05-06,1
7246,customer7246@example.com,Đỗ Thu,Nữ,1972,50-59,Nhà đầu tư,Hà Nội,Việt Nam,Silver,3,1,3,2019-01-25,2023-05-28,1
7247,customer7247@example.com,Nguyễn Thảo,Nữ,1988,30-39,Nhà đầu tư,TP HCM,Việt Nam,Gold,4,1,8,2022-02-12,2024-11-24,0
7248,customer7248@example.com,Hồ Thu,Nữ,1994,30-39,Bác sĩ,TP HCM,Việt Nam,Gold,1,1,10,2016-12-27,2023-01-18,1
7249,customer7249@example.com,Lê Trung,Nam,1992,30-39,Nhà đầu tư,Hà Nội,Việt Nam,Platinum,2,1,3,2018-09-26,2024-05-29,1
7250,customer7250@example.com,Ngô Mai,Nữ,1960,60+,Bác sĩ,Hà Nội,Expat,Diamond,3,1,7,2018-06-29,2023-04-16,1
7251,customer7251@example.com,Vũ Trung,Nam,1984,40-49,Kiến trúc sư,TP HCM,Việt Nam,Silver,1,1,8,2018-01-29,2023-04-01,1
7252,customer7252@example.com,Hồ Hải,Nam,1978,40-49,Kiến trúc sư,TP HCM,Việt Nam,Diamond,4,1,5,2017-05-13,2023-09-21,1
7253,customer7253@example.com,Vũ Hùng,Nam,1997,25-29,Giám đốc,Đồng Nai,Việt Nam,Gold,2,1,10,2019-05-20,2023-02-14,1
7254,customer7254@example.com,Đỗ Tuấn,Nam,1993,30-39,Giám đốc,TP HCM,Việt Nam,Platinum,2,1,5,2015-10-25,2024-01-26,1
7255,customer7255@example.com,Bùi Ánh,Nữ,1972,50-59,Nhà đầu tư,TP HCM,Việt Nam,Gold,1,1,7,2016-11-06,2023-05-08,1
7256,customer7256@example.com,Lê Hằng,Nữ,1986,30-39,Bác sĩ,Hà Nội,Việt Nam,Silver,2,1,2,2016-08-29,2023-11-10,1
7257,customer7257@example.com,Đặng Thu,Nữ,1984,40-49,Luật sư,Hải Phòng,Việt Nam,Gold,1,1,1,2022-06-17,2024-05-30,1
7258,customer7258@example.com,Hoàng Thành,Nam,1992,30-39,Chuyên gia tài chính,Hà Nội,Việt Nam,Gold,1,1,4,2016-06-22,2023-06-20,1
7259,customer7259@example.com,Đỗ Hải,Nam,1978,40-49,Kiến trúc sư,Hà Nội,Việt Nam,Gold,1,1,4,2016-09-17,2023-12-09,1
7260,customer7260@example.com,Hoàng Đức,Nam,1979,40-49,Doanh nhân,TP HCM,Expat,Diamond,3,1,3,2020-01-11,2024-05-08,1
7261,customer7261@example.com,Nguyễn Long,Nam,1978,40-49,Nhà đầu tư,Khánh Hòa,Việt Nam,Silver,4,1,4,2020-10-06,2023-06-28,1
7262,customer7262@example.com,Lê Quang,Nam,1974,50-59,Nhà đầu tư,TP HCM,Việt Nam,Gold,1,1,6,2016-10-11,2024-10-17,1
7263,customer7263@example.com,Vũ Thu,Nữ,1988,30-39,Kiến trúc sư,TP HCM,Việt Nam,Platinum,1,1,4,2018-10-09,2024-02-25,1
7264,customer7264@example.com,Hoàng Long,Nam,1996,25-29,Nhà đầu tư,TP HCM,Việt Nam,Gold,3,1,1,2015-07-24,2023-09-19,1
7265,customer7265@example.com,Lê Hằng,Nữ,1986,30-39,Bác sĩ,TP HCM,Việt Nam,Diamond,4,1,7,2016-05-10,2024-10-17,1
7266,customer7266@example.com,Vũ Thành,Nam,1996,25-29,Giám đốc,Khánh Hòa,Expat,Silver,1,1,1,2020-09-04,2024-04-05,1
7267,customer7267@example.com,Hồ Yến,Nữ,1985,30-39,Bác sĩ,Bình Dương,Expat,Gold,3,1,9,2021-02-20,2024-01-23,1
7268,customer7268@example.com,Vũ Đức,Nam,1970,50-59,Kiến trúc sư,TP HCM,Việt Nam,Diamond,1,1,2,2022-05-22,2023-08-28,1
7269,customer7269@example.com,Đặng Quang,Nam,1991,30-39,Bác sĩ,Đồng Nai,Việt Nam,Silver,2,1,6,2020-05-03,2024-07-28,1
7270,customer7270@example.com,Nguyễn Khánh,Nam,1989,30-39,Người nổi tiếng,Hà Nội,Việt Nam,Silver,4,1,6,2021-04-04,2023-01-06,1
7271,customer7271@example.com,Phan Nga,Nữ,1990,30-39,Chuyên gia tài chính,Đồng Nai,Việt Nam,Gold,4,1,5,2022-10-22,2023-03-11,1
7272,customer7272@example.com,Nguyễn Ngọc,Nữ,1989,30-39,Giám đốc,TP HCM,Việt Nam,Gold,3,1,6,2022-02-18,2023-03-21,1
7273,customer7273@example.com,Bùi Khánh,Nam,1993,30-39,Giám đốc,Đà Nẵng,Việt Nam,Silver,1,1,1,2021-08-24,2023-12-05,1
7274,customer7274@example.com,Hoàng Việt,Nam,1996,25-29,Kiến trúc sư,Đà Nẵng,Việt Nam,Platinum,1,1,8,2022-06-03,2024-06-19,1
7275,customer7275@example.com,Trần Anh,Nam,1981,40-49,Nhà đầu tư,TP HCM,Việt Nam,Platinum,4,1,6,2021-05-21,2024-03-16,1
7276,customer7276@example.com,Vũ Khánh,Nam,1973,50-59,Kiến trúc sư,Hà Nội,Việt Nam,Diamond,2,1,2,2022-02-28,2024-09-12,1
7277,customer7277@example.com,Nguyễn Linh,Nữ,1976,40-49,Luật sư,Hà Nội,Việt Nam,Gold,3,1,2,2018-03-08,2023-05-31,1
7278,customer7278@example.com,Hoàng Thu,Nữ,1981,40-49,Giám đốc,TP HCM,Việt Nam,Platinum,3,1,6,2016-08-26,2023-02-10,1
7279,customer7279@example.com,Đặng Quang,Nam,1962,60+,Nhà đầu tư,TP HCM,Việt Nam,Diamond,4,1,1,2015-02-16,2024-11-17,0
7280,customer7280@example.com,Ngô Ngọc,Nữ,1989,30-39,Chuyên gia tài chính,TP HCM,Việt Nam,Silver,1,1,9,2016-03-22,2024-10-17,1
7281,customer7281@example.com,Lê Lan,Nữ,1962,60+,Nhà đầu tư,Hà Nội,Việt Nam,Gold,4,1,1,2017-11-16,2023-10-08,0
7282,customer7282@example.com,Dương Thu,Nữ,1982,40-49,Doanh nhân,TP HCM,Expat,Gold,1,1,7,2020-09-21,2024-05-28,1
7283,customer7283@example.com,Nguyễn Thảo,Nữ,1971,50-59,Luật sư,Quảng Ninh,Việt Nam,Gold,1,1,6,2020-12-12,2023-04-07,1
7284,customer7284@example.com,Ngô Thành,Nam,1994,30-39,Bác sĩ,Khánh Hòa,Việt Nam,Silver,3,1,8,2019-01-08,2024-11-04,1
7285,customer7285@example.com,Nguyễn Thu,Nữ,1998,25-29,Bác sĩ,Hà Nội,Việt Nam,Silver,1,1,5,2020-12-13,2024-05-05,1
7286,customer7286@example.com,Đặng Hùng,Nam,1980,40-49,Người nổi tiếng,TP HCM,Việt Nam,Silver,3,1,4,2021-08-10,2023-09-24,1
7287,customer7287@example.com,Trần Nga,Nữ,1972,50-59,Bác sĩ,Hà Nội,Việt Nam,Silver,1,1,3,2021-08-14,2024-07-21,1
7288,customer7288@example.com,Ngô Tuấn,Nam,1986,30-39,Giám đốc,Bình Dương,Việt Nam,Platinum,2,1,8,2021-12-12,2024-01-21,1
7289,customer7289@example.com,Nguyễn Hà,Nữ,1964,60+,Doanh nhân,Hà Nội,Việt Nam,Platinum,3,1,10,2016-11-08,2023-03-05,1
7290,customer7290@example.com,Nguyễn Thành,Nam,1964,60+,Luật sư,TP HCM,Expat,Diamond,1,1,6,2017-04-30,2024-05-22,1
7291,customer7291@example.com,Đỗ Hà,Nữ,1964,60+,Nhà đầu tư,Quảng Ninh,Việt Nam,Silver,3,1,5,2015-09-07,2024-01-27,1
7292,customer7292@example.com,Vũ Yến,Nữ,1989,30-39,Người nổi tiếng,Quảng Ninh,Expat,Gold,1,1,4,2016-08-27,2023-08-14,1
7293,customer7293@example.com,Trần Phương,Nữ,1995,25-29,Chuyên gia tài chính,Bình Dương,Việt Nam,Silver,3,1,10,2023-03-21,2024-12-12,1
7294,customer7294@example.com,Hoàng Hùng,Nam,1982,40-49,Luật sư,Hà Nội,Việt Nam,Gold,2,1,7,2018-08-17,2024-08-28,1
7295,customer7295@example.com,Vũ Quang,Nam,1974,50-59,Bác sĩ,TP HCM,Việt Nam,Silver,4,1,2,2018-07-21,2024-04-11,1
7296,customer7296@example.com,Ngô Minh,Nam,1991,30-39,Luật sư,Bình Dương,Việt Nam,Platinum,2,1,2,2020-03-23,2024-05-31,1
7297,customer7297@example.com,Phạm Anh,Nam,1998,25-29,Giám đốc,Hải Phòng,Việt Nam,Gold,4,1,10,2018-06-30,2024-04-24,1
7298,customer7298@example.com,Phan Khánh,Nam,1969,50-59,Người nổi tiếng,Hà Nội,Việt Nam,Diamond,1,1,10,2016-07-08,2023-12-27,1
7299,customer7299@example.com,Nguyễn Đức,Nam,1993,30-39,Doanh nhân,TP HCM,Việt Nam,Diamond,2,1,6,2022-03-28,2023-08-29,1
7300,customer7300@example.com,Hoàng Thành,Nam,1975,40-49,Kiến trúc sư,TP HCM,Việt Nam,Silver,3,1,5,2021-07-08,2024-05-09,1
7301,customer7301@example.com,Vũ Yến,Nữ,1971,50-59,Chuyên gia tài chính,TP HCM,Expat,Gold,1,1,6,2022-09-21,2023-05-17,1
7302,customer7302@example.com,Hoàng Long,Nam,1960,60+,Luật sư,TP HCM,Việt Nam,Silver,3,1,6,2016-10-12,2023-06-11,0
7303,customer7303@example.com,Nguyễn Nga,Nữ,1995,25-29,Luật sư,Hải Phòng,Việt Nam,Platinum,3,1,5,2017-09-21,2024-05-17,1
7304,customer7304@example.com,Hồ Tuấn,Nam,1987,30-39,Chuyên gia tài chính,Hải Phòng,Việt Nam,Platinum,2,1,9,2022-01-10,2024-10-23,1
7305,customer7305@example.com,Hoàng Trung,Nam,1965,50-59,Chuyên gia tài chính,TP HCM,Việt Nam,Gold,4,1,7,2020-07-13,2024-02-13,0
7306,customer7306@example.com,Hoàng Minh,Nam,1978,40-49,Giám đốc,Hà Nội,Việt Nam,Silver,1,1,6,2023-03-24,2023-10-05,1
7307,customer7307@example.com,Đặng Tuấn,Nam,1974,50-59,Giám đốc,TP HCM,Việt Nam,Platinum,3,1,5,2015-11-12,2023-12-26,1
7308,customer7308@example.com,Vũ Thành,Nam,1983,40-49,Bác sĩ,TP HCM,Expat,Diamond,1,1,8,2017-10-26,2024-06-30,1
7309,customer7309@example.com,Bùi Quang,Nam,1996,25-29,Người nổi tiếng,Đà Nẵng,Việt Nam,Silver,2,1,10,2016-11-29,2023-11-13,1
7310,customer7310@example.com,Ngô Thành,Nam,1961,60+,Giám đốc,TP HCM,Việt Nam,Gold,3,1,3,2019-03-16,2024-06-02,1
7311,customer7311@example.com,Phan Phương,Nữ,1971,50-59,Nhà đầu tư,Hà Nội,Việt Nam,Gold,1,1,2,2022-07-25,2023-04-18,1
7312,customer7312@example.com,Phạm Trung,Nam,1966,50-59,Chuyên gia tài chính,Bình Dương,Việt Nam,Gold,2,1,8,2017-12-07,2024-11-13,1
7313,customer7313@example.com,Lê Hà,Nữ,1987,30-39,Bác sĩ,Hà Nội,Việt Nam,Silver,3,1,3,2017-09-19,2024-06-28,1
7314,customer7314@example.com,Hồ Bình,Nam,1977,40-49,Chuyên gia tài chính,TP HCM,Việt Nam,Gold,1,1,3,2022-03-11,2024-05-14,1
7315,customer7315@example.com,Hồ Tuấn,Nam,1984,40-49,Doanh nhân,TP HCM,Việt Nam,Gold,1,1,6,2021-03-29,2024-09-30,1
7316,customer7316@example.com,Phạm Lan,Nữ,1969,50-59,Kiến trúc sư,TP HCM,Việt Nam,Platinum,3,1,3,2018-05-12,2024-02-19,1
7317,customer7317@example.com,Trần Minh,Nam,1990,30-39,Nhà đầu tư,Hà Nội,Việt Nam,Silver,3,1,7,2021-01-16,2024-07-03,1
7318,customer7318@example.com,Trần Hùng,Nam,1998,25-29,Giám đốc,Đà Nẵng,Việt Nam,Gold,3,1,3,2019-10-21,2024-09-23,1
7319,customer7319@example.com,Đặng Anh,Nam,1965,50-59,Bác sĩ,Hà Nội,Việt Nam,Gold,1,1,4,2020-11-03,2023-01-07,1
7320,customer7320@example.com,Trần Bình,Nam,1975,40-49,Giám đốc,TP HCM,Việt Nam,Gold,2,1,7,2017-05-04,2023-03-18,1
7321,customer7321@example.com,Đỗ Mai,Nữ,1988,30-39,Giám đốc,Đà Nẵng,Việt Nam,Silver,2,1,9,2022-08-13,2024-05-19,1
7322,customer7322@example.com,Trần Thành,Nam,1990,30-39,Chuyên gia tài chính,TP HCM,Việt Nam,Platinum,1,1,5,2020-12-20,2024-10-14,1
7323,customer7323@example.com,Ngô Đức,Nam,1983,40-49,Bác sĩ,Hà Nội,Việt Nam,Platinum,2,1,6,2018-12-31,2024-06-10,1
7324,customer7324@example.com,Vũ Tuấn,Nam,1961,60+,Giám đốc,Hà Nội,Việt Nam,Gold,1,1,7,2023-06-22,2024-08-28,1
7325,customer7325@example.com,Vũ Linh,Nữ,1996,25-29,Nhà đầu tư,TP HCM,Việt Nam,Gold,2,1,10,2015-01-27,2023-07-31,1
7326,customer7326@example.com,Vũ Minh,Nam,1995,25-29,Doanh nhân,TP HCM,Việt Nam,Gold,4,1,7,2018-10-31,2024-10-18,0
7327,customer7327@example.com,Lê Thảo,Nữ,1985,30-39,Chuyên gia tài chính,Khánh Hòa,Việt Nam,Gold,1,1,1,2021-11-28,2023-02-07,1
7328,customer7328@example.com,Phan Yến,Nữ,1985,30-39,Chuyên gia tài chính,Hà Nội,Việt Nam,Gold,4,1,3,2020-06-28,2023-11-28,1
7329,customer7329@example.com,Trần Thảo,Nữ,1993,30-39,Luật sư,Hà Nội,Expat,Silver,3,1,6,2021-10-28,2024-08-29,1
7330,customer7330@example.com,Hoàng Việt,Nam,1991,30-39,Nhà đầu tư,TP HCM,Việt Nam,Silver,1,1,7,2022-10-19,2024-05-02,1
7331,customer7331@example.com,Dương Thu,Nữ,1981,40-49,Nhà đầu tư,Hà Nội,Việt Nam,Gold,1,1,8,2019-05-09,2023-08-07,1
7332,customer7332@example.com,Đỗ Quang,Nam,1969,50-59,Kiến trúc sư,Hà Nội,Việt Nam,Silver,3,1,10,2019-02-22,2024-10-30,1
7333,customer7333@example.com,Hoàng Việt,Nam,1985,30-39,Chuyên gia tài chính,TP HCM,Việt Nam,Platinum,4,1,4,2016-01-16,2024-06-30,1
7334,customer7334@example.com,Hồ Yến,Nữ,1967,50-59,Người nổi tiếng,TP HCM,Việt Nam,Diamond,2,1,4,2018-11-24,2023-04-26,1
7335,customer7335@example.com,Phan Thành,Nam,1996,25-29,Nhà đầu tư,Đồng Nai,Việt Nam,Platinum,3,1,6,2020-08-28,2023-04-08,1
7336,customer7336@example.com,Hồ Ánh,Nữ,1997,25-29,Giám đốc,Hà Nội,Việt Nam,Silver,3,1,4,2020-09-27,2023-02-12,1
7337,customer7337@example.com,Bùi Khánh,Nam,1983,40-49,Kiến trúc sư,TP HCM,Việt Nam,Gold,1,1,1,2017-11-18,2023-04-13,1
7338,customer7338@example.com,Đỗ Bình,Nam,1962,60+,Bác sĩ,TP HCM,Việt Nam,Diamond,3,1,9,2018-05-11,2023-02-02,1
7339,customer7339@example.com,Phạm Đức,Nam,1997,25-29,Người nổi tiếng,Hà Nội,Expat,Silver,1,1,9,2023-02-12,2023-01-11,1
7340,customer7340@example.com,Dương Linh,Nữ,1971,50-59,Chuyên gia tài chính,TP HCM,Việt Nam,Diamond,4,1,7,2019-02-16,2023-10-31,1
7341,customer7341@example.com,Nguyễn Mai,Nữ,1968,50-59,Nhà đầu tư,Hà Nội,Việt Nam,Gold,3,1,9,2015-06-10,2023-01-13,0
7342,customer7342@example.com,Hồ Phương,Nữ,1995,25-29,Giám đốc,TP HCM,Việt Nam,Gold,3,1,2,2019-08-30,2023-12-22,1
7343,customer7343@example.com,Vũ Anh,Nam,1965,50-59,Luật sư,TP HCM,Việt Nam,Silver,4,1,4,2023-05-07,2023-08-20,0
7344,customer7344@example.com,Đỗ Linh,Nữ,1992,30-39,Người nổi tiếng,TP HCM,Việt Nam,Silver,2,1,6,2023-01-05,2024-10-31,1
7345,customer7345@example.com,Đỗ Lan,Nữ,1971,50-59,Luật sư,Hà Nội,Expat,Diamond,4,1,10,2018-04-30,2024-12-15,1
7346,customer7346@example.com,Hồ Hoa,Nữ,1979,40-49,Kiến trúc sư,TP HCM,Việt Nam,Gold,4,1,6,2016-03-15,2024-01-18,1
7347,customer7347@example.com,Phạm Thảo,Nữ,1978,40-49,Chuyên gia tài chính,TP HCM,Việt Nam,Diamond,1,1,4,2018-04-15,2024-07-24,1
7348,customer7348@example.com,Vũ Đức,Nam,1977,40-49,Luật sư,TP HCM,Việt Nam,Gold,2,1,9,2022-01-22,2024-04-23,1
7349,customer7349@example.com,Hồ Phương,Nữ,1974,50-59,Kiến trúc sư,Hà Nội,Việt Nam,Platinum,1,1,8,2021-02-06,2023-11-09,1
7350,customer7350@example.com,Bùi Hằng,Nữ,1981,40-49,Bác sĩ,Bình Dương,Việt Nam,Gold,3,1,4,2017-05-13,2023-04-08,1
7351,customer7351@example.com,Đặng Yến,Nữ,1977,40-49,Nhà đầu tư,Khánh Hòa,Việt Nam,Silver,4,1,1,2023-04-16,2024-05-15,1
7352,customer7352@example.com,Đỗ Thành,Nam,1975,40-49,Doanh nhân,TP HCM,Việt Nam,Silver,2,1,4,2016-02-01,2024-01-10,1
7353,customer7353@example.com,Hoàng Hằng,Nữ,1960,60+,Bác sĩ,Đồng Nai,Việt Nam,Gold,2,1,7,2020-08-28,2024-05-30,1
7354,customer7354@example.com,Trần Anh,Nam,1962,60+,Giám đốc,Quảng Ninh,Việt Nam,Gold,1,1,7,2018-02-19,2023-03-27,1
7355,customer7355@example.com,Dương Hoa,Nữ,1992,30-39,Luật sư,TP HCM,Việt Nam,Diamond,4,1,4,2015-10-21,2023-04-27,1
7356,customer7356@example.com,Lê Trang,Nữ,1997,25-29,Giám đốc,TP HCM,Expat,Silver,4,1,1,2020-09-11,2024-07-03,1
7357,customer7357@example.com,Phan Hoa,Nữ,1975,40-49,Người nổi tiếng,TP HCM,Việt Nam,Gold,3,1,8,2020-03-06,2024-12-27,1
7358,customer7358@example.com,Đỗ Nga,Nữ,1988,30-39,Doanh nhân,Hà Nội,Expat,Diamond,1,1,6,2017-06-13,2023-07-19,1
7359,customer7359@example.com,Phan Phương,Nữ,1991,30-39,Người nổi tiếng,TP HCM,Việt Nam,Platinum,4,1,7,2021-09-27,2024-03-30,1
7360,customer7360@example.com,Lê Ngọc,Nữ,1971,50-59,Doanh nhân,Hà Nội,Việt Nam,Silver,1,1,3,2023-01-12,2023-08-14,1
7361,customer7361@example.com,Ngô Mai,Nữ,1962,60+,Kiến trúc sư,Hà Nội,Expat,Diamond,1,1,9,2020-06-01,2024-08-10,1
7362,customer7362@example.com,Lê Yến,Nữ,1997,25-29,Nhà đầu tư,TP HCM,Việt Nam,Platinum,1,1,5,2021-06-11,2023-03-22,1
7363,customer7363@example.com,Ngô Hà,Nữ,1995,25-29,Doanh nhân,Hà Nội,Việt Nam,Gold,3,1,2,2015-01-13,2023-03-14,1
7364,customer7364@example.com,Phan Ánh,Nữ,1969,50-59,Bác sĩ,TP HCM,Việt Nam,Platinum,4,1,10,2018-09-24,2024-06-14,1
7365,customer7365@example.com,Hồ Bình,Nam,1966,50-59,Chuyên gia tài chính,TP HCM,Việt Nam,Silver,4,1,3,2015-07-30,2024-09-14,1
7366,customer7366@example.com,Trần Ngọc,Nữ,1998,25-29,Người nổi tiếng,Hải Phòng,Việt Nam,Diamond,3,1,1,2015-08-01,2024-03-30,1
7367,customer7367@example.com,Ngô Việt,Nam,1970,50-59,Bác sĩ,TP HCM,Việt Nam,Gold,3,1,8,2016-09-23,2024-12-31,1
7368,customer7368@example.com,Trần Mai,Nữ,1991,30-39,Giám đốc,TP HCM,Việt Nam,Gold,3,1,9,2019-06-03,2024-07-16,0
7369,customer7369@example.com,Nguyễn Phương,Nữ,1981,40-49,Kiến trúc sư,Hà Nội,Việt Nam,Platinum,2,1,2,2020-02-11,2024-04-28,1
7370,customer7370@example.com,Đặng Thu,Nữ,1998,25-29,Giám đốc,Đồng Nai,Việt Nam,Diamond,2,1,1,2022-08-03,2023-01-29,1
7371,customer7371@example.com,Bùi Ánh,Nữ,1991,30-39,Kiến trúc sư,Hà Nội,Việt Nam,Platinum,4,1,1,2017-06-18,2023-03-04,1
7372,customer7372@example.com,Phạm Hà,Nữ,1974,50-59,Giám đốc,Hà Nội,Việt Nam,Silver,1,1,2,2017-08-03,2023-03-06,1
7373,customer7373@example.com,Lê Mai,Nữ,1978,40-49,Người nổi tiếng,Hà Nội,Việt Nam,Gold,2,1,6,2016-08-17,2023-11-05,1
7374,customer7374@example.com,Đỗ Yến,Nữ,1974,50-59,Kiến trúc sư,Hà Nội,Việt Nam,Diamond,1,1,8,2018-06-04,2023-10-03,1
7375,customer7375@example.com,Đỗ Tuấn,Nam,1967,50-59,Người nổi tiếng,TP HCM,Việt Nam,Platinum,4,1,3,2021-03-14,2024-12-29,1
7376,customer7376@example.com,Hồ Phương,Nữ,1961,60+,Kiến trúc sư,Hà Nội,Việt Nam,Diamond,3,1,6,2017-01-14,2024-08-20,1
7377,customer7377@example.com,Phạm Minh,Nam,1976,40-49,Doanh nhân,Hà Nội,Việt Nam,Silver,4,1,10,2022-09-19,2024-06-01,1
7378,customer7378@example.com,Đỗ Nga,Nữ,1980,40-49,Giám đốc,TP HCM,Việt Nam,Diamond,1,1,5,2015-03-30,2023-07-13,1
7379,customer7379@example.com,Nguyễn Ngọc,Nữ,1976,40-49,Nhà đầu tư,Bình Dương,Việt Nam,Diamond,2,1,6,2021-04-02,2024-08-28,1
7380,customer7380@example.com,Bùi Ngọc,Nữ,1978,40-49,Nhà đầu tư,Quảng Ninh,Việt Nam,Silver,1,1,7,2021-12-28,2024-06-25,1
7381,customer7381@example.com,Đặng Linh,Nữ,1989,30-39,Người nổi tiếng,Đồng Nai,Expat,Silver,3,1,2,2017-01-30,2024-10-08,1
7382,customer7382@example.com,Phan Bình,Nam,1978,40-49,Luật sư,Hà Nội,Việt Nam,Silver,2,1,6,2023-03-26,2024-12-17,1
7383,customer7383@example.com,Đặng Ánh,Nữ,1981,40-49,Luật sư,TP HCM,Việt Nam,Diamond,2,1,5,2015-10-24,2024-04-04,1
7384,customer7384@example.com,Phan Minh,Nam,1960,60+,Kiến trúc sư,Đà Nẵng,Expat,Gold,3,1,7,2019-05-27,2024-01-23,1
7385,customer7385@example.com,Phạm Hoa,Nữ,1966,50-59,Bác sĩ,Đà Nẵng,Việt Nam,Silver,2,1,7,2018-11-11,2023-09-09,1
7386,customer7386@example.com,Đặng Thành,Nam,1996,25-29,Chuyên gia tài chính,Hà Nội,Expat,Diamond,2,1,4,2017-09-26,2023-12-24,1
7387,customer7387@example.com,Nguyễn Yến,Nữ,1971,50-59,Nhà đầu tư,TP HCM,Việt Nam,Silver,2,1,4,2022-02-27,2023-11-07,1
7388,customer7388@example.com,Ngô Phương,Nữ,1983,40-49,Giám đốc,Đà Nẵng,Việt Nam,Gold,2,1,10,2018-08-06,2024-03-23,1
7389,customer7389@example.com,Hoàng Ánh,Nữ,1964,60+,Bác sĩ,Đồng Nai,Việt Nam,Silver,3,1,6,2016-02-18,2023-07-15,1
7390,customer7390@example.com,Hoàng Đức,Nam,1993,30-39,Nhà đầu tư,TP HCM,Expat,Silver,3,1,9,2022-12-28,2024-10-07,1
7391,customer7391@example.com,Đặng Thu,Nữ,1982,40-49,Chuyên gia tài chính,Hà Nội,Việt Nam,Gold,3,1,10,2021-12-27,2024-07-12,1
7392,customer7392@example.com,Trần Hùng,Nam,1963,60+,Giám đốc,TP HCM,Việt Nam,Platinum,3,1,3,2021-01-26,2023-12-10,1
7393,customer7393@example.com,Bùi Tuấn,Nam,1962,60+,Giám đốc,Hà Nội,Việt Nam,Platinum,4,1,8,2021-08-04,2024-07-20,1
7394,customer7394@example.com,Phan Hằng,Nữ,1979,40-49,Luật sư,Hà Nội,Việt Nam,Platinum,4,1,3,2023-04-13,2024-07-18,1
7395,customer7395@example.com,Phạm Việt,Nam,1996,25-29,Doanh nhân,TP HCM,Việt Nam,Gold,1,1,7,2015-07-30,2023-06-08,1
7396,customer7396@example.com,Hồ Mai,Nữ,1977,40-49,Giám đốc,TP HCM,Expat,Platinum,4,1,8,2015-10-26,2023-02-28,1
7397,customer7397@example.com,Ngô Anh,Nam,1965,50-59,Luật sư,Hà Nội,Việt Nam,Silver,1,1,4,2023-01-22,2024-11-25,1
7398,customer7398@example.com,Phạm Đức,Nam,1992,30-39,Luật sư,Hà Nội,Việt Nam,Silver,4,1,5,2016-08-03,2023-09-17,0
7399,customer7399@example.com,Đặng Long,Nam,1966,50-59,Bác sĩ,TP HCM,Việt Nam,Platinum,4,1,4,2021-02-27,2023-07-25,1
7400,customer7400@example.com,Đặng Minh,Nam,1985,30-39,Người nổi tiếng,TP HCM,Việt Nam,Platinum,1,1,10,2022-08-23,2024-08-16,1
7401,customer7401@example.com,Phan Mai,Nữ,1961,60+,Kiến trúc sư,Khánh Hòa,Việt Nam,Gold,3,1,8,2019-12-21,2024-12-15,1
7402,customer7402@example.com,Đặng Hải,Nam,1969,50-59,Người nổi tiếng,TP HCM,Việt Nam,Gold,4,1,8,2021-02-10,2023-05-03,1
7403,customer7403@example.com,Hoàng Trung,Nam,1987,30-39,Doanh nhân,Hà Nội,Expat,Platinum,2,1,9,2021-05-17,2024-03-22,1
7404,customer7404@example.com,Hồ Hằng,Nữ,1972,50-59,Người nổi tiếng,Đồng Nai,Expat,Gold,1,1,8,2016-11-04,2024-07-09,1
7405,customer7405@example.com,Đặng Ánh,Nữ,1982,40-49,Luật sư,Hà Nội,Expat,Platinum,1,1,4,2015-11-01,2023-08-18,1
7406,customer7406@example.com,Đặng Phương,Nữ,1963,60+,Bác sĩ,Hải Phòng,Việt Nam,Diamond,2,1,3,2016-11-03,2023-05-19,1
7407,customer7407@example.com,Dương Ánh,Nữ,1984,40-49,Luật sư,TP HCM,Expat,Silver,2,1,7,2019-08-12,2024-08-01,1
7408,customer7408@example.com,Đỗ Hằng,Nữ,1984,40-49,Luật sư,Khánh Hòa,Việt Nam,Platinum,1,1,6,2022-10-24,2024-09-27,1
7409,customer7409@example.com,Vũ Thu,Nữ,1997,25-29,Kiến trúc sư,TP HCM,Việt Nam,Silver,1,1,7,2020-07-29,2024-01-16,1
7410,customer7410@example.com,Phan Ánh,Nữ,1992,30-39,Nhà đầu tư,Hà Nội,Expat,Silver,1,1,10,2020-09-06,2024-05-30,1
7411,customer7411@example.com,Trần Hải,Nam,1995,25-29,Chuyên gia tài chính,Hà Nội,Việt Nam,Silver,2,1,4,2022-05-29,2023-12-30,1
7412,customer7412@example.com,Dương Long,Nam,1987,30-39,Doanh nhân,TP HCM,Việt Nam,Gold,3,1,2,2018-05-09,2024-09-06,1
7413,customer7413@example.com,Bùi Hùng,Nam,1970,50-59,Nhà đầu tư,Quảng Ninh,Việt Nam,Silver,4,1,1,2018-08-21,2023-05-23,1
7414,customer7414@example.com,Đỗ Bình,Nam,1986,30-39,Người nổi tiếng,TP HCM,Việt Nam,Silver,4,1,7,2020-02-09,2024-11-28,1
7415,customer7415@example.com,Bùi Hùng,Nam,1979,40-49,Bác sĩ,Hà Nội,Việt Nam,Diamond,3,1,7,2015-06-15,2023-11-29,1
7416,customer7416@example.com,Nguyễn Quang,Nam,1969,50-59,Chuyên gia tài chính,Hà Nội,Việt Nam,Silver,1,1,3,2017-10-27,2024-10-24,1
7417,customer7417@example.com,Phạm Quang,Nam,1982,40-49,Bác sĩ,TP HCM,Việt Nam,Gold,3,1,7,2021-09-28,2023-02-14,1
7418,customer7418@example.com,Lê Hải,Nam,1984,40-49,Nhà đầu tư,TP HCM,Việt Nam,Gold,1,1,10,2015-08-11,2023-04-22,1
7419,customer7419@example.com,Nguyễn Việt,Nam,1990,30-39,Người nổi tiếng,TP HCM,Việt Nam,Silver,1,1,8,2019-09-18,2023-10-07,1
7420,customer7420@example.com,Vũ Thu,Nữ,1962,60+,Chuyên gia tài chính,Hà Nội,Việt Nam,Platinum,1,1,8,2022-04-18,2023-03-13,1
7421,customer7421@example.com,Phan Yến,Nữ,1970,50-59,Người nổi tiếng,Hà Nội,Việt Nam,Platinum,4,1,6,2017-10-21,2023-06-04,1
7422,customer7422@example.com,Phan Quang,Nam,1961,60+,Người nổi tiếng,Hà Nội,Việt Nam,Diamond,3,1,4,2015-06-10,2023-12-02,0
7423,customer7423@example.com,Phạm Phương,Nữ,1994,30-39,Giám đốc,TP HCM,Việt Nam,Platinum,1,1,1,2021-04-11,2024-02-07,1
7424,customer7424@example.com,Đặng Phương,Nữ,1994,30-39,Người nổi tiếng,Hải Phòng,Việt Nam,Platinum,4,1,5,2016-06-27,2024-09-30,1
7425,customer7425@example.com,Trần Hải,Nam,1969,50-59,Nhà đầu tư,TP HCM,Việt Nam,Silver,2,1,8,2017-05-17,2023-02-22,1
7426,customer7426@example.com,Ngô Hà,Nữ,1975,40-49,Luật sư,Bình Dương,Expat,Diamond,2,1,5,2021-04-10,2023-11-28,1
7427,customer7427@example.com,Phan Yến,Nữ,1990,30-39,Kiến trúc sư,Quảng Ninh,Việt Nam,Gold,1,1,10,2020-05-10,2023-09-20,1
7428,customer7428@example.com,Phan Bình,Nam,1988,30-39,Bác sĩ,TP HCM,Việt Nam,Gold,3,1,4,2023-04-07,2023-03-19,1
7429,customer7429@example.com,Hoàng Linh,Nữ,1963,60+,Kiến trúc sư,Bình Dương,Việt Nam,Gold,1,1,2,2019-12-28,2024-04-17,1
7430,customer7430@example.com,Nguyễn Tuấn,Nam,1975,40-49,Kiến trúc sư,TP HCM,Việt Nam,Diamond,1,1,4,2022-09-23,2023-07-07,0
7431,customer7431@example.com,Ngô Hà,Nữ,1969,50-59,Chuyên gia tài chính,TP HCM,Việt Nam,Gold,2,1,6,2018-07-21,2023-10-30,1
7432,customer7432@example.com,Dương Tuấn,Nam,1980,40-49,Bác sĩ,TP HCM,Việt Nam,Diamond,1,1,8,2021-09-22,2024-01-28,1
7433,customer7433@example.com,Hoàng Nga,Nữ,1966,50-59,Doanh nhân,Đà Nẵng,Việt Nam,Silver,1,1,3,2018-04-02,2024-07-14,1
7434,customer7434@example.com,Trần Hải,Nam,1963,60+,Nhà đầu tư,Hà Nội,Việt Nam,Gold,1,1,2,2018-06-12,2023-08-10,1
7435,customer7435@example.com,Ngô Long,Nam,1960,60+,Kiến trúc sư,TP HCM,Việt Nam,Silver,1,1,2,2015-08-02,2023-05-06,1
7436,customer7436@example.com,Đặng Bình,Nam,1963,60+,Doanh nhân,TP HCM,Việt Nam,Diamond,2,1,10,2020-04-06,2024-01-19,1
7437,customer7437@example.com,Vũ Hải,Nam,1981,40-49,Người nổi tiếng,Hà Nội,Việt Nam,Silver,1,1,2,2016-09-05,2024-06-09,1
7438,customer7438@example.com,Lê Ngọc,Nữ,1981,40-49,Nhà đầu tư,Đà Nẵng,Expat,Gold,2,1,9,2021-11-18,2023-09-26,1
7439,customer7439@example.com,Đỗ Khánh,Nam,1987,30-39,Người nổi tiếng,Hà Nội,Expat,Platinum,4,1,10,2015-02-13,2024-07-13,1
7440,customer7440@example.com,Bùi Anh,Nam,1972,50-59,Giám đốc,Đà Nẵng,Việt Nam,Platinum,1,1,8,2021-04-16,2023-08-23,1
7441,customer7441@example.com,Phan Yến,Nữ,1982,40-49,Giám đốc,TP HCM,Việt Nam,Silver,4,1,6,2016-08-27,2023-05-23,1
7442,customer7442@example.com,Phạm Trang,Nữ,1981,40-49,Luật sư,TP HCM,Việt Nam,Gold,4,1,1,2015-10-01,2023-02-18,1
7443,customer7443@example.com,Hồ Ánh,Nữ,1985,30-39,Bác sĩ,TP HCM,Việt Nam,Platinum,4,1,2,2018-03-06,2024-03-20,1
7444,customer7444@example.com,Lê Thu,Nữ,1972,50-59,Người nổi tiếng,TP HCM,Việt Nam,Silver,3,1,6,2019-01-08,2023-02-10,1
7445,customer7445@example.com,Bùi Long,Nam,1976,40-49,Doanh nhân,Hà Nội,Việt Nam,Gold,3,1,6,2018-03-02,2023-11-15,1
7446,customer7446@example.com,Lê Yến,Nữ,1996,25-29,Người nổi tiếng,Hà Nội,Việt Nam,Diamond,4,1,9,2021-05-11,2024-06-25,1
7447,customer7447@example.com,Trần Khánh,Nam,1965,50-59,Chuyên gia tài chính,TP HCM,Việt Nam,Silver,2,1,10,2022-02-11,2024-12-09,1
7448,customer7448@example.com,Phan Bình,Nam,1998,25-29,Nhà đầu tư,Hải Phòng,Việt Nam,Silver,3,1,3,2018-07-31,2024-02-07,1
7449,customer7449@example.com,Nguyễn Minh,Nam,1993,30-39,Doanh nhân,Hà Nội,Việt Nam,Diamond,1,1,8,2018-01-22,2023-04-23,1
7450,customer7450@example.com,Đỗ Hùng,Nam,1960,60+,Doanh nhân,Hà Nội,Việt Nam,Silver,2,1,10,2022-12-07,2024-09-16,1
7451,customer7451@example.com,Dương Thu,Nữ,1978,40-49,Kiến trúc sư,TP HCM,Việt Nam,Diamond,4,1,10,2019-05-04,2023-10-19,0
7452,customer7452@example.com,Bùi Hằng,Nữ,1975,40-49,Luật sư,TP HCM,Việt Nam,Platinum,3,1,6,2023-01-22,2024-01-08,1
7453,customer7453@example.com,Nguyễn Hằng,Nữ,1990,30-39,Doanh nhân,TP HCM,Việt Nam,Gold,1,1,8,2016-04-06,2023-06-22,1
7454,customer7454@example.com,Nguyễn Hoa,Nữ,1996,25-29,Giám đốc,TP HCM,Việt Nam,Silver,3,1,9,2020-10-05,2024-04-25,1
7455,customer7455@example.com,Hồ Lan,Nữ,1980,40-49,Luật sư,Đà Nẵng,Việt Nam,Silver,3,1,3,2022-08-19,2024-12-30,1
7456,customer7456@example.com,Nguyễn Thành,Nam,1969,50-59,Giám đốc,Hà Nội,Việt Nam,Platinum,3,1,10,2021-09-03,2023-09-04,1
7457,customer7457@example.com,Ngô Việt,Nam,1960,60+,Giám đốc,Khánh Hòa,Việt Nam,Silver,1,1,2,2023-02-12,2024-05-22,1
7458,customer7458@example.com,Ngô Long,Nam,1976,40-49,Nhà đầu tư,Đà Nẵng,Việt Nam,Diamond,3,1,3,2019-06-17,2024-07-16,1
7459,customer7459@example.com,Lê Quang,Nam,1994,30-39,Giám đốc,Hải Phòng,Việt Nam,Silver,2,1,10,2015-11-23,2024-08-28,1
7460,customer7460@example.com,Đỗ Khánh,Nam,1977,40-49,Giám đốc,TP HCM,Việt Nam,Silver,1,1,1,2016-04-22,2024-01-19,1
7461,customer7461@example.com,Nguyễn Ngọc,Nữ,1988,30-39,Người nổi tiếng,Hà Nội,Việt Nam,Diamond,3,1,8,2022-01-15,2024-06-03,1
7462,customer7462@example.com,Đặng Anh,Nam,1965,50-59,Luật sư,TP HCM,Việt Nam,Silver,3,1,1,2018-12-17,2024-02-25,1
7463,customer7463@example.com,Nguyễn Mai,Nữ,1970,50-59,Kiến trúc sư,Hà Nội,Việt Nam,Platinum,3,1,10,2019-02-23,2023-05-28,1
7464,customer7464@example.com,Lê Việt,Nam,1996,25-29,Kiến trúc sư,Quảng Ninh,Việt Nam,Platinum,1,1,5,2016-09-19,2024-11-10,1
7465,customer7465@example.com,Lê Ánh,Nữ,1974,50-59,Giám đốc,Hà Nội,Expat,Gold,1,1,8,2020-07-17,2023-05-18,1
7466,customer7466@example.com,Hoàng Ngọc,Nữ,1966,50-59,Nhà đầu tư,Đồng Nai,Việt Nam,Diamond,3,1,6,2022-01-01,2023-08-13,0
7467,customer7467@example.com,Đỗ Anh,Nam,1987,30-39,Người nổi tiếng,TP HCM,Việt Nam,Silver,3,1,8,2016-11-16,2023-10-07,1
7468,customer7468@example.com,Đỗ Thành,Nam,1983,40-49,Người nổi tiếng,TP HCM,Expat,Platinum,1,1,7,2021-06-05,2024-03-11,1
7469,customer7469@example.com,Dương Quang,Nam,1967,50-59,Kiến trúc sư,Hà Nội,Việt Nam,Silver,4,1,1,2015-11-22,2024-10-25,1
7470,customer7470@example.com,Trần Trang,Nữ,1983,40-49,Doanh nhân,Đà Nẵng,Việt Nam,Silver,4,1,8,2018-09-07,2024-04-26,1
7471,customer7471@example.com,Hồ Mai,Nữ,1965,50-59,Luật sư,Hải Phòng,Việt Nam,Gold,4,1,7,2019-04-17,2023-06-12,1
7472,customer7472@example.com,Trần Hùng,Nam,1997,25-29,Nhà đầu tư,Hà Nội,Việt Nam,Gold,2,1,6,2017-02-10,2024-03-25,1
7473,customer7473@example.com,Đặng Minh,Nam,1962,60+,Giám đốc,TP HCM,Việt Nam,Platinum,1,1,7,2023-05-24,2024-07-24,1
7474,customer7474@example.com,Nguyễn Linh,Nữ,1993,30-39,Luật sư,TP HCM,Việt Nam,Silver,4,1,5,2021-05-30,2023-12-11,1
7475,customer7475@example.com,Trần Hà,Nữ,1996,25-29,Người nổi tiếng,Hà Nội,Việt Nam,Silver,1,1,8,2016-01-21,2023-10-25,1
7476,customer7476@example.com,Trần Lan,Nữ,1962,60+,Chuyên gia tài chính,TP HCM,Việt Nam,Silver,1,1,2,2017-09-19,2024-08-09,1
7477,customer7477@example.com,Dương Đức,Nam,1960,60+,Giám đốc,Hải Phòng,Việt Nam,Silver,4,1,9,2015-12-10,2023-11-15,1
7478,customer7478@example.com,Ngô Hà,Nữ,1997,25-29,Giám đốc,Hà Nội,Expat,Diamond,3,1,4,2023-03-22,2023-06-01,1
7479,customer7479@example.com,Hoàng Tuấn,Nam,1966,50-59,Kiến trúc sư,Hà Nội,Việt Nam,Gold,3,1,5,2017-02-06,2024-08-10,1
7480,customer7480@example.com,Phạm Thành,Nam,1983,40-49,Kiến trúc sư,Hà Nội,Việt Nam,Silver,1,1,10,2020-05-24,2023-11-17,1
7481,customer7481@example.com,Ngô Hằng,Nữ,1961,60+,Nhà đầu tư,Khánh Hòa,Việt Nam,Platinum,2,1,2,2016-02-12,2023-08-17,1
7482,customer7482@example.com,Phạm Bình,Nam,1986,30-39,Người nổi tiếng,Hà Nội,Việt Nam,Gold,1,1,10,2017-12-17,2023-06-26,1
7483,customer7483@example.com,Lê Lan,Nữ,1968,50-59,Kiến trúc sư,Hải Phòng,Việt Nam,Silver,1,1,7,2016-12-12,2023-08-26,0
7484,customer7484@example.com,Hoàng Thu,Nữ,1961,60+,Bác sĩ,Khánh Hòa,Việt Nam,Silver,3,1,8,2022-11-18,2023-07-25,1
7485,customer7485@example.com,Hồ Nga,Nữ,1987,30-39,Bác sĩ,Đà Nẵng,Việt Nam,Platinum,3,1,10,2021-09-17,2024-07-19,1
7486,customer7486@example.com,Đỗ Phương,Nữ,1965,50-59,Giám đốc,TP HCM,Expat,Gold,4,1,7,2015-02-27,2024-03-14,1
7487,customer7487@example.com,Đặng Tuấn,Nam,1989,30-39,Kiến trúc sư,Hà Nội,Việt Nam,Silver,1,1,6,2017-05-10,2024-09-20,1
7488,customer7488@example.com,Bùi Ngọc,Nữ,1962,60+,Nhà đầu tư,Hà Nội,Việt Nam,Gold,3,1,1,2022-02-21,2023-03-20,1
7489,customer7489@example.com,Dương Trung,Nam,1978,40-49,Nhà đầu tư,Đồng Nai,Việt Nam,Diamond,3,1,6,2019-04-14,2023-03-30,1
7490,customer7490@example.com,Hoàng Trung,Nam,1975,40-49,Luật sư,Đà Nẵng,Việt Nam,Diamond,3,1,6,2022-10-27,2023-02-01,1
7491,customer7491@example.com,Đỗ Đức,Nam,1960,60+,Bác sĩ,TP HCM,Việt Nam,Gold,4,1,4,2023-05-20,2024-02-13,1
7492,customer7492@example.com,Đỗ Ánh,Nữ,1993,30-39,Doanh nhân,Khánh Hòa,Việt Nam,Gold,2,1,3,2017-04-13,2023-04-08,1
7493,customer7493@example.com,Hồ Tuấn,Nam,1966,50-59,Chuyên gia tài chính,Hà Nội,Việt Nam,Silver,3,1,5,2022-02-02,2023-10-28,0
7494,customer7494@example.com,Dương Hoa,Nữ,1968,50-59,Giám đốc,Bình Dương,Việt Nam,Diamond,3,1,10,2019-03-30,2024-02-11,1
7495,customer7495@example.com,Dương Trang,Nữ,1996,25-29,Chuyên gia tài chính,TP HCM,Việt Nam,Gold,3,1,4,2015-06-28,2023-03-14,1
7496,customer7496@example.com,Phạm Phương,Nữ,1973,50-59,Chuyên gia tài chính,TP HCM,Expat,Gold,4,1,9,2021-09-27,2024-05-10,1
7497,customer7497@example.com,Trần Mai,Nữ,1984,40-49,Người nổi tiếng,Hải Phòng,Việt Nam,Gold,3,1,10,2016-10-17,2023-11-15,1
7498,customer7498@example.com,Nguyễn Việt,Nam,1960,60+,Nhà đầu tư,TP HCM,Việt Nam,Silver,1,1,4,2019-08-19,2024-02-21,1
7499,customer7499@example.com,Vũ Quang,Nam,1986,30-39,Giám đốc,Hà Nội,Việt Nam,Silver,1,1,8,2018-01-22,2024-01-10,1
7500,customer7500@example.com,Đặng Bình,Nam,1976,40-49,Luật sư,Hà Nội,Việt Nam,Platinum,4,1,1,2015-01-12,2023-08-25,0
7501,customer7501@example.com,Đặng Linh,Nữ,1997,25-29,Người nổi tiếng,Hà Nội,Việt Nam,Platinum,3,1,6,2018-12-15,2023-04-29,1
7502,customer7502@example.com,Dương Khánh,Nam,1974,50-59,Bác sĩ,Hà Nội,Việt Nam,Gold,3,1,1,2021-10-01,2024-07-07,0
7503,customer7503@example.com,Hồ Trang,Nữ,1963,60+,Chuyên gia tài chính,TP HCM,Expat,Silver,1,1,5,2018-08-27,2024-03-28,1
7504,customer7504@example.com,Trần Thảo,Nữ,1991,30-39,Luật sư,TP HCM,Việt Nam,Silver,3,1,2,2018-07-17,2024-06-04,1
7505,customer7505@example.com,Vũ Nga,Nữ,1974,50-59,Nhà đầu tư,Khánh Hòa,Việt Nam,Platinum,4,1,10,2020-05-31,2024-10-05,1
7506,customer7506@example.com,Lê Bình,Nam,1961,60+,Giám đốc,Hà Nội,Việt Nam,Silver,4,1,2,2022-01-09,2024-06-14,1
7507,customer7507@example.com,Phan Long,Nam,1961,60+,Doanh nhân,Hà Nội,Việt Nam,Silver,4,1,7,2023-06-24,2024-07-05,1
7508,customer7508@example.com,Trần Linh,Nữ,1979,40-49,Bác sĩ,Hà Nội,Việt Nam,Silver,4,1,8,2021-04-22,2023-03-19,1
7509,customer7509@example.com,Đỗ Trang,Nữ,1973,50-59,Luật sư,TP HCM,Việt Nam,Gold,3,1,8,2019-08-05,2023-12-24,0
7510,customer7510@example.com,Vũ Thu,Nữ,1991,30-39,Kiến trúc sư,Hải Phòng,Việt Nam,Silver,2,1,9,2019-09-05,2024-05-06,1
7511,customer7511@example.com,Lê Anh,Nam,1987,30-39,Người nổi tiếng,Quảng Ninh,Việt Nam,Silver,2,1,4,2020-05-02,2024-11-08,1
7512,customer7512@example.com,Đặng Trang,Nữ,1965,50-59,Giám đốc,Hải Phòng,Việt Nam,Diamond,2,1,3,2016-08-22,2024-07-21,1
7513,customer7513@example.com,Bùi Hùng,Nam,1972,50-59,Kiến trúc sư,Hà Nội,Việt Nam,Silver,4,1,4,2022-09-15,2023-10-19,1
7514,customer7514@example.com,Lê Bình,Nam,1986,30-39,Chuyên gia tài chính,TP HCM,Việt Nam,Silver,3,1,3,2021-09-13,2023-08-16,1
7515,customer7515@example.com,Ngô Nga,Nữ,1976,40-49,Bác sĩ,Bình Dương,Việt Nam,Silver,1,1,8,2018-11-26,2024-08-31,1
7516,customer7516@example.com,Dương Anh,Nam,1988,30-39,Luật sư,Hà Nội,Việt Nam,Silver,1,1,3,2018-03-25,2023-01-15,1
7517,customer7517@example.com,Phạm Hằng,Nữ,1963,60+,Doanh nhân,TP HCM,Việt Nam,Silver,4,1,6,2022-10-28,2024-06-20,1
7518,customer7518@example.com,Ngô Nga,Nữ,1982,40-49,Bác sĩ,TP HCM,Việt Nam,Silver,2,1,2,2021-11-23,2024-09-10,1
7519,customer7519@example.com,Phan Nga,Nữ,1974,50-59,Bác sĩ,Hà Nội,Việt Nam,Platinum,3,1,9,2023-01-31,2024-03-05,1
7520,customer7520@example.com,Phạm Hà,Nữ,1961,60+,Chuyên gia tài chính,TP HCM,Việt Nam,Silver,3,1,9,2019-04-10,2024-10-30,0
7521,customer7521@example.com,Vũ Anh,Nam,1965,50-59,Luật sư,Hà Nội,Việt Nam,Silver,2,1,2,2021-11-22,2024-08-23,1
7522,customer7522@example.com,Vũ Khánh,Nam,1998,25-29,Doanh nhân,TP HCM,Việt Nam,Silver,4,1,7,2015-10-22,2023-09-28,1
7523,customer7523@example.com,Lê Hùng,Nam,1984,40-49,Kiến trúc sư,Đà Nẵng,Việt Nam,Gold,2,1,5,2022-09-16,2023-05-09,1
7524,customer7524@example.com,Hồ Hoa,Nữ,1967,50-59,Chuyên gia tài chính,Hà Nội,Việt Nam,Silver,3,1,2,2019-02-06,2024-10-11,1
7525,customer7525@example.com,Đặng Quang,Nam,1989,30-39,Chuyên gia tài chính,Đà Nẵng,Việt Nam,Gold,2,1,6,2017-10-14,2023-06-08,1
7526,customer7526@example.com,Phan Hà,Nữ,1970,50-59,Kiến trúc sư,TP HCM,Việt Nam,Gold,4,1,7,2016-12-10,2023-11-04,1
7527,customer7527@example.com,Dương Thành,Nam,1998,25-29,Nhà đầu tư,TP HCM,Việt Nam,Gold,2,1,9,2021-04-17,2024-11-19,1
7528,customer7528@example.com,Trần Bình,Nam,1993,30-39,Doanh nhân,Hà Nội,Việt Nam,Silver,3,1,3,2016-09-04,2023-10-29,1
7529,customer7529@example.com,Vũ Bình,Nam,1965,50-59,Bác sĩ,Hà Nội,Việt Nam,Gold,3,1,7,2015-12-27,2024-11-12,0
7530,customer7530@example.com,Lê Hằng,Nữ,1970,50-59,Chuyên gia tài chính,TP HCM,Việt Nam,Silver,4,1,7,2022-01-03,2023-09-21,1
7531,customer7531@example.com,Phan Quang,Nam,1983,40-49,Bác sĩ,TP HCM,Expat,Gold,2,1,4,2021-03-21,2023-09-18,1
7532,customer7532@example.com,Trần Phương,Nữ,1970,50-59,Chuyên gia tài chính,Đà Nẵng,Việt Nam,Gold,3,1,6,2022-01-24,2024-12-14,1
7533,customer7533@example.com,Đỗ Ánh,Nữ,1987,30-39,Người nổi tiếng,TP HCM,Việt Nam,Gold,4,1,4,2019-04-29,2023-12-16,1
7534,customer7534@example.com,Ngô Quang,Nam,1991,30-39,Nhà đầu tư,Khánh Hòa,Việt Nam,Platinum,1,1,8,2019-05-01,2023-05-05,1
7535,customer7535@example.com,Ngô Trang,Nữ,1983,40-49,Doanh nhân,Bình Dương,Việt Nam,Gold,4,1,1,2021-03-29,2024-04-02,1
7536,customer7536@example.com,Trần Lan,Nữ,1962,60+,Nhà đầu tư,TP HCM,Việt Nam,Silver,3,1,5,2015-05-17,2024-01-02,1
7537,customer7537@example.com,Ngô Anh,Nam,1963,60+,Giám đốc,TP HCM,Việt Nam,Diamond,3,1,7,2018-09-01,2024-07-24,1
7538,customer7538@example.com,Dương Anh,Nam,1982,40-49,Luật sư,TP HCM,Việt Nam,Silver,4,1,6,2015-04-27,2023-07-27,1
7539,customer7539@example.com,Nguyễn Bình,Nam,1973,50-59,Doanh nhân,Đà Nẵng,Việt Nam,Gold,3,1,5,2023-05-15,2024-10-17,1
7540,customer7540@example.com,Đỗ Yến,Nữ,1993,30-39,Luật sư,Đà Nẵng,Expat,Platinum,2,1,9,2021-08-06,2023-12-03,1
7541,customer7541@example.com,Đỗ Việt,Nam,1993,30-39,Người nổi tiếng,TP HCM,Việt Nam,Platinum,4,1,6,2018-04-11,2024-05-15,1
7542,customer7542@example.com,Trần Ánh,Nữ,1963,60+,Giám đốc,TP HCM,Việt Nam,Diamond,1,1,2,2019-09-27,2024-10-03,1
7543,customer7543@example.com,Đặng Nga,Nữ,1993,30-39,Giám đốc,Hà Nội,Việt Nam,Silver,2,1,6,2017-04-09,2023-01-20,0
7544,customer7544@example.com,Hồ Thảo,Nữ,1992,30-39,Doanh nhân,Hà Nội,Việt Nam,Silver,1,1,10,2019-02-02,2024-12-30,1
7545,customer7545@example.com,Đặng Bình,Nam,1967,50-59,Kiến trúc sư,Khánh Hòa,Việt Nam,Silver,3,1,5,2017-11-07,2024-09-17,1
7546,customer7546@example.com,Phạm Khánh,Nam,1980,40-49,Doanh nhân,Hà Nội,Việt Nam,Platinum,1,1,4,2018-08-24,2024-01-13,1
7547,customer7547@example.com,Dương Anh,Nam,1986,30-39,Kiến trúc sư,Hà Nội,Việt Nam,Platinum,4,1,6,2018-08-11,2024-09-30,1
7548,customer7548@example.com,Nguyễn Hằng,Nữ,1994,30-39,Nhà đầu tư,TP HCM,Việt Nam,Silver,4,1,4,2020-10-16,2024-05-12,1
7549,customer7549@example.com,Bùi Bình,Nam,1990,30-39,Luật sư,Bình Dương,Việt Nam,Platinum,3,1,9,2015-10-18,2024-04-04,1
7550,customer7550@example.com,Phan Hà,Nữ,1981,40-49,Kiến trúc sư,Đồng Nai,Việt Nam,Platinum,1,1,2,2019-09-14,2024-01-23,1
7551,customer7551@example.com,Ngô Việt,Nam,1977,40-49,Người nổi tiếng,Hà Nội,Việt Nam,Silver,1,1,5,2017-03-16,2023-04-11,1
7552,customer7552@example.com,Đặng Minh,Nam,1996,25-29,Người nổi tiếng,Hà Nội,Việt Nam,Silver,1,1,3,2022-03-21,2023-08-11,1
7553,customer7553@example.com,Nguyễn Trung,Nam,1983,40-49,Nhà đầu tư,Hà Nội,Expat,Platinum,2,1,9,2019-08-25,2023-06-27,1
7554,customer7554@example.com,Đỗ Khánh,Nam,1995,25-29,Luật sư,Hà Nội,Expat,Platinum,1,1,8,2020-09-29,2023-05-23,1
7555,customer7555@example.com,Hồ Đức,Nam,1964,60+,Bác sĩ,Hải Phòng,Expat,Platinum,1,1,1,2022-02-26,2023-02-22,1
7556,customer7556@example.com,Phan Trung,Nam,1968,50-59,Giám đốc,TP HCM,Việt Nam,Platinum,3,1,6,2017-05-14,2023-11-02,1
7557,customer7557@example.com,Phan Hải,Nam,1961,60+,Giám đốc,Hà Nội,Việt Nam,Silver,2,1,1,2023-05-21,2024-12-02,1
7558,customer7558@example.com,Phạm Thảo,Nữ,1961,60+,Kiến trúc sư,Đà Nẵng,Việt Nam,Silver,1,1,5,2017-05-11,2024-06-06,1
7559,customer7559@example.com,Phan Thảo,Nữ,1982,40-49,Doanh nhân,TP HCM,Việt Nam,Platinum,3,1,6,2021-03-30,2024-01-20,1
7560,customer7560@example.com,Lê Hằng,Nữ,1980,40-49,Kiến trúc sư,TP HCM,Việt Nam,Silver,2,1,2,2022-07-01,2023-09-13,1
7561,customer7561@example.com,Hồ Quang,Nam,1966,50-59,Bác sĩ,Quảng Ninh,Việt Nam,Silver,2,1,6,2020-06-25,2023-12-11,1
7562,customer7562@example.com,Bùi Việt,Nam,1979,40-49,Doanh nhân,TP HCM,Việt Nam,Silver,4,1,3,2017-08-15,2024-10-17,1
7563,customer7563@example.com,Trần Trung,Nam,1986,30-39,Luật sư,Đồng Nai,Việt Nam,Silver,1,1,7,2018-04-16,2024-04-01,1
7564,customer7564@example.com,Nguyễn Lan,Nữ,1993,30-39,Giám đốc,Đà Nẵng,Expat,Silver,1,1,2,2020-03-25,2023-02-12,1
7565,customer7565@example.com,Nguyễn Khánh,Nam,1975,40-49,Kiến trúc sư,TP HCM,Việt Nam,Gold,1,1,10,2021-08-29,2024-04-17,1
7566,customer7566@example.com,Bùi Anh,Nam,1982,40-49,Kiến trúc sư,Hà Nội,Việt Nam,Diamond,4,1,6,2015-09-12,2023-09-09,1
7567,customer7567@example.com,Trần Trung,Nam,1998,25-29,Luật sư,Hà Nội,Việt Nam,Silver,1,1,10,2020-12-10,2023-03-21,0
7568,customer7568@example.com,Dương Hằng,Nữ,1976,40-49,Chuyên gia tài chính,Hải Phòng,Việt Nam,Platinum,2,1,7,2018-12-22,2023-05-18,1
7569,customer7569@example.com,Hoàng Minh,Nam,1963,60+,Nhà đầu tư,Bình Dương,Việt Nam,Platinum,2,1,10,2019-02-27,2024-01-29,1
7570,customer7570@example.com,Phạm Hải,Nam,1960,60+,Bác sĩ,Hà Nội,Expat,Platinum,3,1,5,2018-04-20,2024-04-09,1
7571,customer7571@example.com,Trần Trang,Nữ,1993,30-39,Chuyên gia tài chính,Quảng Ninh,Expat,Silver,1,1,9,2017-04-23,2024-06-10,1
7572,customer7572@example.com,Trần Quang,Nam,1966,50-59,Luật sư,Hà Nội,Việt Nam,Silver,4,1,6,2017-10-25,2023-05-04,1
7573,customer7573@example.com,Đỗ Ánh,Nữ,1968,50-59,Luật sư,TP HCM,Việt Nam,Diamond,4,1,7,2022-04-09,2023-04-01,1
7574,customer7574@example.com,Trần Long,Nam,1960,60+,Giám đốc,Hà Nội,Expat,Platinum,3,1,10,2020-08-19,2024-08-09,1
7575,customer7575@example.com,Đặng Phương,Nữ,1986,30-39,Chuyên gia tài chính,TP HCM,Việt Nam,Platinum,1,1,8,2021-12-10,2024-02-04,1
7576,customer7576@example.com,Hoàng Mai,Nữ,1963,60+,Giám đốc,Hải Phòng,Việt Nam,Silver,3,1,1,2016-05-17,2024-03-17,1
7577,customer7577@example.com,Phạm Trung,Nam,1966,50-59,Luật sư,Hà Nội,Việt Nam,Gold,4,1,10,2021-02-15,2023-10-27,1
7578,customer7578@example.com,Bùi Bình,Nam,1983,40-49,Kiến trúc sư,TP HCM,Việt Nam,Silver,2,1,5,2015-09-16,2024-05-24,1
7579,customer7579@example.com,Dương Ánh,Nữ,1966,50-59,Nhà đầu tư,Hà Nội,Việt Nam,Platinum,4,1,1,2018-03-07,2024-03-18,1
7580,customer7580@example.com,Nguyễn Hoa,Nữ,1961,60+,Kiến trúc sư,Đồng Nai,Việt Nam,Silver,4,1,1,2021-05-16,2024-10-13,1
7581,customer7581@example.com,Lê Hùng,Nam,1985,30-39,Nhà đầu tư,Hải Phòng,Việt Nam,Gold,4,1,2,2018-12-13,2024-04-18,1
7582,customer7582@example.com,Phan Anh,Nam,1982,40-49,Giám đốc,Khánh Hòa,Việt Nam,Platinum,2,1,1,2016-02-19,2024-01-29,1
7583,customer7583@example.com,Lê Phương,Nữ,1983,40-49,Nhà đầu tư,TP HCM,Việt Nam,Gold,3,1,8,2015-05-09,2023-03-25,1
7584,customer7584@example.com,Đỗ Hùng,Nam,1988,30-39,Doanh nhân,Hải Phòng,Việt Nam,Gold,4,1,5,2022-07-02,2023-06-01,1
7585,customer7585@example.com,Vũ Trung,Nam,1984,40-49,Doanh nhân,Hà Nội,Việt Nam,Gold,3,1,4,2015-09-09,2023-09-21,1
7586,customer7586@example.com,Vũ Ánh,Nữ,1998,25-29,Người nổi tiếng,Đồng Nai,Việt Nam,Platinum,1,1,6,2019-12-12,2024-01-31,0
7587,customer7587@example.com,Nguyễn Ngọc,Nữ,1960,60+,Giám đốc,Hà Nội,Việt Nam,Silver,2,1,5,2017-03-14,2023-03-12,1
7588,customer7588@example.com,Nguyễn Trung,Nam,1962,60+,Bác sĩ,Đà Nẵng,Việt Nam,Diamond,2,1,4,2018-07-03,2023-08-14,1
7589,customer7589@example.com,Nguyễn Mai,Nữ,1988,30-39,Giám đốc,TP HCM,Việt Nam,Silver,3,1,10,2023-02-20,2023-12-08,1
7590,customer7590@example.com,Hoàng Trang,Nữ,1964,60+,Nhà đầu tư,TP HCM,Expat,Gold,3,1,10,2018-05-16,2023-12-12,1
7591,customer7591@example.com,Dương Minh,Nam,1980,40-49,Luật sư,Bình Dương,Expat,Gold,4,1,8,2020-10-22,2023-02-12,1
7592,customer7592@example.com,Đặng Đức,Nam,1970,50-59,Chuyên gia tài chính,TP HCM,Việt Nam,Gold,2,1,10,2020-10-11,2024-09-23,1
7593,customer7593@example.com,Vũ Trung,Nam,1981,40-49,Luật sư,Hải Phòng,Việt Nam,Silver,4,1,4,2021-07-03,2024-12-25,1
7594,customer7594@example.com,Phan Đức,Nam,1983,40-49,Người nổi tiếng,Hà Nội,Việt Nam,Silver,2,1,2,2017-05-28,2023-11-09,1
7595,customer7595@example.com,Nguyễn Bình,Nam,1985,30-39,Luật sư,TP HCM,Việt Nam,Silver,1,1,7,2015-10-28,2023-09-06,1
7596,customer7596@example.com,Hoàng Trung,Nam,1984,40-49,Doanh nhân,Hà Nội,Expat,Diamond,1,1,8,2017-03-19,2023-07-15,1
7597,customer7597@example.com,Nguyễn Long,Nam,1978,40-49,Người nổi tiếng,TP HCM,Việt Nam,Silver,4,1,2,2016-09-23,2023-08-21,1
7598,customer7598@example.com,Đỗ Đức,Nam,1994,30-39,Luật sư,Hà Nội,Việt Nam,Silver,3,1,8,2017-11-11,2023-10-28,1
7599,customer7599@example.com,Hồ Anh,Nam,1982,40-49,Người nổi tiếng,Bình Dương,Việt Nam,Gold,4,1,3,2015-05-06,2023-09-24,1
7600,customer7600@example.com,Phan Đức,Nam,1977,40-49,Doanh nhân,Hà Nội,Việt Nam,Silver,3,1,7,2021-01-09,2024-04-29,1
7601,customer7601@example.com,Phạm Phương,Nữ,1967,50-59,Chuyên gia tài chính,Khánh Hòa,Việt Nam,Diamond,3,1,5,2017-05-16,2023-07-20,1
7602,customer7602@example.com,Hồ Trang,Nữ,1993,30-39,Giám đốc,TP HCM,Việt Nam,Platinum,1,1,10,2019-05-16,2024-03-18,1
7603,customer7603@example.com,Vũ Tuấn,Nam,1966,50-59,Chuyên gia tài chính,TP HCM,Expat,Diamond,4,1,9,2020-12-31,2023-09-21,1
7604,customer7604@example.com,Bùi Nga,Nữ,1981,40-49,Doanh nhân,TP HCM,Việt Nam,Platinum,1,1,1,2018-07-04,2024-11-18,1
7605,customer7605@example.com,Lê Yến,Nữ,1980,40-49,Kiến trúc sư,TP HCM,Việt Nam,Gold,3,1,5,2017-07-21,2024-08-11,1
7606,customer7606@example.com,Trần Minh,Nam,1982,40-49,Nhà đầu tư,TP HCM,Expat,Gold,4,1,8,2017-10-01,2024-06-18,1
7607,customer7607@example.com,Vũ Hải,Nam,1970,50-59,Chuyên gia tài chính,Đồng Nai,Việt Nam,Platinum,2,1,4,2016-03-08,2023-05-17,1
7608,customer7608@example.com,Dương Khánh,Nam,1967,50-59,Chuyên gia tài chính,Hà Nội,Expat,Diamond,1,1,6,2015-12-10,2024-03-10,1
7609,customer7609@example.com,Phạm Thảo,Nữ,1969,50-59,Luật sư,Hà Nội,Việt Nam,Silver,4,1,5,2021-12-20,2024-09-21,1
7610,customer7610@example.com,Hoàng Anh,Nam,1986,30-39,Kiến trúc sư,Hải Phòng,Việt Nam,Diamond,3,1,4,2022-11-16,2023-05-02,1
7611,customer7611@example.com,Vũ Minh,Nam,1981,40-49,Luật sư,Hà Nội,Việt Nam,Silver,2,1,6,2021-06-06,2023-12-07,1
7612,customer7612@example.com,Dương Thành,Nam,1969,50-59,Doanh nhân,TP HCM,Việt Nam,Platinum,2,1,1,2018-10-23,2024-11-23,1
7613,customer7613@example.com,Nguyễn Anh,Nam,1977,40-49,Doanh nhân,TP HCM,Việt Nam,Silver,1,1,5,2016-03-11,2023-04-01,1
7614,customer7614@example.com,Dương Linh,Nữ,1983,40-49,Luật sư,TP HCM,Việt Nam,Gold,4,1,5,2019-10-19,2023-01-17,1
7615,customer7615@example.com,Nguyễn Hà,Nữ,1992,30-39,Luật sư,Hà Nội,Việt Nam,Diamond,3,1,4,2023-04-16,2023-01-04,1
7616,customer7616@example.com,Đỗ Việt,Nam,1971,50-59,Chuyên gia tài chính,TP HCM,Việt Nam,Silver,2,1,4,2016-02-10,2023-09-22,1
7617,customer7617@example.com,Phan Hà,Nữ,1981,40-49,Chuyên gia tài chính,TP HCM,Việt Nam,Diamond,2,1,9,2021-05-15,2023-05-13,1
7618,customer7618@example.com,Vũ Phương,Nữ,1981,40-49,Doanh nhân,Đồng Nai,Việt Nam,Diamond,4,1,10,2016-06-06,2023-02-21,1
7619,customer7619@example.com,Lê Việt,Nam,1981,40-49,Người nổi tiếng,TP HCM,Việt Nam,Platinum,4,1,7,2020-04-17,2023-08-10,1
7620,customer7620@example.com,Ngô Thảo,Nữ,1994,30-39,Giám đốc,TP HCM,Việt Nam,Platinum,4,1,9,2018-08-06,2023-03-24,1
7621,customer7621@example.com,Vũ Khánh,Nam,1989,30-39,Chuyên gia tài chính,Hà Nội,Expat,Silver,2,1,6,2015-05-14,2024-06-03,1
7622,customer7622@example.com,Vũ Lan,Nữ,1993,30-39,Nhà đầu tư,TP HCM,Expat,Silver,4,1,5,2015-12-17,2023-05-06,1
7623,customer7623@example.com,Hồ Ánh,Nữ,1993,30-39,Bác sĩ,Bình Dương,Việt Nam,Platinum,1,1,7,2021-09-09,2024-07-26,1
7624,customer7624@example.com,Lê Trung,Nam,1998,25-29,Doanh nhân,Hà Nội,Expat,Silver,4,1,7,2017-01-07,2023-10-26,1
7625,customer7625@example.com,Đỗ Ngọc,Nữ,1976,40-49,Giám đốc,Bình Dương,Việt Nam,Diamond,1,1,8,2020-05-27,2023-10-04,1
7626,customer7626@example.com,Trần Trung,Nam,1969,50-59,Người nổi tiếng,Hải Phòng,Expat,Silver,2,1,5,2020-10-18,2023-07-28,1
7627,customer7627@example.com,Vũ Linh,Nữ,1992,30-39,Kiến trúc sư,Khánh Hòa,Việt Nam,Diamond,2,1,2,2017-05-09,2024-07-25,1
7628,customer7628@example.com,Trần Ánh,Nữ,1979,40-49,Người nổi tiếng,Bình Dương,Việt Nam,Gold,1,1,8,2015-09-30,2023-09-08,1
7629,customer7629@example.com,Dương Hằng,Nữ,1981,40-49,Kiến trúc sư,TP HCM,Việt Nam,Gold,2,1,5,2020-08-22,2023-10-08,1
7630,customer7630@example.com,Bùi Trung,Nam,1995,25-29,Luật sư,Đà Nẵng,Việt Nam,Platinum,3,1,5,2021-05-02,2024-07-13,0
7631,customer7631@example.com,Trần Hà,Nữ,1993,30-39,Bác sĩ,Hà Nội,Việt Nam,Platinum,4,1,8,2017-06-17,2024-08-30,1
7632,customer7632@example.com,Nguyễn Yến,Nữ,1961,60+,Nhà đầu tư,Đà Nẵng,Việt Nam,Gold,3,1,10,2021-07-11,2023-02-06,1
7633,customer7633@example.com,Phạm Hùng,Nam,1984,40-49,Bác sĩ,Hải Phòng,Việt Nam,Silver,1,1,8,2019-11-29,2024-03-11,1
7634,customer7634@example.com,Đặng Anh,Nam,1986,30-39,Giám đốc,Đồng Nai,Việt Nam,Silver,3,1,1,2020-11-01,2023-11-30,1
7635,customer7635@example.com,Trần Hà,Nữ,1962,60+,Bác sĩ,Đà Nẵng,Việt Nam,Silver,3,1,5,2016-09-03,2023-03-31,1
7636,customer7636@example.com,Bùi Thu,Nữ,1992,30-39,Doanh nhân,TP HCM,Expat,Platinum,2,1,5,2017-12-28,2024-01-11,1
7637,customer7637@example.com,Bùi Hùng,Nam,1978,40-49,Chuyên gia tài chính,Hà Nội,Việt Nam,Gold,1,1,1,2023-01-22,2024-09-25,1
7638,customer7638@example.com,Vũ Yến,Nữ,1965,50-59,Chuyên gia tài chính,Hà Nội,Việt Nam,Platinum,2,1,6,2017-11-11,2023-05-08,0
7639,customer7639@example.com,Dương Tuấn,Nam,1988,30-39,Doanh nhân,TP HCM,Việt Nam,Silver,4,1,5,2019-05-15,2023-11-17,1
7640,customer7640@example.com,Bùi Lan,Nữ,1976,40-49,Nhà đầu tư,Hà Nội,Việt Nam,Silver,3,1,7,2020-10-01,2023-02-11,1
7641,customer7641@example.com,Đặng Lan,Nữ,1961,60+,Bác sĩ,TP HCM,Expat,Gold,2,1,7,2015-06-19,2023-04-21,1
7642,customer7642@example.com,Bùi Hùng,Nam,1975,40-49,Kiến trúc sư,Hà Nội,Việt Nam,Gold,4,1,1,2020-02-28,2024-10-06,1
7643,customer7643@example.com,Ngô Hoa,Nữ,1995,25-29,Kiến trúc sư,TP HCM,Việt Nam,Silver,4,1,5,2021-05-03,2024-02-28,1
7644,customer7644@example.com,Đỗ Ánh,Nữ,1994,30-39,Người nổi tiếng,Khánh Hòa,Việt Nam,Gold,3,1,10,2019-04-05,2023-11-27,1
7645,customer7645@example.com,Nguyễn Anh,Nam,1963,60+,Doanh nhân,TP HCM,Việt Nam,Diamond,3,1,4,2018-02-07,2024-06-24,1
7646,customer7646@example.com,Bùi Trung,Nam,1979,40-49,Người nổi tiếng,TP HCM,Việt Nam,Silver,1,1,10,2015-04-23,2024-04-18,1
7647,customer7647@example.com,Đỗ Minh,Nam,1968,50-59,Bác sĩ,Đà Nẵng,Việt Nam,Platinum,1,1,4,2017-09-23,2023-05-17,1
7648,customer7648@example.com,Trần Hùng,Nam,1998,25-29,Giám đốc,Bình Dương,Việt Nam,Silver,4,1,4,2018-11-29,2024-03-10,1
7649,customer7649@example.com,Đỗ Thảo,Nữ,1964,60+,Chuyên gia tài chính,Khánh Hòa,Việt Nam,Silver,1,1,7,2021-10-31,2023-02-23,1
7650,customer7650@example.com,Phạm Yến,Nữ,1961,60+,Người nổi tiếng,Quảng Ninh,Việt Nam,Gold,4,1,7,2016-09-16,2023-07-20,1
7651,customer7651@example.com,Đặng Ngọc,Nữ,1984,40-49,Chuyên gia tài chính,Hải Phòng,Việt Nam,Silver,4,1,10,2016-06-17,2024-08-03,1
7652,customer7652@example.com,Dương Nga,Nữ,1962,60+,Người nổi tiếng,TP HCM,Expat,Gold,1,1,3,2021-04-10,2024-07-09,1
7653,customer7653@example.com,Dương Khánh,Nam,1997,25-29,Doanh nhân,Hà Nội,Expat,Platinum,4,1,2,2018-03-31,2023-03-19,1
7654,customer7654@example.com,Nguyễn Thảo,Nữ,1995,25-29,Kiến trúc sư,Hải Phòng,Việt Nam,Silver,1,1,6,2019-02-01,2024-08-19,1
7655,customer7655@example.com,Ngô Yến,Nữ,1968,50-59,Người nổi tiếng,TP HCM,Việt Nam,Gold,3,1,7,2020-03-08,2024-11-30,1
7656,customer7656@example.com,Lê Trang,Nữ,1973,50-59,Giám đốc,TP HCM,Việt Nam,Silver,3,1,8,2017-01-26,2023-09-16,1
7657,customer7657@example.com,Hồ Linh,Nữ,1976,40-49,Doanh nhân,TP HCM,Việt Nam,Silver,1,1,5,2021-09-12,2023-12-07,1
7658,customer7658@example.com,Hồ Bình,Nam,1979,40-49,Kiến trúc sư,Hải Phòng,Việt Nam,Platinum,4,1,7,2018-02-27,2023-11-12,1
7659,customer7659@example.com,Ngô Hà,Nữ,1963,60+,Người nổi tiếng,TP HCM,Việt Nam,Diamond,3,1,4,2016-08-14,2024-03-22,1
7660,customer7660@example.com,Phan Ngọc,Nữ,1968,50-59,Bác sĩ,Hải Phòng,Expat,Gold,1,1,7,2021-10-05,2024-12-06,1
7661,customer7661@example.com,Hồ Ánh,Nữ,1970,50-59,Kiến trúc sư,TP HCM,Việt Nam,Diamond,2,1,6,2020-06-07,2024-06-13,1
7662,customer7662@example.com,Dương Đức,Nam,1966,50-59,Kiến trúc sư,Hà Nội,Việt Nam,Diamond,1,1,3,2021-10-08,2024-11-17,1
7663,customer7663@example.com,Nguyễn Đức,Nam,1975,40-49,Người nổi tiếng,Hà Nội,Expat,Gold,2,1,6,2015-05-01,2023-12-26,1
7664,customer7664@example.com,Trần Thảo,Nữ,1969,50-59,Người nổi tiếng,Quảng Ninh,Việt Nam,Diamond,1,1,1,2019-09-27,2024-11-09,1
7665,customer7665@example.com,Đặng Hằng,Nữ,1984,40-49,Luật sư,TP HCM,Việt Nam,Diamond,4,1,7,2015-03-09,2024-03-19,1
7666,customer7666@example.com,Nguyễn Trang,Nữ,1968,50-59,Bác sĩ,Hà Nội,Expat,Silver,3,1,9,2020-11-23,2024-01-13,1
7667,customer7667@example.com,Hoàng Hùng,Nam,1995,25-29,Nhà đầu tư,Đà Nẵng,Việt Nam,Gold,3,1,8,2022-02-11,2023-09-20,0
7668,customer7668@example.com,Vũ Thành,Nam,1990,30-39,Giám đốc,Khánh Hòa,Việt Nam,Platinum,1,1,4,2018-08-30,2024-02-03,1
7669,customer7669@example.com,Ngô Ánh,Nữ,1998,25-29,Kiến trúc sư,Đà Nẵng,Expat,Silver,4,1,2,2016-05-11,2024-10-29,1
7670,customer7670@example.com,Đặng Ngọc,Nữ,1976,40-49,Người nổi tiếng,Hà Nội,Việt Nam,Silver,1,1,2,2020-05-26,2023-02-16,1
7671,customer7671@example.com,Đỗ Trang,Nữ,1968,50-59,Luật sư,TP HCM,Việt Nam,Gold,2,1,9,2023-06-16,2024-02-11,1
7672,customer7672@example.com,Đặng Ánh,Nữ,1964,60+,Người nổi tiếng,Hà Nội,Việt Nam,Platinum,3,1,9,2017-03-04,2024-09-06,1
7673,customer7673@example.com,Vũ Anh,Nam,1962,60+,Giám đốc,TP HCM,Việt Nam,Gold,2,1,9,2017-05-13,2024-04-09,1
7674,customer7674@example.com,Lê Trang,Nữ,1982,40-49,Bác sĩ,Khánh Hòa,Expat,Silver,3,1,6,2015-11-30,2023-11-20,1
7675,customer7675@example.com,Lê Bình,Nam,1996,25-29,Chuyên gia tài chính,Hải Phòng,Việt Nam,Platinum,4,1,8,2018-12-29,2024-06-10,1
7676,customer7676@example.com,Vũ Tuấn,Nam,1977,40-49,Chuyên gia tài chính,TP HCM,Việt Nam,Silver,1,1,2,2016-04-03,2024-02-16,1
7677,customer7677@example.com,Dương Thành,Nam,1971,50-59,Giám đốc,Hà Nội,Việt Nam,Silver,3,1,1,2018-01-20,2024-10-04,1
7678,customer7678@example.com,Vũ Ánh,Nữ,1968,50-59,Bác sĩ,Hà Nội,Việt Nam,Platinum,3,1,9,2021-05-02,2023-02-03,1
7679,customer7679@example.com,Hoàng Trang,Nữ,1997,25-29,Người nổi tiếng,TP HCM,Việt Nam,Silver,2,1,1,2019-03-24,2024-02-07,1
7680,customer7680@example.com,Phan Việt,Nam,1977,40-49,Bác sĩ,Đà Nẵng,Việt Nam,Platinum,2,1,4,2020-12-20,2023-06-15,1
7681,customer7681@example.com,Nguyễn Tuấn,Nam,1983,40-49,Chuyên gia tài chính,Bình Dương,Việt Nam,Silver,3,1,7,2023-05-24,2024-07-16,1
7682,customer7682@example.com,Phạm Bình,Nam,1981,40-49,Kiến trúc sư,Hải Phòng,Việt Nam,Platinum,4,1,7,2020-08-29,2023-04-30,1
7683,customer7683@example.com,Ngô Yến,Nữ,1977,40-49,Nhà đầu tư,Hải Phòng,Việt Nam,Gold,2,1,6,2016-10-19,2023-09-12,1
7684,customer7684@example.com,Lê Hoa,Nữ,1966,50-59,Bác sĩ,Quảng Ninh,Việt Nam,Diamond,1,1,2,2021-05-26,2023-05-22,1
7685,customer7685@example.com,Đặng Đức,Nam,1981,40-49,Người nổi tiếng,TP HCM,Việt Nam,Silver,2,1,3,2019-02-28,2024-11-27,0
7686,customer7686@example.com,Đặng Anh,Nam,1970,50-59,Giám đốc,Đồng Nai,Việt Nam,Platinum,1,1,4,2016-05-06,2023-01-13,1
7687,customer7687@example.com,Trần Việt,Nam,1991,30-39,Doanh nhân,Khánh Hòa,Việt Nam,Silver,3,1,4,2022-05-15,2023-07-18,1
7688,customer7688@example.com,Phạm Hoa,Nữ,1981,40-49,Bác sĩ,TP HCM,Việt Nam,Platinum,3,1,4,2017-06-24,2023-03-26,1
7689,customer7689@example.com,Vũ Quang,Nam,1965,50-59,Kiến trúc sư,TP HCM,Việt Nam,Platinum,1,1,8,2022-07-21,2023-09-21,1
7690,customer7690@example.com,Bùi Bình,Nam,1990,30-39,Luật sư,Hà Nội,Việt Nam,Gold,2,1,6,2020-07-25,2024-01-12,1
7691,customer7691@example.com,Hoàng Trung,Nam,1984,40-49,Bác sĩ,TP HCM,Việt Nam,Gold,4,1,9,2015-11-16,2023-01-09,1
7692,customer7692@example.com,Nguyễn Bình,Nam,1960,60+,Bác sĩ,Hà Nội,Expat,Platinum,3,1,4,2023-02-09,2023-12-10,1
7693,customer7693@example.com,Lê Hùng,Nam,1994,30-39,Giám đốc,Hà Nội,Expat,Gold,3,1,3,2021-12-04,2023-10-07,1
7694,customer7694@example.com,Trần Long,Nam,1971,50-59,Người nổi tiếng,Hà Nội,Việt Nam,Platinum,3,1,10,2018-06-07,2023-04-29,0
7695,customer7695@example.com,Bùi Thu,Nữ,1983,40-49,Người nổi tiếng,TP HCM,Việt Nam,Platinum,4,1,10,2019-06-10,2023-01-22,1
7696,customer7696@example.com,Đỗ Khánh,Nam,1997,25-29,Luật sư,TP HCM,Việt Nam,Gold,4,1,3,2021-10-01,2023-08-05,1
7697,customer7697@example.com,Đặng Thu,Nữ,1962,60+,Bác sĩ,Hải Phòng,Việt Nam,Silver,4,1,7,2021-07-06,2023-10-28,1
7698,customer7698@example.com,Phạm Hùng,Nam,1962,60+,Chuyên gia tài chính,Bình Dương,Việt Nam,Platinum,2,1,2,2018-07-02,2023-07-12,0
7699,customer7699@example.com,Vũ Lan,Nữ,1967,50-59,Chuyên gia tài chính,Hà Nội,Việt Nam,Silver,1,1,9,2017-04-12,2024-06-06,1
7700,customer7700@example.com,Hồ Việt,Nam,1978,40-49,Doanh nhân,Hà Nội,Việt Nam,Platinum,2,1,3,2022-05-10,2023-05-26,1
7701,customer7701@example.com,Bùi Anh,Nam,1969,50-59,Doanh nhân,Hà Nội,Việt Nam,Gold,2,1,5,2018-07-28,2024-06-26,0
7702,customer7702@example.com,Phạm Phương,Nữ,1970,50-59,Nhà đầu tư,Hà Nội,Việt Nam,Silver,2,1,3,2019-11-27,2023-04-14,1
7703,customer7703@example.com,Vũ Việt,Nam,1975,40-49,Nhà đầu tư,Hà Nội,Việt Nam,Platinum,3,1,5,2018-07-21,2023-06-20,1
7704,customer7704@example.com,Hồ Nga,Nữ,1961,60+,Kiến trúc sư,Đà Nẵng,Expat,Silver,2,1,8,2016-01-10,2024-01-01,1
7705,customer7705@example.com,Phan Linh,Nữ,1998,25-29,Kiến trúc sư,Đà Nẵng,Việt Nam,Diamond,2,1,9,2022-01-04,2023-04-22,1
7706,customer7706@example.com,Hoàng Bình,Nam,1980,40-49,Luật sư,TP HCM,Việt Nam,Silver,2,1,4,2019-07-06,2024-01-23,1
7707,customer7707@example.com,Phan Long,Nam,1975,40-49,Nhà đầu tư,Hà Nội,Việt Nam,Gold,3,1,4,2021-06-14,2024-12-24,1
7708,customer7708@example.com,Lê Hải,Nam,1968,50-59,Chuyên gia tài chính,TP HCM,Việt Nam,Diamond,1,1,2,2015-08-30,2023-04-26,1
7709,customer7709@example.com,Đặng Yến,Nữ,1979,40-49,Luật sư,TP HCM,Việt Nam,Silver,3,1,9,2016-07-31,2024-11-19,1
7710,customer7710@example.com,Lê Việt,Nam,1973,50-59,Nhà đầu tư,Đồng Nai,Expat,Gold,1,1,9,2023-03-20,2024-02-08,1
7711,customer7711@example.com,Dương Long,Nam,1969,50-59,Người nổi tiếng,Hà Nội,Việt Nam,Silver,2,1,5,2015-05-12,2023-05-14,1
7712,customer7712@example.com,Đỗ Phương,Nữ,1963,60+,Giám đốc,Đà Nẵng,Việt Nam,Platinum,2,1,2,2017-12-17,2023-04-05,1
7713,customer7713@example.com,Ngô Hùng,Nam,1961,60+,Giám đốc,Hải Phòng,Việt Nam,Silver,2,1,3,2018-01-18,2024-07-11,1
7714,customer7714@example.com,Lê Lan,Nữ,1976,40-49,Kiến trúc sư,Bình Dương,Expat,Gold,4,1,4,2017-05-03,2024-11-14,1
7715,customer7715@example.com,Vũ Thành,Nam,1971,50-59,Luật sư,TP HCM,Expat,Silver,2,1,5,2021-05-05,2023-12-07,1
7716,customer7716@example.com,Trần Đức,Nam,1960,60+,Nhà đầu tư,Hà Nội,Expat,Platinum,3,1,1,2023-05-17,2024-02-17,1
7717,customer7717@example.com,Ngô Ánh,Nữ,1984,40-49,Nhà đầu tư,Hà Nội,Việt Nam,Gold,1,1,1,2020-05-21,2024-02-10,1
7718,customer7718@example.com,Phạm Thảo,Nữ,1989,30-39,Doanh nhân,TP HCM,Việt Nam,Platinum,3,1,1,2019-07-02,2023-04-07,1
7719,customer7719@example.com,Vũ Ngọc,Nữ,1977,40-49,Doanh nhân,Hải Phòng,Việt Nam,Diamond,1,1,9,2018-03-30,2024-02-15,1
7720,customer7720@example.com,Lê Việt,Nam,1973,50-59,Doanh nhân,Đà Nẵng,Expat,Gold,2,1,7,2023-04-14,2023-04-03,1
7721,customer7721@example.com,Hồ Linh,Nữ,1974,50-59,Giám đốc,TP HCM,Expat,Gold,3,1,7,2017-07-17,2024-07-10,1
7722,customer7722@example.com,Vũ Ánh,Nữ,1994,30-39,Luật sư,TP HCM,Việt Nam,Diamond,3,1,5,2018-09-24,2024-12-07,1
7723,customer7723@example.com,Phan Việt,Nam,1970,50-59,Bác sĩ,TP HCM,Việt Nam,Silver,3,1,5,2017-08-01,2023-05-04,1
7724,customer7724@example.com,Phan Tuấn,Nam,1975,40-49,Kiến trúc sư,TP HCM,Việt Nam,Silver,1,1,1,2023-06-14,2024-01-20,1
7725,customer7725@example.com,Hồ Tuấn,Nam,1992,30-39,Chuyên gia tài chính,Hà Nội,Việt Nam,Platinum,3,1,3,2017-04-24,2023-09-03,1
7726,customer7726@example.com,Phạm Tuấn,Nam,1965,50-59,Người nổi tiếng,Đồng Nai,Việt Nam,Silver,4,1,7,2023-02-15,2024-08-15,1
7727,customer7727@example.com,Dương Hà,Nữ,1963,60+,Kiến trúc sư,TP HCM,Việt Nam,Silver,3,1,10,2022-12-23,2024-05-06,1
7728,customer7728@example.com,Phan Thảo,Nữ,1983,40-49,Bác sĩ,Đà Nẵng,Việt Nam,Silver,1,1,7,2017-08-11,2024-10-06,1
7729,customer7729@example.com,Trần Anh,Nam,1992,30-39,Luật sư,Hà Nội,Việt Nam,Gold,3,1,8,2016-12-29,2024-03-18,1
7730,customer7730@example.com,Đặng Ngọc,Nữ,1993,30-39,Người nổi tiếng,TP HCM,Việt Nam,Gold,2,1,8,2021-05-08,2024-05-21,1
7731,customer7731@example.com,Dương Quang,Nam,1976,40-49,Luật sư,TP HCM,Expat,Silver,2,1,3,2015-10-21,2023-03-02,1
7732,customer7732@example.com,Vũ Nga,Nữ,1982,40-49,Người nổi tiếng,TP HCM,Việt Nam,Gold,2,1,10,2022-03-05,2023-06-25,1
7733,customer7733@example.com,Phan Nga,Nữ,1965,50-59,Giám đốc,TP HCM,Việt Nam,Gold,1,1,7,2022-03-30,2024-09-16,1
7734,customer7734@example.com,Dương Linh,Nữ,1969,50-59,Giám đốc,Hà Nội,Việt Nam,Silver,2,1,6,2018-05-30,2024-06-15,1
7735,customer7735@example.com,Lê Hằng,Nữ,1962,60+,Bác sĩ,Hà Nội,Việt Nam,Diamond,3,1,9,2016-11-13,2023-02-21,1
7736,customer7736@example.com,Hoàng Thảo,Nữ,1988,30-39,Giám đốc,TP HCM,Việt Nam,Gold,3,1,1,2020-05-03,2023-03-08,1
7737,customer7737@example.com,Dương Thành,Nam,1983,40-49,Doanh nhân,Hải Phòng,Việt Nam,Gold,2,1,2,2016-02-04,2024-07-19,1
7738,customer7738@example.com,Ngô Việt,Nam,1992,30-39,Kiến trúc sư,Hà Nội,Việt Nam,Gold,1,1,4,2019-03-16,2024-01-27,1
7739,customer7739@example.com,Đỗ Trung,Nam,1986,30-39,Nhà đầu tư,Hà Nội,Việt Nam,Gold,3,1,1,2017-07-17,2023-04-23,1
7740,customer7740@example.com,Ngô Trung,Nam,1983,40-49,Chuyên gia tài chính,Đồng Nai,Việt Nam,Diamond,1,1,9,2022-07-22,2024-01-04,1
7741,customer7741@example.com,Vũ Ngọc,Nữ,1968,50-59,Người nổi tiếng,Hà Nội,Việt Nam,Gold,2,1,5,2023-06-12,2024-08-29,1
7742,customer7742@example.com,Vũ Phương,Nữ,1977,40-49,Bác sĩ,TP HCM,Việt Nam,Gold,3,1,7,2022-04-15,2023-11-30,1
7743,customer7743@example.com,Phạm Ngọc,Nữ,1963,60+,Chuyên gia tài chính,Hà Nội,Việt Nam,Diamond,1,1,5,2015-02-19,2024-04-29,1
7744,customer7744@example.com,Đặng Hoa,Nữ,1975,40-49,Doanh nhân,Hà Nội,Việt Nam,Platinum,3,1,4,2021-11-14,2023-04-03,1
7745,customer7745@example.com,Ngô Yến,Nữ,1962,60+,Doanh nhân,TP HCM,Việt Nam,Gold,1,1,6,2020-08-26,2024-03-01,1
7746,customer7746@example.com,Phan Hùng,Nam,1979,40-49,Luật sư,Hà Nội,Việt Nam,Diamond,2,1,8,2016-03-05,2024-07-25,1
7747,customer7747@example.com,Hồ Linh,Nữ,1995,25-29,Doanh nhân,TP HCM,Việt Nam,Silver,1,1,2,2016-09-20,2024-03-16,1
7748,customer7748@example.com,Đặng Phương,Nữ,1961,60+,Kiến trúc sư,Hà Nội,Việt Nam,Diamond,2,1,5,2020-12-31,2024-07-01,1
7749,customer7749@example.com,Hồ Hằng,Nữ,1977,40-49,Bác sĩ,Quảng Ninh,Expat,Diamond,1,1,5,2015-03-21,2023-03-25,1
7750,customer7750@example.com,Đỗ Long,Nam,1991,30-39,Doanh nhân,TP HCM,Việt Nam,Gold,3,1,4,2017-11-01,2024-04-25,1
7751,customer7751@example.com,Vũ Hà,Nữ,1990,30-39,Chuyên gia tài chính,Hà Nội,Việt Nam,Gold,1,1,4,2016-01-22,2023-08-19,1
7752,customer7752@example.com,Hồ Minh,Nam,1991,30-39,Luật sư,Khánh Hòa,Việt Nam,Silver,4,1,2,2016-08-24,2024-10-16,1
7753,customer7753@example.com,Dương Linh,Nữ,1985,30-39,Kiến trúc sư,TP HCM,Việt Nam,Silver,4,1,10,2017-07-14,2023-11-19,0
7754,customer7754@example.com,Trần Thảo,Nữ,1960,60+,Nhà đầu tư,TP HCM,Việt Nam,Platinum,3,1,4,2022-09-07,2024-03-02,1
7755,customer7755@example.com,Vũ Ngọc,Nữ,1984,40-49,Nhà đầu tư,Hà Nội,Việt Nam,Silver,4,1,8,2018-12-02,2024-08-07,0
7756,customer7756@example.com,Đặng Khánh,Nam,1961,60+,Bác sĩ,Đà Nẵng,Việt Nam,Gold,3,1,2,2023-06-03,2024-12-30,1
7757,customer7757@example.com,Dương Lan,Nữ,1990,30-39,Giám đốc,Hà Nội,Việt Nam,Gold,4,1,6,2020-12-14,2024-03-17,1
7758,customer7758@example.com,Ngô Thảo,Nữ,1997,25-29,Nhà đầu tư,TP HCM,Việt Nam,Diamond,3,1,3,2023-05-13,2023-06-27,1
7759,customer7759@example.com,Vũ Ngọc,Nữ,1987,30-39,Kiến trúc sư,Đà Nẵng,Việt Nam,Platinum,4,1,2,2021-09-24,2023-03-04,1
7760,customer7760@example.com,Ngô Lan,Nữ,1989,30-39,Doanh nhân,Đồng Nai,Việt Nam,Silver,3,1,7,2019-04-03,2024-06-02,1
7761,customer7761@example.com,Trần Hà,Nữ,1964,60+,Kiến trúc sư,TP HCM,Việt Nam,Platinum,3,1,9,2019-12-22,2024-05-09,1
7762,customer7762@example.com,Vũ Anh,Nam,1970,50-59,Chuyên gia tài chính,Hà Nội,Việt Nam,Platinum,1,1,1,2015-05-10,2023-07-04,1
7763,customer7763@example.com,Đặng Linh,Nữ,1987,30-39,Nhà đầu tư,Hà Nội,Việt Nam,Silver,4,1,5,2018-02-07,2023-12-12,1
7764,customer7764@example.com,Vũ Long,Nam,1975,40-49,Người nổi tiếng,Đà Nẵng,Việt Nam,Silver,3,1,7,2015-10-08,2024-12-31,1
7765,customer7765@example.com,Đỗ Nga,Nữ,1982,40-49,Nhà đầu tư,Quảng Ninh,Việt Nam,Platinum,1,1,9,2017-07-17,2023-04-26,1
7766,customer7766@example.com,Phan Hằng,Nữ,1971,50-59,Doanh nhân,Hà Nội,Việt Nam,Gold,4,1,4,2017-09-22,2024-09-26,1
7767,customer7767@example.com,Vũ Lan,Nữ,1993,30-39,Nhà đầu tư,Hà Nội,Việt Nam,Silver,3,1,5,2020-10-02,2024-05-05,1
7768,customer7768@example.com,Nguyễn Minh,Nam,1997,25-29,Bác sĩ,Đà Nẵng,Việt Nam,Platinum,1,1,5,2015-08-24,2024-08-29,1
7769,customer7769@example.com,Hoàng Mai,Nữ,1984,40-49,Kiến trúc sư,TP HCM,Expat,Gold,4,1,6,2018-04-25,2024-12-06,1
7770,customer7770@example.com,Ngô Hùng,Nam,1989,30-39,Kiến trúc sư,TP HCM,Việt Nam,Gold,1,1,6,2020-03-03,2023-10-09,1
7771,customer7771@example.com,Đặng Mai,Nữ,1976,40-49,Luật sư,Quảng Ninh,Việt Nam,Gold,1,1,8,2019-07-04,2023-03-15,1
7772,customer7772@example.com,Đặng Trung,Nam,1970,50-59,Kiến trúc sư,TP HCM,Việt Nam,Silver,4,1,2,2016-02-07,2023-04-17,1
7773,customer7773@example.com,Hồ Trang,Nữ,1988,30-39,Giám đốc,Hà Nội,Việt Nam,Silver,3,1,7,2015-11-30,2024-10-01,1
7774,customer7774@example.com,Nguyễn Minh,Nam,1976,40-49,Giám đốc,Đà Nẵng,Việt Nam,Gold,3,1,6,2023-01-05,2023-11-12,1
7775,customer7775@example.com,Lê Quang,Nam,1989,30-39,Người nổi tiếng,Quảng Ninh,Expat,Silver,2,1,10,2017-04-25,2023-10-18,0
7776,customer7776@example.com,Trần Hoa,Nữ,1970,50-59,Người nổi tiếng,Hà Nội,Việt Nam,Platinum,4,1,1,2016-08-16,2024-02-29,1
7777,customer7777@example.com,Nguyễn Quang,Nam,1979,40-49,Bác sĩ,Hà Nội,Expat,Gold,2,1,2,2019-12-15,2024-11-21,1
7778,customer7778@example.com,Bùi Phương,Nữ,1976,40-49,Người nổi tiếng,Hà Nội,Việt Nam,Silver,4,1,7,2022-01-22,2024-10-18,1
7779,customer7779@example.com,Bùi Quang,Nam,1996,25-29,Người nổi tiếng,TP HCM,Việt Nam,Silver,1,1,4,2017-04-04,2023-02-10,1
7780,customer7780@example.com,Phan Bình,Nam,1971,50-59,Chuyên gia tài chính,Khánh Hòa,Việt Nam,Gold,1,1,10,2022-05-05,2023-08-05,1
7781,customer7781@example.com,Hồ Hải,Nam,1967,50-59,Kiến trúc sư,Đà Nẵng,Việt Nam,Diamond,4,1,3,2019-08-03,2024-08-01,1
7782,customer7782@example.com,Đỗ Thu,Nữ,1966,50-59,Chuyên gia tài chính,Hà Nội,Expat,Diamond,3,1,5,2020-01-18,2024-03-04,1
7783,customer7783@example.com,Hoàng Hùng,Nam,1996,25-29,Chuyên gia tài chính,TP HCM,Expat,Silver,3,1,10,2015-07-21,2023-09-09,1
7784,customer7784@example.com,Lê Anh,Nam,1986,30-39,Bác sĩ,Hà Nội,Việt Nam,Silver,2,1,10,2023-06-14,2024-11-14,1
7785,customer7785@example.com,Đặng Tuấn,Nam,1993,30-39,Người nổi tiếng,TP HCM,Việt Nam,Platinum,1,1,5,2015-05-23,2023-06-14,1
7786,customer7786@example.com,Ngô Bình,Nam,1961,60+,Luật sư,Hà Nội,Việt Nam,Platinum,2,1,7,2020-05-22,2024-05-15,1
7787,customer7787@example.com,Đỗ Ngọc,Nữ,1975,40-49,Giám đốc,TP HCM,Việt Nam,Silver,2,1,5,2022-12-25,2023-03-08,0
7788,customer7788@example.com,Bùi Hằng,Nữ,1968,50-59,Kiến trúc sư,TP HCM,Việt Nam,Silver,4,1,7,2015-11-28,2024-11-25,1
7789,customer7789@example.com,Bùi Mai,Nữ,1993,30-39,Kiến trúc sư,Bình Dương,Việt Nam,Platinum,4,1,5,2016-06-25,2024-02-13,1
7790,customer7790@example.com,Đỗ Long,Nam,1987,30-39,Chuyên gia tài chính,TP HCM,Việt Nam,Platinum,4,1,2,2017-09-30,2023-04-15,1
7791,customer7791@example.com,Ngô Phương,Nữ,1964,60+,Chuyên gia tài chính,TP HCM,Việt Nam,Gold,2,1,1,2023-03-16,2023-04-29,1
7792,customer7792@example.com,Dương Hùng,Nam,1991,30-39,Luật sư,Hà Nội,Việt Nam,Gold,2,1,7,2020-08-23,2024-01-04,1
7793,customer7793@example.com,Ngô Trang,Nữ,1978,40-49,Kiến trúc sư,Hà Nội,Việt Nam,Platinum,4,1,7,2022-06-19,2023-09-17,1
7794,customer7794@example.com,Nguyễn Mai,Nữ,1996,25-29,Kiến trúc sư,TP HCM,Việt Nam,Diamond,3,1,6,2015-07-10,2023-05-09,1
7795,customer7795@example.com,Ngô Yến,Nữ,1964,60+,Luật sư,Hà Nội,Việt Nam,Gold,2,1,4,2018-09-23,2023-06-18,1
7796,customer7796@example.com,Bùi Trang,Nữ,1993,30-39,Doanh nhân,TP HCM,Việt Nam,Platinum,4,1,4,2016-01-16,2023-11-08,1
7797,customer7797@example.com,Phan Hùng,Nam,1993,30-39,Nhà đầu tư,TP HCM,Việt Nam,Diamond,2,1,5,2017-07-25,2024-08-05,0
7798,customer7798@example.com,Đỗ Anh,Nam,1982,40-49,Người nổi tiếng,TP HCM,Việt Nam,Diamond,2,1,2,2021-11-01,2023-03-27,1
7799,customer7799@example.com,Đỗ Hằng,Nữ,1971,50-59,Kiến trúc sư,TP HCM,Expat,Gold,4,1,3,2023-05-15,2024-02-19,0
7800,customer7800@example.com,Đặng Khánh,Nam,1993,30-39,Doanh nhân,Hải Phòng,Việt Nam,Platinum,2,1,9,2018-08-21,2023-03-08,1
7801,customer7801@example.com,Đỗ Minh,Nam,1968,50-59,Người nổi tiếng,Hà Nội,Việt Nam,Gold,3,1,10,2018-07-28,2024-06-12,1
7802,customer7802@example.com,Phan Yến,Nữ,1975,40-49,Kiến trúc sư,TP HCM,Việt Nam,Silver,4,1,8,2021-06-23,2023-04-04,1
7803,customer7803@example.com,Đỗ Thảo,Nữ,1963,60+,Luật sư,Hà Nội,Việt Nam,Gold,3,1,6,2019-08-02,2024-07-01,1
7804,customer7804@example.com,Bùi Nga,Nữ,1985,30-39,Người nổi tiếng,TP HCM,Việt Nam,Gold,4,1,4,2017-12-25,2023-02-05,1
7805,customer7805@example.com,Đỗ Anh,Nam,1962,60+,Người nổi tiếng,Hà Nội,Việt Nam,Gold,2,1,3,2016-09-14,2024-04-18,1
7806,customer7806@example.com,Dương Thảo,Nữ,1997,25-29,Người nổi tiếng,Hà Nội,Việt Nam,Platinum,2,1,5,2022-06-06,2023-02-02,1
7807,customer7807@example.com,Hồ Trang,Nữ,1986,30-39,Kiến trúc sư,TP HCM,Việt Nam,Platinum,1,1,8,2022-12-23,2023-07-16,1
7808,customer7808@example.com,Phạm Thảo,Nữ,1977,40-49,Người nổi tiếng,TP HCM,Expat,Silver,2,1,10,2020-09-27,2023-02-23,1
7809,customer7809@example.com,Phan Phương,Nữ,1980,40-49,Doanh nhân,Hà Nội,Việt Nam,Platinum,3,1,2,2019-11-11,2023-07-21,1
7810,customer7810@example.com,Nguyễn Yến,Nữ,1969,50-59,Người nổi tiếng,Bình Dương,Việt Nam,Diamond,2,1,7,2015-11-24,2024-03-18,1
7811,customer7811@example.com,Hồ Linh,Nữ,1998,25-29,Bác sĩ,Hà Nội,Việt Nam,Diamond,3,1,9,2023-01-04,2024-06-13,1
7812,customer7812@example.com,Lê Khánh,Nam,1977,40-49,Người nổi tiếng,TP HCM,Expat,Gold,1,1,1,2021-01-07,2023-09-10,0
7813,customer7813@example.com,Phan Đức,Nam,1990,30-39,Người nổi tiếng,Bình Dương,Expat,Platinum,2,1,3,2020-04-17,2024-02-15,1
7814,customer7814@example.com,Vũ Tuấn,Nam,1975,40-49,Nhà đầu tư,Bình Dương,Việt Nam,Silver,2,1,8,2021-02-04,2024-06-18,1
7815,customer7815@example.com,Hồ Ngọc,Nữ,1976,40-49,Bác sĩ,Hải Phòng,Expat,Silver,4,1,8,2017-04-24,2023-01-19,1
7816,customer7816@example.com,Nguyễn Đức,Nam,1987,30-39,Giám đốc,TP HCM,Việt Nam,Platinum,3,1,6,2015-11-12,2024-05-23,1
7817,customer7817@example.com,Dương Hải,Nam,1962,60+,Giám đốc,TP HCM,Expat,Gold,4,1,5,2021-09-01,2023-09-19,1
7818,customer7818@example.com,Trần Thành,Nam,1973,50-59,Giám đốc,Hà Nội,Việt Nam,Diamond,4,1,4,2016-02-02,2024-09-29,1
7819,customer7819@example.com,Dương Hằng,Nữ,1982,40-49,Luật sư,Hà Nội,Việt Nam,Gold,3,1,6,2023-05-09,2024-03-21,1
7820,customer7820@example.com,Phạm Hà,Nữ,1986,30-39,Kiến trúc sư,TP HCM,Việt Nam,Silver,4,1,3,2016-06-25,2023-08-02,1
7821,customer7821@example.com,Dương Thành,Nam,1961,60+,Chuyên gia tài chính,Khánh Hòa,Việt Nam,Diamond,4,1,1,2019-01-11,2024-03-12,1
7822,customer7822@example.com,Dương Minh,Nam,1970,50-59,Luật sư,Hà Nội,Expat,Diamond,2,1,4,2017-09-27,2023-04-01,1
7823,customer7823@example.com,Nguyễn Yến,Nữ,1995,25-29,Giám đốc,Hà Nội,Việt Nam,Diamond,4,1,1,2017-03-29,2023-11-11,1
7824,customer7824@example.com,Đặng Đức,Nam,1989,30-39,Luật sư,Hải Phòng,Việt Nam,Gold,2,1,6,2021-08-21,2024-02-19,1
7825,customer7825@example.com,Hồ Yến,Nữ,1985,30-39,Luật sư,TP HCM,Việt Nam,Silver,3,1,3,2019-06-21,2024-06-04,1
7826,customer7826@example.com,Phan Hằng,Nữ,1984,40-49,Kiến trúc sư,Hà Nội,Việt Nam,Diamond,2,1,1,2017-10-03,2024-04-24,1
7827,customer7827@example.com,Hồ Khánh,Nam,1961,60+,Nhà đầu tư,TP HCM,Việt Nam,Silver,3,1,9,2022-11-02,2023-10-01,0
7828,customer7828@example.com,Hồ Đức,Nam,1974,50-59,Luật sư,TP HCM,Việt Nam,Gold,2,1,9,2018-01-01,2023-06-25,1
7829,customer7829@example.com,Đặng Ánh,Nữ,1965,50-59,Người nổi tiếng,Bình Dương,Việt Nam,Gold,3,1,9,2020-10-19,2024-12-18,1
7830,customer7830@example.com,Trần Quang,Nam,1994,30-39,Chuyên gia tài chính,Khánh Hòa,Việt Nam,Platinum,4,1,4,2019-03-25,2024-06-09,1
7831,customer7831@example.com,Hoàng Nga,Nữ,1970,50-59,Người nổi tiếng,Đà Nẵng,Expat,Silver,1,1,7,2022-03-14,2023-10-22,1
7832,customer7832@example.com,Vũ Hùng,Nam,1991,30-39,Nhà đầu tư,TP HCM,Việt Nam,Platinum,2,1,7,2019-11-24,2023-09-17,1
7833,customer7833@example.com,Đỗ Ánh,Nữ,1964,60+,Người nổi tiếng,TP HCM,Việt Nam,Diamond,2,1,7,2019-08-28,2023-09-03,1
7834,customer7834@example.com,Dương Bình,Nam,1980,40-49,Doanh nhân,TP HCM,Việt Nam,Platinum,4,1,9,2022-02-07,2024-05-14,1
7835,customer7835@example.com,Lê Thành,Nam,1979,40-49,Luật sư,Hà Nội,Việt Nam,Platinum,2,1,6,2019-11-24,2023-06-15,1
7836,customer7836@example.com,Trần Hùng,Nam,1990,30-39,Giám đốc,Hải Phòng,Việt Nam,Platinum,1,1,7,2015-01-12,2023-10-31,1
7837,customer7837@example.com,Vũ Việt,Nam,1998,25-29,Bác sĩ,Khánh Hòa,Việt Nam,Platinum,1,1,2,2017-04-30,2023-10-18,1
7838,customer7838@example.com,Phan Khánh,Nam,1986,30-39,Chuyên gia tài chính,Hà Nội,Việt Nam,Diamond,4,1,9,2017-02-28,2023-10-12,1
7839,customer7839@example.com,Phan Bình,Nam,1996,25-29,Giám đốc,Hà Nội,Việt Nam,Silver,4,1,1,2021-10-27,2023-01-14,1
7840,customer7840@example.com,Hồ Phương,Nữ,1970,50-59,Người nổi tiếng,Đồng Nai,Việt Nam,Silver,1,1,8,2020-04-12,2023-06-04,1
7841,customer7841@example.com,Ngô Đức,Nam,1993,30-39,Bác sĩ,TP HCM,Việt Nam,Gold,1,1,2,2017-09-23,2023-04-07,1
7842,customer7842@example.com,Vũ Hải,Nam,1974,50-59,Kiến trúc sư,Đồng Nai,Việt Nam,Platinum,2,1,9,2015-11-17,2024-03-07,1
7843,customer7843@example.com,Phạm Thu,Nữ,1982,40-49,Nhà đầu tư,TP HCM,Việt Nam,Gold,1,1,2,2017-09-04,2024-05-16,1
7844,customer7844@example.com,Bùi Bình,Nam,1983,40-49,Giám đốc,Hà Nội,Expat,Silver,2,1,3,2023-02-13,2024-04-03,1
7845,customer7845@example.com,Đỗ Hải,Nam,1963,60+,Người nổi tiếng,Hà Nội,Việt Nam,Diamond,3,1,3,2015-04-11,2024-02-24,1
7846,customer7846@example.com,Hoàng Trung,Nam,1971,50-59,Kiến trúc sư,Hà Nội,Việt Nam,Platinum,3,1,3,2015-04-23,2024-08-01,1
7847,customer7847@example.com,Dương Phương,Nữ,1961,60+,Người nổi tiếng,TP HCM,Việt Nam,Gold,2,1,10,2017-01-27,2024-12-07,1
7848,customer7848@example.com,Lê Anh,Nam,1965,50-59,Luật sư,TP HCM,Việt Nam,Diamond,2,1,9,2016-09-14,2024-06-02,1
7849,customer7849@example.com,Bùi Trang,Nữ,1991,30-39,Người nổi tiếng,Hà Nội,Expat,Silver,1,1,4,2018-11-25,2024-05-03,1
7850,customer7850@example.com,Ngô Hải,Nam,1997,25-29,Doanh nhân,Quảng Ninh,Việt Nam,Diamond,4,1,9,2020-09-22,2024-02-20,1
7851,customer7851@example.com,Đặng Thảo,Nữ,1961,60+,Giám đốc,TP HCM,Việt Nam,Gold,4,1,7,2017-09-04,2023-04-14,1
7852,customer7852@example.com,Đặng Long,Nam,1985,30-39,Nhà đầu tư,TP HCM,Việt Nam,Platinum,1,1,4,2018-04-14,2024-08-30,1
7853,customer7853@example.com,Lê Ngọc,Nữ,1962,60+,Người nổi tiếng,TP HCM,Việt Nam,Gold,1,1,5,2021-04-09,2023-02-19,1
7854,customer7854@example.com,Ngô Đức,Nam,1978,40-49,Doanh nhân,TP HCM,Expat,Silver,2,1,6,2023-04-19,2023-12-30,1
7855,customer7855@example.com,Đặng Tuấn,Nam,1984,40-49,Doanh nhân,TP HCM,Việt Nam,Silver,2,1,2,2021-04-13,2024-09-20,1
7856,customer7856@example.com,Vũ Đức,Nam,1969,50-59,Giám đốc,Hà Nội,Việt Nam,Platinum,1,1,9,2022-08-27,2024-02-23,1
7857,customer7857@example.com,Lê Phương,Nữ,1986,30-39,Bác sĩ,Hà Nội,Việt Nam,Gold,2,1,7,2019-09-18,2024-03-28,1
7858,customer7858@example.com,Bùi Linh,Nữ,1974,50-59,Người nổi tiếng,TP HCM,Việt Nam,Silver,4,1,4,2018-05-10,2024-02-12,1
7859,customer7859@example.com,Bùi Việt,Nam,1966,50-59,Chuyên gia tài chính,Đồng Nai,Việt Nam,Diamond,3,1,8,2021-05-07,2023-11-18,1
7860,customer7860@example.com,Vũ Trung,Nam,1995,25-29,Luật sư,TP HCM,Việt Nam,Silver,2,1,9,2019-02-20,2023-09-25,1
7861,customer7861@example.com,Đỗ Hải,Nam,1993,30-39,Kiến trúc sư,Hải Phòng,Việt Nam,Platinum,3,1,9,2018-11-18,2024-01-22,1
7862,customer7862@example.com,Nguyễn Hà,Nữ,1992,30-39,Kiến trúc sư,Bình Dương,Việt Nam,Gold,1,1,9,2021-08-10,2024-10-18,1
7863,customer7863@example.com,Đỗ Minh,Nam,1969,50-59,Giám đốc,TP HCM,Expat,Gold,3,1,1,2020-02-22,2024-10-24,1
7864,customer7864@example.com,Hoàng Thành,Nam,1996,25-29,Luật sư,Hà Nội,Việt Nam,Silver,4,1,1,2019-01-15,2024-12-02,1
7865,customer7865@example.com,Đặng Thu,Nữ,1975,40-49,Luật sư,Hải Phòng,Việt Nam,Platinum,4,1,2,2018-02-20,2023-02-11,1
7866,customer7866@example.com,Đỗ Yến,Nữ,1964,60+,Kiến trúc sư,Hà Nội,Việt Nam,Platinum,2,1,1,2017-03-23,2023-06-14,1
7867,customer7867@example.com,Nguyễn Yến,Nữ,1978,40-49,Giám đốc,Hà Nội,Việt Nam,Platinum,4,1,7,2023-04-20,2023-09-10,1
7868,customer7868@example.com,Trần Việt,Nam,1980,40-49,Luật sư,TP HCM,Việt Nam,Silver,2,1,1,2019-11-09,2024-04-29,1
7869,customer7869@example.com,Phạm Thành,Nam,1973,50-59,Kiến trúc sư,Khánh Hòa,Việt Nam,Platinum,2,1,2,2020-11-07,2023-10-20,1
7870,customer7870@example.com,Hoàng Minh,Nam,1970,50-59,Nhà đầu tư,TP HCM,Expat,Gold,2,1,8,2020-09-01,2024-08-23,1
7871,customer7871@example.com,Hoàng Thu,Nữ,1963,60+,Người nổi tiếng,Đồng Nai,Việt Nam,Silver,2,1,1,2020-08-30,2023-05-16,1
7872,customer7872@example.com,Bùi Ánh,Nữ,1966,50-59,Kiến trúc sư,Bình Dương,Việt Nam,Gold,3,1,8,2016-05-17,2023-07-30,1
7873,customer7873@example.com,Vũ Thảo,Nữ,1993,30-39,Luật sư,TP HCM,Việt Nam,Gold,1,1,8,2017-06-08,2024-11-18,0
7874,customer7874@example.com,Lê Anh,Nam,1980,40-49,Giám đốc,TP HCM,Việt Nam,Diamond,2,1,2,2016-05-29,2023-08-21,1
7875,customer7875@example.com,Lê Quang,Nam,1998,25-29,Kiến trúc sư,Bình Dương,Việt Nam,Gold,3,1,1,2017-10-01,2023-01-13,0
7876,customer7876@example.com,Đặng Ánh,Nữ,1961,60+,Người nổi tiếng,Hà Nội,Việt Nam,Silver,4,1,8,2022-01-14,2023-04-28,1
7877,customer7877@example.com,Ngô Hoa,Nữ,1996,25-29,Người nổi tiếng,Hà Nội,Việt Nam,Silver,2,1,1,2018-03-01,2024-01-24,1
7878,customer7878@example.com,Lê Thu,Nữ,1985,30-39,Kiến trúc sư,Hà Nội,Expat,Diamond,4,1,5,2019-09-09,2024-02-20,1
7879,customer7879@example.com,Ngô Quang,Nam,1979,40-49,Kiến trúc sư,TP HCM,Việt Nam,Platinum,3,1,3,2015-01-11,2024-04-09,1
7880,customer7880@example.com,Hồ Hằng,Nữ,1995,25-29,Luật sư,Hà Nội,Expat,Silver,2,1,4,2022-02-28,2024-07-28,1
7881,customer7881@example.com,Hồ Hùng,Nam,1960,60+,Nhà đầu tư,Hà Nội,Việt Nam,Gold,1,1,7,2018-07-03,2023-01-29,1
7882,customer7882@example.com,Hoàng Lan,Nữ,1994,30-39,Nhà đầu tư,Hải Phòng,Việt Nam,Silver,4,1,3,2017-10-02,2024-10-18,0
7883,customer7883@example.com,Đặng Tuấn,Nam,1962,60+,Nhà đầu tư,Đà Nẵng,Việt Nam,Silver,4,1,3,2018-08-15,2023-03-07,1
7884,customer7884@example.com,Đặng Thu,Nữ,1976,40-49,Giám đốc,TP HCM,Việt Nam,Silver,2,1,5,2019-11-27,2024-09-01,1
7885,customer7885@example.com,Nguyễn Nga,Nữ,1993,30-39,Người nổi tiếng,Hà Nội,Việt Nam,Diamond,4,1,9,2015-11-30,2024-05-10,1
7886,customer7886@example.com,Đặng Quang,Nam,1998,25-29,Luật sư,Hà Nội,Expat,Silver,4,1,4,2016-06-29,2023-07-30,1
7887,customer7887@example.com,Ngô Linh,Nữ,1969,50-59,Chuyên gia tài chính,Hải Phòng,Expat,Silver,2,1,3,2018-03-22,2023-01-12,1
7888,customer7888@example.com,Lê Yến,Nữ,1975,40-49,Luật sư,Hà Nội,Việt Nam,Silver,4,1,9,2020-12-12,2023-06-29,1
7889,customer7889@example.com,Vũ Anh,Nam,1992,30-39,Chuyên gia tài chính,Đồng Nai,Việt Nam,Silver,2,1,7,2015-07-18,2024-05-28,0
7890,customer7890@example.com,Bùi Linh,Nữ,1962,60+,Giám đốc,Đà Nẵng,Việt Nam,Gold,2,1,8,2017-11-27,2023-10-19,1
7891,customer7891@example.com,Ngô Khánh,Nam,1984,40-49,Luật sư,TP HCM,Việt Nam,Platinum,2,1,7,2017-01-15,2024-01-17,1
7892,customer7892@example.com,Trần Yến,Nữ,1964,60+,Chuyên gia tài chính,Hải Phòng,Expat,Gold,4,1,7,2016-02-19,2023-01-24,1
7893,customer7893@example.com,Bùi Đức,Nam,1993,30-39,Kiến trúc sư,TP HCM,Việt Nam,Silver,3,1,6,2017-10-25,2023-12-31,1
7894,customer7894@example.com,Phạm Nga,Nữ,1972,50-59,Bác sĩ,TP HCM,Việt Nam,Silver,2,1,7,2020-10-05,2023-04-09,1
7895,customer7895@example.com,Lê Nga,Nữ,1987,30-39,Doanh nhân,TP HCM,Việt Nam,Silver,4,1,1,2016-11-20,2024-02-24,1
7896,customer7896@example.com,Phan Ánh,Nữ,1974,50-59,Luật sư,TP HCM,Việt Nam,Silver,3,1,3,2021-10-24,2023-02-26,1
7897,customer7897@example.com,Đặng Quang,Nam,1976,40-49,Nhà đầu tư,Khánh Hòa,Việt Nam,Diamond,2,1,7,2020-08-24,2023-01-27,1
7898,customer7898@example.com,Nguyễn Trang,Nữ,1974,50-59,Doanh nhân,TP HCM,Việt Nam,Silver,2,1,7,2017-02-14,2023-04-29,1
7899,customer7899@example.com,Trần Nga,Nữ,1986,30-39,Bác sĩ,Hà Nội,Việt Nam,Platinum,1,1,10,2022-04-27,2024-02-06,1
7900,customer7900@example.com,Vũ Hoa,Nữ,1991,30-39,Nhà đầu tư,Hà Nội,Việt Nam,Diamond,1,1,5,2016-10-29,2024-10-15,1
7901,customer7901@example.com,Hồ Việt,Nam,1961,60+,Doanh nhân,Đồng Nai,Expat,Silver,2,1,4,2019-02-19,2024-06-23,1
7902,customer7902@example.com,Ngô Yến,Nữ,1975,40-49,Người nổi tiếng,TP HCM,Việt Nam,Gold,1,1,5,2018-02-17,2024-08-03,1
7903,customer7903@example.com,Vũ Quang,Nam,1986,30-39,Kiến trúc sư,TP HCM,Việt Nam,Diamond,2,1,7,2022-05-21,2024-09-09,1
7904,customer7904@example.com,Hồ Lan,Nữ,1992,30-39,Kiến trúc sư,Hà Nội,Việt Nam,Silver,2,1,4,2018-03-21,2024-01-11,0
7905,customer7905@example.com,Ngô Linh,Nữ,1984,40-49,Chuyên gia tài chính,Hà Nội,Việt Nam,Gold,4,1,7,2016-12-07,2023-08-07,1
7906,customer7906@example.com,Bùi Tuấn,Nam,1993,30-39,Nhà đầu tư,TP HCM,Việt Nam,Silver,4,1,10,2022-05-19,2024-01-27,1
7907,customer7907@example.com,Phan Hằng,Nữ,1975,40-49,Chuyên gia tài chính,Đồng Nai,Việt Nam,Platinum,2,1,10,2018-05-05,2024-04-21,1
7908,customer7908@example.com,Hoàng Phương,Nữ,1974,50-59,Nhà đầu tư,Quảng Ninh,Việt Nam,Gold,2,1,8,2015-10-03,2024-11-12,1
7909,customer7909@example.com,Phạm Lan,Nữ,1972,50-59,Doanh nhân,Hải Phòng,Việt Nam,Diamond,4,1,8,2016-08-06,2024-10-11,1
7910,customer7910@example.com,Phan Anh,Nam,1975,40-49,Nhà đầu tư,TP HCM,Việt Nam,Diamond,1,1,3,2019-11-10,2024-05-11,1
7911,customer7911@example.com,Đặng Trang,Nữ,1963,60+,Luật sư,Bình Dương,Việt Nam,Silver,1,1,8,2017-11-18,2024-09-11,1
7912,customer7912@example.com,Vũ Thành,Nam,1960,60+,Luật sư,TP HCM,Việt Nam,Silver,2,1,2,2023-02-09,2023-06-21,1
7913,customer7913@example.com,Vũ Hùng,Nam,1993,30-39,Bác sĩ,Hà Nội,Việt Nam,Gold,1,1,7,2023-06-24,2023-12-04,1
7914,customer7914@example.com,Ngô Hải,Nam,1974,50-59,Luật sư,Đồng Nai,Việt Nam,Gold,2,1,1,2022-03-27,2023-05-20,1
7915,customer7915@example.com,Vũ Việt,Nam,1994,30-39,Chuyên gia tài chính,TP HCM,Expat,Gold,1,1,4,2015-04-08,2024-01-29,1
7916,customer7916@example.com,Ngô Hùng,Nam,1998,25-29,Người nổi tiếng,TP HCM,Việt Nam,Silver,3,1,10,2015-03-02,2023-10-27,1
7917,customer7917@example.com,Đỗ Lan,Nữ,1974,50-59,Chuyên gia tài chính,TP HCM,Việt Nam,Gold,2,1,7,2017-03-10,2024-01-15,1
7918,customer7918@example.com,Hoàng Mai,Nữ,1972,50-59,Doanh nhân,TP HCM,Việt Nam,Diamond,4,1,2,2017-10-04,2023-01-02,1
7919,customer7919@example.com,Trần Phương,Nữ,1960,60+,Chuyên gia tài chính,TP HCM,Việt Nam,Silver,3,1,3,2016-08-08,2023-09-30,1
7920,customer7920@example.com,Vũ Trung,Nam,1963,60+,Bác sĩ,Khánh Hòa,Việt Nam,Platinum,3,1,5,2022-06-13,2023-07-27,1
7921,customer7921@example.com,Ngô Hải,Nam,1995,25-29,Bác sĩ,TP HCM,Việt Nam,Gold,1,1,3,2018-06-23,2023-04-09,1
7922,customer7922@example.com,Phạm Nga,Nữ,1962,60+,Kiến trúc sư,Hà Nội,Việt Nam,Gold,3,1,10,2018-07-08,2024-06-07,1
7923,customer7923@example.com,Phạm Tuấn,Nam,1964,60+,Nhà đầu tư,Hà Nội,Việt Nam,Diamond,3,1,8,2015-05-08,2024-10-01,1
7924,customer7924@example.com,Dương Trang,Nữ,1993,30-39,Nhà đầu tư,TP HCM,Việt Nam,Diamond,1,1,3,2022-10-15,2024-11-06,1
7925,customer7925@example.com,Lê Thu,Nữ,1983,40-49,Luật sư,TP HCM,Việt Nam,Silver,1,1,2,2022-01-24,2024-12-05,0
7926,customer7926@example.com,Hồ Long,Nam,1989,30-39,Người nổi tiếng,Hà Nội,Việt Nam,Gold,4,1,8,2021-02-11,2024-01-26,1
7927,customer7927@example.com,Bùi Hùng,Nam,1989,30-39,Doanh nhân,TP HCM,Expat,Gold,2,1,4,2022-01-17,2024-06-26,1
7928,customer7928@example.com,Phan Ánh,Nữ,1975,40-49,Người nổi tiếng,Hà Nội,Việt Nam,Silver,1,1,2,2018-11-02,2024-01-10,1
7929,customer7929@example.com,Phan Trang,Nữ,1965,50-59,Người nổi tiếng,TP HCM,Việt Nam,Silver,3,1,4,2015-04-14,2024-08-10,1
7930,customer7930@example.com,Vũ Quang,Nam,1970,50-59,Chuyên gia tài chính,Khánh Hòa,Việt Nam,Platinum,2,1,9,2016-04-08,2023-10-02,1
7931,customer7931@example.com,Bùi Trung,Nam,1971,50-59,Chuyên gia tài chính,TP HCM,Việt Nam,Gold,1,1,6,2017-02-13,2023-07-29,1
7932,customer7932@example.com,Lê Mai,Nữ,1967,50-59,Bác sĩ,Đà Nẵng,Việt Nam,Gold,3,1,7,2018-01-17,2024-02-27,0
7933,customer7933@example.com,Trần Thảo,Nữ,1987,30-39,Giám đốc,Hải Phòng,Việt Nam,Platinum,3,1,9,2020-08-27,2024-01-25,1
7934,customer7934@example.com,Đặng Hoa,Nữ,1981,40-49,Kiến trúc sư,TP HCM,Việt Nam,Platinum,4,1,3,2020-08-25,2024-08-29,1
7935,customer7935@example.com,Trần Tuấn,Nam,1994,30-39,Giám đốc,TP HCM,Việt Nam,Diamond,4,1,2,2016-08-17,2024-10-05,1
7936,customer7936@example.com,Lê Thu,Nữ,1988,30-39,Luật sư,Hà Nội,Việt Nam,Silver,3,1,1,2022-04-08,2024-05-23,0
7937,customer7937@example.com,Đặng Hằng,Nữ,1965,50-59,Người nổi tiếng,TP HCM,Việt Nam,Platinum,4,1,2,2015-05-07,2023-05-11,1
7938,customer7938@example.com,Bùi Hà,Nữ,1997,25-29,Chuyên gia tài chính,Hà Nội,Việt Nam,Gold,2,1,9,2015-12-15,2023-02-14,1
7939,customer7939@example.com,Phạm Quang,Nam,1992,30-39,Người nổi tiếng,TP HCM,Việt Nam,Silver,2,1,1,2022-06-16,2024-05-18,1
7940,customer7940@example.com,Đỗ Linh,Nữ,1961,60+,Bác sĩ,Hà Nội,Việt Nam,Platinum,3,1,4,2021-10-09,2024-04-26,1
7941,customer7941@example.com,Đặng Khánh,Nam,1966,50-59,Kiến trúc sư,Hải Phòng,Việt Nam,Gold,4,1,3,2023-04-10,2023-07-10,1
7942,customer7942@example.com,Dương Hải,Nam,1965,50-59,Kiến trúc sư,Hà Nội,Việt Nam,Platinum,2,1,10,2016-07-29,2023-08-03,1
7943,customer7943@example.com,Bùi Phương,Nữ,1998,25-29,Giám đốc,Hà Nội,Việt Nam,Gold,3,1,10,2017-01-27,2023-06-07,1
7944,customer7944@example.com,Lê Hùng,Nam,1976,40-49,Người nổi tiếng,Hà Nội,Việt Nam,Platinum,1,1,2,2017-11-09,2024-07-26,1
7945,customer7945@example.com,Lê Thu,Nữ,1966,50-59,Giám đốc,Đồng Nai,Việt Nam,Platinum,1,1,6,2017-03-06,2024-02-27,1
7946,customer7946@example.com,Đặng Việt,Nam,1988,30-39,Giám đốc,TP HCM,Expat,Silver,1,1,10,2019-05-13,2024-10-08,1
7947,customer7947@example.com,Hoàng Ánh,Nữ,1996,25-29,Nhà đầu tư,TP HCM,Việt Nam,Silver,3,1,1,2018-08-19,2024-07-26,1
7948,customer7948@example.com,Phạm Quang,Nam,1988,30-39,Chuyên gia tài chính,TP HCM,Việt Nam,Gold,4,1,5,2015-07-27,2024-05-05,1
7949,customer7949@example.com,Phan Hải,Nam,1967,50-59,Luật sư,TP HCM,Expat,Gold,4,1,4,2019-06-27,2023-10-25,1
7950,customer7950@example.com,Hồ Thu,Nữ,1961,60+,Doanh nhân,Đà Nẵng,Việt Nam,Gold,3,1,1,2022-03-05,2023-12-29,1
7951,customer7951@example.com,Trần Lan,Nữ,1984,40-49,Giám đốc,Đà Nẵng,Việt Nam,Silver,2,1,10,2022-08-08,2024-12-17,1
7952,customer7952@example.com,Hoàng Ngọc,Nữ,1960,60+,Kiến trúc sư,Hà Nội,Expat,Silver,1,1,3,2015-08-12,2023-09-13,1
7953,customer7953@example.com,Vũ Nga,Nữ,1969,50-59,Luật sư,Hà Nội,Việt Nam,Silver,4,1,10,2017-10-24,2024-10-20,1
7954,customer7954@example.com,Hoàng Mai,Nữ,1983,40-49,Chuyên gia tài chính,TP HCM,Việt Nam,Platinum,2,1,3,2018-02-22,2023-03-26,1
7955,customer7955@example.com,Bùi Lan,Nữ,1992,30-39,Người nổi tiếng,Hà Nội,Việt Nam,Silver,4,1,4,2021-02-11,2024-06-28,1
7956,customer7956@example.com,Hồ Ánh,Nữ,1961,60+,Giám đốc,Bình Dương,Expat,Diamond,3,1,2,2015-02-07,2024-01-15,1
7957,customer7957@example.com,Phạm Hùng,Nam,1996,25-29,Kiến trúc sư,Hà Nội,Việt Nam,Silver,3,1,9,2022-11-22,2023-05-11,1
7958,customer7958@example.com,Bùi Hải,Nam,1980,40-49,Người nổi tiếng,Đà Nẵng,Việt Nam,Silver,1,1,8,2022-12-07,2023-04-30,1
7959,customer7959@example.com,Nguyễn Nga,Nữ,1986,30-39,Bác sĩ,TP HCM,Việt Nam,Gold,4,1,3,2018-10-27,2023-11-30,1
7960,customer7960@example.com,Ngô Quang,Nam,1975,40-49,Nhà đầu tư,TP HCM,Việt Nam,Gold,1,1,1,2021-11-30,2024-11-01,1
7961,customer7961@example.com,Hoàng Nga,Nữ,1969,50-59,Chuyên gia tài chính,Đồng Nai,Việt Nam,Diamond,2,1,2,2018-09-09,2024-01-14,1
7962,customer7962@example.com,Hồ Long,Nam,1966,50-59,Kiến trúc sư,TP HCM,Việt Nam,Platinum,3,1,8,2020-02-10,2023-11-30,1
7963,customer7963@example.com,Đỗ Hùng,Nam,1984,40-49,Kiến trúc sư,Hà Nội,Việt Nam,Diamond,2,1,8,2016-03-10,2023-01-05,1
7964,customer7964@example.com,Dương Thu,Nữ,1985,30-39,Chuyên gia tài chính,Đà Nẵng,Việt Nam,Gold,1,1,2,2015-08-19,2024-06-29,1
7965,customer7965@example.com,Hoàng Thành,Nam,1972,50-59,Luật sư,Hải Phòng,Việt Nam,Silver,3,1,2,2022-07-18,2023-04-30,1
7966,customer7966@example.com,Đỗ Yến,Nữ,1980,40-49,Giám đốc,TP HCM,Expat,Gold,1,1,9,2023-02-28,2024-11-11,0
7967,customer7967@example.com,Vũ Trang,Nữ,1985,30-39,Giám đốc,Hà Nội,Việt Nam,Platinum,3,1,7,2016-08-20,2024-10-06,1
7968,customer7968@example.com,Nguyễn Quang,Nam,1981,40-49,Kiến trúc sư,TP HCM,Việt Nam,Silver,3,1,9,2020-04-04,2024-02-18,0
7969,customer7969@example.com,Ngô Khánh,Nam,1970,50-59,Giám đốc,Hà Nội,Việt Nam,Platinum,4,1,2,2019-01-15,2023-04-20,1
7970,customer7970@example.com,Phạm Thu,Nữ,1974,50-59,Bác sĩ,TP HCM,Việt Nam,Silver,4,1,4,2021-06-16,2024-09-18,1
7971,customer7971@example.com,Bùi Mai,Nữ,1987,30-39,Luật sư,TP HCM,Việt Nam,Silver,3,1,8,2017-05-30,2023-08-17,1
7972,customer7972@example.com,Phạm Đức,Nam,1980,40-49,Doanh nhân,Đà Nẵng,Việt Nam,Silver,2,1,7,2019-07-04,2023-12-06,0
7973,customer7973@example.com,Phạm Việt,Nam,1990,30-39,Doanh nhân,Hà Nội,Việt Nam,Gold,1,1,8,2020-06-25,2023-05-15,1
7974,customer7974@example.com,Dương Hùng,Nam,1960,60+,Doanh nhân,TP HCM,Expat,Silver,2,1,9,2017-06-21,2023-03-29,1
7975,customer7975@example.com,Đỗ Bình,Nam,1972,50-59,Kiến trúc sư,TP HCM,Expat,Platinum,3,1,7,2022-11-12,2023-10-23,1
7976,customer7976@example.com,Ngô Hoa,Nữ,1991,30-39,Luật sư,TP HCM,Việt Nam,Platinum,2,1,1,2019-09-21,2023-04-19,0
7977,customer7977@example.com,Đỗ Quang,Nam,1977,40-49,Doanh nhân,Hải Phòng,Việt Nam,Platinum,4,1,5,2022-11-04,2024-07-20,1
7978,customer7978@example.com,Nguyễn Quang,Nam,1972,50-59,Giám đốc,Hà Nội,Việt Nam,Gold,4,1,9,2016-04-07,2024-10-21,1
7979,customer7979@example.com,Dương Tuấn,Nam,1963,60+,Chuyên gia tài chính,Hà Nội,Việt Nam,Gold,1,1,3,2016-07-29,2024-02-04,1
7980,customer7980@example.com,Hoàng Trang,Nữ,1966,50-59,Bác sĩ,Hà Nội,Việt Nam,Silver,3,1,6,2023-05-04,2024-06-07,1
7981,customer7981@example.com,Ngô Thành,Nam,1972,50-59,Kiến trúc sư,Hà Nội,Expat,Platinum,2,1,4,2017-03-31,2023-01-23,1
7982,customer7982@example.com,Phan Đức,Nam,1989,30-39,Kiến trúc sư,TP HCM,Việt Nam,Platinum,3,1,1,2016-09-08,2023-07-17,1
7983,customer7983@example.com,Hồ Thảo,Nữ,1982,40-49,Giám đốc,Hà Nội,Việt Nam,Diamond,2,1,6,2022-02-28,2024-09-03,1
7984,customer7984@example.com,Nguyễn Ánh,Nữ,1964,60+,Nhà đầu tư,Hà Nội,Việt Nam,Gold,3,1,1,2017-09-17,2023-08-25,1
7985,customer7985@example.com,Ngô Hoa,Nữ,1997,25-29,Bác sĩ,Hà Nội,Việt Nam,Gold,1,1,1,2015-02-11,2024-10-12,1
7986,customer7986@example.com,Đặng Khánh,Nam,1985,30-39,Chuyên gia tài chính,Đồng Nai,Việt Nam,Gold,4,1,3,2015-05-19,2024-05-17,1
7987,customer7987@example.com,Ngô Thành,Nam,1996,25-29,Nhà đầu tư,TP HCM,Việt Nam,Silver,3,1,4,2022-12-27,2023-03-06,1
7988,customer7988@example.com,Phan Nga,Nữ,1992,30-39,Người nổi tiếng,Hải Phòng,Việt Nam,Silver,3,1,9,2016-05-13,2024-10-09,1
7989,customer7989@example.com,Trần Bình,Nam,1988,30-39,Bác sĩ,Đà Nẵng,Việt Nam,Gold,4,1,3,2020-02-09,2024-09-01,1
7990,customer7990@example.com,Nguyễn Thảo,Nữ,1972,50-59,Doanh nhân,TP HCM,Việt Nam,Silver,4,1,2,2015-02-15,2023-05-27,1
7991,customer7991@example.com,Đỗ Đức,Nam,1977,40-49,Nhà đầu tư,Hải Phòng,Việt Nam,Silver,1,1,8,2020-05-04,2024-10-28,1
7992,customer7992@example.com,Trần Hà,Nữ,1962,60+,Luật sư,TP HCM,Việt Nam,Silver,3,1,10,2021-12-09,2023-04-30,1
7993,customer7993@example.com,Ngô Khánh,Nam,1963,60+,Doanh nhân,Hà Nội,Việt Nam,Diamond,2,1,8,2015-06-09,2023-06-03,1
7994,customer7994@example.com,Nguyễn Mai,Nữ,1971,50-59,Luật sư,Hải Phòng,Việt Nam,Diamond,1,1,5,2017-06-15,2024-12-27,1
7995,customer7995@example.com,Nguyễn Nga,Nữ,1963,60+,Kiến trúc sư,Hà Nội,Expat,Gold,4,1,2,2016-09-11,2023-02-17,1
7996,customer7996@example.com,Lê Anh,Nam,1968,50-59,Luật sư,Bình Dương,Việt Nam,Platinum,2,1,1,2021-09-20,2023-03-04,1
7997,customer7997@example.com,Vũ Trang,Nữ,1984,40-49,Giám đốc,Hà Nội,Việt Nam,Silver,1,1,6,2019-06-02,2024-08-12,1
7998,customer7998@example.com,Ngô Hùng,Nam,1990,30-39,Nhà đầu tư,Hà Nội,Việt Nam,Gold,1,1,5,2018-12-23,2024-10-27,1
7999,customer7999@example.com,Phan Lan,Nữ,1988,30-39,Bác sĩ,Đồng Nai,Việt Nam,Platinum,4,1,2,2021-03-13,2024-10-03,1
8000,customer8000@example.com,Đặng Hùng,Nam,1979,40-49,Người nổi tiếng,TP HCM,Việt Nam,Silver,4,1,10,2021-02-20,2024-07-09,1
