entity_id,parent_id,address_type,firstname,lastname,street,city,country_id,telephone,postcode,is_active
1,1,billing,Thảo,Lê,22 Trần Hưng Đạo,Khánh Hòa,VN,0972371764,973965,1
2,1,shipping,Thảo,Lê,78 Lê Lợi,Khánh Hòa,VN,0943742851,933980,1
3,2,billing,Hoa,Đặng,99 Hai Bà Trưng,Hà Nội,VN,0957931922,728421,1
4,2,shipping,Hoa,Đặng,22 Trần Hưng Đạo,Hà Nội,VN,0939207053,563151,1
5,3,billing,Minh,Trần,99 Hai Bà Trưng,Hà Nội,VN,0967156593,791281,1
6,3,shipping,Minh,Trần,45 Đinh Tiên Hoàng,Hà Nội,VN,0964417484,469100,1
7,4,billing,Quang,Dương,99 Hai Bà Trưng,Hà Nội,VN,0926200982,999082,1
8,4,shipping,Quang,Dương,123 Nguyễn Huệ,Hà Nội,VN,0974237513,733778,1
9,5,billing,Khánh,Vũ,99 Hai Bà Trưng,Hải Phòng,VN,0962376651,304480,1
10,5,shipping,Khánh,Vũ,99 Hai Bà Trưng,Hải Phòng,VN,0921034735,172387,1
11,6,billing,Việt,Đặng,22 Trần Hưng Đạo,Hà Nội,VN,0990136886,280737,1
12,6,shipping,Việt,Đặng,45 Đinh Tiên Hoàng,Hà Nội,VN,0982588276,625292,1
13,7,billing,Tuấn,Nguyễn,99 Hai Bà Trưng,Hà Nội,VN,0941363329,387328,1
14,7,shipping,Tuấn,Nguyễn,123 Nguyễn Huệ,Hà Nội,VN,0999984130,291364,1
15,8,billing,Thảo,Phạm,78 Lê Lợi,Khánh Hòa,VN,0977735228,504849,1
16,8,shipping,Thảo,Phạm,45 Đinh Tiên Hoàng,Khánh Hòa,VN,0964878835,321559,1
17,9,billing,Hùng,Bùi,99 Hai Bà Trưng,Hà Nội,VN,0913883175,641185,1
18,9,shipping,Hùng,Bùi,22 Trần Hưng Đạo,Hà Nội,VN,0991718435,272209,1
19,10,billing,Anh,Vũ,22 Trần Hưng Đạo,Khánh Hòa,VN,0941820105,234000,1
20,10,shipping,Anh,Vũ,123 Nguyễn Huệ,Khánh Hòa,VN,0911929856,810167,1
21,11,billing,Ngọc,Phan,99 Hai Bà Trưng,Hà Nội,VN,0971204191,349786,1
22,11,shipping,Ngọc,Phan,22 Trần Hưng Đạo,Hà Nội,VN,0970508345,925530,1
23,12,billing,Đức,Trần,78 Lê Lợi,Hà Nội,VN,0933226417,773203,1
24,12,shipping,Đức,Trần,78 Lê Lợi,Hà Nội,VN,0951537612,919945,1
25,13,billing,Thảo,Lê,45 Đinh Tiên Hoàng,Bình Dương,VN,0952762260,546685,1
26,13,shipping,Thảo,Lê,78 Lê Lợi,Bình Dương,VN,0979203876,102363,1
27,14,billing,Thảo,Đặng,22 Trần Hưng Đạo,Hà Nội,VN,0977485798,699243,1
28,14,shipping,Thảo,Đặng,78 Lê Lợi,Hà Nội,VN,0917620431,513082,1
29,15,billing,Khánh,Bùi,45 Đinh Tiên Hoàng,TP HCM,VN,0968761430,702288,1
30,15,shipping,Khánh,Bùi,45 Đinh Tiên Hoàng,TP HCM,VN,0916027748,969784,1
31,16,billing,Minh,Lê,78 Lê Lợi,TP HCM,VN,0972450429,725856,1
32,16,shipping,Minh,Lê,22 Trần Hưng Đạo,TP HCM,VN,0951518537,343725,1
33,17,billing,Thành,Dương,99 Hai Bà Trưng,Quảng Ninh,VN,0984030699,570390,1
34,17,shipping,Thành,Dương,45 Đinh Tiên Hoàng,Quảng Ninh,VN,0937879955,398676,1
35,18,billing,Ánh,Dương,22 Trần Hưng Đạo,Hà Nội,VN,0931585892,271684,1
36,18,shipping,Ánh,Dương,78 Lê Lợi,Hà Nội,VN,0963977816,392899,1
37,19,billing,Hà,Hoàng,78 Lê Lợi,Hà Nội,VN,0926849595,662993,1
38,19,shipping,Hà,Hoàng,22 Trần Hưng Đạo,Hà Nội,VN,0932038495,278957,1
39,20,billing,Lan,Phan,45 Đinh Tiên Hoàng,Bình Dương,VN,0923399025,865782,1
40,20,shipping,Lan,Phan,45 Đinh Tiên Hoàng,Bình Dương,VN,0911042110,992558,1
41,21,billing,Yến,Đỗ,78 Lê Lợi,TP HCM,VN,0910251102,106249,1
42,21,shipping,Yến,Đỗ,78 Lê Lợi,TP HCM,VN,0918705422,270757,1
43,22,billing,Hùng,Vũ,99 Hai Bà Trưng,TP HCM,VN,0944612609,654324,1
44,22,shipping,Hùng,Vũ,22 Trần Hưng Đạo,TP HCM,VN,0992584954,298575,1
45,23,billing,Mai,Bùi,78 Lê Lợi,TP HCM,VN,0912709181,412153,1
46,23,shipping,Mai,Bùi,99 Hai Bà Trưng,TP HCM,VN,0958158970,305569,1
47,24,billing,Đức,Hoàng,22 Trần Hưng Đạo,Hải Phòng,VN,0997095411,399564,1
48,24,shipping,Đức,Hoàng,123 Nguyễn Huệ,Hải Phòng,VN,0941531515,892797,1
49,25,billing,Thành,Hoàng,78 Lê Lợi,Hà Nội,VN,0931387624,560400,1
50,25,shipping,Thành,Hoàng,123 Nguyễn Huệ,Hà Nội,VN,0938681451,805842,1
51,26,billing,Việt,Đỗ,45 Đinh Tiên Hoàng,TP HCM,VN,0910803045,309545,1
52,26,shipping,Việt,Đỗ,22 Trần Hưng Đạo,TP HCM,VN,0994624844,876559,1
53,27,billing,Quang,Dương,123 Nguyễn Huệ,Hà Nội,VN,0940173554,499576,1
54,27,shipping,Quang,Dương,45 Đinh Tiên Hoàng,Hà Nội,VN,0963630383,332744,1
55,28,billing,Phương,Bùi,99 Hai Bà Trưng,Khánh Hòa,VN,0982667097,346490,1
56,28,shipping,Phương,Bùi,99 Hai Bà Trưng,Khánh Hòa,VN,0946902146,825690,1
57,29,billing,Ngọc,Hoàng,45 Đinh Tiên Hoàng,Hải Phòng,VN,0949534187,670944,1
58,29,shipping,Ngọc,Hoàng,123 Nguyễn Huệ,Hải Phòng,VN,0930099699,163089,1
59,30,billing,Nga,Hoàng,123 Nguyễn Huệ,Đồng Nai,VN,0985495420,734687,1
60,30,shipping,Nga,Hoàng,78 Lê Lợi,Đồng Nai,VN,0946243299,192310,1
61,31,billing,Thu,Bùi,45 Đinh Tiên Hoàng,Hà Nội,VN,0959936589,247575,1
62,31,shipping,Thu,Bùi,22 Trần Hưng Đạo,Hà Nội,VN,0926897216,956269,1
63,32,billing,Hằng,Dương,45 Đinh Tiên Hoàng,TP HCM,VN,0978313108,704608,1
64,32,shipping,Hằng,Dương,99 Hai Bà Trưng,TP HCM,VN,0922390258,118367,1
65,33,billing,Anh,Phan,99 Hai Bà Trưng,Đà Nẵng,VN,0957419174,144646,1
66,33,shipping,Anh,Phan,123 Nguyễn Huệ,Đà Nẵng,VN,0914276834,868235,1
67,34,billing,Bình,Lê,99 Hai Bà Trưng,Hà Nội,VN,0923123495,863308,1
68,34,shipping,Bình,Lê,99 Hai Bà Trưng,Hà Nội,VN,0975525544,509940,1
69,35,billing,Thu,Trần,78 Lê Lợi,Đà Nẵng,VN,0972858998,724017,1
70,35,shipping,Thu,Trần,78 Lê Lợi,Đà Nẵng,VN,0925763766,154031,1
71,36,billing,Trung,Nguyễn,78 Lê Lợi,Hà Nội,VN,0915036210,297188,1
72,36,shipping,Trung,Nguyễn,123 Nguyễn Huệ,Hà Nội,VN,0988818309,617550,1
73,37,billing,Khánh,Đỗ,123 Nguyễn Huệ,Đà Nẵng,VN,0920982051,222275,1
74,37,shipping,Khánh,Đỗ,22 Trần Hưng Đạo,Đà Nẵng,VN,0997932509,106894,1
75,38,billing,Linh,Ngô,99 Hai Bà Trưng,TP HCM,VN,0975526035,687852,1
76,38,shipping,Linh,Ngô,45 Đinh Tiên Hoàng,TP HCM,VN,0930557596,990245,1
77,39,billing,Ánh,Vũ,45 Đinh Tiên Hoàng,Hà Nội,VN,0978960403,448599,1
78,39,shipping,Ánh,Vũ,78 Lê Lợi,Hà Nội,VN,0949819644,976436,1
79,40,billing,Mai,Vũ,22 Trần Hưng Đạo,TP HCM,VN,0965197775,787916,1
80,40,shipping,Mai,Vũ,99 Hai Bà Trưng,TP HCM,VN,0944967862,586618,1
81,41,billing,Bình,Hoàng,22 Trần Hưng Đạo,Đà Nẵng,VN,0974540964,428372,1
82,41,shipping,Bình,Hoàng,123 Nguyễn Huệ,Đà Nẵng,VN,0995469740,507070,1
83,42,billing,Long,Dương,45 Đinh Tiên Hoàng,Hà Nội,VN,0947579397,365076,1
84,42,shipping,Long,Dương,22 Trần Hưng Đạo,Hà Nội,VN,0911088680,712544,1
85,43,billing,Ngọc,Bùi,78 Lê Lợi,TP HCM,VN,0948626521,412918,1
86,43,shipping,Ngọc,Bùi,45 Đinh Tiên Hoàng,TP HCM,VN,0976383387,375158,1
87,44,billing,Trung,Hồ,123 Nguyễn Huệ,TP HCM,VN,0974230648,525900,1
88,44,shipping,Trung,Hồ,22 Trần Hưng Đạo,TP HCM,VN,0947649871,412133,1
89,45,billing,Trang,Trần,78 Lê Lợi,Hà Nội,VN,0925725331,151289,1
90,45,shipping,Trang,Trần,22 Trần Hưng Đạo,Hà Nội,VN,0926346149,701254,1
91,46,billing,Thảo,Phạm,45 Đinh Tiên Hoàng,TP HCM,VN,0916216994,637836,1
92,46,shipping,Thảo,Phạm,78 Lê Lợi,TP HCM,VN,0919200130,838819,1
93,47,billing,Minh,Trần,45 Đinh Tiên Hoàng,TP HCM,VN,0929030131,255109,1
94,47,shipping,Minh,Trần,123 Nguyễn Huệ,TP HCM,VN,0941839367,868581,1
95,48,billing,Phương,Trần,99 Hai Bà Trưng,Hà Nội,VN,0976280111,817883,1
96,48,shipping,Phương,Trần,22 Trần Hưng Đạo,Hà Nội,VN,0970596878,317635,1
97,49,billing,Bình,Vũ,99 Hai Bà Trưng,Hà Nội,VN,0950598868,243877,1
98,49,shipping,Bình,Vũ,99 Hai Bà Trưng,Hà Nội,VN,0918843667,633604,1
99,50,billing,Anh,Hoàng,78 Lê Lợi,Hà Nội,VN,0961054950,900149,1
100,50,shipping,Anh,Hoàng,123 Nguyễn Huệ,Hà Nội,VN,0929116780,245060,1
101,51,billing,Thảo,Phạm,45 Đinh Tiên Hoàng,Đà Nẵng,VN,0987656382,213817,1
102,51,shipping,Thảo,Phạm,99 Hai Bà Trưng,Đà Nẵng,VN,0928165342,413774,1
103,52,billing,Tuấn,Hoàng,78 Lê Lợi,Hà Nội,VN,0922984937,878106,1
104,52,shipping,Tuấn,Hoàng,78 Lê Lợi,Hà Nội,VN,0914539891,877158,1
105,53,billing,Yến,Bùi,22 Trần Hưng Đạo,TP HCM,VN,0959455989,345916,1
106,53,shipping,Yến,Bùi,78 Lê Lợi,TP HCM,VN,0915604558,273538,1
107,54,billing,Minh,Đỗ,99 Hai Bà Trưng,TP HCM,VN,0934283918,511806,1
108,54,shipping,Minh,Đỗ,22 Trần Hưng Đạo,TP HCM,VN,0976594908,991062,1
109,55,billing,Quang,Phan,45 Đinh Tiên Hoàng,TP HCM,VN,0924171269,543514,1
110,55,shipping,Quang,Phan,22 Trần Hưng Đạo,TP HCM,VN,0981489543,959063,1
111,56,billing,Hải,Trần,78 Lê Lợi,TP HCM,VN,0913759137,421803,1
112,56,shipping,Hải,Trần,45 Đinh Tiên Hoàng,TP HCM,VN,0976418647,898051,1
113,57,billing,Thu,Hồ,78 Lê Lợi,Hà Nội,VN,0948295370,350458,1
114,57,shipping,Thu,Hồ,123 Nguyễn Huệ,Hà Nội,VN,0990276947,567287,1
115,58,billing,Thành,Hoàng,78 Lê Lợi,TP HCM,VN,0944749618,242338,1
116,58,shipping,Thành,Hoàng,45 Đinh Tiên Hoàng,TP HCM,VN,0987927756,575727,1
117,59,billing,Trang,Bùi,45 Đinh Tiên Hoàng,TP HCM,VN,0978883432,109133,1
118,59,shipping,Trang,Bùi,123 Nguyễn Huệ,TP HCM,VN,0985097186,618085,1
119,60,billing,Việt,Hoàng,123 Nguyễn Huệ,TP HCM,VN,0955591424,871661,1
120,60,shipping,Việt,Hoàng,45 Đinh Tiên Hoàng,TP HCM,VN,0978653757,367145,1
121,61,billing,Yến,Đặng,78 Lê Lợi,TP HCM,VN,0941416338,791230,1
122,61,shipping,Yến,Đặng,123 Nguyễn Huệ,TP HCM,VN,0925660073,473727,1
123,62,billing,Hằng,Dương,99 Hai Bà Trưng,Hà Nội,VN,0970968695,144756,1
124,62,shipping,Hằng,Dương,22 Trần Hưng Đạo,Hà Nội,VN,0990497365,182704,1
125,63,billing,Yến,Lê,78 Lê Lợi,Bình Dương,VN,0984108889,835178,1
126,63,shipping,Yến,Lê,123 Nguyễn Huệ,Bình Dương,VN,0935297516,731924,1
127,64,billing,Việt,Đặng,99 Hai Bà Trưng,TP HCM,VN,0931906525,708931,1
128,64,shipping,Việt,Đặng,99 Hai Bà Trưng,TP HCM,VN,0920016954,759264,1
129,65,billing,Phương,Nguyễn,123 Nguyễn Huệ,Hà Nội,VN,0979094643,513623,1
130,65,shipping,Phương,Nguyễn,123 Nguyễn Huệ,Hà Nội,VN,0950693991,381656,1
131,66,billing,Khánh,Lê,123 Nguyễn Huệ,Đồng Nai,VN,0956462427,718103,1
132,66,shipping,Khánh,Lê,45 Đinh Tiên Hoàng,Đồng Nai,VN,0980820254,444514,1
133,67,billing,Ngọc,Hồ,123 Nguyễn Huệ,Hà Nội,VN,0989377262,663789,1
134,67,shipping,Ngọc,Hồ,123 Nguyễn Huệ,Hà Nội,VN,0980221579,170862,1
135,68,billing,Ánh,Hoàng,78 Lê Lợi,Đồng Nai,VN,0988490105,495483,1
136,68,shipping,Ánh,Hoàng,99 Hai Bà Trưng,Đồng Nai,VN,0965709614,383949,1
137,69,billing,Thảo,Ngô,78 Lê Lợi,Bình Dương,VN,0938421187,352353,1
138,69,shipping,Thảo,Ngô,22 Trần Hưng Đạo,Bình Dương,VN,0922821228,865232,1
139,70,billing,Hà,Nguyễn,78 Lê Lợi,Hà Nội,VN,0988916494,592606,1
140,70,shipping,Hà,Nguyễn,78 Lê Lợi,Hà Nội,VN,0940841393,340521,1
141,71,billing,Ngọc,Đỗ,45 Đinh Tiên Hoàng,Hà Nội,VN,0950012909,318004,1
142,71,shipping,Ngọc,Đỗ,78 Lê Lợi,Hà Nội,VN,0919517754,230223,1
143,72,billing,Nga,Đỗ,99 Hai Bà Trưng,Hà Nội,VN,0933878083,767840,1
144,72,shipping,Nga,Đỗ,78 Lê Lợi,Hà Nội,VN,0996445024,207522,1
145,73,billing,Thảo,Bùi,78 Lê Lợi,Hà Nội,VN,0981644764,518847,1
146,73,shipping,Thảo,Bùi,78 Lê Lợi,Hà Nội,VN,0913680680,931090,1
147,74,billing,Khánh,Hồ,45 Đinh Tiên Hoàng,Khánh Hòa,VN,0932427104,714504,1
148,74,shipping,Khánh,Hồ,78 Lê Lợi,Khánh Hòa,VN,0996371456,626171,1
149,75,billing,Hằng,Đỗ,45 Đinh Tiên Hoàng,Hà Nội,VN,0917942942,825497,1
150,75,shipping,Hằng,Đỗ,45 Đinh Tiên Hoàng,Hà Nội,VN,0996352242,249497,1
151,76,billing,Hằng,Hồ,123 Nguyễn Huệ,Hà Nội,VN,0950610781,643699,1
152,76,shipping,Hằng,Hồ,22 Trần Hưng Đạo,Hà Nội,VN,0932795733,651759,1
153,77,billing,Hải,Đặng,22 Trần Hưng Đạo,TP HCM,VN,0951362729,798284,1
154,77,shipping,Hải,Đặng,45 Đinh Tiên Hoàng,TP HCM,VN,0997563526,745507,1
155,78,billing,Nga,Ngô,78 Lê Lợi,TP HCM,VN,0935490436,823332,1
156,78,shipping,Nga,Ngô,78 Lê Lợi,TP HCM,VN,0984871154,509114,1
157,79,billing,Hoa,Phạm,45 Đinh Tiên Hoàng,Hà Nội,VN,0925822064,350231,1
158,79,shipping,Hoa,Phạm,123 Nguyễn Huệ,Hà Nội,VN,0981570245,771107,1
159,80,billing,Thành,Dương,78 Lê Lợi,TP HCM,VN,0920709684,853199,1
160,80,shipping,Thành,Dương,99 Hai Bà Trưng,TP HCM,VN,0915347989,860147,1
161,81,billing,Long,Bùi,22 Trần Hưng Đạo,Hà Nội,VN,0925708121,766265,1
162,81,shipping,Long,Bùi,22 Trần Hưng Đạo,Hà Nội,VN,0985411001,152968,1
163,82,billing,Trang,Lê,99 Hai Bà Trưng,TP HCM,VN,0984534085,660956,1
164,82,shipping,Trang,Lê,22 Trần Hưng Đạo,TP HCM,VN,0960261726,704749,1
165,83,billing,Việt,Ngô,99 Hai Bà Trưng,TP HCM,VN,0957271280,415869,1
166,83,shipping,Việt,Ngô,123 Nguyễn Huệ,TP HCM,VN,0976161328,913935,1
167,84,billing,Nga,Trần,45 Đinh Tiên Hoàng,Hà Nội,VN,0933859254,303255,1
168,84,shipping,Nga,Trần,78 Lê Lợi,Hà Nội,VN,0996815566,265653,1
169,85,billing,Trang,Dương,78 Lê Lợi,Bình Dương,VN,0926721615,307171,1
170,85,shipping,Trang,Dương,99 Hai Bà Trưng,Bình Dương,VN,0968603128,223078,1
171,86,billing,Trang,Vũ,22 Trần Hưng Đạo,Hà Nội,VN,0952841248,774016,1
172,86,shipping,Trang,Vũ,78 Lê Lợi,Hà Nội,VN,0966122792,442509,1
173,87,billing,Khánh,Trần,123 Nguyễn Huệ,Hải Phòng,VN,0971796215,314086,1
174,87,shipping,Khánh,Trần,99 Hai Bà Trưng,Hải Phòng,VN,0944649654,276957,1
175,88,billing,Phương,Hoàng,22 Trần Hưng Đạo,TP HCM,VN,0930350987,874118,1
176,88,shipping,Phương,Hoàng,123 Nguyễn Huệ,TP HCM,VN,0996552203,760897,1
177,89,billing,Thảo,Dương,22 Trần Hưng Đạo,Hải Phòng,VN,0923678420,698410,1
178,89,shipping,Thảo,Dương,78 Lê Lợi,Hải Phòng,VN,0939513272,376200,1
179,90,billing,Việt,Ngô,99 Hai Bà Trưng,Đồng Nai,VN,0960277123,272326,1
180,90,shipping,Việt,Ngô,123 Nguyễn Huệ,Đồng Nai,VN,0957871310,649202,1
181,91,billing,Thành,Ngô,78 Lê Lợi,TP HCM,VN,0971129791,864866,1
182,91,shipping,Thành,Ngô,123 Nguyễn Huệ,TP HCM,VN,0982437515,459763,1
183,92,billing,Việt,Lê,78 Lê Lợi,TP HCM,VN,0919768579,819481,1
184,92,shipping,Việt,Lê,45 Đinh Tiên Hoàng,TP HCM,VN,0948485039,848683,1
185,93,billing,Hùng,Vũ,78 Lê Lợi,TP HCM,VN,0975487142,647433,1
186,93,shipping,Hùng,Vũ,99 Hai Bà Trưng,TP HCM,VN,0948788170,321363,1
187,94,billing,Long,Phạm,123 Nguyễn Huệ,Đà Nẵng,VN,0912424870,820801,1
188,94,shipping,Long,Phạm,78 Lê Lợi,Đà Nẵng,VN,0912181753,587004,1
189,95,billing,Linh,Ngô,45 Đinh Tiên Hoàng,Hà Nội,VN,0953742018,301467,1
190,95,shipping,Linh,Ngô,78 Lê Lợi,Hà Nội,VN,0935653053,287721,1
191,96,billing,Hoa,Hoàng,78 Lê Lợi,Hà Nội,VN,0951451030,364098,1
192,96,shipping,Hoa,Hoàng,99 Hai Bà Trưng,Hà Nội,VN,0930185789,711941,1
193,97,billing,Quang,Đỗ,78 Lê Lợi,TP HCM,VN,0998687249,592306,1
194,97,shipping,Quang,Đỗ,99 Hai Bà Trưng,TP HCM,VN,0971673443,674261,1
195,98,billing,Khánh,Phan,22 Trần Hưng Đạo,Hà Nội,VN,0995512171,219271,1
196,98,shipping,Khánh,Phan,45 Đinh Tiên Hoàng,Hà Nội,VN,0984982356,897038,1
197,99,billing,Ánh,Hồ,22 Trần Hưng Đạo,Bình Dương,VN,0911043921,158251,1
198,99,shipping,Ánh,Hồ,45 Đinh Tiên Hoàng,Bình Dương,VN,0944203014,244613,1
199,100,billing,Nga,Nguyễn,45 Đinh Tiên Hoàng,Hà Nội,VN,0997759390,274947,1
200,100,shipping,Nga,Nguyễn,78 Lê Lợi,Hà Nội,VN,0961804099,236328,1
201,101,billing,Yến,Đỗ,78 Lê Lợi,TP HCM,VN,0963962461,848481,1
202,101,shipping,Yến,Đỗ,22 Trần Hưng Đạo,TP HCM,VN,0973622537,437947,1
203,102,billing,Việt,Trần,123 Nguyễn Huệ,Quảng Ninh,VN,0963109957,512109,1
204,102,shipping,Việt,Trần,22 Trần Hưng Đạo,Quảng Ninh,VN,0940516109,101826,1
205,103,billing,Long,Phan,45 Đinh Tiên Hoàng,TP HCM,VN,0920235558,619613,1
206,103,shipping,Long,Phan,45 Đinh Tiên Hoàng,TP HCM,VN,0925491216,956537,1
207,104,billing,Trang,Hoàng,123 Nguyễn Huệ,TP HCM,VN,0967098177,271757,1
208,104,shipping,Trang,Hoàng,78 Lê Lợi,TP HCM,VN,0947418126,278433,1
209,105,billing,Hùng,Ngô,123 Nguyễn Huệ,TP HCM,VN,0965707737,871234,1
210,105,shipping,Hùng,Ngô,99 Hai Bà Trưng,TP HCM,VN,0961367854,170300,1
211,106,billing,Thảo,Phan,22 Trần Hưng Đạo,Khánh Hòa,VN,0968180682,142141,1
212,106,shipping,Thảo,Phan,123 Nguyễn Huệ,Khánh Hòa,VN,0911021162,760069,1
213,107,billing,Thành,Dương,78 Lê Lợi,TP HCM,VN,0917646019,834895,1
214,107,shipping,Thành,Dương,99 Hai Bà Trưng,TP HCM,VN,0935197642,908065,1
215,108,billing,Quang,Nguyễn,99 Hai Bà Trưng,TP HCM,VN,0935712857,554088,1
216,108,shipping,Quang,Nguyễn,22 Trần Hưng Đạo,TP HCM,VN,0964594175,504220,1
217,109,billing,Ánh,Phan,22 Trần Hưng Đạo,TP HCM,VN,0927883240,510641,1
218,109,shipping,Ánh,Phan,123 Nguyễn Huệ,TP HCM,VN,0978131606,744047,1
219,110,billing,Thu,Hồ,78 Lê Lợi,TP HCM,VN,0954272640,676065,1
220,110,shipping,Thu,Hồ,99 Hai Bà Trưng,TP HCM,VN,0936713840,757884,1
221,111,billing,Đức,Trần,22 Trần Hưng Đạo,Bình Dương,VN,0925911781,148056,1
222,111,shipping,Đức,Trần,45 Đinh Tiên Hoàng,Bình Dương,VN,0954358860,759462,1
223,112,billing,Minh,Phạm,78 Lê Lợi,Khánh Hòa,VN,0985206475,385047,1
224,112,shipping,Minh,Phạm,78 Lê Lợi,Khánh Hòa,VN,0937961933,623879,1
225,113,billing,Trang,Dương,22 Trần Hưng Đạo,TP HCM,VN,0994494949,696481,1
226,113,shipping,Trang,Dương,22 Trần Hưng Đạo,TP HCM,VN,0941669125,399751,1
227,114,billing,Thảo,Dương,123 Nguyễn Huệ,Hà Nội,VN,0972510858,424636,1
228,114,shipping,Thảo,Dương,123 Nguyễn Huệ,Hà Nội,VN,0943864746,620685,1
229,115,billing,Đức,Đỗ,123 Nguyễn Huệ,Hà Nội,VN,0957074797,723689,1
230,115,shipping,Đức,Đỗ,45 Đinh Tiên Hoàng,Hà Nội,VN,0986347073,217935,1
231,116,billing,Yến,Bùi,45 Đinh Tiên Hoàng,TP HCM,VN,0926133372,359575,1
232,116,shipping,Yến,Bùi,78 Lê Lợi,TP HCM,VN,0977572545,660944,1
233,117,billing,Khánh,Phạm,22 Trần Hưng Đạo,Đà Nẵng,VN,0913676190,936681,1
234,117,shipping,Khánh,Phạm,78 Lê Lợi,Đà Nẵng,VN,0937640813,248488,1
235,118,billing,Bình,Ngô,123 Nguyễn Huệ,Hải Phòng,VN,0982720640,119604,1
236,118,shipping,Bình,Ngô,78 Lê Lợi,Hải Phòng,VN,0966474098,642621,1
237,119,billing,Long,Phan,99 Hai Bà Trưng,Quảng Ninh,VN,0992644623,165242,1
238,119,shipping,Long,Phan,123 Nguyễn Huệ,Quảng Ninh,VN,0987789821,626062,1
239,120,billing,Ngọc,Trần,99 Hai Bà Trưng,TP HCM,VN,0994243079,966310,1
240,120,shipping,Ngọc,Trần,22 Trần Hưng Đạo,TP HCM,VN,0953710223,552307,1
241,121,billing,Ngọc,Hoàng,22 Trần Hưng Đạo,Đà Nẵng,VN,0936401173,305724,1
242,121,shipping,Ngọc,Hoàng,78 Lê Lợi,Đà Nẵng,VN,0997238739,488966,1
243,122,billing,Thu,Hoàng,99 Hai Bà Trưng,Hà Nội,VN,0977266179,813675,1
244,122,shipping,Thu,Hoàng,78 Lê Lợi,Hà Nội,VN,0915723839,881494,1
245,123,billing,Anh,Hồ,22 Trần Hưng Đạo,TP HCM,VN,0924449010,912881,1
246,123,shipping,Anh,Hồ,22 Trần Hưng Đạo,TP HCM,VN,0954007032,835109,1
247,124,billing,Đức,Trần,45 Đinh Tiên Hoàng,TP HCM,VN,0949663767,568172,1
248,124,shipping,Đức,Trần,22 Trần Hưng Đạo,TP HCM,VN,0990190366,344624,1
249,125,billing,Thành,Lê,99 Hai Bà Trưng,TP HCM,VN,0991635555,445771,1
250,125,shipping,Thành,Lê,123 Nguyễn Huệ,TP HCM,VN,0930262228,107568,1
251,126,billing,Thảo,Trần,123 Nguyễn Huệ,Đà Nẵng,VN,0953389876,293998,1
252,126,shipping,Thảo,Trần,99 Hai Bà Trưng,Đà Nẵng,VN,0955691499,517373,1
253,127,billing,Thu,Ngô,78 Lê Lợi,Hải Phòng,VN,0931046247,510496,1
254,127,shipping,Thu,Ngô,45 Đinh Tiên Hoàng,Hải Phòng,VN,0949647959,926454,1
255,128,billing,Trang,Ngô,78 Lê Lợi,Hải Phòng,VN,0983304400,555835,1
256,128,shipping,Trang,Ngô,123 Nguyễn Huệ,Hải Phòng,VN,0935214911,392288,1
257,129,billing,Yến,Dương,22 Trần Hưng Đạo,TP HCM,VN,0961084321,178115,1
258,129,shipping,Yến,Dương,78 Lê Lợi,TP HCM,VN,0949454217,107067,1
259,130,billing,Anh,Phan,123 Nguyễn Huệ,TP HCM,VN,0924468235,296258,1
260,130,shipping,Anh,Phan,99 Hai Bà Trưng,TP HCM,VN,0978876064,102670,1
261,131,billing,Tuấn,Bùi,123 Nguyễn Huệ,Hà Nội,VN,0949007320,351237,1
262,131,shipping,Tuấn,Bùi,78 Lê Lợi,Hà Nội,VN,0926320509,660478,1
263,132,billing,Thảo,Hồ,45 Đinh Tiên Hoàng,TP HCM,VN,0947912032,475450,1
264,132,shipping,Thảo,Hồ,45 Đinh Tiên Hoàng,TP HCM,VN,0984192761,643738,1
265,133,billing,Hà,Nguyễn,123 Nguyễn Huệ,Hà Nội,VN,0964185845,585239,1
266,133,shipping,Hà,Nguyễn,22 Trần Hưng Đạo,Hà Nội,VN,0930511674,265682,1
267,134,billing,Thành,Hồ,78 Lê Lợi,TP HCM,VN,0937072009,344340,1
268,134,shipping,Thành,Hồ,99 Hai Bà Trưng,TP HCM,VN,0911645000,515182,1
269,135,billing,Bình,Vũ,99 Hai Bà Trưng,Hà Nội,VN,0952376383,869177,1
270,135,shipping,Bình,Vũ,78 Lê Lợi,Hà Nội,VN,0994931649,265985,1
271,136,billing,Bình,Phạm,45 Đinh Tiên Hoàng,Hà Nội,VN,0940096854,198647,1
272,136,shipping,Bình,Phạm,123 Nguyễn Huệ,Hà Nội,VN,0921538428,282476,1
273,137,billing,Khánh,Đỗ,78 Lê Lợi,Hà Nội,VN,0918522665,231487,1
274,137,shipping,Khánh,Đỗ,99 Hai Bà Trưng,Hà Nội,VN,0939480198,330777,1
275,138,billing,Linh,Đặng,22 Trần Hưng Đạo,TP HCM,VN,0912340664,837789,1
276,138,shipping,Linh,Đặng,22 Trần Hưng Đạo,TP HCM,VN,0992568634,946951,1
277,139,billing,Trang,Hoàng,123 Nguyễn Huệ,Đà Nẵng,VN,0914608786,319791,1
278,139,shipping,Trang,Hoàng,123 Nguyễn Huệ,Đà Nẵng,VN,0931116012,288166,1
279,140,billing,Hà,Hoàng,78 Lê Lợi,Hà Nội,VN,0994692541,273642,1
280,140,shipping,Hà,Hoàng,22 Trần Hưng Đạo,Hà Nội,VN,0985973247,842224,1
281,141,billing,Lan,Nguyễn,45 Đinh Tiên Hoàng,Hà Nội,VN,0922984557,513830,1
282,141,shipping,Lan,Nguyễn,22 Trần Hưng Đạo,Hà Nội,VN,0941690123,861271,1
283,142,billing,Phương,Vũ,45 Đinh Tiên Hoàng,TP HCM,VN,0947310872,189129,1
284,142,shipping,Phương,Vũ,99 Hai Bà Trưng,TP HCM,VN,0912569920,639023,1
285,143,billing,Hoa,Hồ,123 Nguyễn Huệ,TP HCM,VN,0946900533,606267,1
286,143,shipping,Hoa,Hồ,99 Hai Bà Trưng,TP HCM,VN,0951540219,871123,1
287,144,billing,Bình,Đỗ,123 Nguyễn Huệ,TP HCM,VN,0957812005,244494,1
288,144,shipping,Bình,Đỗ,45 Đinh Tiên Hoàng,TP HCM,VN,0958060009,631333,1
289,145,billing,Bình,Nguyễn,99 Hai Bà Trưng,TP HCM,VN,0930745077,859933,1
290,145,shipping,Bình,Nguyễn,99 Hai Bà Trưng,TP HCM,VN,0910670700,850344,1
291,146,billing,Hằng,Bùi,45 Đinh Tiên Hoàng,Khánh Hòa,VN,0919851026,236090,1
292,146,shipping,Hằng,Bùi,78 Lê Lợi,Khánh Hòa,VN,0937715114,654907,1
293,147,billing,Long,Bùi,22 Trần Hưng Đạo,Khánh Hòa,VN,0917370707,183505,1
294,147,shipping,Long,Bùi,22 Trần Hưng Đạo,Khánh Hòa,VN,0963271877,736131,1
295,148,billing,Phương,Trần,45 Đinh Tiên Hoàng,Đồng Nai,VN,0924721532,399033,1
296,148,shipping,Phương,Trần,123 Nguyễn Huệ,Đồng Nai,VN,0930023093,587392,1
297,149,billing,Anh,Đặng,99 Hai Bà Trưng,Đà Nẵng,VN,0943644005,738612,1
298,149,shipping,Anh,Đặng,123 Nguyễn Huệ,Đà Nẵng,VN,0991397131,253748,1
299,150,billing,Anh,Nguyễn,99 Hai Bà Trưng,TP HCM,VN,0935503263,323540,1
300,150,shipping,Anh,Nguyễn,22 Trần Hưng Đạo,TP HCM,VN,0932639340,911299,1
301,151,billing,Bình,Hồ,99 Hai Bà Trưng,TP HCM,VN,0969925010,415024,1
302,151,shipping,Bình,Hồ,78 Lê Lợi,TP HCM,VN,0989870068,340328,1
303,152,billing,Tuấn,Vũ,78 Lê Lợi,Quảng Ninh,VN,0956460102,117406,1
304,152,shipping,Tuấn,Vũ,22 Trần Hưng Đạo,Quảng Ninh,VN,0929772491,888609,1
305,153,billing,Bình,Hoàng,99 Hai Bà Trưng,Bình Dương,VN,0949928268,239242,1
306,153,shipping,Bình,Hoàng,123 Nguyễn Huệ,Bình Dương,VN,0945904867,757477,1
307,154,billing,Mai,Ngô,22 Trần Hưng Đạo,Đà Nẵng,VN,0965304762,317264,1
308,154,shipping,Mai,Ngô,45 Đinh Tiên Hoàng,Đà Nẵng,VN,0911069756,952319,1
309,155,billing,Hoa,Phan,123 Nguyễn Huệ,TP HCM,VN,0919937471,277045,1
310,155,shipping,Hoa,Phan,123 Nguyễn Huệ,TP HCM,VN,0952526316,229202,1
311,156,billing,Thảo,Phan,78 Lê Lợi,Hà Nội,VN,0945553002,839576,1
312,156,shipping,Thảo,Phan,99 Hai Bà Trưng,Hà Nội,VN,0979752816,391879,1
313,157,billing,Thảo,Hồ,45 Đinh Tiên Hoàng,TP HCM,VN,0972395851,618735,1
314,157,shipping,Thảo,Hồ,99 Hai Bà Trưng,TP HCM,VN,0985466417,492168,1
315,158,billing,Ánh,Dương,22 Trần Hưng Đạo,Đà Nẵng,VN,0919597524,131196,1
316,158,shipping,Ánh,Dương,123 Nguyễn Huệ,Đà Nẵng,VN,0927110968,572853,1
317,159,billing,Minh,Trần,45 Đinh Tiên Hoàng,TP HCM,VN,0986667287,603674,1
318,159,shipping,Minh,Trần,99 Hai Bà Trưng,TP HCM,VN,0965295129,375608,1
319,160,billing,Thu,Bùi,78 Lê Lợi,TP HCM,VN,0926239547,519542,1
320,160,shipping,Thu,Bùi,22 Trần Hưng Đạo,TP HCM,VN,0983907053,646508,1
321,161,billing,Minh,Hoàng,78 Lê Lợi,TP HCM,VN,0912534157,487562,1
322,161,shipping,Minh,Hoàng,123 Nguyễn Huệ,TP HCM,VN,0980249370,100177,1
323,162,billing,Hằng,Hoàng,99 Hai Bà Trưng,Đà Nẵng,VN,0969375252,150634,1
324,162,shipping,Hằng,Hoàng,123 Nguyễn Huệ,Đà Nẵng,VN,0939363334,766982,1
325,163,billing,Ánh,Trần,123 Nguyễn Huệ,TP HCM,VN,0959883469,130323,1
326,163,shipping,Ánh,Trần,99 Hai Bà Trưng,TP HCM,VN,0914656274,545959,1
327,164,billing,Anh,Đặng,45 Đinh Tiên Hoàng,TP HCM,VN,0970338984,278651,1
328,164,shipping,Anh,Đặng,99 Hai Bà Trưng,TP HCM,VN,0973618105,415040,1
329,165,billing,Anh,Dương,123 Nguyễn Huệ,TP HCM,VN,0931529741,604797,1
330,165,shipping,Anh,Dương,99 Hai Bà Trưng,TP HCM,VN,0930367784,294882,1
331,166,billing,Trang,Hồ,45 Đinh Tiên Hoàng,Hà Nội,VN,0935897711,400683,1
332,166,shipping,Trang,Hồ,45 Đinh Tiên Hoàng,Hà Nội,VN,0940810853,274031,1
333,167,billing,Trung,Phan,45 Đinh Tiên Hoàng,Hà Nội,VN,0937564503,137032,1
334,167,shipping,Trung,Phan,99 Hai Bà Trưng,Hà Nội,VN,0995405846,582991,1
335,168,billing,Bình,Bùi,123 Nguyễn Huệ,Quảng Ninh,VN,0922240300,842416,1
336,168,shipping,Bình,Bùi,45 Đinh Tiên Hoàng,Quảng Ninh,VN,0961827038,675755,1
337,169,billing,Đức,Đặng,45 Đinh Tiên Hoàng,Hà Nội,VN,0923635526,346451,1
338,169,shipping,Đức,Đặng,45 Đinh Tiên Hoàng,Hà Nội,VN,0945916825,234372,1
339,170,billing,Long,Phạm,45 Đinh Tiên Hoàng,TP HCM,VN,0970676519,364783,1
340,170,shipping,Long,Phạm,45 Đinh Tiên Hoàng,TP HCM,VN,0965727679,854448,1
341,171,billing,Lan,Đỗ,45 Đinh Tiên Hoàng,Hà Nội,VN,0928237780,305328,1
342,171,shipping,Lan,Đỗ,99 Hai Bà Trưng,Hà Nội,VN,0980503331,295752,1
343,172,billing,Khánh,Phạm,22 Trần Hưng Đạo,Đà Nẵng,VN,0917537403,118862,1
344,172,shipping,Khánh,Phạm,22 Trần Hưng Đạo,Đà Nẵng,VN,0967092014,250507,1
345,173,billing,Yến,Đặng,99 Hai Bà Trưng,Hà Nội,VN,0946991757,297181,1
346,173,shipping,Yến,Đặng,99 Hai Bà Trưng,Hà Nội,VN,0974682750,764116,1
347,174,billing,Nga,Phan,45 Đinh Tiên Hoàng,Hà Nội,VN,0945629463,242396,1
348,174,shipping,Nga,Phan,45 Đinh Tiên Hoàng,Hà Nội,VN,0968855054,698832,1
349,175,billing,Linh,Lê,45 Đinh Tiên Hoàng,Hà Nội,VN,0949637139,864072,1
350,175,shipping,Linh,Lê,22 Trần Hưng Đạo,Hà Nội,VN,0931115276,791175,1
351,176,billing,Ngọc,Ngô,99 Hai Bà Trưng,Hà Nội,VN,0915273206,597709,1
352,176,shipping,Ngọc,Ngô,78 Lê Lợi,Hà Nội,VN,0930556840,275876,1
353,177,billing,Tuấn,Vũ,22 Trần Hưng Đạo,Hà Nội,VN,0974419828,458835,1
354,177,shipping,Tuấn,Vũ,99 Hai Bà Trưng,Hà Nội,VN,0978259083,997369,1
355,178,billing,Lan,Nguyễn,99 Hai Bà Trưng,Hà Nội,VN,0970573953,227375,1
356,178,shipping,Lan,Nguyễn,78 Lê Lợi,Hà Nội,VN,0941342320,821208,1
357,179,billing,Thành,Trần,22 Trần Hưng Đạo,Hà Nội,VN,0955236648,361724,1
358,179,shipping,Thành,Trần,99 Hai Bà Trưng,Hà Nội,VN,0936626889,375077,1
359,180,billing,Linh,Đỗ,22 Trần Hưng Đạo,Hà Nội,VN,0990785127,592339,1
360,180,shipping,Linh,Đỗ,123 Nguyễn Huệ,Hà Nội,VN,0936959392,231157,1
361,181,billing,Lan,Hồ,99 Hai Bà Trưng,Hà Nội,VN,0982393552,409002,1
362,181,shipping,Lan,Hồ,123 Nguyễn Huệ,Hà Nội,VN,0946024997,900333,1
363,182,billing,Trung,Ngô,78 Lê Lợi,Hà Nội,VN,0967673295,477366,1
364,182,shipping,Trung,Ngô,22 Trần Hưng Đạo,Hà Nội,VN,0955817394,697028,1
365,183,billing,Phương,Phạm,78 Lê Lợi,Đà Nẵng,VN,0982632602,766545,1
366,183,shipping,Phương,Phạm,45 Đinh Tiên Hoàng,Đà Nẵng,VN,0962312971,878364,1
367,184,billing,Hằng,Phan,22 Trần Hưng Đạo,Hải Phòng,VN,0988529279,237433,1
368,184,shipping,Hằng,Phan,123 Nguyễn Huệ,Hải Phòng,VN,0983089063,753285,1
369,185,billing,Việt,Đỗ,78 Lê Lợi,Khánh Hòa,VN,0958189476,522278,1
370,185,shipping,Việt,Đỗ,123 Nguyễn Huệ,Khánh Hòa,VN,0930410872,841156,1
371,186,billing,Ánh,Lê,123 Nguyễn Huệ,Hà Nội,VN,0912895885,597505,1
372,186,shipping,Ánh,Lê,78 Lê Lợi,Hà Nội,VN,0974318796,946920,1
373,187,billing,Hải,Phan,99 Hai Bà Trưng,Hà Nội,VN,0918601183,762888,1
374,187,shipping,Hải,Phan,99 Hai Bà Trưng,Hà Nội,VN,0982527811,262356,1
375,188,billing,Yến,Bùi,22 Trần Hưng Đạo,Hà Nội,VN,0967161387,814729,1
376,188,shipping,Yến,Bùi,123 Nguyễn Huệ,Hà Nội,VN,0973746042,165123,1
377,189,billing,Trung,Phạm,123 Nguyễn Huệ,TP HCM,VN,0995471597,334892,1
378,189,shipping,Trung,Phạm,22 Trần Hưng Đạo,TP HCM,VN,0941497566,950506,1
379,190,billing,Thu,Hoàng,78 Lê Lợi,TP HCM,VN,0940070581,131510,1
380,190,shipping,Thu,Hoàng,123 Nguyễn Huệ,TP HCM,VN,0944616382,774128,1
381,191,billing,Quang,Nguyễn,22 Trần Hưng Đạo,Bình Dương,VN,0957779697,819746,1
382,191,shipping,Quang,Nguyễn,45 Đinh Tiên Hoàng,Bình Dương,VN,0931231759,910669,1
383,192,billing,Trung,Phan,99 Hai Bà Trưng,TP HCM,VN,0969777943,642626,1
384,192,shipping,Trung,Phan,45 Đinh Tiên Hoàng,TP HCM,VN,0984876781,123750,1
385,193,billing,Long,Vũ,22 Trần Hưng Đạo,TP HCM,VN,0952210075,342166,1
386,193,shipping,Long,Vũ,78 Lê Lợi,TP HCM,VN,0999829811,728238,1
387,194,billing,Long,Dương,78 Lê Lợi,Hải Phòng,VN,0978475798,276611,1
388,194,shipping,Long,Dương,22 Trần Hưng Đạo,Hải Phòng,VN,0919902111,896696,1
389,195,billing,Quang,Dương,22 Trần Hưng Đạo,TP HCM,VN,0984464519,985823,1
390,195,shipping,Quang,Dương,45 Đinh Tiên Hoàng,TP HCM,VN,0918495257,341571,1
391,196,billing,Đức,Dương,45 Đinh Tiên Hoàng,Hà Nội,VN,0983561702,471847,1
392,196,shipping,Đức,Dương,123 Nguyễn Huệ,Hà Nội,VN,0961207774,554507,1
393,197,billing,Trang,Bùi,45 Đinh Tiên Hoàng,TP HCM,VN,0924895966,638183,1
394,197,shipping,Trang,Bùi,78 Lê Lợi,TP HCM,VN,0987584445,681834,1
395,198,billing,Hà,Trần,45 Đinh Tiên Hoàng,TP HCM,VN,0948342047,227806,1
396,198,shipping,Hà,Trần,45 Đinh Tiên Hoàng,TP HCM,VN,0949967560,488573,1
397,199,billing,Thảo,Trần,22 Trần Hưng Đạo,Hải Phòng,VN,0916775046,689583,1
398,199,shipping,Thảo,Trần,123 Nguyễn Huệ,Hải Phòng,VN,0976344425,596231,1
399,200,billing,Quang,Bùi,78 Lê Lợi,Hà Nội,VN,0939269248,405548,1
400,200,shipping,Quang,Bùi,45 Đinh Tiên Hoàng,Hà Nội,VN,0939534079,596370,1
401,201,billing,Hằng,Vũ,78 Lê Lợi,Đà Nẵng,VN,0973739081,918073,1
402,201,shipping,Hằng,Vũ,99 Hai Bà Trưng,Đà Nẵng,VN,0999249387,787840,1
403,202,billing,Hoa,Đặng,99 Hai Bà Trưng,TP HCM,VN,0947420527,886468,1
404,202,shipping,Hoa,Đặng,78 Lê Lợi,TP HCM,VN,0958687959,911739,1
405,203,billing,Bình,Phan,45 Đinh Tiên Hoàng,Hải Phòng,VN,0913567552,712064,1
406,203,shipping,Bình,Phan,78 Lê Lợi,Hải Phòng,VN,0929240884,761823,1
407,204,billing,Khánh,Phan,22 Trần Hưng Đạo,TP HCM,VN,0965931908,207113,1
408,204,shipping,Khánh,Phan,45 Đinh Tiên Hoàng,TP HCM,VN,0984015286,102173,1
409,205,billing,Bình,Lê,123 Nguyễn Huệ,Hà Nội,VN,0960114508,528716,1
410,205,shipping,Bình,Lê,45 Đinh Tiên Hoàng,Hà Nội,VN,0944623068,574485,1
411,206,billing,Ánh,Bùi,78 Lê Lợi,TP HCM,VN,0941862205,661796,1
412,206,shipping,Ánh,Bùi,45 Đinh Tiên Hoàng,TP HCM,VN,0984825527,860786,1
413,207,billing,Long,Nguyễn,99 Hai Bà Trưng,TP HCM,VN,0928465998,449345,1
414,207,shipping,Long,Nguyễn,99 Hai Bà Trưng,TP HCM,VN,0991476538,595151,1
415,208,billing,Yến,Phan,99 Hai Bà Trưng,Đà Nẵng,VN,0959111908,418541,1
416,208,shipping,Yến,Phan,78 Lê Lợi,Đà Nẵng,VN,0956524432,432628,1
417,209,billing,Thảo,Đặng,123 Nguyễn Huệ,Bình Dương,VN,0951606219,978542,1
418,209,shipping,Thảo,Đặng,123 Nguyễn Huệ,Bình Dương,VN,0952249992,674414,1
419,210,billing,Mai,Đỗ,22 Trần Hưng Đạo,Hải Phòng,VN,0996672755,730030,1
420,210,shipping,Mai,Đỗ,123 Nguyễn Huệ,Hải Phòng,VN,0947559922,629645,1
421,211,billing,Thảo,Đỗ,123 Nguyễn Huệ,Hà Nội,VN,0961058930,141572,1
422,211,shipping,Thảo,Đỗ,22 Trần Hưng Đạo,Hà Nội,VN,0972837730,955765,1
423,212,billing,Khánh,Lê,99 Hai Bà Trưng,Hải Phòng,VN,0934049496,393701,1
424,212,shipping,Khánh,Lê,78 Lê Lợi,Hải Phòng,VN,0991117936,826223,1
425,213,billing,Hoa,Đặng,45 Đinh Tiên Hoàng,TP HCM,VN,0991813702,234701,1
426,213,shipping,Hoa,Đặng,45 Đinh Tiên Hoàng,TP HCM,VN,0921667328,682035,1
427,214,billing,Anh,Hồ,45 Đinh Tiên Hoàng,Bình Dương,VN,0910967994,445481,1
428,214,shipping,Anh,Hồ,99 Hai Bà Trưng,Bình Dương,VN,0916954547,414281,1
429,215,billing,Phương,Bùi,22 Trần Hưng Đạo,TP HCM,VN,0983175101,869534,1
430,215,shipping,Phương,Bùi,78 Lê Lợi,TP HCM,VN,0915959400,921470,1
431,216,billing,Hà,Trần,99 Hai Bà Trưng,TP HCM,VN,0987446650,408359,1
432,216,shipping,Hà,Trần,123 Nguyễn Huệ,TP HCM,VN,0993091748,370474,1
433,217,billing,Nga,Hồ,45 Đinh Tiên Hoàng,Hà Nội,VN,0945528080,618093,1
434,217,shipping,Nga,Hồ,78 Lê Lợi,Hà Nội,VN,0975572915,752884,1
435,218,billing,Hùng,Hồ,22 Trần Hưng Đạo,Hà Nội,VN,0985988057,607962,1
436,218,shipping,Hùng,Hồ,99 Hai Bà Trưng,Hà Nội,VN,0930204417,540846,1
437,219,billing,Trang,Vũ,99 Hai Bà Trưng,TP HCM,VN,0967039517,263221,1
438,219,shipping,Trang,Vũ,78 Lê Lợi,TP HCM,VN,0953433141,644247,1
439,220,billing,Việt,Dương,45 Đinh Tiên Hoàng,TP HCM,VN,0919691707,817582,1
440,220,shipping,Việt,Dương,78 Lê Lợi,TP HCM,VN,0914704565,705625,1
441,221,billing,Trung,Vũ,123 Nguyễn Huệ,Bình Dương,VN,0995829051,563665,1
442,221,shipping,Trung,Vũ,123 Nguyễn Huệ,Bình Dương,VN,0946237340,606449,1
443,222,billing,Mai,Dương,45 Đinh Tiên Hoàng,Hà Nội,VN,0969099327,136154,1
444,222,shipping,Mai,Dương,45 Đinh Tiên Hoàng,Hà Nội,VN,0993350973,307653,1
445,223,billing,Anh,Hoàng,99 Hai Bà Trưng,Hải Phòng,VN,0958298734,378529,1
446,223,shipping,Anh,Hoàng,99 Hai Bà Trưng,Hải Phòng,VN,0984658013,783473,1
447,224,billing,Hải,Nguyễn,45 Đinh Tiên Hoàng,Hà Nội,VN,0953055183,311705,1
448,224,shipping,Hải,Nguyễn,45 Đinh Tiên Hoàng,Hà Nội,VN,0964811466,247173,1
449,225,billing,Hùng,Đỗ,45 Đinh Tiên Hoàng,Hà Nội,VN,0993427743,550920,1
450,225,shipping,Hùng,Đỗ,22 Trần Hưng Đạo,Hà Nội,VN,0972599008,440057,1
451,226,billing,Hằng,Ngô,123 Nguyễn Huệ,TP HCM,VN,0968589754,307140,1
452,226,shipping,Hằng,Ngô,22 Trần Hưng Đạo,TP HCM,VN,0997956703,824023,1
453,227,billing,Quang,Phan,99 Hai Bà Trưng,Hà Nội,VN,0939033185,888773,1
454,227,shipping,Quang,Phan,45 Đinh Tiên Hoàng,Hà Nội,VN,0996852372,459816,1
455,228,billing,Trung,Đỗ,78 Lê Lợi,Hà Nội,VN,0945314066,702842,1
456,228,shipping,Trung,Đỗ,123 Nguyễn Huệ,Hà Nội,VN,0944465138,214832,1
457,229,billing,Thành,Phan,99 Hai Bà Trưng,Hà Nội,VN,0951269396,477466,1
458,229,shipping,Thành,Phan,99 Hai Bà Trưng,Hà Nội,VN,0963560149,267669,1
459,230,billing,Thảo,Trần,45 Đinh Tiên Hoàng,TP HCM,VN,0986114924,180887,1
460,230,shipping,Thảo,Trần,45 Đinh Tiên Hoàng,TP HCM,VN,0993246159,507783,1
461,231,billing,Thành,Ngô,22 Trần Hưng Đạo,Hà Nội,VN,0969460215,422158,1
462,231,shipping,Thành,Ngô,45 Đinh Tiên Hoàng,Hà Nội,VN,0944405099,806169,1
463,232,billing,Khánh,Dương,123 Nguyễn Huệ,Hà Nội,VN,0997216179,380720,1
464,232,shipping,Khánh,Dương,22 Trần Hưng Đạo,Hà Nội,VN,0969161539,174929,1
465,233,billing,Việt,Phạm,22 Trần Hưng Đạo,Khánh Hòa,VN,0997949215,110885,1
466,233,shipping,Việt,Phạm,123 Nguyễn Huệ,Khánh Hòa,VN,0968640363,412853,1
467,234,billing,Long,Phạm,78 Lê Lợi,Đà Nẵng,VN,0932771823,879828,1
468,234,shipping,Long,Phạm,22 Trần Hưng Đạo,Đà Nẵng,VN,0938188999,466250,1
469,235,billing,Quang,Nguyễn,45 Đinh Tiên Hoàng,Hà Nội,VN,0994860213,894240,1
470,235,shipping,Quang,Nguyễn,99 Hai Bà Trưng,Hà Nội,VN,0912011541,170460,1
471,236,billing,Yến,Phạm,45 Đinh Tiên Hoàng,TP HCM,VN,0937788360,407201,1
472,236,shipping,Yến,Phạm,45 Đinh Tiên Hoàng,TP HCM,VN,0961658269,715000,1
473,237,billing,Trang,Đặng,78 Lê Lợi,TP HCM,VN,0961637772,402843,1
474,237,shipping,Trang,Đặng,78 Lê Lợi,TP HCM,VN,0986258025,399840,1
475,238,billing,Long,Hoàng,78 Lê Lợi,Đồng Nai,VN,0958871700,154177,1
476,238,shipping,Long,Hoàng,123 Nguyễn Huệ,Đồng Nai,VN,0950424673,131251,1
477,239,billing,Việt,Dương,123 Nguyễn Huệ,Hà Nội,VN,0970067909,574054,1
478,239,shipping,Việt,Dương,22 Trần Hưng Đạo,Hà Nội,VN,0971566321,952131,1
479,240,billing,Bình,Hoàng,78 Lê Lợi,Bình Dương,VN,0928619068,133698,1
480,240,shipping,Bình,Hoàng,123 Nguyễn Huệ,Bình Dương,VN,0941354431,422330,1
481,241,billing,Trang,Trần,99 Hai Bà Trưng,Khánh Hòa,VN,0990892354,868878,1
482,241,shipping,Trang,Trần,78 Lê Lợi,Khánh Hòa,VN,0918828340,915706,1
483,242,billing,Yến,Ngô,123 Nguyễn Huệ,Hà Nội,VN,0952212828,233980,1
484,242,shipping,Yến,Ngô,99 Hai Bà Trưng,Hà Nội,VN,0986782153,268016,1
485,243,billing,Ánh,Hồ,22 Trần Hưng Đạo,TP HCM,VN,0949260592,421553,1
486,243,shipping,Ánh,Hồ,123 Nguyễn Huệ,TP HCM,VN,0984741034,763539,1
487,244,billing,Hải,Dương,78 Lê Lợi,Hà Nội,VN,0922828437,119069,1
488,244,shipping,Hải,Dương,99 Hai Bà Trưng,Hà Nội,VN,0960339534,956977,1
489,245,billing,Linh,Phan,22 Trần Hưng Đạo,Hà Nội,VN,0930735269,400808,1
490,245,shipping,Linh,Phan,123 Nguyễn Huệ,Hà Nội,VN,0999611376,329227,1
491,246,billing,Thảo,Trần,123 Nguyễn Huệ,Hà Nội,VN,0954704703,824773,1
492,246,shipping,Thảo,Trần,78 Lê Lợi,Hà Nội,VN,0967351740,478847,1
493,247,billing,Ngọc,Bùi,99 Hai Bà Trưng,TP HCM,VN,0998936293,620232,1
494,247,shipping,Ngọc,Bùi,99 Hai Bà Trưng,TP HCM,VN,0969264860,919387,1
495,248,billing,Việt,Nguyễn,78 Lê Lợi,TP HCM,VN,0996329870,957916,1
496,248,shipping,Việt,Nguyễn,22 Trần Hưng Đạo,TP HCM,VN,0967952913,624437,1
497,249,billing,Việt,Đỗ,78 Lê Lợi,TP HCM,VN,0921486731,692181,1
498,249,shipping,Việt,Đỗ,45 Đinh Tiên Hoàng,TP HCM,VN,0929759714,722114,1
499,250,billing,Trang,Nguyễn,99 Hai Bà Trưng,Khánh Hòa,VN,0968446609,299314,1
500,250,shipping,Trang,Nguyễn,45 Đinh Tiên Hoàng,Khánh Hòa,VN,0971527669,329261,1
501,251,billing,Đức,Nguyễn,123 Nguyễn Huệ,Hà Nội,VN,0924967080,755470,1
502,251,shipping,Đức,Nguyễn,45 Đinh Tiên Hoàng,Hà Nội,VN,0990881443,685453,1
503,252,billing,Mai,Nguyễn,45 Đinh Tiên Hoàng,Đà Nẵng,VN,0996286330,701351,1
504,252,shipping,Mai,Nguyễn,99 Hai Bà Trưng,Đà Nẵng,VN,0979721489,346044,1
505,253,billing,Hải,Hoàng,99 Hai Bà Trưng,Quảng Ninh,VN,0910748268,902178,1
506,253,shipping,Hải,Hoàng,78 Lê Lợi,Quảng Ninh,VN,0924775999,526549,1
507,254,billing,Phương,Hồ,99 Hai Bà Trưng,TP HCM,VN,0993819586,313701,1
508,254,shipping,Phương,Hồ,22 Trần Hưng Đạo,TP HCM,VN,0965571358,885234,1
509,255,billing,Hải,Đỗ,99 Hai Bà Trưng,TP HCM,VN,0969310169,104736,1
510,255,shipping,Hải,Đỗ,99 Hai Bà Trưng,TP HCM,VN,0967916456,343159,1
511,256,billing,Anh,Ngô,45 Đinh Tiên Hoàng,TP HCM,VN,0987399290,473314,1
512,256,shipping,Anh,Ngô,22 Trần Hưng Đạo,TP HCM,VN,0976622030,445645,1
513,257,billing,Khánh,Đặng,99 Hai Bà Trưng,Khánh Hòa,VN,0945688345,710276,1
514,257,shipping,Khánh,Đặng,45 Đinh Tiên Hoàng,Khánh Hòa,VN,0926571117,965483,1
515,258,billing,Ngọc,Hồ,99 Hai Bà Trưng,Hà Nội,VN,0976027838,839247,1
516,258,shipping,Ngọc,Hồ,78 Lê Lợi,Hà Nội,VN,0943259025,502192,1
517,259,billing,Quang,Lê,45 Đinh Tiên Hoàng,Đà Nẵng,VN,0976860830,935099,1
518,259,shipping,Quang,Lê,123 Nguyễn Huệ,Đà Nẵng,VN,0944498301,942840,1
519,260,billing,Tuấn,Hồ,123 Nguyễn Huệ,Hà Nội,VN,0994494985,997472,1
520,260,shipping,Tuấn,Hồ,22 Trần Hưng Đạo,Hà Nội,VN,0933338193,253377,1
521,261,billing,Linh,Hoàng,45 Đinh Tiên Hoàng,Hà Nội,VN,0983534192,353782,1
522,261,shipping,Linh,Hoàng,123 Nguyễn Huệ,Hà Nội,VN,0950464355,639279,1
523,262,billing,Linh,Đặng,22 Trần Hưng Đạo,Hà Nội,VN,0971668892,909171,1
524,262,shipping,Linh,Đặng,99 Hai Bà Trưng,Hà Nội,VN,0929421004,649169,1
525,263,billing,Thảo,Hồ,99 Hai Bà Trưng,TP HCM,VN,0954957859,319026,1
526,263,shipping,Thảo,Hồ,22 Trần Hưng Đạo,TP HCM,VN,0994219011,681560,1
527,264,billing,Linh,Hoàng,45 Đinh Tiên Hoàng,TP HCM,VN,0980956683,764875,1
528,264,shipping,Linh,Hoàng,123 Nguyễn Huệ,TP HCM,VN,0950015550,710207,1
529,265,billing,Yến,Phạm,22 Trần Hưng Đạo,Bình Dương,VN,0933603885,350386,1
530,265,shipping,Yến,Phạm,78 Lê Lợi,Bình Dương,VN,0995521782,109931,1
531,266,billing,Phương,Bùi,45 Đinh Tiên Hoàng,Hà Nội,VN,0920135658,498065,1
532,266,shipping,Phương,Bùi,78 Lê Lợi,Hà Nội,VN,0966074971,921694,1
533,267,billing,Anh,Phạm,22 Trần Hưng Đạo,Hải Phòng,VN,0996801690,572730,1
534,267,shipping,Anh,Phạm,123 Nguyễn Huệ,Hải Phòng,VN,0992083073,361742,1
535,268,billing,Thu,Bùi,78 Lê Lợi,Hải Phòng,VN,0998256665,257136,1
536,268,shipping,Thu,Bùi,99 Hai Bà Trưng,Hải Phòng,VN,0981424336,536519,1
537,269,billing,Việt,Đỗ,45 Đinh Tiên Hoàng,Hải Phòng,VN,0950510740,658152,1
538,269,shipping,Việt,Đỗ,45 Đinh Tiên Hoàng,Hải Phòng,VN,0993625245,805462,1
539,270,billing,Thảo,Lê,45 Đinh Tiên Hoàng,Hà Nội,VN,0934660722,695523,1
540,270,shipping,Thảo,Lê,78 Lê Lợi,Hà Nội,VN,0940380816,238261,1
541,271,billing,Lan,Phan,45 Đinh Tiên Hoàng,Hải Phòng,VN,0971932381,899052,1
542,271,shipping,Lan,Phan,123 Nguyễn Huệ,Hải Phòng,VN,0920413638,434247,1
543,272,billing,Trang,Hoàng,45 Đinh Tiên Hoàng,TP HCM,VN,0937850319,861785,1
544,272,shipping,Trang,Hoàng,78 Lê Lợi,TP HCM,VN,0975817743,644102,1
545,273,billing,Khánh,Hoàng,123 Nguyễn Huệ,Hà Nội,VN,0948217045,679229,1
546,273,shipping,Khánh,Hoàng,123 Nguyễn Huệ,Hà Nội,VN,0983596998,164144,1
547,274,billing,Minh,Đặng,45 Đinh Tiên Hoàng,Đà Nẵng,VN,0914973449,485848,1
548,274,shipping,Minh,Đặng,78 Lê Lợi,Đà Nẵng,VN,0911664843,451781,1
549,275,billing,Mai,Đặng,99 Hai Bà Trưng,TP HCM,VN,0927496843,619090,1
550,275,shipping,Mai,Đặng,99 Hai Bà Trưng,TP HCM,VN,0992601104,169863,1
551,276,billing,Đức,Dương,78 Lê Lợi,TP HCM,VN,0911805204,373731,1
552,276,shipping,Đức,Dương,123 Nguyễn Huệ,TP HCM,VN,0984413608,820689,1
553,277,billing,Việt,Đỗ,22 Trần Hưng Đạo,Hà Nội,VN,0988723613,160551,1
554,277,shipping,Việt,Đỗ,78 Lê Lợi,Hà Nội,VN,0964244251,948692,1
555,278,billing,Anh,Hoàng,45 Đinh Tiên Hoàng,TP HCM,VN,0977330462,116958,1
556,278,shipping,Anh,Hoàng,78 Lê Lợi,TP HCM,VN,0914156930,118731,1
557,279,billing,Hoa,Đặng,78 Lê Lợi,Quảng Ninh,VN,0958810084,482863,1
558,279,shipping,Hoa,Đặng,45 Đinh Tiên Hoàng,Quảng Ninh,VN,0960264184,256347,1
559,280,billing,Việt,Dương,22 Trần Hưng Đạo,TP HCM,VN,0952030602,391725,1
560,280,shipping,Việt,Dương,22 Trần Hưng Đạo,TP HCM,VN,0917512752,522981,1
561,281,billing,Trung,Ngô,22 Trần Hưng Đạo,TP HCM,VN,0991101912,286997,1
562,281,shipping,Trung,Ngô,22 Trần Hưng Đạo,TP HCM,VN,0977520024,674161,1
563,282,billing,Bình,Trần,99 Hai Bà Trưng,Đà Nẵng,VN,0941064867,361061,1
564,282,shipping,Bình,Trần,78 Lê Lợi,Đà Nẵng,VN,0960184730,652065,1
565,283,billing,Việt,Vũ,123 Nguyễn Huệ,TP HCM,VN,0986898148,553991,1
566,283,shipping,Việt,Vũ,99 Hai Bà Trưng,TP HCM,VN,0965134375,351972,1
567,284,billing,Thành,Phạm,123 Nguyễn Huệ,Bình Dương,VN,0987067922,431206,1
568,284,shipping,Thành,Phạm,22 Trần Hưng Đạo,Bình Dương,VN,0973539898,479413,1
569,285,billing,Hà,Phan,78 Lê Lợi,Đà Nẵng,VN,0916952322,787814,1
570,285,shipping,Hà,Phan,45 Đinh Tiên Hoàng,Đà Nẵng,VN,0969414123,933899,1
571,286,billing,Ngọc,Dương,22 Trần Hưng Đạo,TP HCM,VN,0998543603,944907,1
572,286,shipping,Ngọc,Dương,78 Lê Lợi,TP HCM,VN,0975076923,638554,1
573,287,billing,Hằng,Đặng,99 Hai Bà Trưng,Hà Nội,VN,0925273492,339132,1
574,287,shipping,Hằng,Đặng,45 Đinh Tiên Hoàng,Hà Nội,VN,0992270571,115406,1
575,288,billing,Khánh,Phạm,123 Nguyễn Huệ,Hà Nội,VN,0974292125,414995,1
576,288,shipping,Khánh,Phạm,22 Trần Hưng Đạo,Hà Nội,VN,0931762364,642569,1
577,289,billing,Yến,Ngô,22 Trần Hưng Đạo,TP HCM,VN,0986646283,210231,1
578,289,shipping,Yến,Ngô,123 Nguyễn Huệ,TP HCM,VN,0917400104,447362,1
579,290,billing,Linh,Phạm,123 Nguyễn Huệ,Hà Nội,VN,0965875276,775589,1
580,290,shipping,Linh,Phạm,99 Hai Bà Trưng,Hà Nội,VN,0938811425,483686,1
581,291,billing,Yến,Dương,99 Hai Bà Trưng,TP HCM,VN,0973978980,618585,1
582,291,shipping,Yến,Dương,22 Trần Hưng Đạo,TP HCM,VN,0963121841,302985,1
583,292,billing,Thảo,Bùi,123 Nguyễn Huệ,Đà Nẵng,VN,0968570592,177464,1
584,292,shipping,Thảo,Bùi,99 Hai Bà Trưng,Đà Nẵng,VN,0984070696,821143,1
585,293,billing,Mai,Ngô,22 Trần Hưng Đạo,Hải Phòng,VN,0943759866,778240,1
586,293,shipping,Mai,Ngô,123 Nguyễn Huệ,Hải Phòng,VN,0959983912,993047,1
587,294,billing,Đức,Bùi,45 Đinh Tiên Hoàng,Đà Nẵng,VN,0975668579,541959,1
588,294,shipping,Đức,Bùi,22 Trần Hưng Đạo,Đà Nẵng,VN,0914503304,825773,1
589,295,billing,Hùng,Hồ,78 Lê Lợi,Hải Phòng,VN,0921103810,435613,1
590,295,shipping,Hùng,Hồ,123 Nguyễn Huệ,Hải Phòng,VN,0911343770,517956,1
591,296,billing,Long,Hoàng,123 Nguyễn Huệ,Hà Nội,VN,0933737748,910984,1
592,296,shipping,Long,Hoàng,78 Lê Lợi,Hà Nội,VN,0929219798,164882,1
593,297,billing,Minh,Dương,22 Trần Hưng Đạo,Bình Dương,VN,0918270869,427966,1
594,297,shipping,Minh,Dương,22 Trần Hưng Đạo,Bình Dương,VN,0989998032,729211,1
595,298,billing,Tuấn,Phan,45 Đinh Tiên Hoàng,TP HCM,VN,0946337370,957011,1
596,298,shipping,Tuấn,Phan,123 Nguyễn Huệ,TP HCM,VN,0933740810,167032,1
597,299,billing,Khánh,Lê,78 Lê Lợi,Quảng Ninh,VN,0977469707,872760,1
598,299,shipping,Khánh,Lê,99 Hai Bà Trưng,Quảng Ninh,VN,0952744988,191663,1
599,300,billing,Lan,Đỗ,78 Lê Lợi,TP HCM,VN,0955559078,960963,1
600,300,shipping,Lan,Đỗ,22 Trần Hưng Đạo,TP HCM,VN,0986388435,440864,1
601,301,billing,Khánh,Dương,22 Trần Hưng Đạo,Quảng Ninh,VN,0916088716,461663,1
602,301,shipping,Khánh,Dương,22 Trần Hưng Đạo,Quảng Ninh,VN,0914387524,602834,1
603,302,billing,Phương,Bùi,45 Đinh Tiên Hoàng,Hà Nội,VN,0972650759,560691,1
604,302,shipping,Phương,Bùi,123 Nguyễn Huệ,Hà Nội,VN,0926075861,631445,1
605,303,billing,Thảo,Phan,99 Hai Bà Trưng,TP HCM,VN,0934225184,777770,1
606,303,shipping,Thảo,Phan,78 Lê Lợi,TP HCM,VN,0931792504,129407,1
607,304,billing,Thu,Đặng,78 Lê Lợi,Hà Nội,VN,0926429607,288964,1
608,304,shipping,Thu,Đặng,78 Lê Lợi,Hà Nội,VN,0941612841,270195,1
609,305,billing,Trung,Dương,45 Đinh Tiên Hoàng,Đồng Nai,VN,0911172163,520253,1
610,305,shipping,Trung,Dương,123 Nguyễn Huệ,Đồng Nai,VN,0987464555,364543,1
611,306,billing,Ngọc,Bùi,123 Nguyễn Huệ,Đà Nẵng,VN,0969994594,343225,1
612,306,shipping,Ngọc,Bùi,22 Trần Hưng Đạo,Đà Nẵng,VN,0924010477,400380,1
613,307,billing,Nga,Bùi,78 Lê Lợi,Hà Nội,VN,0934826727,219144,1
614,307,shipping,Nga,Bùi,78 Lê Lợi,Hà Nội,VN,0913022146,264013,1
615,308,billing,Bình,Phạm,123 Nguyễn Huệ,Đà Nẵng,VN,0989759801,277966,1
616,308,shipping,Bình,Phạm,123 Nguyễn Huệ,Đà Nẵng,VN,0917856205,865436,1
617,309,billing,Thành,Nguyễn,45 Đinh Tiên Hoàng,TP HCM,VN,0996781633,856673,1
618,309,shipping,Thành,Nguyễn,99 Hai Bà Trưng,TP HCM,VN,0943062536,849086,1
619,310,billing,Hằng,Vũ,78 Lê Lợi,Hà Nội,VN,0978858336,541059,1
620,310,shipping,Hằng,Vũ,45 Đinh Tiên Hoàng,Hà Nội,VN,0959973323,433097,1
621,311,billing,Trang,Phan,22 Trần Hưng Đạo,Hà Nội,VN,0997031341,616902,1
622,311,shipping,Trang,Phan,78 Lê Lợi,Hà Nội,VN,0944889094,297447,1
623,312,billing,Khánh,Bùi,22 Trần Hưng Đạo,Đà Nẵng,VN,0934087364,725142,1
624,312,shipping,Khánh,Bùi,78 Lê Lợi,Đà Nẵng,VN,0948805300,167183,1
625,313,billing,Tuấn,Vũ,45 Đinh Tiên Hoàng,TP HCM,VN,0953391266,854733,1
626,313,shipping,Tuấn,Vũ,45 Đinh Tiên Hoàng,TP HCM,VN,0923038603,881225,1
627,314,billing,Việt,Phạm,123 Nguyễn Huệ,TP HCM,VN,0925988129,937941,1
628,314,shipping,Việt,Phạm,22 Trần Hưng Đạo,TP HCM,VN,0988226099,958573,1
629,315,billing,Hằng,Vũ,22 Trần Hưng Đạo,Khánh Hòa,VN,0935488819,514780,1
630,315,shipping,Hằng,Vũ,22 Trần Hưng Đạo,Khánh Hòa,VN,0959702943,385458,1
631,316,billing,Trang,Hồ,123 Nguyễn Huệ,Đà Nẵng,VN,0996135050,650673,1
632,316,shipping,Trang,Hồ,123 Nguyễn Huệ,Đà Nẵng,VN,0915753142,391980,1
633,317,billing,Khánh,Lê,45 Đinh Tiên Hoàng,TP HCM,VN,0978701612,513868,1
634,317,shipping,Khánh,Lê,78 Lê Lợi,TP HCM,VN,0934610790,527205,1
635,318,billing,Mai,Nguyễn,99 Hai Bà Trưng,TP HCM,VN,0948373204,188942,1
636,318,shipping,Mai,Nguyễn,99 Hai Bà Trưng,TP HCM,VN,0967677123,857075,1
637,319,billing,Mai,Phạm,123 Nguyễn Huệ,Hải Phòng,VN,0952513783,311137,1
638,319,shipping,Mai,Phạm,99 Hai Bà Trưng,Hải Phòng,VN,0915346749,147538,1
639,320,billing,Thảo,Phan,99 Hai Bà Trưng,Khánh Hòa,VN,0910241988,962942,1
640,320,shipping,Thảo,Phan,78 Lê Lợi,Khánh Hòa,VN,0985481328,892126,1
641,321,billing,Hải,Hồ,78 Lê Lợi,Đồng Nai,VN,0980370671,903636,1
642,321,shipping,Hải,Hồ,123 Nguyễn Huệ,Đồng Nai,VN,0942782541,532176,1
643,322,billing,Thảo,Nguyễn,99 Hai Bà Trưng,TP HCM,VN,0956377923,538437,1
644,322,shipping,Thảo,Nguyễn,78 Lê Lợi,TP HCM,VN,0965573680,460184,1
645,323,billing,Đức,Trần,22 Trần Hưng Đạo,TP HCM,VN,0963191554,514864,1
646,323,shipping,Đức,Trần,45 Đinh Tiên Hoàng,TP HCM,VN,0936609581,147307,1
647,324,billing,Việt,Lê,99 Hai Bà Trưng,TP HCM,VN,0911263526,271811,1
648,324,shipping,Việt,Lê,78 Lê Lợi,TP HCM,VN,0944267316,325085,1
649,325,billing,Hằng,Nguyễn,22 Trần Hưng Đạo,TP HCM,VN,0937894106,206905,1
650,325,shipping,Hằng,Nguyễn,22 Trần Hưng Đạo,TP HCM,VN,0970216110,540022,1
651,326,billing,Thảo,Trần,99 Hai Bà Trưng,TP HCM,VN,0977270164,584283,1
652,326,shipping,Thảo,Trần,78 Lê Lợi,TP HCM,VN,0926765359,875256,1
653,327,billing,Ánh,Hoàng,78 Lê Lợi,Khánh Hòa,VN,0963364120,375144,1
654,327,shipping,Ánh,Hoàng,22 Trần Hưng Đạo,Khánh Hòa,VN,0913083321,832409,1
655,328,billing,Hoa,Bùi,22 Trần Hưng Đạo,Hà Nội,VN,0934877557,430607,1
656,328,shipping,Hoa,Bùi,123 Nguyễn Huệ,Hà Nội,VN,0914225464,381677,1
657,329,billing,Long,Đỗ,99 Hai Bà Trưng,Hà Nội,VN,0933471201,896464,1
658,329,shipping,Long,Đỗ,99 Hai Bà Trưng,Hà Nội,VN,0917128605,177769,1
659,330,billing,Hoa,Hoàng,22 Trần Hưng Đạo,Đà Nẵng,VN,0948476697,464552,1
660,330,shipping,Hoa,Hoàng,78 Lê Lợi,Đà Nẵng,VN,0968077797,731375,1
661,331,billing,Bình,Đặng,22 Trần Hưng Đạo,TP HCM,VN,0964116439,286938,1
662,331,shipping,Bình,Đặng,22 Trần Hưng Đạo,TP HCM,VN,0949389718,662325,1
663,332,billing,Khánh,Ngô,99 Hai Bà Trưng,Hà Nội,VN,0995362719,602939,1
664,332,shipping,Khánh,Ngô,45 Đinh Tiên Hoàng,Hà Nội,VN,0996599220,105705,1
665,333,billing,Hoa,Bùi,123 Nguyễn Huệ,TP HCM,VN,0934805063,318089,1
666,333,shipping,Hoa,Bùi,123 Nguyễn Huệ,TP HCM,VN,0992788270,809592,1
667,334,billing,Thành,Nguyễn,99 Hai Bà Trưng,Hải Phòng,VN,0958784057,756262,1
668,334,shipping,Thành,Nguyễn,22 Trần Hưng Đạo,Hải Phòng,VN,0962086337,269291,1
669,335,billing,Hằng,Phan,22 Trần Hưng Đạo,Đồng Nai,VN,0986743234,598449,1
670,335,shipping,Hằng,Phan,99 Hai Bà Trưng,Đồng Nai,VN,0955997315,987148,1
671,336,billing,Ánh,Nguyễn,78 Lê Lợi,Bình Dương,VN,0937659810,829906,1
672,336,shipping,Ánh,Nguyễn,22 Trần Hưng Đạo,Bình Dương,VN,0912757153,529516,1
673,337,billing,Minh,Phan,78 Lê Lợi,Đà Nẵng,VN,0986867193,512229,1
674,337,shipping,Minh,Phan,45 Đinh Tiên Hoàng,Đà Nẵng,VN,0926064352,914565,1
675,338,billing,Thu,Đặng,99 Hai Bà Trưng,Hà Nội,VN,0974792994,551021,1
676,338,shipping,Thu,Đặng,78 Lê Lợi,Hà Nội,VN,0977674863,651330,1
677,339,billing,Phương,Phan,22 Trần Hưng Đạo,TP HCM,VN,0998243954,127934,1
678,339,shipping,Phương,Phan,99 Hai Bà Trưng,TP HCM,VN,0925179777,856005,1
679,340,billing,Bình,Lê,45 Đinh Tiên Hoàng,Hà Nội,VN,0957161734,226913,1
680,340,shipping,Bình,Lê,123 Nguyễn Huệ,Hà Nội,VN,0939316945,339011,1
681,341,billing,Việt,Vũ,99 Hai Bà Trưng,Đà Nẵng,VN,0979815204,714960,1
682,341,shipping,Việt,Vũ,22 Trần Hưng Đạo,Đà Nẵng,VN,0973946017,281484,1
683,342,billing,Tuấn,Nguyễn,22 Trần Hưng Đạo,Hà Nội,VN,0916759255,701772,1
684,342,shipping,Tuấn,Nguyễn,78 Lê Lợi,Hà Nội,VN,0919096754,498449,1
685,343,billing,Ánh,Đỗ,99 Hai Bà Trưng,Bình Dương,VN,0951381003,164960,1
686,343,shipping,Ánh,Đỗ,22 Trần Hưng Đạo,Bình Dương,VN,0919473452,998783,1
687,344,billing,Hà,Phạm,78 Lê Lợi,TP HCM,VN,0974862203,815742,1
688,344,shipping,Hà,Phạm,45 Đinh Tiên Hoàng,TP HCM,VN,0966919538,349342,1
689,345,billing,Phương,Đỗ,78 Lê Lợi,Hà Nội,VN,0965419228,182608,1
690,345,shipping,Phương,Đỗ,99 Hai Bà Trưng,Hà Nội,VN,0915543277,551859,1
691,346,billing,Tuấn,Trần,45 Đinh Tiên Hoàng,Đồng Nai,VN,0996084538,666976,1
692,346,shipping,Tuấn,Trần,45 Đinh Tiên Hoàng,Đồng Nai,VN,0961874835,114482,1
693,347,billing,Quang,Bùi,123 Nguyễn Huệ,Bình Dương,VN,0962891971,948088,1
694,347,shipping,Quang,Bùi,78 Lê Lợi,Bình Dương,VN,0925073909,214022,1
695,348,billing,Long,Lê,22 Trần Hưng Đạo,Đà Nẵng,VN,0977698883,910665,1
696,348,shipping,Long,Lê,123 Nguyễn Huệ,Đà Nẵng,VN,0939639016,199135,1
697,349,billing,Hùng,Bùi,78 Lê Lợi,TP HCM,VN,0921854441,956539,1
698,349,shipping,Hùng,Bùi,45 Đinh Tiên Hoàng,TP HCM,VN,0996710423,589288,1
699,350,billing,Hằng,Bùi,78 Lê Lợi,TP HCM,VN,0996245735,714837,1
700,350,shipping,Hằng,Bùi,45 Đinh Tiên Hoàng,TP HCM,VN,0967518176,228853,1
701,351,billing,Thu,Bùi,45 Đinh Tiên Hoàng,Quảng Ninh,VN,0967156497,375574,1
702,351,shipping,Thu,Bùi,123 Nguyễn Huệ,Quảng Ninh,VN,0945427479,143383,1
703,352,billing,Linh,Trần,22 Trần Hưng Đạo,Hải Phòng,VN,0988155625,674412,1
704,352,shipping,Linh,Trần,45 Đinh Tiên Hoàng,Hải Phòng,VN,0998307308,976273,1
705,353,billing,Trung,Đặng,123 Nguyễn Huệ,Hà Nội,VN,0994826461,545070,1
706,353,shipping,Trung,Đặng,45 Đinh Tiên Hoàng,Hà Nội,VN,0943052828,199906,1
707,354,billing,Ngọc,Nguyễn,78 Lê Lợi,TP HCM,VN,0999123360,162336,1
708,354,shipping,Ngọc,Nguyễn,22 Trần Hưng Đạo,TP HCM,VN,0995518402,606138,1
709,355,billing,Minh,Hồ,99 Hai Bà Trưng,Hà Nội,VN,0932861289,538186,1
710,355,shipping,Minh,Hồ,78 Lê Lợi,Hà Nội,VN,0932718192,112246,1
711,356,billing,Khánh,Nguyễn,22 Trần Hưng Đạo,Đồng Nai,VN,0920999435,283228,1
712,356,shipping,Khánh,Nguyễn,123 Nguyễn Huệ,Đồng Nai,VN,0923258484,305688,1
713,357,billing,Trung,Vũ,99 Hai Bà Trưng,Hà Nội,VN,0971924024,224310,1
714,357,shipping,Trung,Vũ,45 Đinh Tiên Hoàng,Hà Nội,VN,0970460381,126772,1
715,358,billing,Phương,Dương,99 Hai Bà Trưng,TP HCM,VN,0941345829,710475,1
716,358,shipping,Phương,Dương,22 Trần Hưng Đạo,TP HCM,VN,0924863627,853384,1
717,359,billing,Long,Trần,78 Lê Lợi,TP HCM,VN,0936377600,901935,1
718,359,shipping,Long,Trần,78 Lê Lợi,TP HCM,VN,0977354151,573541,1
719,360,billing,Long,Phạm,123 Nguyễn Huệ,TP HCM,VN,0937011244,423112,1
720,360,shipping,Long,Phạm,123 Nguyễn Huệ,TP HCM,VN,0981498829,913225,1
721,361,billing,Ánh,Ngô,45 Đinh Tiên Hoàng,TP HCM,VN,0986168631,589651,1
722,361,shipping,Ánh,Ngô,78 Lê Lợi,TP HCM,VN,0998005183,578757,1
723,362,billing,Hoa,Dương,123 Nguyễn Huệ,Đồng Nai,VN,0938271476,852270,1
724,362,shipping,Hoa,Dương,78 Lê Lợi,Đồng Nai,VN,0993880945,891760,1
725,363,billing,Hà,Đỗ,78 Lê Lợi,TP HCM,VN,0956522566,248376,1
726,363,shipping,Hà,Đỗ,45 Đinh Tiên Hoàng,TP HCM,VN,0959934956,939454,1
727,364,billing,Lan,Bùi,22 Trần Hưng Đạo,TP HCM,VN,0968276871,833174,1
728,364,shipping,Lan,Bùi,78 Lê Lợi,TP HCM,VN,0910698650,902720,1
729,365,billing,Trung,Vũ,123 Nguyễn Huệ,TP HCM,VN,0972365611,391372,1
730,365,shipping,Trung,Vũ,78 Lê Lợi,TP HCM,VN,0991747095,202404,1
731,366,billing,Thu,Lê,78 Lê Lợi,Hà Nội,VN,0931098592,294542,1
732,366,shipping,Thu,Lê,45 Đinh Tiên Hoàng,Hà Nội,VN,0994218351,393031,1
733,367,billing,Long,Ngô,22 Trần Hưng Đạo,TP HCM,VN,0921377655,710783,1
734,367,shipping,Long,Ngô,123 Nguyễn Huệ,TP HCM,VN,0955840917,584754,1
735,368,billing,Khánh,Bùi,78 Lê Lợi,Hải Phòng,VN,0926133256,912848,1
736,368,shipping,Khánh,Bùi,22 Trần Hưng Đạo,Hải Phòng,VN,0993187545,962320,1
737,369,billing,Anh,Đặng,45 Đinh Tiên Hoàng,TP HCM,VN,0998719115,286091,1
738,369,shipping,Anh,Đặng,123 Nguyễn Huệ,TP HCM,VN,0996972557,462972,1
739,370,billing,Anh,Đỗ,78 Lê Lợi,Quảng Ninh,VN,0950383906,143771,1
740,370,shipping,Anh,Đỗ,99 Hai Bà Trưng,Quảng Ninh,VN,0984555670,601478,1
741,371,billing,Ánh,Lê,78 Lê Lợi,TP HCM,VN,0925120604,639881,1
742,371,shipping,Ánh,Lê,45 Đinh Tiên Hoàng,TP HCM,VN,0964688432,219864,1
743,372,billing,Thảo,Ngô,99 Hai Bà Trưng,Hà Nội,VN,0991760025,633662,1
744,372,shipping,Thảo,Ngô,99 Hai Bà Trưng,Hà Nội,VN,0910745721,453276,1
745,373,billing,Khánh,Lê,45 Đinh Tiên Hoàng,TP HCM,VN,0964717282,701534,1
746,373,shipping,Khánh,Lê,99 Hai Bà Trưng,TP HCM,VN,0922852747,400702,1
747,374,billing,Minh,Bùi,99 Hai Bà Trưng,Đà Nẵng,VN,0979227876,582897,1
748,374,shipping,Minh,Bùi,123 Nguyễn Huệ,Đà Nẵng,VN,0911504232,531825,1
749,375,billing,Linh,Phạm,99 Hai Bà Trưng,TP HCM,VN,0955651425,844029,1
750,375,shipping,Linh,Phạm,22 Trần Hưng Đạo,TP HCM,VN,0934993286,440344,1
751,376,billing,Hà,Đặng,123 Nguyễn Huệ,TP HCM,VN,0950009372,513985,1
752,376,shipping,Hà,Đặng,78 Lê Lợi,TP HCM,VN,0981118339,711950,1
753,377,billing,Ánh,Hồ,45 Đinh Tiên Hoàng,Đồng Nai,VN,0962810064,941663,1
754,377,shipping,Ánh,Hồ,99 Hai Bà Trưng,Đồng Nai,VN,0962720258,349281,1
755,378,billing,Minh,Nguyễn,123 Nguyễn Huệ,TP HCM,VN,0968783612,600929,1
756,378,shipping,Minh,Nguyễn,22 Trần Hưng Đạo,TP HCM,VN,0926393410,647232,1
757,379,billing,Ngọc,Phạm,123 Nguyễn Huệ,TP HCM,VN,0941230176,129642,1
758,379,shipping,Ngọc,Phạm,22 Trần Hưng Đạo,TP HCM,VN,0926522770,268188,1
759,380,billing,Thảo,Phạm,123 Nguyễn Huệ,TP HCM,VN,0933691044,530478,1
760,380,shipping,Thảo,Phạm,99 Hai Bà Trưng,TP HCM,VN,0942057076,364648,1
761,381,billing,Mai,Trần,45 Đinh Tiên Hoàng,Hà Nội,VN,0938886286,830649,1
762,381,shipping,Mai,Trần,123 Nguyễn Huệ,Hà Nội,VN,0987210012,899965,1
763,382,billing,Minh,Bùi,22 Trần Hưng Đạo,Quảng Ninh,VN,0967124039,812353,1
764,382,shipping,Minh,Bùi,123 Nguyễn Huệ,Quảng Ninh,VN,0916207595,461593,1
765,383,billing,Hằng,Phan,99 Hai Bà Trưng,Hải Phòng,VN,0975185485,889854,1
766,383,shipping,Hằng,Phan,78 Lê Lợi,Hải Phòng,VN,0988550472,759468,1
767,384,billing,Thu,Bùi,99 Hai Bà Trưng,Hà Nội,VN,0996878888,422261,1
768,384,shipping,Thu,Bùi,78 Lê Lợi,Hà Nội,VN,0942563825,202948,1
769,385,billing,Lan,Ngô,123 Nguyễn Huệ,TP HCM,VN,0913850476,262087,1
770,385,shipping,Lan,Ngô,99 Hai Bà Trưng,TP HCM,VN,0910703380,316487,1
771,386,billing,Trang,Hồ,22 Trần Hưng Đạo,Đà Nẵng,VN,0962846493,626798,1
772,386,shipping,Trang,Hồ,78 Lê Lợi,Đà Nẵng,VN,0910799289,942319,1
773,387,billing,Anh,Phạm,22 Trần Hưng Đạo,TP HCM,VN,0951615918,228078,1
774,387,shipping,Anh,Phạm,99 Hai Bà Trưng,TP HCM,VN,0998878805,876978,1
775,388,billing,Nga,Lê,99 Hai Bà Trưng,Hà Nội,VN,0942092619,635270,1
776,388,shipping,Nga,Lê,22 Trần Hưng Đạo,Hà Nội,VN,0970644077,918706,1
777,389,billing,Đức,Đặng,45 Đinh Tiên Hoàng,Quảng Ninh,VN,0926535720,656621,1
778,389,shipping,Đức,Đặng,22 Trần Hưng Đạo,Quảng Ninh,VN,0985547862,670285,1
779,390,billing,Bình,Nguyễn,22 Trần Hưng Đạo,TP HCM,VN,0982168320,976917,1
780,390,shipping,Bình,Nguyễn,123 Nguyễn Huệ,TP HCM,VN,0920095317,210223,1
781,391,billing,Mai,Bùi,45 Đinh Tiên Hoàng,TP HCM,VN,0934859871,961789,1
782,391,shipping,Mai,Bùi,22 Trần Hưng Đạo,TP HCM,VN,0984189838,982098,1
783,392,billing,Hải,Đỗ,78 Lê Lợi,TP HCM,VN,0994267852,678121,1
784,392,shipping,Hải,Đỗ,45 Đinh Tiên Hoàng,TP HCM,VN,0920009306,134202,1
785,393,billing,Quang,Phan,22 Trần Hưng Đạo,Hà Nội,VN,0931418343,527435,1
786,393,shipping,Quang,Phan,123 Nguyễn Huệ,Hà Nội,VN,0927189467,503254,1
787,394,billing,Trung,Nguyễn,45 Đinh Tiên Hoàng,TP HCM,VN,0947899901,121266,1
788,394,shipping,Trung,Nguyễn,99 Hai Bà Trưng,TP HCM,VN,0993869747,978717,1
789,395,billing,Anh,Phạm,45 Đinh Tiên Hoàng,Đồng Nai,VN,0960913409,962755,1
790,395,shipping,Anh,Phạm,123 Nguyễn Huệ,Đồng Nai,VN,0929895150,965840,1
791,396,billing,Minh,Bùi,22 Trần Hưng Đạo,Hải Phòng,VN,0931797131,408677,1
792,396,shipping,Minh,Bùi,99 Hai Bà Trưng,Hải Phòng,VN,0996352810,670606,1
793,397,billing,Anh,Bùi,22 Trần Hưng Đạo,TP HCM,VN,0928828711,420577,1
794,397,shipping,Anh,Bùi,99 Hai Bà Trưng,TP HCM,VN,0952570701,963668,1
795,398,billing,Mai,Trần,99 Hai Bà Trưng,TP HCM,VN,0917453945,550946,1
796,398,shipping,Mai,Trần,99 Hai Bà Trưng,TP HCM,VN,0958498218,323057,1
797,399,billing,Ngọc,Vũ,123 Nguyễn Huệ,Hải Phòng,VN,0928955882,149738,1
798,399,shipping,Ngọc,Vũ,45 Đinh Tiên Hoàng,Hải Phòng,VN,0937951879,167980,1
799,400,billing,Lan,Vũ,78 Lê Lợi,Quảng Ninh,VN,0950598017,223499,1
800,400,shipping,Lan,Vũ,45 Đinh Tiên Hoàng,Quảng Ninh,VN,0986012702,946293,1
801,401,billing,Hà,Dương,45 Đinh Tiên Hoàng,Đồng Nai,VN,0978827645,472062,1
802,401,shipping,Hà,Dương,123 Nguyễn Huệ,Đồng Nai,VN,0938747131,581397,1
803,402,billing,Trung,Phan,99 Hai Bà Trưng,Hà Nội,VN,0976354964,893628,1
804,402,shipping,Trung,Phan,123 Nguyễn Huệ,Hà Nội,VN,0935586571,437450,1
805,403,billing,Hà,Đặng,78 Lê Lợi,TP HCM,VN,0988458769,211463,1
806,403,shipping,Hà,Đặng,78 Lê Lợi,TP HCM,VN,0976622997,437892,1
807,404,billing,Hà,Trần,123 Nguyễn Huệ,Đà Nẵng,VN,0945121627,848535,1
808,404,shipping,Hà,Trần,123 Nguyễn Huệ,Đà Nẵng,VN,0946681970,366413,1
809,405,billing,Khánh,Bùi,78 Lê Lợi,Hà Nội,VN,0954804371,768314,1
810,405,shipping,Khánh,Bùi,45 Đinh Tiên Hoàng,Hà Nội,VN,0975992655,514168,1
811,406,billing,Hằng,Dương,123 Nguyễn Huệ,Hà Nội,VN,0998901890,163697,1
812,406,shipping,Hằng,Dương,22 Trần Hưng Đạo,Hà Nội,VN,0973584210,579635,1
813,407,billing,Mai,Dương,45 Đinh Tiên Hoàng,TP HCM,VN,0938634911,106158,1
814,407,shipping,Mai,Dương,22 Trần Hưng Đạo,TP HCM,VN,0964057996,483118,1
815,408,billing,Quang,Dương,78 Lê Lợi,TP HCM,VN,0966428590,970516,1
816,408,shipping,Quang,Dương,45 Đinh Tiên Hoàng,TP HCM,VN,0922436339,247755,1
817,409,billing,Lan,Hồ,22 Trần Hưng Đạo,Hà Nội,VN,0922859456,297357,1
818,409,shipping,Lan,Hồ,22 Trần Hưng Đạo,Hà Nội,VN,0921214305,514578,1
819,410,billing,Hải,Hồ,78 Lê Lợi,Đà Nẵng,VN,0912487477,359402,1
820,410,shipping,Hải,Hồ,45 Đinh Tiên Hoàng,Đà Nẵng,VN,0946037211,689629,1
821,411,billing,Trang,Phan,22 Trần Hưng Đạo,Hà Nội,VN,0993943205,877417,1
822,411,shipping,Trang,Phan,45 Đinh Tiên Hoàng,Hà Nội,VN,0956561165,583894,1
823,412,billing,Trang,Ngô,123 Nguyễn Huệ,TP HCM,VN,0915512615,946592,1
824,412,shipping,Trang,Ngô,123 Nguyễn Huệ,TP HCM,VN,0972369897,173134,1
825,413,billing,Ánh,Đặng,123 Nguyễn Huệ,Hà Nội,VN,0967723998,872882,1
826,413,shipping,Ánh,Đặng,99 Hai Bà Trưng,Hà Nội,VN,0921257223,573283,1
827,414,billing,Yến,Vũ,78 Lê Lợi,Đồng Nai,VN,0923434089,688037,1
828,414,shipping,Yến,Vũ,22 Trần Hưng Đạo,Đồng Nai,VN,0978395180,544216,1
829,415,billing,Thành,Phạm,123 Nguyễn Huệ,TP HCM,VN,0996190684,837851,1
830,415,shipping,Thành,Phạm,78 Lê Lợi,TP HCM,VN,0984070529,558930,1
831,416,billing,Thảo,Hồ,45 Đinh Tiên Hoàng,Đồng Nai,VN,0922573628,397387,1
832,416,shipping,Thảo,Hồ,22 Trần Hưng Đạo,Đồng Nai,VN,0910746624,223565,1
833,417,billing,Quang,Ngô,123 Nguyễn Huệ,TP HCM,VN,0944083712,565698,1
834,417,shipping,Quang,Ngô,78 Lê Lợi,TP HCM,VN,0975411194,963216,1
835,418,billing,Thành,Đỗ,78 Lê Lợi,Bình Dương,VN,0936050815,178546,1
836,418,shipping,Thành,Đỗ,78 Lê Lợi,Bình Dương,VN,0996236005,347565,1
837,419,billing,Thành,Trần,123 Nguyễn Huệ,Hà Nội,VN,0998630714,959416,1
838,419,shipping,Thành,Trần,123 Nguyễn Huệ,Hà Nội,VN,0973033174,896256,1
839,420,billing,Linh,Dương,123 Nguyễn Huệ,Hà Nội,VN,0924599083,141928,1
840,420,shipping,Linh,Dương,22 Trần Hưng Đạo,Hà Nội,VN,0954609629,627942,1
841,421,billing,Minh,Hồ,45 Đinh Tiên Hoàng,Hà Nội,VN,0980973692,467812,1
842,421,shipping,Minh,Hồ,45 Đinh Tiên Hoàng,Hà Nội,VN,0970208625,579946,1
843,422,billing,Đức,Phạm,45 Đinh Tiên Hoàng,TP HCM,VN,0983300187,292916,1
844,422,shipping,Đức,Phạm,99 Hai Bà Trưng,TP HCM,VN,0986178780,612057,1
845,423,billing,Bình,Lê,78 Lê Lợi,TP HCM,VN,0977320972,755762,1
846,423,shipping,Bình,Lê,78 Lê Lợi,TP HCM,VN,0954544463,200084,1
847,424,billing,Phương,Vũ,45 Đinh Tiên Hoàng,TP HCM,VN,0931989463,854646,1
848,424,shipping,Phương,Vũ,78 Lê Lợi,TP HCM,VN,0947931327,738217,1
849,425,billing,Thành,Vũ,78 Lê Lợi,Hà Nội,VN,0980189946,821537,1
850,425,shipping,Thành,Vũ,99 Hai Bà Trưng,Hà Nội,VN,0975854978,161113,1
851,426,billing,Bình,Lê,99 Hai Bà Trưng,Hà Nội,VN,0938670124,394702,1
852,426,shipping,Bình,Lê,22 Trần Hưng Đạo,Hà Nội,VN,0970748252,408747,1
853,427,billing,Khánh,Đỗ,78 Lê Lợi,Bình Dương,VN,0978038456,396605,1
854,427,shipping,Khánh,Đỗ,22 Trần Hưng Đạo,Bình Dương,VN,0989847220,107085,1
855,428,billing,Trang,Bùi,99 Hai Bà Trưng,Đà Nẵng,VN,0936665107,782732,1
856,428,shipping,Trang,Bùi,22 Trần Hưng Đạo,Đà Nẵng,VN,0999228018,355601,1
857,429,billing,Anh,Đỗ,22 Trần Hưng Đạo,Hà Nội,VN,0963960417,280955,1
858,429,shipping,Anh,Đỗ,123 Nguyễn Huệ,Hà Nội,VN,0958833271,572190,1
859,430,billing,Mai,Hồ,123 Nguyễn Huệ,Đồng Nai,VN,0945791642,275022,1
860,430,shipping,Mai,Hồ,22 Trần Hưng Đạo,Đồng Nai,VN,0983299103,573869,1
861,431,billing,Đức,Đặng,22 Trần Hưng Đạo,TP HCM,VN,0925775695,859345,1
862,431,shipping,Đức,Đặng,123 Nguyễn Huệ,TP HCM,VN,0935103971,584726,1
863,432,billing,Lan,Phạm,99 Hai Bà Trưng,Hà Nội,VN,0919368380,498582,1
864,432,shipping,Lan,Phạm,123 Nguyễn Huệ,Hà Nội,VN,0936602037,207786,1
865,433,billing,Quang,Trần,22 Trần Hưng Đạo,Hà Nội,VN,0977415033,664117,1
866,433,shipping,Quang,Trần,99 Hai Bà Trưng,Hà Nội,VN,0923993492,960679,1
867,434,billing,Long,Dương,45 Đinh Tiên Hoàng,TP HCM,VN,0989982477,691297,1
868,434,shipping,Long,Dương,123 Nguyễn Huệ,TP HCM,VN,0925450591,819093,1
869,435,billing,Thành,Phan,22 Trần Hưng Đạo,TP HCM,VN,0978651521,491777,1
870,435,shipping,Thành,Phan,78 Lê Lợi,TP HCM,VN,0966833000,502160,1
871,436,billing,Khánh,Ngô,78 Lê Lợi,TP HCM,VN,0971146324,263846,1
872,436,shipping,Khánh,Ngô,123 Nguyễn Huệ,TP HCM,VN,0912796553,572341,1
873,437,billing,Mai,Dương,123 Nguyễn Huệ,Đà Nẵng,VN,0994761421,967752,1
874,437,shipping,Mai,Dương,45 Đinh Tiên Hoàng,Đà Nẵng,VN,0916199726,627940,1
875,438,billing,Minh,Vũ,123 Nguyễn Huệ,TP HCM,VN,0940760739,358139,1
876,438,shipping,Minh,Vũ,45 Đinh Tiên Hoàng,TP HCM,VN,0948028897,219492,1
877,439,billing,Ánh,Trần,45 Đinh Tiên Hoàng,TP HCM,VN,0952977287,399002,1
878,439,shipping,Ánh,Trần,99 Hai Bà Trưng,TP HCM,VN,0967030680,104859,1
879,440,billing,Lan,Dương,123 Nguyễn Huệ,TP HCM,VN,0937742847,351662,1
880,440,shipping,Lan,Dương,78 Lê Lợi,TP HCM,VN,0981947790,892230,1
881,441,billing,Ánh,Ngô,78 Lê Lợi,TP HCM,VN,0935472269,509653,1
882,441,shipping,Ánh,Ngô,99 Hai Bà Trưng,TP HCM,VN,0923401442,694503,1
883,442,billing,Anh,Vũ,123 Nguyễn Huệ,TP HCM,VN,0988294739,662588,1
884,442,shipping,Anh,Vũ,22 Trần Hưng Đạo,TP HCM,VN,0971429053,961868,1
885,443,billing,Hải,Phạm,22 Trần Hưng Đạo,Hải Phòng,VN,0973501376,402271,1
886,443,shipping,Hải,Phạm,99 Hai Bà Trưng,Hải Phòng,VN,0965436063,574069,1
887,444,billing,Minh,Bùi,123 Nguyễn Huệ,Đồng Nai,VN,0986115890,852528,1
888,444,shipping,Minh,Bùi,78 Lê Lợi,Đồng Nai,VN,0976673124,974631,1
889,445,billing,Tuấn,Hồ,123 Nguyễn Huệ,Đà Nẵng,VN,0929440324,483919,1
890,445,shipping,Tuấn,Hồ,123 Nguyễn Huệ,Đà Nẵng,VN,0986862855,354910,1
891,446,billing,Minh,Đặng,22 Trần Hưng Đạo,TP HCM,VN,0918080676,938453,1
892,446,shipping,Minh,Đặng,123 Nguyễn Huệ,TP HCM,VN,0991035210,211512,1
893,447,billing,Ngọc,Phan,123 Nguyễn Huệ,TP HCM,VN,0925459184,527208,1
894,447,shipping,Ngọc,Phan,78 Lê Lợi,TP HCM,VN,0936529017,933591,1
895,448,billing,Thành,Phan,22 Trần Hưng Đạo,Hà Nội,VN,0974179367,444959,1
896,448,shipping,Thành,Phan,78 Lê Lợi,Hà Nội,VN,0966257752,281559,1
897,449,billing,Lan,Đặng,99 Hai Bà Trưng,Hà Nội,VN,0950395898,141451,1
898,449,shipping,Lan,Đặng,22 Trần Hưng Đạo,Hà Nội,VN,0924155053,504377,1
899,450,billing,Nga,Hoàng,45 Đinh Tiên Hoàng,Đà Nẵng,VN,0934701090,843282,1
900,450,shipping,Nga,Hoàng,99 Hai Bà Trưng,Đà Nẵng,VN,0937700401,702894,1
901,451,billing,Thảo,Đặng,22 Trần Hưng Đạo,TP HCM,VN,0975841431,566446,1
902,451,shipping,Thảo,Đặng,78 Lê Lợi,TP HCM,VN,0976666803,294807,1
903,452,billing,Thu,Đặng,99 Hai Bà Trưng,Hà Nội,VN,0982321591,476013,1
904,452,shipping,Thu,Đặng,78 Lê Lợi,Hà Nội,VN,0912129098,587136,1
905,453,billing,Việt,Ngô,123 Nguyễn Huệ,TP HCM,VN,0950011003,701251,1
906,453,shipping,Việt,Ngô,99 Hai Bà Trưng,TP HCM,VN,0920659322,682321,1
907,454,billing,Bình,Lê,99 Hai Bà Trưng,Hà Nội,VN,0923474815,555406,1
908,454,shipping,Bình,Lê,45 Đinh Tiên Hoàng,Hà Nội,VN,0922533603,481727,1
909,455,billing,Anh,Hồ,45 Đinh Tiên Hoàng,Đà Nẵng,VN,0990724892,922245,1
910,455,shipping,Anh,Hồ,45 Đinh Tiên Hoàng,Đà Nẵng,VN,0980396394,806916,1
911,456,billing,Long,Lê,45 Đinh Tiên Hoàng,Hà Nội,VN,0940214458,929896,1
912,456,shipping,Long,Lê,123 Nguyễn Huệ,Hà Nội,VN,0951815804,167240,1
913,457,billing,Trung,Lê,123 Nguyễn Huệ,Đà Nẵng,VN,0948677336,776996,1
914,457,shipping,Trung,Lê,22 Trần Hưng Đạo,Đà Nẵng,VN,0982671893,569118,1
915,458,billing,Trung,Hoàng,123 Nguyễn Huệ,Đồng Nai,VN,0957005494,903806,1
916,458,shipping,Trung,Hoàng,22 Trần Hưng Đạo,Đồng Nai,VN,0922089471,250372,1
917,459,billing,Lan,Hoàng,45 Đinh Tiên Hoàng,Đồng Nai,VN,0910826863,545887,1
918,459,shipping,Lan,Hoàng,22 Trần Hưng Đạo,Đồng Nai,VN,0970196839,177930,1
919,460,billing,Hằng,Ngô,78 Lê Lợi,TP HCM,VN,0959318224,815900,1
920,460,shipping,Hằng,Ngô,78 Lê Lợi,TP HCM,VN,0963352908,456579,1
921,461,billing,Thảo,Lê,123 Nguyễn Huệ,Hà Nội,VN,0944984395,796845,1
922,461,shipping,Thảo,Lê,22 Trần Hưng Đạo,Hà Nội,VN,0969335142,502430,1
923,462,billing,Trang,Dương,78 Lê Lợi,TP HCM,VN,0955583735,138164,1
924,462,shipping,Trang,Dương,78 Lê Lợi,TP HCM,VN,0968668285,154968,1
925,463,billing,Khánh,Đặng,78 Lê Lợi,Đà Nẵng,VN,0972090327,240101,1
926,463,shipping,Khánh,Đặng,45 Đinh Tiên Hoàng,Đà Nẵng,VN,0960682080,770169,1
927,464,billing,Thu,Đỗ,78 Lê Lợi,Hà Nội,VN,0974176576,420609,1
928,464,shipping,Thu,Đỗ,99 Hai Bà Trưng,Hà Nội,VN,0942521007,101533,1
929,465,billing,Anh,Đặng,99 Hai Bà Trưng,TP HCM,VN,0927019796,691422,1
930,465,shipping,Anh,Đặng,123 Nguyễn Huệ,TP HCM,VN,0974496465,961588,1
931,466,billing,Nga,Ngô,22 Trần Hưng Đạo,TP HCM,VN,0974558011,184541,1
932,466,shipping,Nga,Ngô,78 Lê Lợi,TP HCM,VN,0968714533,265814,1
933,467,billing,Thu,Hồ,45 Đinh Tiên Hoàng,TP HCM,VN,0953470868,211577,1
934,467,shipping,Thu,Hồ,123 Nguyễn Huệ,TP HCM,VN,0996102252,918595,1
935,468,billing,Tuấn,Hoàng,99 Hai Bà Trưng,Hà Nội,VN,0931204246,787636,1
936,468,shipping,Tuấn,Hoàng,45 Đinh Tiên Hoàng,Hà Nội,VN,0932916930,383158,1
937,469,billing,Ngọc,Hoàng,99 Hai Bà Trưng,TP HCM,VN,0983922184,425369,1
938,469,shipping,Ngọc,Hoàng,78 Lê Lợi,TP HCM,VN,0981744139,224064,1
939,470,billing,Quang,Dương,99 Hai Bà Trưng,Hà Nội,VN,0952844404,806532,1
940,470,shipping,Quang,Dương,45 Đinh Tiên Hoàng,Hà Nội,VN,0969541251,582387,1
941,471,billing,Mai,Nguyễn,123 Nguyễn Huệ,TP HCM,VN,0920166773,346342,1
942,471,shipping,Mai,Nguyễn,123 Nguyễn Huệ,TP HCM,VN,0956622577,227833,1
943,472,billing,Hà,Bùi,22 Trần Hưng Đạo,Hà Nội,VN,0968258863,605730,1
944,472,shipping,Hà,Bùi,99 Hai Bà Trưng,Hà Nội,VN,0983408696,255735,1
945,473,billing,Ánh,Đỗ,45 Đinh Tiên Hoàng,TP HCM,VN,0957944885,477609,1
946,473,shipping,Ánh,Đỗ,123 Nguyễn Huệ,TP HCM,VN,0939517423,472965,1
947,474,billing,Anh,Phan,45 Đinh Tiên Hoàng,Hà Nội,VN,0933796610,581124,1
948,474,shipping,Anh,Phan,78 Lê Lợi,Hà Nội,VN,0989208938,246012,1
949,475,billing,Trang,Phạm,45 Đinh Tiên Hoàng,Hà Nội,VN,0957092254,183247,1
950,475,shipping,Trang,Phạm,99 Hai Bà Trưng,Hà Nội,VN,0989531823,398326,1
951,476,billing,Trung,Trần,123 Nguyễn Huệ,TP HCM,VN,0939941192,628317,1
952,476,shipping,Trung,Trần,123 Nguyễn Huệ,TP HCM,VN,0991966325,906895,1
953,477,billing,Thu,Hồ,22 Trần Hưng Đạo,Đà Nẵng,VN,0984829640,585456,1
954,477,shipping,Thu,Hồ,99 Hai Bà Trưng,Đà Nẵng,VN,0952101878,165839,1
955,478,billing,Hải,Vũ,78 Lê Lợi,Hà Nội,VN,0998824004,480418,1
956,478,shipping,Hải,Vũ,45 Đinh Tiên Hoàng,Hà Nội,VN,0977271563,940914,1
957,479,billing,Yến,Lê,99 Hai Bà Trưng,Hà Nội,VN,0951967915,287762,1
958,479,shipping,Yến,Lê,99 Hai Bà Trưng,Hà Nội,VN,0938955825,654704,1
959,480,billing,Thu,Nguyễn,22 Trần Hưng Đạo,TP HCM,VN,0960877766,363045,1
960,480,shipping,Thu,Nguyễn,22 Trần Hưng Đạo,TP HCM,VN,0912831574,768488,1
961,481,billing,Yến,Nguyễn,99 Hai Bà Trưng,TP HCM,VN,0978244430,954312,1
962,481,shipping,Yến,Nguyễn,22 Trần Hưng Đạo,TP HCM,VN,0942283199,542042,1
963,482,billing,Yến,Đỗ,22 Trần Hưng Đạo,TP HCM,VN,0987337529,366499,1
964,482,shipping,Yến,Đỗ,45 Đinh Tiên Hoàng,TP HCM,VN,0935293746,691483,1
965,483,billing,Linh,Hồ,78 Lê Lợi,TP HCM,VN,0997715177,694072,1
966,483,shipping,Linh,Hồ,78 Lê Lợi,TP HCM,VN,0961123619,388501,1
967,484,billing,Thu,Hồ,45 Đinh Tiên Hoàng,Hà Nội,VN,0928892297,339000,1
968,484,shipping,Thu,Hồ,123 Nguyễn Huệ,Hà Nội,VN,0950473607,406480,1
969,485,billing,Hà,Bùi,99 Hai Bà Trưng,Khánh Hòa,VN,0915565624,658904,1
970,485,shipping,Hà,Bùi,123 Nguyễn Huệ,Khánh Hòa,VN,0972175879,287800,1
971,486,billing,Trang,Lê,45 Đinh Tiên Hoàng,Đồng Nai,VN,0958598545,640710,1
972,486,shipping,Trang,Lê,123 Nguyễn Huệ,Đồng Nai,VN,0935430790,869328,1
973,487,billing,Anh,Lê,99 Hai Bà Trưng,Đồng Nai,VN,0975817307,238846,1
974,487,shipping,Anh,Lê,22 Trần Hưng Đạo,Đồng Nai,VN,0977346642,215638,1
975,488,billing,Đức,Dương,99 Hai Bà Trưng,TP HCM,VN,0964570490,290966,1
976,488,shipping,Đức,Dương,45 Đinh Tiên Hoàng,TP HCM,VN,0964830352,957176,1
977,489,billing,Đức,Dương,78 Lê Lợi,TP HCM,VN,0986631748,453398,1
978,489,shipping,Đức,Dương,22 Trần Hưng Đạo,TP HCM,VN,0990550968,860853,1
979,490,billing,Trung,Phạm,123 Nguyễn Huệ,Hà Nội,VN,0972600444,432053,1
980,490,shipping,Trung,Phạm,22 Trần Hưng Đạo,Hà Nội,VN,0977707153,371136,1
981,491,billing,Khánh,Trần,123 Nguyễn Huệ,TP HCM,VN,0921089105,314629,1
982,491,shipping,Khánh,Trần,22 Trần Hưng Đạo,TP HCM,VN,0967450504,240105,1
983,492,billing,Mai,Phạm,45 Đinh Tiên Hoàng,TP HCM,VN,0917516025,920302,1
984,492,shipping,Mai,Phạm,22 Trần Hưng Đạo,TP HCM,VN,0938436846,308931,1
985,493,billing,Thành,Trần,22 Trần Hưng Đạo,TP HCM,VN,0913861859,522032,1
986,493,shipping,Thành,Trần,22 Trần Hưng Đạo,TP HCM,VN,0914948101,292108,1
987,494,billing,Việt,Trần,22 Trần Hưng Đạo,TP HCM,VN,0955722732,730622,1
988,494,shipping,Việt,Trần,78 Lê Lợi,TP HCM,VN,0956327264,377696,1
989,495,billing,Hằng,Phạm,45 Đinh Tiên Hoàng,TP HCM,VN,0957121006,343255,1
990,495,shipping,Hằng,Phạm,45 Đinh Tiên Hoàng,TP HCM,VN,0995821466,961542,1
991,496,billing,Minh,Dương,22 Trần Hưng Đạo,TP HCM,VN,0987858999,998074,1
992,496,shipping,Minh,Dương,99 Hai Bà Trưng,TP HCM,VN,0913435154,890817,1
993,497,billing,Hoa,Dương,78 Lê Lợi,Hà Nội,VN,0943072018,137892,1
994,497,shipping,Hoa,Dương,99 Hai Bà Trưng,Hà Nội,VN,0998251949,804724,1
995,498,billing,Mai,Vũ,123 Nguyễn Huệ,Đồng Nai,VN,0968426583,727907,1
996,498,shipping,Mai,Vũ,78 Lê Lợi,Đồng Nai,VN,0973986577,761945,1
997,499,billing,Mai,Phan,99 Hai Bà Trưng,TP HCM,VN,0970148545,256918,1
998,499,shipping,Mai,Phan,45 Đinh Tiên Hoàng,TP HCM,VN,0913121117,580606,1
999,500,billing,Tuấn,Đỗ,78 Lê Lợi,TP HCM,VN,0951775901,458915,1
1000,500,shipping,Tuấn,Đỗ,99 Hai Bà Trưng,TP HCM,VN,0977368102,309550,1
1001,501,billing,Trang,Nguyễn,123 Nguyễn Huệ,Đà Nẵng,VN,0957099706,201569,1
1002,501,shipping,Trang,Nguyễn,45 Đinh Tiên Hoàng,Đà Nẵng,VN,0934266595,130282,1
1003,502,billing,Thu,Nguyễn,22 Trần Hưng Đạo,TP HCM,VN,0935427461,659714,1
1004,502,shipping,Thu,Nguyễn,22 Trần Hưng Đạo,TP HCM,VN,0917882174,574155,1
1005,503,billing,Tuấn,Phạm,99 Hai Bà Trưng,Hà Nội,VN,0921746032,463640,1
1006,503,shipping,Tuấn,Phạm,99 Hai Bà Trưng,Hà Nội,VN,0935081455,181917,1
1007,504,billing,Việt,Đặng,99 Hai Bà Trưng,Bình Dương,VN,0925879874,494792,1
1008,504,shipping,Việt,Đặng,99 Hai Bà Trưng,Bình Dương,VN,0972969698,938629,1
1009,505,billing,Hải,Ngô,22 Trần Hưng Đạo,Hà Nội,VN,0954806966,240996,1
1010,505,shipping,Hải,Ngô,78 Lê Lợi,Hà Nội,VN,0994721540,566966,1
1011,506,billing,Hải,Hồ,78 Lê Lợi,Hà Nội,VN,0963427993,980977,1
1012,506,shipping,Hải,Hồ,78 Lê Lợi,Hà Nội,VN,0921470362,476297,1
1013,507,billing,Việt,Ngô,22 Trần Hưng Đạo,Hà Nội,VN,0943903002,666079,1
1014,507,shipping,Việt,Ngô,123 Nguyễn Huệ,Hà Nội,VN,0977222925,502121,1
1015,508,billing,Long,Phan,22 Trần Hưng Đạo,Hà Nội,VN,0936010008,187207,1
1016,508,shipping,Long,Phan,22 Trần Hưng Đạo,Hà Nội,VN,0948415265,654971,1
1017,509,billing,Nga,Đỗ,99 Hai Bà Trưng,Hà Nội,VN,0999499050,482850,1
1018,509,shipping,Nga,Đỗ,99 Hai Bà Trưng,Hà Nội,VN,0940536214,457094,1
1019,510,billing,Mai,Ngô,45 Đinh Tiên Hoàng,Hà Nội,VN,0964726959,227614,1
1020,510,shipping,Mai,Ngô,123 Nguyễn Huệ,Hà Nội,VN,0943038449,657894,1
1021,511,billing,Quang,Phan,22 Trần Hưng Đạo,Đà Nẵng,VN,0950524337,677535,1
1022,511,shipping,Quang,Phan,22 Trần Hưng Đạo,Đà Nẵng,VN,0923325797,509359,1
1023,512,billing,Phương,Đặng,78 Lê Lợi,TP HCM,VN,0950048944,464145,1
1024,512,shipping,Phương,Đặng,22 Trần Hưng Đạo,TP HCM,VN,0992418789,130233,1
1025,513,billing,Nga,Lê,45 Đinh Tiên Hoàng,TP HCM,VN,0917566640,142334,1
1026,513,shipping,Nga,Lê,78 Lê Lợi,TP HCM,VN,0937888023,356383,1
1027,514,billing,Hùng,Phạm,123 Nguyễn Huệ,Quảng Ninh,VN,0966660557,397029,1
1028,514,shipping,Hùng,Phạm,123 Nguyễn Huệ,Quảng Ninh,VN,0916941266,963548,1
1029,515,billing,Nga,Lê,22 Trần Hưng Đạo,TP HCM,VN,0986673152,842428,1
1030,515,shipping,Nga,Lê,22 Trần Hưng Đạo,TP HCM,VN,0959771002,638875,1
1031,516,billing,Trang,Nguyễn,99 Hai Bà Trưng,TP HCM,VN,0918801334,405116,1
1032,516,shipping,Trang,Nguyễn,99 Hai Bà Trưng,TP HCM,VN,0970117010,510812,1
1033,517,billing,Tuấn,Nguyễn,78 Lê Lợi,Hà Nội,VN,0920715936,691701,1
1034,517,shipping,Tuấn,Nguyễn,123 Nguyễn Huệ,Hà Nội,VN,0923406481,601341,1
1035,518,billing,Đức,Bùi,78 Lê Lợi,Hà Nội,VN,0987119716,727079,1
1036,518,shipping,Đức,Bùi,45 Đinh Tiên Hoàng,Hà Nội,VN,0979215671,296934,1
1037,519,billing,Tuấn,Vũ,22 Trần Hưng Đạo,TP HCM,VN,0988171297,569483,1
1038,519,shipping,Tuấn,Vũ,99 Hai Bà Trưng,TP HCM,VN,0956231525,596207,1
1039,520,billing,Thu,Dương,123 Nguyễn Huệ,Hà Nội,VN,0977120866,371762,1
1040,520,shipping,Thu,Dương,22 Trần Hưng Đạo,Hà Nội,VN,0917444563,558827,1
1041,521,billing,Thành,Đặng,99 Hai Bà Trưng,Hà Nội,VN,0969785528,571829,1
1042,521,shipping,Thành,Đặng,123 Nguyễn Huệ,Hà Nội,VN,0913397265,410811,1
1043,522,billing,Thu,Bùi,45 Đinh Tiên Hoàng,Hà Nội,VN,0957277284,804507,1
1044,522,shipping,Thu,Bùi,45 Đinh Tiên Hoàng,Hà Nội,VN,0972279900,871419,1
1045,523,billing,Ngọc,Nguyễn,22 Trần Hưng Đạo,Hà Nội,VN,0992988615,491977,1
1046,523,shipping,Ngọc,Nguyễn,99 Hai Bà Trưng,Hà Nội,VN,0953392186,343195,1
1047,524,billing,Trang,Đặng,78 Lê Lợi,Hà Nội,VN,0997617273,837992,1
1048,524,shipping,Trang,Đặng,123 Nguyễn Huệ,Hà Nội,VN,0917336239,589922,1
1049,525,billing,Ánh,Hồ,78 Lê Lợi,Quảng Ninh,VN,0950968488,335429,1
1050,525,shipping,Ánh,Hồ,123 Nguyễn Huệ,Quảng Ninh,VN,0936110656,952853,1
1051,526,billing,Mai,Ngô,45 Đinh Tiên Hoàng,Hà Nội,VN,0912795612,677602,1
1052,526,shipping,Mai,Ngô,123 Nguyễn Huệ,Hà Nội,VN,0944998723,132721,1
1053,527,billing,Việt,Phạm,123 Nguyễn Huệ,Đà Nẵng,VN,0979232417,393537,1
1054,527,shipping,Việt,Phạm,123 Nguyễn Huệ,Đà Nẵng,VN,0984575445,521217,1
1055,528,billing,Phương,Bùi,78 Lê Lợi,Hải Phòng,VN,0935081035,250177,1
1056,528,shipping,Phương,Bùi,45 Đinh Tiên Hoàng,Hải Phòng,VN,0959470162,715904,1
1057,529,billing,Tuấn,Phạm,22 Trần Hưng Đạo,Hải Phòng,VN,0913619039,461103,1
1058,529,shipping,Tuấn,Phạm,45 Đinh Tiên Hoàng,Hải Phòng,VN,0985620214,539848,1
1059,530,billing,Hải,Đặng,45 Đinh Tiên Hoàng,TP HCM,VN,0950319541,946712,1
1060,530,shipping,Hải,Đặng,99 Hai Bà Trưng,TP HCM,VN,0993693360,615244,1
1061,531,billing,Khánh,Lê,78 Lê Lợi,TP HCM,VN,0948446857,938747,1
1062,531,shipping,Khánh,Lê,99 Hai Bà Trưng,TP HCM,VN,0932213243,747021,1
1063,532,billing,Linh,Nguyễn,78 Lê Lợi,Hà Nội,VN,0979527660,968137,1
1064,532,shipping,Linh,Nguyễn,22 Trần Hưng Đạo,Hà Nội,VN,0925190850,260377,1
1065,533,billing,Hùng,Dương,22 Trần Hưng Đạo,TP HCM,VN,0942356350,924130,1
1066,533,shipping,Hùng,Dương,78 Lê Lợi,TP HCM,VN,0931180880,902270,1
1067,534,billing,Hà,Lê,22 Trần Hưng Đạo,TP HCM,VN,0971503434,255372,1
1068,534,shipping,Hà,Lê,78 Lê Lợi,TP HCM,VN,0938697395,600546,1
1069,535,billing,Khánh,Nguyễn,123 Nguyễn Huệ,Đồng Nai,VN,0998921185,405258,1
1070,535,shipping,Khánh,Nguyễn,123 Nguyễn Huệ,Đồng Nai,VN,0978440972,296146,1
1071,536,billing,Quang,Phan,99 Hai Bà Trưng,Hà Nội,VN,0964629972,519421,1
1072,536,shipping,Quang,Phan,45 Đinh Tiên Hoàng,Hà Nội,VN,0922421590,678582,1
1073,537,billing,Thảo,Ngô,99 Hai Bà Trưng,Hà Nội,VN,0931665206,711412,1
1074,537,shipping,Thảo,Ngô,123 Nguyễn Huệ,Hà Nội,VN,0924153426,438991,1
1075,538,billing,Hằng,Bùi,78 Lê Lợi,Quảng Ninh,VN,0949745300,961911,1
1076,538,shipping,Hằng,Bùi,123 Nguyễn Huệ,Quảng Ninh,VN,0919334319,872428,1
1077,539,billing,Thu,Vũ,78 Lê Lợi,Hà Nội,VN,0911704654,207751,1
1078,539,shipping,Thu,Vũ,78 Lê Lợi,Hà Nội,VN,0928811925,822863,1
1079,540,billing,Hà,Đỗ,78 Lê Lợi,Hà Nội,VN,0917870586,324174,1
1080,540,shipping,Hà,Đỗ,123 Nguyễn Huệ,Hà Nội,VN,0916690403,861390,1
1081,541,billing,Ánh,Đặng,22 Trần Hưng Đạo,Quảng Ninh,VN,0994512422,377700,1
1082,541,shipping,Ánh,Đặng,22 Trần Hưng Đạo,Quảng Ninh,VN,0943848992,832019,1
1083,542,billing,Hùng,Nguyễn,123 Nguyễn Huệ,Hải Phòng,VN,0976803571,990350,1
1084,542,shipping,Hùng,Nguyễn,45 Đinh Tiên Hoàng,Hải Phòng,VN,0922758925,804285,1
1085,543,billing,Hoa,Dương,45 Đinh Tiên Hoàng,Hải Phòng,VN,0955982885,666494,1
1086,543,shipping,Hoa,Dương,123 Nguyễn Huệ,Hải Phòng,VN,0990268486,741006,1
1087,544,billing,Hùng,Vũ,78 Lê Lợi,TP HCM,VN,0956122091,908340,1
1088,544,shipping,Hùng,Vũ,22 Trần Hưng Đạo,TP HCM,VN,0973310442,766747,1
1089,545,billing,Hằng,Đặng,45 Đinh Tiên Hoàng,Hà Nội,VN,0961047489,654262,1
1090,545,shipping,Hằng,Đặng,123 Nguyễn Huệ,Hà Nội,VN,0918902490,823987,1
1091,546,billing,Yến,Lê,123 Nguyễn Huệ,TP HCM,VN,0913463078,403570,1
1092,546,shipping,Yến,Lê,123 Nguyễn Huệ,TP HCM,VN,0943965946,458122,1
1093,547,billing,Hải,Phan,123 Nguyễn Huệ,Đà Nẵng,VN,0970607174,419992,1
1094,547,shipping,Hải,Phan,99 Hai Bà Trưng,Đà Nẵng,VN,0917969799,532384,1
1095,548,billing,Anh,Phạm,78 Lê Lợi,TP HCM,VN,0998665444,555852,1
1096,548,shipping,Anh,Phạm,45 Đinh Tiên Hoàng,TP HCM,VN,0957323345,870028,1
1097,549,billing,Ánh,Đặng,123 Nguyễn Huệ,TP HCM,VN,0921233991,399953,1
1098,549,shipping,Ánh,Đặng,123 Nguyễn Huệ,TP HCM,VN,0922829311,728760,1
1099,550,billing,Hoa,Đỗ,123 Nguyễn Huệ,Hà Nội,VN,0979805302,972580,1
1100,550,shipping,Hoa,Đỗ,78 Lê Lợi,Hà Nội,VN,0985399544,471599,1
1101,551,billing,Ánh,Đặng,45 Đinh Tiên Hoàng,Bình Dương,VN,0993404194,355064,1
1102,551,shipping,Ánh,Đặng,123 Nguyễn Huệ,Bình Dương,VN,0939085803,776434,1
1103,552,billing,Trung,Trần,99 Hai Bà Trưng,Hà Nội,VN,0987843007,430765,1
1104,552,shipping,Trung,Trần,78 Lê Lợi,Hà Nội,VN,0968990510,183963,1
1105,553,billing,Thảo,Dương,22 Trần Hưng Đạo,TP HCM,VN,0997548332,726657,1
1106,553,shipping,Thảo,Dương,78 Lê Lợi,TP HCM,VN,0941789246,531618,1
1107,554,billing,Khánh,Hồ,78 Lê Lợi,TP HCM,VN,0953852279,331763,1
1108,554,shipping,Khánh,Hồ,45 Đinh Tiên Hoàng,TP HCM,VN,0942776453,256624,1
1109,555,billing,Ánh,Ngô,22 Trần Hưng Đạo,TP HCM,VN,0940734974,304299,1
1110,555,shipping,Ánh,Ngô,22 Trần Hưng Đạo,TP HCM,VN,0990491049,226651,1
1111,556,billing,Long,Vũ,99 Hai Bà Trưng,TP HCM,VN,0911477633,290836,1
1112,556,shipping,Long,Vũ,78 Lê Lợi,TP HCM,VN,0915983971,759885,1
1113,557,billing,Bình,Đặng,45 Đinh Tiên Hoàng,TP HCM,VN,0999458569,260773,1
1114,557,shipping,Bình,Đặng,22 Trần Hưng Đạo,TP HCM,VN,0963103600,482475,1
1115,558,billing,Ánh,Lê,45 Đinh Tiên Hoàng,Khánh Hòa,VN,0982456747,782088,1
1116,558,shipping,Ánh,Lê,45 Đinh Tiên Hoàng,Khánh Hòa,VN,0964024617,399435,1
1117,559,billing,Ánh,Hồ,99 Hai Bà Trưng,TP HCM,VN,0923786370,361206,1
1118,559,shipping,Ánh,Hồ,123 Nguyễn Huệ,TP HCM,VN,0930725772,974480,1
1119,560,billing,Linh,Trần,45 Đinh Tiên Hoàng,Đà Nẵng,VN,0944311824,328310,1
1120,560,shipping,Linh,Trần,123 Nguyễn Huệ,Đà Nẵng,VN,0994622946,375638,1
1121,561,billing,Bình,Hoàng,99 Hai Bà Trưng,Hà Nội,VN,0995912960,500608,1
1122,561,shipping,Bình,Hoàng,99 Hai Bà Trưng,Hà Nội,VN,0951986336,553328,1
1123,562,billing,Tuấn,Dương,78 Lê Lợi,TP HCM,VN,0994457666,395411,1
1124,562,shipping,Tuấn,Dương,123 Nguyễn Huệ,TP HCM,VN,0935205666,237193,1
1125,563,billing,Trang,Hồ,45 Đinh Tiên Hoàng,Đồng Nai,VN,0917662728,966849,1
1126,563,shipping,Trang,Hồ,22 Trần Hưng Đạo,Đồng Nai,VN,0919561535,141064,1
1127,564,billing,Hoa,Hoàng,99 Hai Bà Trưng,Hà Nội,VN,0943987590,255013,1
1128,564,shipping,Hoa,Hoàng,78 Lê Lợi,Hà Nội,VN,0960993199,474858,1
1129,565,billing,Thu,Dương,99 Hai Bà Trưng,Đà Nẵng,VN,0988239664,262106,1
1130,565,shipping,Thu,Dương,99 Hai Bà Trưng,Đà Nẵng,VN,0947883137,916066,1
1131,566,billing,Trung,Vũ,99 Hai Bà Trưng,TP HCM,VN,0979698781,838958,1
1132,566,shipping,Trung,Vũ,123 Nguyễn Huệ,TP HCM,VN,0957384243,735503,1
1133,567,billing,Trung,Phan,123 Nguyễn Huệ,Hà Nội,VN,0968488632,854182,1
1134,567,shipping,Trung,Phan,123 Nguyễn Huệ,Hà Nội,VN,0987675615,236253,1
1135,568,billing,Hà,Đặng,99 Hai Bà Trưng,Hà Nội,VN,0930809510,891401,1
1136,568,shipping,Hà,Đặng,45 Đinh Tiên Hoàng,Hà Nội,VN,0919941484,371358,1
1137,569,billing,Linh,Đỗ,45 Đinh Tiên Hoàng,Khánh Hòa,VN,0963317447,422125,1
1138,569,shipping,Linh,Đỗ,99 Hai Bà Trưng,Khánh Hòa,VN,0947048374,825585,1
1139,570,billing,Trung,Vũ,22 Trần Hưng Đạo,TP HCM,VN,0966165745,374078,1
1140,570,shipping,Trung,Vũ,123 Nguyễn Huệ,TP HCM,VN,0972490801,346899,1
1141,571,billing,Thu,Hồ,123 Nguyễn Huệ,Hà Nội,VN,0946401248,202382,1
1142,571,shipping,Thu,Hồ,123 Nguyễn Huệ,Hà Nội,VN,0978090390,755456,1
1143,572,billing,Linh,Đỗ,99 Hai Bà Trưng,Đà Nẵng,VN,0996931421,608409,1
1144,572,shipping,Linh,Đỗ,99 Hai Bà Trưng,Đà Nẵng,VN,0939864553,421526,1
1145,573,billing,Phương,Phan,22 Trần Hưng Đạo,Hà Nội,VN,0923153116,680427,1
1146,573,shipping,Phương,Phan,99 Hai Bà Trưng,Hà Nội,VN,0951696849,467620,1
1147,574,billing,Yến,Trần,45 Đinh Tiên Hoàng,Hà Nội,VN,0943738893,354847,1
1148,574,shipping,Yến,Trần,78 Lê Lợi,Hà Nội,VN,0952325338,933564,1
1149,575,billing,Thành,Hoàng,45 Đinh Tiên Hoàng,Hà Nội,VN,0949908371,339355,1
1150,575,shipping,Thành,Hoàng,22 Trần Hưng Đạo,Hà Nội,VN,0978483684,105154,1
1151,576,billing,Mai,Đặng,123 Nguyễn Huệ,Hà Nội,VN,0975542638,157726,1
1152,576,shipping,Mai,Đặng,99 Hai Bà Trưng,Hà Nội,VN,0937650693,665955,1
1153,577,billing,Thảo,Vũ,22 Trần Hưng Đạo,TP HCM,VN,0987778551,592601,1
1154,577,shipping,Thảo,Vũ,123 Nguyễn Huệ,TP HCM,VN,0915136990,936145,1
1155,578,billing,Hà,Bùi,78 Lê Lợi,Hà Nội,VN,0911199344,669799,1
1156,578,shipping,Hà,Bùi,78 Lê Lợi,Hà Nội,VN,0936189485,288924,1
1157,579,billing,Lan,Đặng,123 Nguyễn Huệ,TP HCM,VN,0973905032,472652,1
1158,579,shipping,Lan,Đặng,22 Trần Hưng Đạo,TP HCM,VN,0957988146,173064,1
1159,580,billing,Tuấn,Hoàng,78 Lê Lợi,Đà Nẵng,VN,0964250307,745119,1
1160,580,shipping,Tuấn,Hoàng,78 Lê Lợi,Đà Nẵng,VN,0947151280,499490,1
1161,581,billing,Đức,Trần,123 Nguyễn Huệ,TP HCM,VN,0976576505,523171,1
1162,581,shipping,Đức,Trần,99 Hai Bà Trưng,TP HCM,VN,0929266376,305773,1
1163,582,billing,Minh,Lê,123 Nguyễn Huệ,TP HCM,VN,0995572626,405475,1
1164,582,shipping,Minh,Lê,78 Lê Lợi,TP HCM,VN,0969846744,556507,1
1165,583,billing,Khánh,Phan,123 Nguyễn Huệ,Hà Nội,VN,0925080103,155979,1
1166,583,shipping,Khánh,Phan,45 Đinh Tiên Hoàng,Hà Nội,VN,0935009661,472172,1
1167,584,billing,Thảo,Vũ,123 Nguyễn Huệ,Hà Nội,VN,0949584411,411197,1
1168,584,shipping,Thảo,Vũ,22 Trần Hưng Đạo,Hà Nội,VN,0947466214,667730,1
1169,585,billing,Thảo,Trần,78 Lê Lợi,Hải Phòng,VN,0921663171,336091,1
1170,585,shipping,Thảo,Trần,45 Đinh Tiên Hoàng,Hải Phòng,VN,0967094982,732934,1
1171,586,billing,Quang,Đặng,22 Trần Hưng Đạo,Hà Nội,VN,0996355692,165631,1
1172,586,shipping,Quang,Đặng,22 Trần Hưng Đạo,Hà Nội,VN,0998319534,800366,1
1173,587,billing,Yến,Nguyễn,99 Hai Bà Trưng,Quảng Ninh,VN,0941522472,280792,1
1174,587,shipping,Yến,Nguyễn,99 Hai Bà Trưng,Quảng Ninh,VN,0959470062,638581,1
1175,588,billing,Quang,Đặng,22 Trần Hưng Đạo,Đồng Nai,VN,0946689804,288613,1
1176,588,shipping,Quang,Đặng,22 Trần Hưng Đạo,Đồng Nai,VN,0918988137,780157,1
1177,589,billing,Minh,Trần,78 Lê Lợi,TP HCM,VN,0970035321,985766,1
1178,589,shipping,Minh,Trần,123 Nguyễn Huệ,TP HCM,VN,0924839680,497885,1
1179,590,billing,Anh,Ngô,45 Đinh Tiên Hoàng,Hà Nội,VN,0991185026,408269,1
1180,590,shipping,Anh,Ngô,45 Đinh Tiên Hoàng,Hà Nội,VN,0962709654,525607,1
1181,591,billing,Ngọc,Đỗ,78 Lê Lợi,TP HCM,VN,0923692326,183535,1
1182,591,shipping,Ngọc,Đỗ,45 Đinh Tiên Hoàng,TP HCM,VN,0999209544,231519,1
1183,592,billing,Minh,Bùi,22 Trần Hưng Đạo,TP HCM,VN,0951010140,570213,1
1184,592,shipping,Minh,Bùi,45 Đinh Tiên Hoàng,TP HCM,VN,0919245886,733047,1
1185,593,billing,Ánh,Ngô,99 Hai Bà Trưng,Hải Phòng,VN,0974796319,401760,1
1186,593,shipping,Ánh,Ngô,123 Nguyễn Huệ,Hải Phòng,VN,0963654161,245084,1
1187,594,billing,Anh,Đặng,123 Nguyễn Huệ,TP HCM,VN,0956874278,239500,1
1188,594,shipping,Anh,Đặng,22 Trần Hưng Đạo,TP HCM,VN,0942808340,886992,1
1189,595,billing,Mai,Trần,99 Hai Bà Trưng,Đà Nẵng,VN,0921577477,667779,1
1190,595,shipping,Mai,Trần,78 Lê Lợi,Đà Nẵng,VN,0955149717,522699,1
1191,596,billing,Lan,Phan,99 Hai Bà Trưng,TP HCM,VN,0954849543,896175,1
1192,596,shipping,Lan,Phan,78 Lê Lợi,TP HCM,VN,0959803888,571161,1
1193,597,billing,Bình,Vũ,123 Nguyễn Huệ,Hà Nội,VN,0976849190,477773,1
1194,597,shipping,Bình,Vũ,45 Đinh Tiên Hoàng,Hà Nội,VN,0963516461,197731,1
1195,598,billing,Thu,Trần,78 Lê Lợi,TP HCM,VN,0931092632,290976,1
1196,598,shipping,Thu,Trần,123 Nguyễn Huệ,TP HCM,VN,0969022424,728152,1
1197,599,billing,Hải,Hồ,99 Hai Bà Trưng,Hà Nội,VN,0933187503,614318,1
1198,599,shipping,Hải,Hồ,45 Đinh Tiên Hoàng,Hà Nội,VN,0914456457,583772,1
1199,600,billing,Thu,Hồ,45 Đinh Tiên Hoàng,Hà Nội,VN,0929695202,850778,1
1200,600,shipping,Thu,Hồ,123 Nguyễn Huệ,Hà Nội,VN,0971253770,120219,1
1201,601,billing,Long,Phan,78 Lê Lợi,TP HCM,VN,0936850440,364778,1
1202,601,shipping,Long,Phan,45 Đinh Tiên Hoàng,TP HCM,VN,0910765550,923075,1
1203,602,billing,Đức,Bùi,45 Đinh Tiên Hoàng,Hà Nội,VN,0967541677,935324,1
1204,602,shipping,Đức,Bùi,45 Đinh Tiên Hoàng,Hà Nội,VN,0947878853,762659,1
1205,603,billing,Việt,Đặng,99 Hai Bà Trưng,Khánh Hòa,VN,0960827721,956490,1
1206,603,shipping,Việt,Đặng,123 Nguyễn Huệ,Khánh Hòa,VN,0975658616,123614,1
1207,604,billing,Tuấn,Phan,99 Hai Bà Trưng,Đà Nẵng,VN,0996769346,445069,1
1208,604,shipping,Tuấn,Phan,123 Nguyễn Huệ,Đà Nẵng,VN,0988994742,412061,1
1209,605,billing,Bình,Phạm,123 Nguyễn Huệ,Đà Nẵng,VN,0932421260,191104,1
1210,605,shipping,Bình,Phạm,123 Nguyễn Huệ,Đà Nẵng,VN,0940156834,228185,1
1211,606,billing,Ngọc,Ngô,78 Lê Lợi,TP HCM,VN,0953176299,318519,1
1212,606,shipping,Ngọc,Ngô,99 Hai Bà Trưng,TP HCM,VN,0935460579,215740,1
1213,607,billing,Ngọc,Bùi,22 Trần Hưng Đạo,Khánh Hòa,VN,0925828704,471355,1
1214,607,shipping,Ngọc,Bùi,45 Đinh Tiên Hoàng,Khánh Hòa,VN,0986246062,971631,1
1215,608,billing,Quang,Nguyễn,123 Nguyễn Huệ,TP HCM,VN,0979630194,311841,1
1216,608,shipping,Quang,Nguyễn,123 Nguyễn Huệ,TP HCM,VN,0931806874,947808,1
1217,609,billing,Lan,Phan,45 Đinh Tiên Hoàng,Đồng Nai,VN,0937824782,561688,1
1218,609,shipping,Lan,Phan,22 Trần Hưng Đạo,Đồng Nai,VN,0991058549,529528,1
1219,610,billing,Ngọc,Dương,78 Lê Lợi,Đà Nẵng,VN,0945712158,925352,1
1220,610,shipping,Ngọc,Dương,45 Đinh Tiên Hoàng,Đà Nẵng,VN,0993584211,813535,1
1221,611,billing,Yến,Trần,123 Nguyễn Huệ,TP HCM,VN,0933390402,106255,1
1222,611,shipping,Yến,Trần,99 Hai Bà Trưng,TP HCM,VN,0996614824,993085,1
1223,612,billing,Hoa,Bùi,45 Đinh Tiên Hoàng,Bình Dương,VN,0940457434,804925,1
1224,612,shipping,Hoa,Bùi,22 Trần Hưng Đạo,Bình Dương,VN,0925063528,609594,1
1225,613,billing,Trang,Đỗ,123 Nguyễn Huệ,TP HCM,VN,0939379617,482209,1
1226,613,shipping,Trang,Đỗ,78 Lê Lợi,TP HCM,VN,0979103829,107035,1
1227,614,billing,Khánh,Bùi,22 Trần Hưng Đạo,Hà Nội,VN,0919557308,708740,1
1228,614,shipping,Khánh,Bùi,99 Hai Bà Trưng,Hà Nội,VN,0989597463,345826,1
1229,615,billing,Lan,Trần,123 Nguyễn Huệ,Bình Dương,VN,0993282207,516516,1
1230,615,shipping,Lan,Trần,78 Lê Lợi,Bình Dương,VN,0917964127,602299,1
1231,616,billing,Thu,Đỗ,22 Trần Hưng Đạo,Quảng Ninh,VN,0913886292,178707,1
1232,616,shipping,Thu,Đỗ,78 Lê Lợi,Quảng Ninh,VN,0915366950,123807,1
1233,617,billing,Yến,Ngô,78 Lê Lợi,TP HCM,VN,0997860172,329831,1
1234,617,shipping,Yến,Ngô,99 Hai Bà Trưng,TP HCM,VN,0958745585,843805,1
1235,618,billing,Nga,Trần,45 Đinh Tiên Hoàng,Hà Nội,VN,0979710520,539935,1
1236,618,shipping,Nga,Trần,99 Hai Bà Trưng,Hà Nội,VN,0921720493,378336,1
1237,619,billing,Trung,Dương,123 Nguyễn Huệ,Hà Nội,VN,0937932994,241481,1
1238,619,shipping,Trung,Dương,22 Trần Hưng Đạo,Hà Nội,VN,0913398638,418828,1
1239,620,billing,Hằng,Nguyễn,45 Đinh Tiên Hoàng,TP HCM,VN,0990330137,208761,1
1240,620,shipping,Hằng,Nguyễn,22 Trần Hưng Đạo,TP HCM,VN,0988437173,680925,1
1241,621,billing,Bình,Hồ,45 Đinh Tiên Hoàng,TP HCM,VN,0915210981,297419,1
1242,621,shipping,Bình,Hồ,45 Đinh Tiên Hoàng,TP HCM,VN,0937787609,892314,1
1243,622,billing,Thành,Phan,123 Nguyễn Huệ,Khánh Hòa,VN,0926441404,150348,1
1244,622,shipping,Thành,Phan,99 Hai Bà Trưng,Khánh Hòa,VN,0937581998,634197,1
1245,623,billing,Hoa,Hồ,22 Trần Hưng Đạo,Hà Nội,VN,0981597300,683761,1
1246,623,shipping,Hoa,Hồ,123 Nguyễn Huệ,Hà Nội,VN,0934277838,839780,1
1247,624,billing,Thành,Hồ,99 Hai Bà Trưng,Khánh Hòa,VN,0958708619,508455,1
1248,624,shipping,Thành,Hồ,78 Lê Lợi,Khánh Hòa,VN,0962425939,312740,1
1249,625,billing,Hải,Nguyễn,78 Lê Lợi,Hà Nội,VN,0988157963,611316,1
1250,625,shipping,Hải,Nguyễn,45 Đinh Tiên Hoàng,Hà Nội,VN,0987823645,323000,1
1251,626,billing,Tuấn,Lê,123 Nguyễn Huệ,Đà Nẵng,VN,0934584679,789503,1
1252,626,shipping,Tuấn,Lê,45 Đinh Tiên Hoàng,Đà Nẵng,VN,0966741593,631771,1
1253,627,billing,Hùng,Vũ,99 Hai Bà Trưng,Hà Nội,VN,0934541637,752761,1
1254,627,shipping,Hùng,Vũ,22 Trần Hưng Đạo,Hà Nội,VN,0997158268,450950,1
1255,628,billing,Việt,Bùi,22 Trần Hưng Đạo,Khánh Hòa,VN,0988391829,964200,1
1256,628,shipping,Việt,Bùi,99 Hai Bà Trưng,Khánh Hòa,VN,0983309145,517859,1
1257,629,billing,Thành,Hoàng,78 Lê Lợi,Hà Nội,VN,0975377158,885868,1
1258,629,shipping,Thành,Hoàng,123 Nguyễn Huệ,Hà Nội,VN,0995428160,395766,1
1259,630,billing,Thành,Phan,99 Hai Bà Trưng,Hải Phòng,VN,0944180372,734575,1
1260,630,shipping,Thành,Phan,22 Trần Hưng Đạo,Hải Phòng,VN,0947603057,892242,1
1261,631,billing,Lan,Nguyễn,22 Trần Hưng Đạo,Hà Nội,VN,0986394319,880111,1
1262,631,shipping,Lan,Nguyễn,45 Đinh Tiên Hoàng,Hà Nội,VN,0943446835,965340,1
1263,632,billing,Hùng,Đỗ,22 Trần Hưng Đạo,Hà Nội,VN,0963311919,908508,1
1264,632,shipping,Hùng,Đỗ,123 Nguyễn Huệ,Hà Nội,VN,0922268172,621671,1
1265,633,billing,Thảo,Hồ,99 Hai Bà Trưng,Hà Nội,VN,0951043074,355506,1
1266,633,shipping,Thảo,Hồ,78 Lê Lợi,Hà Nội,VN,0940218016,909481,1
1267,634,billing,Bình,Đỗ,45 Đinh Tiên Hoàng,Đồng Nai,VN,0976361750,663308,1
1268,634,shipping,Bình,Đỗ,123 Nguyễn Huệ,Đồng Nai,VN,0945939502,661002,1
1269,635,billing,Anh,Nguyễn,99 Hai Bà Trưng,TP HCM,VN,0910209998,569045,1
1270,635,shipping,Anh,Nguyễn,45 Đinh Tiên Hoàng,TP HCM,VN,0989880452,905241,1
1271,636,billing,Đức,Phan,45 Đinh Tiên Hoàng,Hà Nội,VN,0924462404,865575,1
1272,636,shipping,Đức,Phan,45 Đinh Tiên Hoàng,Hà Nội,VN,0930522409,625893,1
1273,637,billing,Hải,Đặng,22 Trần Hưng Đạo,Hà Nội,VN,0984861051,323060,1
1274,637,shipping,Hải,Đặng,78 Lê Lợi,Hà Nội,VN,0922094282,933585,1
1275,638,billing,Thu,Bùi,45 Đinh Tiên Hoàng,TP HCM,VN,0910735535,776200,1
1276,638,shipping,Thu,Bùi,78 Lê Lợi,TP HCM,VN,0931349214,487371,1
1277,639,billing,Đức,Đỗ,22 Trần Hưng Đạo,Hà Nội,VN,0942679010,416595,1
1278,639,shipping,Đức,Đỗ,78 Lê Lợi,Hà Nội,VN,0935703437,917977,1
1279,640,billing,Quang,Vũ,123 Nguyễn Huệ,Hà Nội,VN,0934691854,225519,1
1280,640,shipping,Quang,Vũ,22 Trần Hưng Đạo,Hà Nội,VN,0988515394,127666,1
1281,641,billing,Hằng,Nguyễn,99 Hai Bà Trưng,TP HCM,VN,0918073121,583470,1
1282,641,shipping,Hằng,Nguyễn,99 Hai Bà Trưng,TP HCM,VN,0936378713,709263,1
1283,642,billing,Ánh,Trần,22 Trần Hưng Đạo,Hà Nội,VN,0985552244,779626,1
1284,642,shipping,Ánh,Trần,123 Nguyễn Huệ,Hà Nội,VN,0963034935,826514,1
1285,643,billing,Yến,Phan,99 Hai Bà Trưng,Khánh Hòa,VN,0998978659,260925,1
1286,643,shipping,Yến,Phan,99 Hai Bà Trưng,Khánh Hòa,VN,0971705678,973333,1
1287,644,billing,Hải,Vũ,123 Nguyễn Huệ,Hải Phòng,VN,0912252522,827629,1
1288,644,shipping,Hải,Vũ,22 Trần Hưng Đạo,Hải Phòng,VN,0962818159,281604,1
1289,645,billing,Minh,Bùi,78 Lê Lợi,Bình Dương,VN,0987455760,740966,1
1290,645,shipping,Minh,Bùi,22 Trần Hưng Đạo,Bình Dương,VN,0934064865,213399,1
1291,646,billing,Ngọc,Đặng,78 Lê Lợi,Bình Dương,VN,0990557504,289223,1
1292,646,shipping,Ngọc,Đặng,22 Trần Hưng Đạo,Bình Dương,VN,0920707453,826607,1
1293,647,billing,Trung,Nguyễn,78 Lê Lợi,TP HCM,VN,0932012747,474361,1
1294,647,shipping,Trung,Nguyễn,123 Nguyễn Huệ,TP HCM,VN,0990957866,402914,1
1295,648,billing,Mai,Phạm,99 Hai Bà Trưng,Hà Nội,VN,0965292949,821838,1
1296,648,shipping,Mai,Phạm,22 Trần Hưng Đạo,Hà Nội,VN,0955404575,501080,1
1297,649,billing,Trung,Hoàng,99 Hai Bà Trưng,Hà Nội,VN,0938653736,516540,1
1298,649,shipping,Trung,Hoàng,45 Đinh Tiên Hoàng,Hà Nội,VN,0937252710,361686,1
1299,650,billing,Đức,Phan,123 Nguyễn Huệ,TP HCM,VN,0989944188,832841,1
1300,650,shipping,Đức,Phan,45 Đinh Tiên Hoàng,TP HCM,VN,0937019964,351542,1
1301,651,billing,Nga,Đỗ,99 Hai Bà Trưng,TP HCM,VN,0933438912,922915,1
1302,651,shipping,Nga,Đỗ,78 Lê Lợi,TP HCM,VN,0961005510,503870,1
1303,652,billing,Đức,Đỗ,123 Nguyễn Huệ,TP HCM,VN,0991668693,856072,1
1304,652,shipping,Đức,Đỗ,45 Đinh Tiên Hoàng,TP HCM,VN,0975249540,355226,1
1305,653,billing,Hùng,Nguyễn,45 Đinh Tiên Hoàng,Hà Nội,VN,0984150789,270832,1
1306,653,shipping,Hùng,Nguyễn,123 Nguyễn Huệ,Hà Nội,VN,0998637903,219893,1
1307,654,billing,Tuấn,Hoàng,78 Lê Lợi,Bình Dương,VN,0957030802,823775,1
1308,654,shipping,Tuấn,Hoàng,123 Nguyễn Huệ,Bình Dương,VN,0968646468,623043,1
1309,655,billing,Hà,Nguyễn,78 Lê Lợi,TP HCM,VN,0997245285,275205,1
1310,655,shipping,Hà,Nguyễn,123 Nguyễn Huệ,TP HCM,VN,0926039859,853186,1
1311,656,billing,Ngọc,Bùi,99 Hai Bà Trưng,Bình Dương,VN,0965945401,140787,1
1312,656,shipping,Ngọc,Bùi,45 Đinh Tiên Hoàng,Bình Dương,VN,0998026688,250736,1
1313,657,billing,Hằng,Đỗ,123 Nguyễn Huệ,Đồng Nai,VN,0950913890,422667,1
1314,657,shipping,Hằng,Đỗ,22 Trần Hưng Đạo,Đồng Nai,VN,0952803917,368889,1
1315,658,billing,Phương,Bùi,78 Lê Lợi,Hà Nội,VN,0991379179,729864,1
1316,658,shipping,Phương,Bùi,99 Hai Bà Trưng,Hà Nội,VN,0962806417,722335,1
1317,659,billing,Thu,Bùi,123 Nguyễn Huệ,TP HCM,VN,0962525264,457920,1
1318,659,shipping,Thu,Bùi,45 Đinh Tiên Hoàng,TP HCM,VN,0932508419,595728,1
1319,660,billing,Đức,Phạm,45 Đinh Tiên Hoàng,Bình Dương,VN,0917645497,418311,1
1320,660,shipping,Đức,Phạm,45 Đinh Tiên Hoàng,Bình Dương,VN,0980507990,797440,1
1321,661,billing,Hùng,Dương,123 Nguyễn Huệ,TP HCM,VN,0949316837,193188,1
1322,661,shipping,Hùng,Dương,45 Đinh Tiên Hoàng,TP HCM,VN,0918893981,391014,1
1323,662,billing,Nga,Vũ,78 Lê Lợi,Hà Nội,VN,0954850828,541076,1
1324,662,shipping,Nga,Vũ,22 Trần Hưng Đạo,Hà Nội,VN,0948985826,390001,1
1325,663,billing,Thành,Bùi,78 Lê Lợi,Hải Phòng,VN,0973837984,802981,1
1326,663,shipping,Thành,Bùi,22 Trần Hưng Đạo,Hải Phòng,VN,0930074873,151132,1
1327,664,billing,Long,Hoàng,123 Nguyễn Huệ,Hà Nội,VN,0984481451,122662,1
1328,664,shipping,Long,Hoàng,78 Lê Lợi,Hà Nội,VN,0912389551,796787,1
1329,665,billing,Ngọc,Đỗ,99 Hai Bà Trưng,TP HCM,VN,0915959187,373085,1
1330,665,shipping,Ngọc,Đỗ,78 Lê Lợi,TP HCM,VN,0981924706,754934,1
1331,666,billing,Thành,Phạm,78 Lê Lợi,Đà Nẵng,VN,0947159769,260376,1
1332,666,shipping,Thành,Phạm,99 Hai Bà Trưng,Đà Nẵng,VN,0955047849,291157,1
1333,667,billing,Lan,Bùi,45 Đinh Tiên Hoàng,Hà Nội,VN,0922450579,441155,1
1334,667,shipping,Lan,Bùi,99 Hai Bà Trưng,Hà Nội,VN,0989303693,737282,1
1335,668,billing,Ngọc,Hồ,99 Hai Bà Trưng,Đà Nẵng,VN,0936015182,806223,1
1336,668,shipping,Ngọc,Hồ,45 Đinh Tiên Hoàng,Đà Nẵng,VN,0929302740,414904,1
1337,669,billing,Ngọc,Hồ,45 Đinh Tiên Hoàng,Quảng Ninh,VN,0983902100,370721,1
1338,669,shipping,Ngọc,Hồ,99 Hai Bà Trưng,Quảng Ninh,VN,0969145422,320547,1
1339,670,billing,Mai,Trần,99 Hai Bà Trưng,TP HCM,VN,0962386745,539327,1
1340,670,shipping,Mai,Trần,22 Trần Hưng Đạo,TP HCM,VN,0918619882,534918,1
1341,671,billing,Linh,Phạm,123 Nguyễn Huệ,TP HCM,VN,0920183988,998527,1
1342,671,shipping,Linh,Phạm,123 Nguyễn Huệ,TP HCM,VN,0972854761,750364,1
1343,672,billing,Quang,Bùi,78 Lê Lợi,Đà Nẵng,VN,0956199941,109758,1
1344,672,shipping,Quang,Bùi,99 Hai Bà Trưng,Đà Nẵng,VN,0996857548,671503,1
1345,673,billing,Phương,Đỗ,78 Lê Lợi,TP HCM,VN,0944757369,753652,1
1346,673,shipping,Phương,Đỗ,99 Hai Bà Trưng,TP HCM,VN,0921935156,477024,1
1347,674,billing,Linh,Dương,22 Trần Hưng Đạo,Đồng Nai,VN,0992548883,868024,1
1348,674,shipping,Linh,Dương,78 Lê Lợi,Đồng Nai,VN,0964418338,936035,1
1349,675,billing,Hà,Ngô,123 Nguyễn Huệ,TP HCM,VN,0986374499,439115,1
1350,675,shipping,Hà,Ngô,22 Trần Hưng Đạo,TP HCM,VN,0934800839,212584,1
1351,676,billing,Mai,Hồ,22 Trần Hưng Đạo,TP HCM,VN,0979694558,896066,1
1352,676,shipping,Mai,Hồ,99 Hai Bà Trưng,TP HCM,VN,0945790002,105601,1
1353,677,billing,Quang,Đặng,45 Đinh Tiên Hoàng,Quảng Ninh,VN,0960408072,825822,1
1354,677,shipping,Quang,Đặng,22 Trần Hưng Đạo,Quảng Ninh,VN,0998975141,915839,1
1355,678,billing,Hùng,Nguyễn,22 Trần Hưng Đạo,TP HCM,VN,0964270881,428103,1
1356,678,shipping,Hùng,Nguyễn,78 Lê Lợi,TP HCM,VN,0940295890,649413,1
1357,679,billing,Khánh,Hồ,99 Hai Bà Trưng,TP HCM,VN,0953959959,298983,1
1358,679,shipping,Khánh,Hồ,99 Hai Bà Trưng,TP HCM,VN,0915154006,438158,1
1359,680,billing,Trung,Nguyễn,45 Đinh Tiên Hoàng,Hà Nội,VN,0937190520,375245,1
1360,680,shipping,Trung,Nguyễn,45 Đinh Tiên Hoàng,Hà Nội,VN,0930637307,494197,1
1361,681,billing,Tuấn,Phan,78 Lê Lợi,Đà Nẵng,VN,0996902010,991275,1
1362,681,shipping,Tuấn,Phan,99 Hai Bà Trưng,Đà Nẵng,VN,0984394243,295928,1
1363,682,billing,Long,Ngô,22 Trần Hưng Đạo,Hà Nội,VN,0964811659,630735,1
1364,682,shipping,Long,Ngô,99 Hai Bà Trưng,Hà Nội,VN,0926611713,957292,1
1365,683,billing,Minh,Nguyễn,78 Lê Lợi,Hải Phòng,VN,0911718569,913665,1
1366,683,shipping,Minh,Nguyễn,99 Hai Bà Trưng,Hải Phòng,VN,0977263126,472578,1
1367,684,billing,Thành,Phan,123 Nguyễn Huệ,TP HCM,VN,0916310999,274650,1
1368,684,shipping,Thành,Phan,99 Hai Bà Trưng,TP HCM,VN,0993256690,748953,1
1369,685,billing,Hằng,Nguyễn,123 Nguyễn Huệ,Hà Nội,VN,0975123410,568487,1
1370,685,shipping,Hằng,Nguyễn,22 Trần Hưng Đạo,Hà Nội,VN,0957518015,666870,1
1371,686,billing,Việt,Hoàng,45 Đinh Tiên Hoàng,Quảng Ninh,VN,0981626605,155204,1
1372,686,shipping,Việt,Hoàng,22 Trần Hưng Đạo,Quảng Ninh,VN,0929542724,624072,1
1373,687,billing,Mai,Phan,45 Đinh Tiên Hoàng,Quảng Ninh,VN,0959958893,670442,1
1374,687,shipping,Mai,Phan,22 Trần Hưng Đạo,Quảng Ninh,VN,0969341118,412885,1
1375,688,billing,Khánh,Đỗ,45 Đinh Tiên Hoàng,Hà Nội,VN,0979346720,136984,1
1376,688,shipping,Khánh,Đỗ,78 Lê Lợi,Hà Nội,VN,0980121607,652085,1
1377,689,billing,Hải,Lê,22 Trần Hưng Đạo,Hà Nội,VN,0986089127,211179,1
1378,689,shipping,Hải,Lê,78 Lê Lợi,Hà Nội,VN,0914304242,986303,1
1379,690,billing,Thảo,Lê,45 Đinh Tiên Hoàng,TP HCM,VN,0910506099,695801,1
1380,690,shipping,Thảo,Lê,123 Nguyễn Huệ,TP HCM,VN,0994091505,347148,1
1381,691,billing,Linh,Phạm,22 Trần Hưng Đạo,Đồng Nai,VN,0921096125,869735,1
1382,691,shipping,Linh,Phạm,45 Đinh Tiên Hoàng,Đồng Nai,VN,0981635425,350281,1
1383,692,billing,Hà,Trần,22 Trần Hưng Đạo,Hà Nội,VN,0991607011,140004,1
1384,692,shipping,Hà,Trần,123 Nguyễn Huệ,Hà Nội,VN,0912683693,257591,1
1385,693,billing,Hùng,Bùi,22 Trần Hưng Đạo,Đà Nẵng,VN,0935304824,859266,1
1386,693,shipping,Hùng,Bùi,22 Trần Hưng Đạo,Đà Nẵng,VN,0939995501,922947,1
1387,694,billing,Ánh,Đặng,22 Trần Hưng Đạo,Hà Nội,VN,0995266752,722444,1
1388,694,shipping,Ánh,Đặng,45 Đinh Tiên Hoàng,Hà Nội,VN,0955923392,821003,1
1389,695,billing,Trang,Đỗ,99 Hai Bà Trưng,Đà Nẵng,VN,0987754278,398899,1
1390,695,shipping,Trang,Đỗ,78 Lê Lợi,Đà Nẵng,VN,0922228705,372220,1
1391,696,billing,Mai,Bùi,45 Đinh Tiên Hoàng,Hà Nội,VN,0972116901,261571,1
1392,696,shipping,Mai,Bùi,78 Lê Lợi,Hà Nội,VN,0990059202,630453,1
1393,697,billing,Tuấn,Phạm,78 Lê Lợi,Hà Nội,VN,0988057236,390579,1
1394,697,shipping,Tuấn,Phạm,123 Nguyễn Huệ,Hà Nội,VN,0989579897,246729,1
1395,698,billing,Thảo,Đặng,45 Đinh Tiên Hoàng,TP HCM,VN,0978413467,693770,1
1396,698,shipping,Thảo,Đặng,45 Đinh Tiên Hoàng,TP HCM,VN,0983225110,800438,1
1397,699,billing,Trang,Bùi,78 Lê Lợi,TP HCM,VN,0914245160,283397,1
1398,699,shipping,Trang,Bùi,22 Trần Hưng Đạo,TP HCM,VN,0946957880,867379,1
1399,700,billing,Khánh,Hồ,99 Hai Bà Trưng,TP HCM,VN,0945229574,154053,1
1400,700,shipping,Khánh,Hồ,22 Trần Hưng Đạo,TP HCM,VN,0914291141,511392,1
1401,701,billing,Việt,Trần,22 Trần Hưng Đạo,TP HCM,VN,0980213909,348300,1
1402,701,shipping,Việt,Trần,22 Trần Hưng Đạo,TP HCM,VN,0915920794,337984,1
1403,702,billing,Thảo,Ngô,99 Hai Bà Trưng,TP HCM,VN,0936585278,927515,1
1404,702,shipping,Thảo,Ngô,99 Hai Bà Trưng,TP HCM,VN,0961752268,849558,1
1405,703,billing,Trang,Hoàng,99 Hai Bà Trưng,Khánh Hòa,VN,0976175302,859392,1
1406,703,shipping,Trang,Hoàng,22 Trần Hưng Đạo,Khánh Hòa,VN,0971498859,202676,1
1407,704,billing,Ánh,Vũ,45 Đinh Tiên Hoàng,Đà Nẵng,VN,0929648907,303104,1
1408,704,shipping,Ánh,Vũ,22 Trần Hưng Đạo,Đà Nẵng,VN,0940354761,701072,1
1409,705,billing,Đức,Đỗ,45 Đinh Tiên Hoàng,Hà Nội,VN,0931224437,138092,1
1410,705,shipping,Đức,Đỗ,45 Đinh Tiên Hoàng,Hà Nội,VN,0995555115,157923,1
1411,706,billing,Long,Trần,22 Trần Hưng Đạo,TP HCM,VN,0960058911,124434,1
1412,706,shipping,Long,Trần,78 Lê Lợi,TP HCM,VN,0973941749,159352,1
1413,707,billing,Việt,Hoàng,45 Đinh Tiên Hoàng,TP HCM,VN,0966772917,983579,1
1414,707,shipping,Việt,Hoàng,22 Trần Hưng Đạo,TP HCM,VN,0915448656,594941,1
1415,708,billing,Ngọc,Đặng,99 Hai Bà Trưng,TP HCM,VN,0914974889,280519,1
1416,708,shipping,Ngọc,Đặng,99 Hai Bà Trưng,TP HCM,VN,0980179028,142814,1
1417,709,billing,Hà,Phan,22 Trần Hưng Đạo,Hải Phòng,VN,0984372406,189922,1
1418,709,shipping,Hà,Phan,45 Đinh Tiên Hoàng,Hải Phòng,VN,0999424325,183740,1
1419,710,billing,Thu,Phan,22 Trần Hưng Đạo,TP HCM,VN,0913377473,999649,1
1420,710,shipping,Thu,Phan,78 Lê Lợi,TP HCM,VN,0988309707,140621,1
1421,711,billing,Phương,Phạm,123 Nguyễn Huệ,TP HCM,VN,0985408558,779979,1
1422,711,shipping,Phương,Phạm,99 Hai Bà Trưng,TP HCM,VN,0931998013,903034,1
1423,712,billing,Linh,Đỗ,22 Trần Hưng Đạo,Bình Dương,VN,0955153775,155026,1
1424,712,shipping,Linh,Đỗ,123 Nguyễn Huệ,Bình Dương,VN,0940932468,755020,1
1425,713,billing,Hoa,Đặng,99 Hai Bà Trưng,TP HCM,VN,0918841190,479813,1
1426,713,shipping,Hoa,Đặng,22 Trần Hưng Đạo,TP HCM,VN,0983351109,308099,1
1427,714,billing,Thảo,Dương,78 Lê Lợi,Đà Nẵng,VN,0937615171,392372,1
1428,714,shipping,Thảo,Dương,22 Trần Hưng Đạo,Đà Nẵng,VN,0923477681,949848,1
1429,715,billing,Trung,Phạm,123 Nguyễn Huệ,TP HCM,VN,0937889040,430524,1
1430,715,shipping,Trung,Phạm,123 Nguyễn Huệ,TP HCM,VN,0936000472,718501,1
1431,716,billing,Hùng,Trần,78 Lê Lợi,TP HCM,VN,0991453849,254353,1
1432,716,shipping,Hùng,Trần,22 Trần Hưng Đạo,TP HCM,VN,0944871024,501793,1
1433,717,billing,Lan,Ngô,99 Hai Bà Trưng,Hà Nội,VN,0923076354,543142,1
1434,717,shipping,Lan,Ngô,45 Đinh Tiên Hoàng,Hà Nội,VN,0910596673,262301,1
1435,718,billing,Trung,Hồ,22 Trần Hưng Đạo,Hà Nội,VN,0979642057,628010,1
1436,718,shipping,Trung,Hồ,45 Đinh Tiên Hoàng,Hà Nội,VN,0969618991,981752,1
1437,719,billing,Thảo,Đỗ,123 Nguyễn Huệ,Đà Nẵng,VN,0957011285,605028,1
1438,719,shipping,Thảo,Đỗ,123 Nguyễn Huệ,Đà Nẵng,VN,0945963732,122413,1
1439,720,billing,Trung,Ngô,22 Trần Hưng Đạo,TP HCM,VN,0991210383,277570,1
1440,720,shipping,Trung,Ngô,78 Lê Lợi,TP HCM,VN,0976504423,226066,1
1441,721,billing,Khánh,Ngô,123 Nguyễn Huệ,Đồng Nai,VN,0929213801,359507,1
1442,721,shipping,Khánh,Ngô,78 Lê Lợi,Đồng Nai,VN,0923002731,586766,1
1443,722,billing,Ánh,Vũ,45 Đinh Tiên Hoàng,Quảng Ninh,VN,0955447466,701326,1
1444,722,shipping,Ánh,Vũ,78 Lê Lợi,Quảng Ninh,VN,0975985951,938621,1
1445,723,billing,Nga,Lê,45 Đinh Tiên Hoàng,Bình Dương,VN,0951677287,895309,1
1446,723,shipping,Nga,Lê,78 Lê Lợi,Bình Dương,VN,0990934970,301908,1
1447,724,billing,Linh,Phạm,22 Trần Hưng Đạo,Đà Nẵng,VN,0962118474,776916,1
1448,724,shipping,Linh,Phạm,45 Đinh Tiên Hoàng,Đà Nẵng,VN,0918944885,856972,1
1449,725,billing,Hải,Trần,45 Đinh Tiên Hoàng,Hà Nội,VN,0920475105,158855,1
1450,725,shipping,Hải,Trần,99 Hai Bà Trưng,Hà Nội,VN,0959604677,769430,1
1451,726,billing,Hoa,Nguyễn,78 Lê Lợi,TP HCM,VN,0967876405,148998,1
1452,726,shipping,Hoa,Nguyễn,78 Lê Lợi,TP HCM,VN,0988149957,713284,1
1453,727,billing,Ánh,Hoàng,123 Nguyễn Huệ,TP HCM,VN,0976242616,514931,1
1454,727,shipping,Ánh,Hoàng,78 Lê Lợi,TP HCM,VN,0949795117,792254,1
1455,728,billing,Trang,Ngô,99 Hai Bà Trưng,Hải Phòng,VN,0950529466,172016,1
1456,728,shipping,Trang,Ngô,22 Trần Hưng Đạo,Hải Phòng,VN,0973226959,560989,1
1457,729,billing,Quang,Lê,78 Lê Lợi,TP HCM,VN,0982187337,246087,1
1458,729,shipping,Quang,Lê,45 Đinh Tiên Hoàng,TP HCM,VN,0923611999,547810,1
1459,730,billing,Hùng,Hồ,78 Lê Lợi,Bình Dương,VN,0981760482,539494,1
1460,730,shipping,Hùng,Hồ,78 Lê Lợi,Bình Dương,VN,0971710657,147711,1
1461,731,billing,Thành,Trần,45 Đinh Tiên Hoàng,Bình Dương,VN,0967529322,128965,1
1462,731,shipping,Thành,Trần,123 Nguyễn Huệ,Bình Dương,VN,0967865460,674048,1
1463,732,billing,Minh,Hoàng,123 Nguyễn Huệ,TP HCM,VN,0943800890,598647,1
1464,732,shipping,Minh,Hoàng,78 Lê Lợi,TP HCM,VN,0936708663,531254,1
1465,733,billing,Minh,Hồ,99 Hai Bà Trưng,Hà Nội,VN,0996184357,402024,1
1466,733,shipping,Minh,Hồ,22 Trần Hưng Đạo,Hà Nội,VN,0985207927,163273,1
1467,734,billing,Trang,Lê,78 Lê Lợi,Hà Nội,VN,0948569800,888140,1
1468,734,shipping,Trang,Lê,22 Trần Hưng Đạo,Hà Nội,VN,0940795519,453277,1
1469,735,billing,Linh,Bùi,78 Lê Lợi,TP HCM,VN,0921479291,441275,1
1470,735,shipping,Linh,Bùi,45 Đinh Tiên Hoàng,TP HCM,VN,0916092391,428086,1
1471,736,billing,Hải,Lê,45 Đinh Tiên Hoàng,TP HCM,VN,0998128471,653306,1
1472,736,shipping,Hải,Lê,22 Trần Hưng Đạo,TP HCM,VN,0942490557,603280,1
1473,737,billing,Ánh,Phan,22 Trần Hưng Đạo,TP HCM,VN,0932165940,492789,1
1474,737,shipping,Ánh,Phan,45 Đinh Tiên Hoàng,TP HCM,VN,0989761155,774400,1
1475,738,billing,Việt,Trần,45 Đinh Tiên Hoàng,Hà Nội,VN,0985793307,168305,1
1476,738,shipping,Việt,Trần,78 Lê Lợi,Hà Nội,VN,0968380252,992492,1
1477,739,billing,Phương,Hoàng,99 Hai Bà Trưng,Đồng Nai,VN,0967106768,650949,1
1478,739,shipping,Phương,Hoàng,78 Lê Lợi,Đồng Nai,VN,0920400458,247525,1
1479,740,billing,Mai,Đỗ,22 Trần Hưng Đạo,Hà Nội,VN,0975228249,337263,1
1480,740,shipping,Mai,Đỗ,99 Hai Bà Trưng,Hà Nội,VN,0912130216,865902,1
1481,741,billing,Việt,Ngô,99 Hai Bà Trưng,TP HCM,VN,0994517966,551427,1
1482,741,shipping,Việt,Ngô,99 Hai Bà Trưng,TP HCM,VN,0997514263,931498,1
1483,742,billing,Hà,Ngô,78 Lê Lợi,Hà Nội,VN,0999419582,340993,1
1484,742,shipping,Hà,Ngô,99 Hai Bà Trưng,Hà Nội,VN,0935898059,610967,1
1485,743,billing,Trung,Lê,78 Lê Lợi,Hà Nội,VN,0915570908,848164,1
1486,743,shipping,Trung,Lê,45 Đinh Tiên Hoàng,Hà Nội,VN,0958896688,821497,1
1487,744,billing,Thành,Đặng,78 Lê Lợi,TP HCM,VN,0933150693,959223,1
1488,744,shipping,Thành,Đặng,99 Hai Bà Trưng,TP HCM,VN,0946411456,839282,1
1489,745,billing,Trung,Hồ,123 Nguyễn Huệ,TP HCM,VN,0999009711,161251,1
1490,745,shipping,Trung,Hồ,45 Đinh Tiên Hoàng,TP HCM,VN,0994791383,477230,1
1491,746,billing,Thu,Vũ,45 Đinh Tiên Hoàng,Hà Nội,VN,0929011638,379212,1
1492,746,shipping,Thu,Vũ,78 Lê Lợi,Hà Nội,VN,0952964065,560017,1
1493,747,billing,Lan,Phạm,22 Trần Hưng Đạo,Hà Nội,VN,0977198382,658934,1
1494,747,shipping,Lan,Phạm,45 Đinh Tiên Hoàng,Hà Nội,VN,0938149741,436555,1
1495,748,billing,Long,Phan,123 Nguyễn Huệ,Hà Nội,VN,0962473989,516131,1
1496,748,shipping,Long,Phan,123 Nguyễn Huệ,Hà Nội,VN,0976992009,602648,1
1497,749,billing,Thành,Bùi,45 Đinh Tiên Hoàng,TP HCM,VN,0979999633,548734,1
1498,749,shipping,Thành,Bùi,22 Trần Hưng Đạo,TP HCM,VN,0970998127,300739,1
1499,750,billing,Yến,Lê,22 Trần Hưng Đạo,Hà Nội,VN,0978766538,659273,1
1500,750,shipping,Yến,Lê,22 Trần Hưng Đạo,Hà Nội,VN,0983077553,839231,1
1501,751,billing,Long,Phạm,22 Trần Hưng Đạo,Hà Nội,VN,0970567225,210813,1
1502,751,shipping,Long,Phạm,99 Hai Bà Trưng,Hà Nội,VN,0971242141,210373,1
1503,752,billing,Thu,Vũ,45 Đinh Tiên Hoàng,Hải Phòng,VN,0934858238,112419,1
1504,752,shipping,Thu,Vũ,99 Hai Bà Trưng,Hải Phòng,VN,0997626088,252361,1
1505,753,billing,Tuấn,Lê,45 Đinh Tiên Hoàng,TP HCM,VN,0934893364,853072,1
1506,753,shipping,Tuấn,Lê,22 Trần Hưng Đạo,TP HCM,VN,0975571095,975127,1
1507,754,billing,Hoa,Đặng,22 Trần Hưng Đạo,Hà Nội,VN,0933308041,269496,1
1508,754,shipping,Hoa,Đặng,22 Trần Hưng Đạo,Hà Nội,VN,0963946592,621572,1
1509,755,billing,Bình,Phạm,45 Đinh Tiên Hoàng,Đà Nẵng,VN,0939912020,267435,1
1510,755,shipping,Bình,Phạm,45 Đinh Tiên Hoàng,Đà Nẵng,VN,0932476480,989455,1
1511,756,billing,Hằng,Lê,99 Hai Bà Trưng,TP HCM,VN,0995225810,106897,1
1512,756,shipping,Hằng,Lê,22 Trần Hưng Đạo,TP HCM,VN,0955270907,806563,1
1513,757,billing,Quang,Phan,22 Trần Hưng Đạo,Hà Nội,VN,0981018026,222654,1
1514,757,shipping,Quang,Phan,99 Hai Bà Trưng,Hà Nội,VN,0985492758,901842,1
1515,758,billing,Lan,Phan,123 Nguyễn Huệ,Hà Nội,VN,0986393636,471694,1
1516,758,shipping,Lan,Phan,78 Lê Lợi,Hà Nội,VN,0973268207,567271,1
1517,759,billing,Long,Lê,78 Lê Lợi,TP HCM,VN,0945636099,563812,1
1518,759,shipping,Long,Lê,22 Trần Hưng Đạo,TP HCM,VN,0991066622,533251,1
1519,760,billing,Phương,Bùi,123 Nguyễn Huệ,Hà Nội,VN,0993679247,139857,1
1520,760,shipping,Phương,Bùi,123 Nguyễn Huệ,Hà Nội,VN,0965892964,737745,1
1521,761,billing,Anh,Đỗ,45 Đinh Tiên Hoàng,Hà Nội,VN,0920221422,125662,1
1522,761,shipping,Anh,Đỗ,99 Hai Bà Trưng,Hà Nội,VN,0996698554,663663,1
1523,762,billing,Tuấn,Ngô,45 Đinh Tiên Hoàng,Hà Nội,VN,0918037671,725942,1
1524,762,shipping,Tuấn,Ngô,45 Đinh Tiên Hoàng,Hà Nội,VN,0948877068,474093,1
1525,763,billing,Hằng,Đặng,123 Nguyễn Huệ,Hà Nội,VN,0910564475,422711,1
1526,763,shipping,Hằng,Đặng,99 Hai Bà Trưng,Hà Nội,VN,0963979680,657911,1
1527,764,billing,Anh,Đặng,22 Trần Hưng Đạo,Hà Nội,VN,0996280832,871717,1
1528,764,shipping,Anh,Đặng,123 Nguyễn Huệ,Hà Nội,VN,0980075658,701594,1
1529,765,billing,Đức,Đỗ,45 Đinh Tiên Hoàng,Bình Dương,VN,0968383665,822298,1
1530,765,shipping,Đức,Đỗ,123 Nguyễn Huệ,Bình Dương,VN,0962839362,944153,1
1531,766,billing,Minh,Phạm,45 Đinh Tiên Hoàng,Hà Nội,VN,0931840985,272570,1
1532,766,shipping,Minh,Phạm,22 Trần Hưng Đạo,Hà Nội,VN,0995860381,156266,1
1533,767,billing,Hùng,Bùi,123 Nguyễn Huệ,TP HCM,VN,0933841421,523462,1
1534,767,shipping,Hùng,Bùi,123 Nguyễn Huệ,TP HCM,VN,0968084228,558313,1
1535,768,billing,Long,Đỗ,99 Hai Bà Trưng,Quảng Ninh,VN,0957106921,325266,1
1536,768,shipping,Long,Đỗ,78 Lê Lợi,Quảng Ninh,VN,0939630306,289200,1
1537,769,billing,Việt,Hồ,99 Hai Bà Trưng,Đà Nẵng,VN,0955611502,164125,1
1538,769,shipping,Việt,Hồ,22 Trần Hưng Đạo,Đà Nẵng,VN,0998341702,371957,1
1539,770,billing,Đức,Hoàng,22 Trần Hưng Đạo,Hà Nội,VN,0913185410,130535,1
1540,770,shipping,Đức,Hoàng,123 Nguyễn Huệ,Hà Nội,VN,0959612800,943531,1
1541,771,billing,Linh,Lê,78 Lê Lợi,Khánh Hòa,VN,0925796243,517713,1
1542,771,shipping,Linh,Lê,22 Trần Hưng Đạo,Khánh Hòa,VN,0910944095,597231,1
1543,772,billing,Hùng,Lê,45 Đinh Tiên Hoàng,Hà Nội,VN,0982291605,695612,1
1544,772,shipping,Hùng,Lê,99 Hai Bà Trưng,Hà Nội,VN,0996731813,506399,1
1545,773,billing,Hoa,Nguyễn,78 Lê Lợi,Đà Nẵng,VN,0978937688,960412,1
1546,773,shipping,Hoa,Nguyễn,45 Đinh Tiên Hoàng,Đà Nẵng,VN,0916346092,718016,1
1547,774,billing,Hùng,Dương,99 Hai Bà Trưng,Bình Dương,VN,0940067948,557234,1
1548,774,shipping,Hùng,Dương,22 Trần Hưng Đạo,Bình Dương,VN,0997821243,418767,1
1549,775,billing,Khánh,Bùi,123 Nguyễn Huệ,TP HCM,VN,0965714376,492560,1
1550,775,shipping,Khánh,Bùi,123 Nguyễn Huệ,TP HCM,VN,0973491350,853132,1
1551,776,billing,Linh,Nguyễn,22 Trần Hưng Đạo,Hà Nội,VN,0959071270,511017,1
1552,776,shipping,Linh,Nguyễn,22 Trần Hưng Đạo,Hà Nội,VN,0942056423,663667,1
1553,777,billing,Hùng,Lê,78 Lê Lợi,Hà Nội,VN,0971487526,486038,1
1554,777,shipping,Hùng,Lê,123 Nguyễn Huệ,Hà Nội,VN,0969937021,193695,1
1555,778,billing,Thành,Vũ,78 Lê Lợi,TP HCM,VN,0958057494,278975,1
1556,778,shipping,Thành,Vũ,45 Đinh Tiên Hoàng,TP HCM,VN,0951597812,173258,1
1557,779,billing,Nga,Hồ,78 Lê Lợi,Hải Phòng,VN,0999505932,718271,1
1558,779,shipping,Nga,Hồ,123 Nguyễn Huệ,Hải Phòng,VN,0996548632,856527,1
1559,780,billing,Ngọc,Ngô,123 Nguyễn Huệ,Hải Phòng,VN,0986617520,923571,1
1560,780,shipping,Ngọc,Ngô,123 Nguyễn Huệ,Hải Phòng,VN,0994390103,439178,1
1561,781,billing,Hải,Phan,45 Đinh Tiên Hoàng,TP HCM,VN,0986946237,968536,1
1562,781,shipping,Hải,Phan,123 Nguyễn Huệ,TP HCM,VN,0948056275,144184,1
1563,782,billing,Thu,Bùi,123 Nguyễn Huệ,TP HCM,VN,0946025700,865936,1
1564,782,shipping,Thu,Bùi,78 Lê Lợi,TP HCM,VN,0944955973,210575,1
1565,783,billing,Bình,Bùi,99 Hai Bà Trưng,Đồng Nai,VN,0925244664,922049,1
1566,783,shipping,Bình,Bùi,22 Trần Hưng Đạo,Đồng Nai,VN,0966772359,691807,1
1567,784,billing,Hà,Phạm,45 Đinh Tiên Hoàng,Hà Nội,VN,0956096649,160408,1
1568,784,shipping,Hà,Phạm,99 Hai Bà Trưng,Hà Nội,VN,0939310517,838818,1
1569,785,billing,Trang,Nguyễn,22 Trần Hưng Đạo,TP HCM,VN,0995173165,133130,1
1570,785,shipping,Trang,Nguyễn,123 Nguyễn Huệ,TP HCM,VN,0962448730,428851,1
1571,786,billing,Trung,Nguyễn,99 Hai Bà Trưng,Hà Nội,VN,0966841189,823434,1
1572,786,shipping,Trung,Nguyễn,99 Hai Bà Trưng,Hà Nội,VN,0996508295,970358,1
1573,787,billing,Tuấn,Trần,99 Hai Bà Trưng,Bình Dương,VN,0934243510,321096,1
1574,787,shipping,Tuấn,Trần,45 Đinh Tiên Hoàng,Bình Dương,VN,0975239322,732819,1
1575,788,billing,Hà,Ngô,45 Đinh Tiên Hoàng,Đồng Nai,VN,0912287566,525104,1
1576,788,shipping,Hà,Ngô,45 Đinh Tiên Hoàng,Đồng Nai,VN,0982188847,127271,1
1577,789,billing,Trung,Vũ,22 Trần Hưng Đạo,Hà Nội,VN,0962853865,713433,1
1578,789,shipping,Trung,Vũ,22 Trần Hưng Đạo,Hà Nội,VN,0993808688,621616,1
1579,790,billing,Lan,Lê,45 Đinh Tiên Hoàng,TP HCM,VN,0990215411,133083,1
1580,790,shipping,Lan,Lê,123 Nguyễn Huệ,TP HCM,VN,0960340180,383456,1
1581,791,billing,Hoa,Bùi,45 Đinh Tiên Hoàng,Hà Nội,VN,0995751308,913439,1
1582,791,shipping,Hoa,Bùi,99 Hai Bà Trưng,Hà Nội,VN,0999363438,425646,1
1583,792,billing,Trung,Trần,45 Đinh Tiên Hoàng,TP HCM,VN,0979710814,256880,1
1584,792,shipping,Trung,Trần,45 Đinh Tiên Hoàng,TP HCM,VN,0989615318,940262,1
1585,793,billing,Linh,Bùi,22 Trần Hưng Đạo,Đà Nẵng,VN,0941159526,714591,1
1586,793,shipping,Linh,Bùi,123 Nguyễn Huệ,Đà Nẵng,VN,0964206133,852973,1
1587,794,billing,Việt,Đỗ,45 Đinh Tiên Hoàng,TP HCM,VN,0982602223,633391,1
1588,794,shipping,Việt,Đỗ,99 Hai Bà Trưng,TP HCM,VN,0995739552,639126,1
1589,795,billing,Việt,Phạm,22 Trần Hưng Đạo,Đà Nẵng,VN,0912558019,433831,1
1590,795,shipping,Việt,Phạm,45 Đinh Tiên Hoàng,Đà Nẵng,VN,0974162480,517535,1
1591,796,billing,Ngọc,Ngô,99 Hai Bà Trưng,Hà Nội,VN,0936729116,574455,1
1592,796,shipping,Ngọc,Ngô,45 Đinh Tiên Hoàng,Hà Nội,VN,0954427805,377589,1
1593,797,billing,Long,Dương,99 Hai Bà Trưng,TP HCM,VN,0996983981,944430,1
1594,797,shipping,Long,Dương,22 Trần Hưng Đạo,TP HCM,VN,0964120268,992629,1
1595,798,billing,Mai,Trần,99 Hai Bà Trưng,Hà Nội,VN,0922697518,397281,1
1596,798,shipping,Mai,Trần,45 Đinh Tiên Hoàng,Hà Nội,VN,0952086298,933429,1
1597,799,billing,Hằng,Vũ,78 Lê Lợi,TP HCM,VN,0951370674,249477,1
1598,799,shipping,Hằng,Vũ,78 Lê Lợi,TP HCM,VN,0998009751,926237,1
1599,800,billing,Lan,Hồ,78 Lê Lợi,Đà Nẵng,VN,0956380310,809789,1
1600,800,shipping,Lan,Hồ,99 Hai Bà Trưng,Đà Nẵng,VN,0988601543,261347,1
1601,801,billing,Hằng,Phạm,99 Hai Bà Trưng,TP HCM,VN,0955922805,807722,1
1602,801,shipping,Hằng,Phạm,45 Đinh Tiên Hoàng,TP HCM,VN,0936808624,992760,1
1603,802,billing,Hằng,Phạm,99 Hai Bà Trưng,Hà Nội,VN,0976595890,520626,1
1604,802,shipping,Hằng,Phạm,78 Lê Lợi,Hà Nội,VN,0995219577,602357,1
1605,803,billing,Anh,Lê,78 Lê Lợi,TP HCM,VN,0984585756,249356,1
1606,803,shipping,Anh,Lê,78 Lê Lợi,TP HCM,VN,0913814126,680941,1
1607,804,billing,Minh,Phạm,45 Đinh Tiên Hoàng,Hà Nội,VN,0945393041,201830,1
1608,804,shipping,Minh,Phạm,78 Lê Lợi,Hà Nội,VN,0978679507,826317,1
1609,805,billing,Linh,Bùi,78 Lê Lợi,Hà Nội,VN,0985477406,320038,1
1610,805,shipping,Linh,Bùi,99 Hai Bà Trưng,Hà Nội,VN,0935600428,509554,1
1611,806,billing,Thu,Đặng,22 Trần Hưng Đạo,Khánh Hòa,VN,0916636039,447663,1
1612,806,shipping,Thu,Đặng,78 Lê Lợi,Khánh Hòa,VN,0999127258,764080,1
1613,807,billing,Khánh,Hồ,45 Đinh Tiên Hoàng,Hà Nội,VN,0969189682,862387,1
1614,807,shipping,Khánh,Hồ,99 Hai Bà Trưng,Hà Nội,VN,0931473017,948846,1
1615,808,billing,Anh,Lê,99 Hai Bà Trưng,TP HCM,VN,0923643600,442772,1
1616,808,shipping,Anh,Lê,99 Hai Bà Trưng,TP HCM,VN,0957895577,117300,1
1617,809,billing,Linh,Phan,22 Trần Hưng Đạo,Quảng Ninh,VN,0923515162,545637,1
1618,809,shipping,Linh,Phan,45 Đinh Tiên Hoàng,Quảng Ninh,VN,0971164325,628195,1
1619,810,billing,Bình,Hồ,78 Lê Lợi,TP HCM,VN,0948842650,610475,1
1620,810,shipping,Bình,Hồ,78 Lê Lợi,TP HCM,VN,0929840004,699286,1
1621,811,billing,Tuấn,Đỗ,123 Nguyễn Huệ,TP HCM,VN,0959909416,599916,1
1622,811,shipping,Tuấn,Đỗ,99 Hai Bà Trưng,TP HCM,VN,0987968304,474537,1
1623,812,billing,Hùng,Dương,99 Hai Bà Trưng,TP HCM,VN,0997183139,866310,1
1624,812,shipping,Hùng,Dương,78 Lê Lợi,TP HCM,VN,0930699536,895067,1
1625,813,billing,Đức,Vũ,99 Hai Bà Trưng,Đà Nẵng,VN,0954252902,287210,1
1626,813,shipping,Đức,Vũ,78 Lê Lợi,Đà Nẵng,VN,0992476850,533106,1
1627,814,billing,Ngọc,Phan,22 Trần Hưng Đạo,TP HCM,VN,0931668435,494153,1
1628,814,shipping,Ngọc,Phan,99 Hai Bà Trưng,TP HCM,VN,0961440739,193498,1
1629,815,billing,Lan,Nguyễn,99 Hai Bà Trưng,Hải Phòng,VN,0994643842,205565,1
1630,815,shipping,Lan,Nguyễn,45 Đinh Tiên Hoàng,Hải Phòng,VN,0935987681,941808,1
1631,816,billing,Đức,Vũ,99 Hai Bà Trưng,Hải Phòng,VN,0911809148,449169,1
1632,816,shipping,Đức,Vũ,123 Nguyễn Huệ,Hải Phòng,VN,0979459967,914890,1
1633,817,billing,Hằng,Lê,45 Đinh Tiên Hoàng,Hà Nội,VN,0939922392,429663,1
1634,817,shipping,Hằng,Lê,123 Nguyễn Huệ,Hà Nội,VN,0951910048,274421,1
1635,818,billing,Minh,Trần,78 Lê Lợi,Hà Nội,VN,0980283032,901944,1
1636,818,shipping,Minh,Trần,78 Lê Lợi,Hà Nội,VN,0937881972,759531,1
1637,819,billing,Anh,Hồ,99 Hai Bà Trưng,Hà Nội,VN,0963187421,628768,1
1638,819,shipping,Anh,Hồ,45 Đinh Tiên Hoàng,Hà Nội,VN,0955614631,227118,1
1639,820,billing,Tuấn,Trần,123 Nguyễn Huệ,TP HCM,VN,0993024137,160693,1
1640,820,shipping,Tuấn,Trần,45 Đinh Tiên Hoàng,TP HCM,VN,0998020341,471029,1
1641,821,billing,Hoa,Trần,99 Hai Bà Trưng,Bình Dương,VN,0936262008,567910,1
1642,821,shipping,Hoa,Trần,78 Lê Lợi,Bình Dương,VN,0963883848,348565,1
1643,822,billing,Quang,Hồ,99 Hai Bà Trưng,Bình Dương,VN,0984263808,464333,1
1644,822,shipping,Quang,Hồ,22 Trần Hưng Đạo,Bình Dương,VN,0982435359,467442,1
1645,823,billing,Hải,Phan,45 Đinh Tiên Hoàng,Quảng Ninh,VN,0921777682,953998,1
1646,823,shipping,Hải,Phan,99 Hai Bà Trưng,Quảng Ninh,VN,0941825567,945193,1
1647,824,billing,Việt,Bùi,78 Lê Lợi,Hà Nội,VN,0957606515,783007,1
1648,824,shipping,Việt,Bùi,22 Trần Hưng Đạo,Hà Nội,VN,0997912604,416473,1
1649,825,billing,Bình,Hoàng,45 Đinh Tiên Hoàng,Khánh Hòa,VN,0993200798,241247,1
1650,825,shipping,Bình,Hoàng,22 Trần Hưng Đạo,Khánh Hòa,VN,0998270701,575631,1
1651,826,billing,Mai,Hoàng,99 Hai Bà Trưng,TP HCM,VN,0934017294,308157,1
1652,826,shipping,Mai,Hoàng,22 Trần Hưng Đạo,TP HCM,VN,0984444822,173223,1
1653,827,billing,Bình,Vũ,45 Đinh Tiên Hoàng,TP HCM,VN,0920591889,384672,1
1654,827,shipping,Bình,Vũ,45 Đinh Tiên Hoàng,TP HCM,VN,0951842638,237570,1
1655,828,billing,Hà,Hồ,123 Nguyễn Huệ,TP HCM,VN,0943571993,278286,1
1656,828,shipping,Hà,Hồ,78 Lê Lợi,TP HCM,VN,0992761466,894025,1
1657,829,billing,Hoa,Nguyễn,45 Đinh Tiên Hoàng,Hải Phòng,VN,0991618883,576351,1
1658,829,shipping,Hoa,Nguyễn,22 Trần Hưng Đạo,Hải Phòng,VN,0980749389,373157,1
1659,830,billing,Minh,Trần,99 Hai Bà Trưng,TP HCM,VN,0943694396,740084,1
1660,830,shipping,Minh,Trần,123 Nguyễn Huệ,TP HCM,VN,0915682970,114518,1
1661,831,billing,Hùng,Phạm,22 Trần Hưng Đạo,Đà Nẵng,VN,0915646989,762475,1
1662,831,shipping,Hùng,Phạm,45 Đinh Tiên Hoàng,Đà Nẵng,VN,0929846349,867297,1
1663,832,billing,Linh,Phan,45 Đinh Tiên Hoàng,Hà Nội,VN,0991797414,496541,1
1664,832,shipping,Linh,Phan,99 Hai Bà Trưng,Hà Nội,VN,0985001098,744629,1
1665,833,billing,Linh,Vũ,45 Đinh Tiên Hoàng,Hà Nội,VN,0925407027,826165,1
1666,833,shipping,Linh,Vũ,78 Lê Lợi,Hà Nội,VN,0953493440,499106,1
1667,834,billing,Yến,Bùi,22 Trần Hưng Đạo,TP HCM,VN,0930948859,437555,1
1668,834,shipping,Yến,Bùi,45 Đinh Tiên Hoàng,TP HCM,VN,0981200909,281716,1
1669,835,billing,Ngọc,Bùi,78 Lê Lợi,TP HCM,VN,0923739655,763076,1
1670,835,shipping,Ngọc,Bùi,22 Trần Hưng Đạo,TP HCM,VN,0950628919,882653,1
1671,836,billing,Minh,Phạm,22 Trần Hưng Đạo,Hà Nội,VN,0954514985,335300,1
1672,836,shipping,Minh,Phạm,123 Nguyễn Huệ,Hà Nội,VN,0921555331,744033,1
1673,837,billing,Trang,Nguyễn,45 Đinh Tiên Hoàng,Hà Nội,VN,0982326005,412581,1
1674,837,shipping,Trang,Nguyễn,78 Lê Lợi,Hà Nội,VN,0913600648,420373,1
1675,838,billing,Mai,Ngô,22 Trần Hưng Đạo,TP HCM,VN,0970636644,844042,1
1676,838,shipping,Mai,Ngô,78 Lê Lợi,TP HCM,VN,0921983618,477706,1
1677,839,billing,Đức,Bùi,45 Đinh Tiên Hoàng,TP HCM,VN,0951958980,532698,1
1678,839,shipping,Đức,Bùi,22 Trần Hưng Đạo,TP HCM,VN,0934243622,674203,1
1679,840,billing,Đức,Bùi,99 Hai Bà Trưng,TP HCM,VN,0952298958,260283,1
1680,840,shipping,Đức,Bùi,78 Lê Lợi,TP HCM,VN,0939469065,906629,1
1681,841,billing,Hoa,Đặng,123 Nguyễn Huệ,Hà Nội,VN,0933800901,194193,1
1682,841,shipping,Hoa,Đặng,22 Trần Hưng Đạo,Hà Nội,VN,0974615662,304193,1
1683,842,billing,Hải,Phạm,99 Hai Bà Trưng,Quảng Ninh,VN,0910401966,419090,1
1684,842,shipping,Hải,Phạm,22 Trần Hưng Đạo,Quảng Ninh,VN,0965051252,574786,1
1685,843,billing,Hoa,Hồ,22 Trần Hưng Đạo,TP HCM,VN,0982642716,780707,1
1686,843,shipping,Hoa,Hồ,45 Đinh Tiên Hoàng,TP HCM,VN,0991664597,157370,1
1687,844,billing,Hoa,Hoàng,123 Nguyễn Huệ,TP HCM,VN,0977537050,319023,1
1688,844,shipping,Hoa,Hoàng,99 Hai Bà Trưng,TP HCM,VN,0947764920,879934,1
1689,845,billing,Ánh,Nguyễn,78 Lê Lợi,Đà Nẵng,VN,0917739663,338109,1
1690,845,shipping,Ánh,Nguyễn,99 Hai Bà Trưng,Đà Nẵng,VN,0917444854,200850,1
1691,846,billing,Hoa,Vũ,123 Nguyễn Huệ,TP HCM,VN,0936779228,755632,1
1692,846,shipping,Hoa,Vũ,78 Lê Lợi,TP HCM,VN,0992457715,154352,1
1693,847,billing,Trung,Phạm,45 Đinh Tiên Hoàng,TP HCM,VN,0934086496,928580,1
1694,847,shipping,Trung,Phạm,78 Lê Lợi,TP HCM,VN,0954792116,727983,1
1695,848,billing,Phương,Ngô,123 Nguyễn Huệ,Đà Nẵng,VN,0964502935,170532,1
1696,848,shipping,Phương,Ngô,99 Hai Bà Trưng,Đà Nẵng,VN,0984702640,838004,1
1697,849,billing,Hải,Lê,22 Trần Hưng Đạo,Hà Nội,VN,0928723685,232102,1
1698,849,shipping,Hải,Lê,45 Đinh Tiên Hoàng,Hà Nội,VN,0995826737,763368,1
1699,850,billing,Hải,Đỗ,78 Lê Lợi,TP HCM,VN,0997764898,345238,1
1700,850,shipping,Hải,Đỗ,123 Nguyễn Huệ,TP HCM,VN,0940067921,331603,1
1701,851,billing,Yến,Bùi,22 Trần Hưng Đạo,Đà Nẵng,VN,0974487472,707757,1
1702,851,shipping,Yến,Bùi,99 Hai Bà Trưng,Đà Nẵng,VN,0942778847,279941,1
1703,852,billing,Nga,Hoàng,99 Hai Bà Trưng,Hà Nội,VN,0986212955,204192,1
1704,852,shipping,Nga,Hoàng,22 Trần Hưng Đạo,Hà Nội,VN,0966092220,890786,1
1705,853,billing,Đức,Vũ,123 Nguyễn Huệ,TP HCM,VN,0927552210,502999,1
1706,853,shipping,Đức,Vũ,99 Hai Bà Trưng,TP HCM,VN,0924470740,214814,1
1707,854,billing,Ánh,Hoàng,99 Hai Bà Trưng,Quảng Ninh,VN,0934605181,785229,1
1708,854,shipping,Ánh,Hoàng,78 Lê Lợi,Quảng Ninh,VN,0987079850,830328,1
1709,855,billing,Lan,Phạm,45 Đinh Tiên Hoàng,Hải Phòng,VN,0930407061,676579,1
1710,855,shipping,Lan,Phạm,45 Đinh Tiên Hoàng,Hải Phòng,VN,0931435698,445636,1
1711,856,billing,Tuấn,Hồ,78 Lê Lợi,TP HCM,VN,0971130433,783336,1
1712,856,shipping,Tuấn,Hồ,78 Lê Lợi,TP HCM,VN,0949513807,422304,1
1713,857,billing,Hùng,Đỗ,78 Lê Lợi,TP HCM,VN,0994418564,538907,1
1714,857,shipping,Hùng,Đỗ,99 Hai Bà Trưng,TP HCM,VN,0941877677,488938,1
1715,858,billing,Ngọc,Hồ,99 Hai Bà Trưng,Khánh Hòa,VN,0940390076,491842,1
1716,858,shipping,Ngọc,Hồ,78 Lê Lợi,Khánh Hòa,VN,0920435364,163405,1
1717,859,billing,Đức,Phan,45 Đinh Tiên Hoàng,TP HCM,VN,0932218981,869830,1
1718,859,shipping,Đức,Phan,22 Trần Hưng Đạo,TP HCM,VN,0972045737,680046,1
1719,860,billing,Phương,Dương,99 Hai Bà Trưng,TP HCM,VN,0970955129,993003,1
1720,860,shipping,Phương,Dương,99 Hai Bà Trưng,TP HCM,VN,0966793060,993268,1
1721,861,billing,Hằng,Lê,22 Trần Hưng Đạo,Hà Nội,VN,0925765718,230560,1
1722,861,shipping,Hằng,Lê,45 Đinh Tiên Hoàng,Hà Nội,VN,0910264865,203206,1
1723,862,billing,Yến,Nguyễn,78 Lê Lợi,Khánh Hòa,VN,0948094670,414075,1
1724,862,shipping,Yến,Nguyễn,78 Lê Lợi,Khánh Hòa,VN,0925416721,150721,1
1725,863,billing,Hà,Dương,78 Lê Lợi,Hà Nội,VN,0985425420,878459,1
1726,863,shipping,Hà,Dương,22 Trần Hưng Đạo,Hà Nội,VN,0981284737,750020,1
1727,864,billing,Hùng,Đỗ,123 Nguyễn Huệ,TP HCM,VN,0967213955,332725,1
1728,864,shipping,Hùng,Đỗ,22 Trần Hưng Đạo,TP HCM,VN,0963224706,514864,1
1729,865,billing,Tuấn,Bùi,123 Nguyễn Huệ,Hà Nội,VN,0945540207,367033,1
1730,865,shipping,Tuấn,Bùi,99 Hai Bà Trưng,Hà Nội,VN,0989630766,156576,1
1731,866,billing,Khánh,Đỗ,22 Trần Hưng Đạo,Hà Nội,VN,0952431222,708461,1
1732,866,shipping,Khánh,Đỗ,45 Đinh Tiên Hoàng,Hà Nội,VN,0970953226,752497,1
1733,867,billing,Thu,Bùi,45 Đinh Tiên Hoàng,Hà Nội,VN,0910224620,166228,1
1734,867,shipping,Thu,Bùi,45 Đinh Tiên Hoàng,Hà Nội,VN,0923603156,163021,1
1735,868,billing,Mai,Vũ,78 Lê Lợi,Hà Nội,VN,0971684607,213671,1
1736,868,shipping,Mai,Vũ,22 Trần Hưng Đạo,Hà Nội,VN,0986229251,863386,1
1737,869,billing,Thảo,Hoàng,99 Hai Bà Trưng,Khánh Hòa,VN,0950665295,336069,1
1738,869,shipping,Thảo,Hoàng,99 Hai Bà Trưng,Khánh Hòa,VN,0921658528,843546,1
1739,870,billing,Thảo,Nguyễn,99 Hai Bà Trưng,Hà Nội,VN,0953956476,904061,1
1740,870,shipping,Thảo,Nguyễn,22 Trần Hưng Đạo,Hà Nội,VN,0985288118,556326,1
1741,871,billing,Trang,Đặng,22 Trần Hưng Đạo,Hà Nội,VN,0950162126,783022,1
1742,871,shipping,Trang,Đặng,99 Hai Bà Trưng,Hà Nội,VN,0997799897,395968,1
1743,872,billing,Tuấn,Hồ,22 Trần Hưng Đạo,TP HCM,VN,0954453722,644485,1
1744,872,shipping,Tuấn,Hồ,22 Trần Hưng Đạo,TP HCM,VN,0929508879,973130,1
1745,873,billing,Bình,Vũ,123 Nguyễn Huệ,TP HCM,VN,0980328610,615289,1
1746,873,shipping,Bình,Vũ,78 Lê Lợi,TP HCM,VN,0948023260,818922,1
1747,874,billing,Hà,Đỗ,123 Nguyễn Huệ,Hà Nội,VN,0995927839,550697,1
1748,874,shipping,Hà,Đỗ,78 Lê Lợi,Hà Nội,VN,0975167260,107137,1
1749,875,billing,Linh,Dương,45 Đinh Tiên Hoàng,Hà Nội,VN,0930688993,407859,1
1750,875,shipping,Linh,Dương,78 Lê Lợi,Hà Nội,VN,0984534724,462275,1
1751,876,billing,Hùng,Ngô,45 Đinh Tiên Hoàng,Đà Nẵng,VN,0971100407,619593,1
1752,876,shipping,Hùng,Ngô,123 Nguyễn Huệ,Đà Nẵng,VN,0941661558,114044,1
1753,877,billing,Đức,Bùi,78 Lê Lợi,Hà Nội,VN,0992083299,887568,1
1754,877,shipping,Đức,Bùi,22 Trần Hưng Đạo,Hà Nội,VN,0967330143,214139,1
1755,878,billing,Minh,Đỗ,99 Hai Bà Trưng,Hà Nội,VN,0998015419,883989,1
1756,878,shipping,Minh,Đỗ,123 Nguyễn Huệ,Hà Nội,VN,0925421366,484194,1
1757,879,billing,Trang,Hồ,78 Lê Lợi,Hà Nội,VN,0926663485,319498,1
1758,879,shipping,Trang,Hồ,45 Đinh Tiên Hoàng,Hà Nội,VN,0949326620,202870,1
1759,880,billing,Anh,Vũ,45 Đinh Tiên Hoàng,Bình Dương,VN,0936433383,856771,1
1760,880,shipping,Anh,Vũ,123 Nguyễn Huệ,Bình Dương,VN,0958193065,152874,1
1761,881,billing,Hà,Phạm,45 Đinh Tiên Hoàng,Đồng Nai,VN,0943264679,596805,1
1762,881,shipping,Hà,Phạm,22 Trần Hưng Đạo,Đồng Nai,VN,0974919454,796476,1
1763,882,billing,Thành,Đỗ,78 Lê Lợi,TP HCM,VN,0972953410,996893,1
1764,882,shipping,Thành,Đỗ,78 Lê Lợi,TP HCM,VN,0968402151,596346,1
1765,883,billing,Long,Vũ,45 Đinh Tiên Hoàng,TP HCM,VN,0979555691,736182,1
1766,883,shipping,Long,Vũ,22 Trần Hưng Đạo,TP HCM,VN,0912765959,108658,1
1767,884,billing,Quang,Trần,123 Nguyễn Huệ,Bình Dương,VN,0936127577,915754,1
1768,884,shipping,Quang,Trần,45 Đinh Tiên Hoàng,Bình Dương,VN,0914222650,493707,1
1769,885,billing,Thảo,Đặng,22 Trần Hưng Đạo,Hà Nội,VN,0940845271,179461,1
1770,885,shipping,Thảo,Đặng,22 Trần Hưng Đạo,Hà Nội,VN,0972623548,218881,1
1771,886,billing,Minh,Đặng,45 Đinh Tiên Hoàng,Đà Nẵng,VN,0930454694,920099,1
1772,886,shipping,Minh,Đặng,99 Hai Bà Trưng,Đà Nẵng,VN,0916672986,411461,1
1773,887,billing,Nga,Phạm,78 Lê Lợi,Đồng Nai,VN,0926879534,393350,1
1774,887,shipping,Nga,Phạm,123 Nguyễn Huệ,Đồng Nai,VN,0961176532,542126,1
1775,888,billing,Hùng,Nguyễn,123 Nguyễn Huệ,Hà Nội,VN,0975386792,279675,1
1776,888,shipping,Hùng,Nguyễn,99 Hai Bà Trưng,Hà Nội,VN,0993346779,975367,1
1777,889,billing,Bình,Vũ,99 Hai Bà Trưng,TP HCM,VN,0989097395,470287,1
1778,889,shipping,Bình,Vũ,78 Lê Lợi,TP HCM,VN,0935839143,899277,1
1779,890,billing,Long,Ngô,78 Lê Lợi,Hải Phòng,VN,0954099392,612402,1
1780,890,shipping,Long,Ngô,78 Lê Lợi,Hải Phòng,VN,0963354792,655359,1
1781,891,billing,Khánh,Vũ,45 Đinh Tiên Hoàng,Hà Nội,VN,0949691693,964226,1
1782,891,shipping,Khánh,Vũ,99 Hai Bà Trưng,Hà Nội,VN,0934161742,779269,1
1783,892,billing,Linh,Nguyễn,45 Đinh Tiên Hoàng,TP HCM,VN,0969982646,600649,1
1784,892,shipping,Linh,Nguyễn,99 Hai Bà Trưng,TP HCM,VN,0990374838,310126,1
1785,893,billing,Thảo,Nguyễn,78 Lê Lợi,TP HCM,VN,0980453047,363579,1
1786,893,shipping,Thảo,Nguyễn,45 Đinh Tiên Hoàng,TP HCM,VN,0936841788,327552,1
1787,894,billing,Ánh,Nguyễn,45 Đinh Tiên Hoàng,Hà Nội,VN,0964021912,252444,1
1788,894,shipping,Ánh,Nguyễn,78 Lê Lợi,Hà Nội,VN,0978234708,700262,1
1789,895,billing,Trung,Ngô,123 Nguyễn Huệ,Bình Dương,VN,0910626645,120904,1
1790,895,shipping,Trung,Ngô,123 Nguyễn Huệ,Bình Dương,VN,0989879809,130251,1
1791,896,billing,Hằng,Đặng,99 Hai Bà Trưng,Hà Nội,VN,0937582450,684568,1
1792,896,shipping,Hằng,Đặng,22 Trần Hưng Đạo,Hà Nội,VN,0997207593,526912,1
1793,897,billing,Ngọc,Phạm,123 Nguyễn Huệ,TP HCM,VN,0994290043,794188,1
1794,897,shipping,Ngọc,Phạm,78 Lê Lợi,TP HCM,VN,0972342604,300386,1
1795,898,billing,Trung,Hoàng,45 Đinh Tiên Hoàng,Hải Phòng,VN,0934499096,834722,1
1796,898,shipping,Trung,Hoàng,45 Đinh Tiên Hoàng,Hải Phòng,VN,0918202628,801746,1
1797,899,billing,Hà,Hồ,22 Trần Hưng Đạo,TP HCM,VN,0936839160,767893,1
1798,899,shipping,Hà,Hồ,45 Đinh Tiên Hoàng,TP HCM,VN,0986835244,739722,1
1799,900,billing,Mai,Đặng,78 Lê Lợi,TP HCM,VN,0998542919,337308,1
1800,900,shipping,Mai,Đặng,78 Lê Lợi,TP HCM,VN,0924107387,107351,1
1801,901,billing,Lan,Phan,45 Đinh Tiên Hoàng,Hà Nội,VN,0944734935,853847,1
1802,901,shipping,Lan,Phan,78 Lê Lợi,Hà Nội,VN,0956899991,826210,1
1803,902,billing,Hải,Phạm,78 Lê Lợi,Hà Nội,VN,0917487476,212151,1
1804,902,shipping,Hải,Phạm,78 Lê Lợi,Hà Nội,VN,0955240355,314356,1
1805,903,billing,Hằng,Hồ,123 Nguyễn Huệ,Hà Nội,VN,0975185413,795437,1
1806,903,shipping,Hằng,Hồ,45 Đinh Tiên Hoàng,Hà Nội,VN,0916915325,131214,1
1807,904,billing,Nga,Lê,45 Đinh Tiên Hoàng,Hà Nội,VN,0928030335,978224,1
1808,904,shipping,Nga,Lê,99 Hai Bà Trưng,Hà Nội,VN,0910464228,157272,1
1809,905,billing,Hà,Vũ,22 Trần Hưng Đạo,TP HCM,VN,0969169989,354234,1
1810,905,shipping,Hà,Vũ,22 Trần Hưng Đạo,TP HCM,VN,0998518507,791533,1
1811,906,billing,Hoa,Ngô,22 Trần Hưng Đạo,TP HCM,VN,0954002612,491364,1
1812,906,shipping,Hoa,Ngô,78 Lê Lợi,TP HCM,VN,0914819740,896484,1
1813,907,billing,Việt,Phạm,78 Lê Lợi,Hà Nội,VN,0951063224,866746,1
1814,907,shipping,Việt,Phạm,22 Trần Hưng Đạo,Hà Nội,VN,0934838208,281200,1
1815,908,billing,Hoa,Bùi,123 Nguyễn Huệ,TP HCM,VN,0935928361,519271,1
1816,908,shipping,Hoa,Bùi,99 Hai Bà Trưng,TP HCM,VN,0990658821,720475,1
1817,909,billing,Trung,Hồ,78 Lê Lợi,TP HCM,VN,0973610494,851481,1
1818,909,shipping,Trung,Hồ,78 Lê Lợi,TP HCM,VN,0942936142,976092,1
1819,910,billing,Anh,Đặng,99 Hai Bà Trưng,Đồng Nai,VN,0915903433,772193,1
1820,910,shipping,Anh,Đặng,45 Đinh Tiên Hoàng,Đồng Nai,VN,0991651899,712750,1
1821,911,billing,Hà,Lê,99 Hai Bà Trưng,Hải Phòng,VN,0923981001,855791,1
1822,911,shipping,Hà,Lê,45 Đinh Tiên Hoàng,Hải Phòng,VN,0995100052,122548,1
1823,912,billing,Hằng,Lê,45 Đinh Tiên Hoàng,Đà Nẵng,VN,0980039410,154172,1
1824,912,shipping,Hằng,Lê,45 Đinh Tiên Hoàng,Đà Nẵng,VN,0919565133,340448,1
1825,913,billing,Hải,Ngô,45 Đinh Tiên Hoàng,Đồng Nai,VN,0964243217,387484,1
1826,913,shipping,Hải,Ngô,123 Nguyễn Huệ,Đồng Nai,VN,0920746006,860775,1
1827,914,billing,Hùng,Bùi,123 Nguyễn Huệ,Đồng Nai,VN,0962819741,537435,1
1828,914,shipping,Hùng,Bùi,45 Đinh Tiên Hoàng,Đồng Nai,VN,0978959993,748004,1
1829,915,billing,Thảo,Phạm,45 Đinh Tiên Hoàng,TP HCM,VN,0969375083,700207,1
1830,915,shipping,Thảo,Phạm,45 Đinh Tiên Hoàng,TP HCM,VN,0918386034,665400,1
1831,916,billing,Khánh,Nguyễn,123 Nguyễn Huệ,TP HCM,VN,0957976891,443818,1
1832,916,shipping,Khánh,Nguyễn,78 Lê Lợi,TP HCM,VN,0914212493,591134,1
1833,917,billing,Thu,Đặng,99 Hai Bà Trưng,Bình Dương,VN,0967035248,200792,1
1834,917,shipping,Thu,Đặng,45 Đinh Tiên Hoàng,Bình Dương,VN,0916495595,655913,1
1835,918,billing,Việt,Bùi,78 Lê Lợi,Hà Nội,VN,0978935350,840181,1
1836,918,shipping,Việt,Bùi,78 Lê Lợi,Hà Nội,VN,0912749499,804589,1
1837,919,billing,Trang,Vũ,123 Nguyễn Huệ,TP HCM,VN,0925478650,819472,1
1838,919,shipping,Trang,Vũ,22 Trần Hưng Đạo,TP HCM,VN,0967166257,856960,1
1839,920,billing,Khánh,Hoàng,99 Hai Bà Trưng,Khánh Hòa,VN,0932845529,134349,1
1840,920,shipping,Khánh,Hoàng,99 Hai Bà Trưng,Khánh Hòa,VN,0993176016,950819,1
1841,921,billing,Trang,Hồ,123 Nguyễn Huệ,Đà Nẵng,VN,0972132112,265480,1
1842,921,shipping,Trang,Hồ,22 Trần Hưng Đạo,Đà Nẵng,VN,0983206653,102031,1
1843,922,billing,Tuấn,Phạm,99 Hai Bà Trưng,Bình Dương,VN,0911707765,956832,1
1844,922,shipping,Tuấn,Phạm,99 Hai Bà Trưng,Bình Dương,VN,0958650181,248818,1
1845,923,billing,Ánh,Phạm,78 Lê Lợi,Khánh Hòa,VN,0985797198,402760,1
1846,923,shipping,Ánh,Phạm,22 Trần Hưng Đạo,Khánh Hòa,VN,0936532388,138045,1
1847,924,billing,Quang,Nguyễn,99 Hai Bà Trưng,TP HCM,VN,0986970602,549003,1
1848,924,shipping,Quang,Nguyễn,78 Lê Lợi,TP HCM,VN,0968510014,700838,1
1849,925,billing,Ánh,Hoàng,22 Trần Hưng Đạo,TP HCM,VN,0934729542,993925,1
1850,925,shipping,Ánh,Hoàng,78 Lê Lợi,TP HCM,VN,0935257776,901913,1
1851,926,billing,Nga,Đặng,78 Lê Lợi,TP HCM,VN,0924831028,349653,1
1852,926,shipping,Nga,Đặng,78 Lê Lợi,TP HCM,VN,0993359949,690679,1
1853,927,billing,Bình,Dương,99 Hai Bà Trưng,TP HCM,VN,0929508796,452242,1
1854,927,shipping,Bình,Dương,78 Lê Lợi,TP HCM,VN,0949225549,714407,1
1855,928,billing,Hằng,Vũ,78 Lê Lợi,TP HCM,VN,0986592060,488267,1
1856,928,shipping,Hằng,Vũ,45 Đinh Tiên Hoàng,TP HCM,VN,0985427281,973066,1
1857,929,billing,Linh,Vũ,99 Hai Bà Trưng,TP HCM,VN,0930947020,196034,1
1858,929,shipping,Linh,Vũ,22 Trần Hưng Đạo,TP HCM,VN,0975681396,241431,1
1859,930,billing,Việt,Trần,45 Đinh Tiên Hoàng,Đồng Nai,VN,0943012511,418616,1
1860,930,shipping,Việt,Trần,123 Nguyễn Huệ,Đồng Nai,VN,0933898099,934251,1
1861,931,billing,Khánh,Vũ,99 Hai Bà Trưng,Hà Nội,VN,0971519481,717725,1
1862,931,shipping,Khánh,Vũ,78 Lê Lợi,Hà Nội,VN,0971500536,299538,1
1863,932,billing,Thành,Dương,22 Trần Hưng Đạo,TP HCM,VN,0942091469,936588,1
1864,932,shipping,Thành,Dương,22 Trần Hưng Đạo,TP HCM,VN,0952018316,734191,1
1865,933,billing,Khánh,Hoàng,99 Hai Bà Trưng,Hải Phòng,VN,0953575084,331061,1
1866,933,shipping,Khánh,Hoàng,45 Đinh Tiên Hoàng,Hải Phòng,VN,0946267114,888811,1
1867,934,billing,Trang,Nguyễn,22 Trần Hưng Đạo,Hà Nội,VN,0961594048,678323,1
1868,934,shipping,Trang,Nguyễn,99 Hai Bà Trưng,Hà Nội,VN,0963971823,617909,1
1869,935,billing,Linh,Đặng,22 Trần Hưng Đạo,Hà Nội,VN,0919759603,326849,1
1870,935,shipping,Linh,Đặng,22 Trần Hưng Đạo,Hà Nội,VN,0921155111,579538,1
1871,936,billing,Trang,Hoàng,45 Đinh Tiên Hoàng,TP HCM,VN,0964581316,903931,1
1872,936,shipping,Trang,Hoàng,99 Hai Bà Trưng,TP HCM,VN,0964829171,453435,1
1873,937,billing,Đức,Dương,78 Lê Lợi,TP HCM,VN,0917403054,760579,1
1874,937,shipping,Đức,Dương,45 Đinh Tiên Hoàng,TP HCM,VN,0953174755,551149,1
1875,938,billing,Trung,Đặng,99 Hai Bà Trưng,Hà Nội,VN,0971518356,887158,1
1876,938,shipping,Trung,Đặng,78 Lê Lợi,Hà Nội,VN,0927977212,746255,1
1877,939,billing,Nga,Nguyễn,123 Nguyễn Huệ,Bình Dương,VN,0928709005,709853,1
1878,939,shipping,Nga,Nguyễn,45 Đinh Tiên Hoàng,Bình Dương,VN,0912283135,405790,1
1879,940,billing,Khánh,Đặng,45 Đinh Tiên Hoàng,TP HCM,VN,0921577731,185287,1
1880,940,shipping,Khánh,Đặng,45 Đinh Tiên Hoàng,TP HCM,VN,0914414673,196914,1
1881,941,billing,Thành,Lê,45 Đinh Tiên Hoàng,Hà Nội,VN,0919645726,930334,1
1882,941,shipping,Thành,Lê,78 Lê Lợi,Hà Nội,VN,0958869907,146135,1
1883,942,billing,Hà,Ngô,123 Nguyễn Huệ,TP HCM,VN,0925633389,596391,1
1884,942,shipping,Hà,Ngô,99 Hai Bà Trưng,TP HCM,VN,0931896119,244889,1
1885,943,billing,Mai,Hồ,78 Lê Lợi,Hà Nội,VN,0967628247,534156,1
1886,943,shipping,Mai,Hồ,78 Lê Lợi,Hà Nội,VN,0920263944,652065,1
1887,944,billing,Khánh,Ngô,22 Trần Hưng Đạo,Hà Nội,VN,0945637189,259387,1
1888,944,shipping,Khánh,Ngô,99 Hai Bà Trưng,Hà Nội,VN,0946790379,847160,1
1889,945,billing,Đức,Ngô,99 Hai Bà Trưng,TP HCM,VN,0983628200,979778,1
1890,945,shipping,Đức,Ngô,123 Nguyễn Huệ,TP HCM,VN,0960947626,394294,1
1891,946,billing,Nga,Phạm,123 Nguyễn Huệ,Đồng Nai,VN,0962745185,644468,1
1892,946,shipping,Nga,Phạm,78 Lê Lợi,Đồng Nai,VN,0983369543,109747,1
1893,947,billing,Yến,Bùi,22 Trần Hưng Đạo,Hà Nội,VN,0990003846,689605,1
1894,947,shipping,Yến,Bùi,78 Lê Lợi,Hà Nội,VN,0941726319,414338,1
1895,948,billing,Ngọc,Đỗ,99 Hai Bà Trưng,Khánh Hòa,VN,0958620521,731699,1
1896,948,shipping,Ngọc,Đỗ,22 Trần Hưng Đạo,Khánh Hòa,VN,0989979120,471870,1
1897,949,billing,Trung,Dương,99 Hai Bà Trưng,Hà Nội,VN,0932397159,807190,1
1898,949,shipping,Trung,Dương,45 Đinh Tiên Hoàng,Hà Nội,VN,0930159960,964389,1
1899,950,billing,Thảo,Phan,78 Lê Lợi,Hà Nội,VN,0973099813,172227,1
1900,950,shipping,Thảo,Phan,123 Nguyễn Huệ,Hà Nội,VN,0946499314,557829,1
1901,951,billing,Tuấn,Phạm,45 Đinh Tiên Hoàng,Đà Nẵng,VN,0994681746,964337,1
1902,951,shipping,Tuấn,Phạm,22 Trần Hưng Đạo,Đà Nẵng,VN,0973688735,251431,1
1903,952,billing,Lan,Lê,123 Nguyễn Huệ,Bình Dương,VN,0983276184,806557,1
1904,952,shipping,Lan,Lê,123 Nguyễn Huệ,Bình Dương,VN,0971464140,779508,1
1905,953,billing,Tuấn,Phan,99 Hai Bà Trưng,Hà Nội,VN,0949918041,673406,1
1906,953,shipping,Tuấn,Phan,45 Đinh Tiên Hoàng,Hà Nội,VN,0952868395,487451,1
1907,954,billing,Minh,Hoàng,45 Đinh Tiên Hoàng,TP HCM,VN,0983326866,182326,1
1908,954,shipping,Minh,Hoàng,123 Nguyễn Huệ,TP HCM,VN,0963017903,552411,1
1909,955,billing,Anh,Đỗ,22 Trần Hưng Đạo,TP HCM,VN,0921582101,285968,1
1910,955,shipping,Anh,Đỗ,99 Hai Bà Trưng,TP HCM,VN,0924037837,498046,1
1911,956,billing,Hùng,Lê,78 Lê Lợi,Hải Phòng,VN,0926408921,332553,1
1912,956,shipping,Hùng,Lê,45 Đinh Tiên Hoàng,Hải Phòng,VN,0913647931,695342,1
1913,957,billing,Anh,Phan,22 Trần Hưng Đạo,Đồng Nai,VN,0937443306,763725,1
1914,957,shipping,Anh,Phan,78 Lê Lợi,Đồng Nai,VN,0982950388,957083,1
1915,958,billing,Việt,Phạm,22 Trần Hưng Đạo,Đà Nẵng,VN,0987133729,259981,1
1916,958,shipping,Việt,Phạm,123 Nguyễn Huệ,Đà Nẵng,VN,0929142636,747643,1
1917,959,billing,Long,Hoàng,78 Lê Lợi,Hà Nội,VN,0992489120,191774,1
1918,959,shipping,Long,Hoàng,22 Trần Hưng Đạo,Hà Nội,VN,0911876655,976744,1
1919,960,billing,Hùng,Ngô,45 Đinh Tiên Hoàng,Hà Nội,VN,0986279567,724282,1
1920,960,shipping,Hùng,Ngô,99 Hai Bà Trưng,Hà Nội,VN,0989780354,797919,1
1921,961,billing,Anh,Hoàng,99 Hai Bà Trưng,Đà Nẵng,VN,0989850147,993576,1
1922,961,shipping,Anh,Hoàng,123 Nguyễn Huệ,Đà Nẵng,VN,0958729881,774262,1
1923,962,billing,Hà,Phạm,45 Đinh Tiên Hoàng,Hà Nội,VN,0923559322,454351,1
1924,962,shipping,Hà,Phạm,45 Đinh Tiên Hoàng,Hà Nội,VN,0959928032,858167,1
1925,963,billing,Ánh,Dương,22 Trần Hưng Đạo,Hải Phòng,VN,0949795659,217670,1
1926,963,shipping,Ánh,Dương,99 Hai Bà Trưng,Hải Phòng,VN,0934523286,257801,1
1927,964,billing,Ngọc,Hồ,99 Hai Bà Trưng,Hà Nội,VN,0920967237,429002,1
1928,964,shipping,Ngọc,Hồ,45 Đinh Tiên Hoàng,Hà Nội,VN,0945823294,755404,1
1929,965,billing,Hoa,Nguyễn,22 Trần Hưng Đạo,TP HCM,VN,0921397212,743785,1
1930,965,shipping,Hoa,Nguyễn,123 Nguyễn Huệ,TP HCM,VN,0989726979,933127,1
1931,966,billing,Hằng,Lê,99 Hai Bà Trưng,TP HCM,VN,0970271129,652237,1
1932,966,shipping,Hằng,Lê,22 Trần Hưng Đạo,TP HCM,VN,0954167324,685614,1
1933,967,billing,Trung,Dương,45 Đinh Tiên Hoàng,TP HCM,VN,0969859996,303646,1
1934,967,shipping,Trung,Dương,78 Lê Lợi,TP HCM,VN,0965288589,287829,1
1935,968,billing,Lan,Hoàng,45 Đinh Tiên Hoàng,Đà Nẵng,VN,0933278129,507103,1
1936,968,shipping,Lan,Hoàng,123 Nguyễn Huệ,Đà Nẵng,VN,0914315225,110265,1
1937,969,billing,Tuấn,Bùi,45 Đinh Tiên Hoàng,Bình Dương,VN,0972920313,992434,1
1938,969,shipping,Tuấn,Bùi,123 Nguyễn Huệ,Bình Dương,VN,0936958700,227333,1
1939,970,billing,Thảo,Trần,78 Lê Lợi,Hải Phòng,VN,0950327046,885990,1
1940,970,shipping,Thảo,Trần,45 Đinh Tiên Hoàng,Hải Phòng,VN,0956207586,900353,1
1941,971,billing,Đức,Phạm,123 Nguyễn Huệ,Hà Nội,VN,0917603407,875161,1
1942,971,shipping,Đức,Phạm,123 Nguyễn Huệ,Hà Nội,VN,0921719506,146493,1
1943,972,billing,Hằng,Hồ,99 Hai Bà Trưng,Đồng Nai,VN,0911260126,909377,1
1944,972,shipping,Hằng,Hồ,123 Nguyễn Huệ,Đồng Nai,VN,0958961128,316866,1
1945,973,billing,Hải,Dương,22 Trần Hưng Đạo,Hải Phòng,VN,0916526108,942186,1
1946,973,shipping,Hải,Dương,99 Hai Bà Trưng,Hải Phòng,VN,0978375918,800626,1
1947,974,billing,Tuấn,Đỗ,22 Trần Hưng Đạo,TP HCM,VN,0998230549,225738,1
1948,974,shipping,Tuấn,Đỗ,22 Trần Hưng Đạo,TP HCM,VN,0927221416,852643,1
1949,975,billing,Long,Phạm,99 Hai Bà Trưng,Hà Nội,VN,0934021865,911915,1
1950,975,shipping,Long,Phạm,99 Hai Bà Trưng,Hà Nội,VN,0979212576,324261,1
1951,976,billing,Hằng,Hoàng,45 Đinh Tiên Hoàng,Hà Nội,VN,0927586107,784899,1
1952,976,shipping,Hằng,Hoàng,99 Hai Bà Trưng,Hà Nội,VN,0981064048,361881,1
1953,977,billing,Nga,Lê,22 Trần Hưng Đạo,TP HCM,VN,0949691434,540678,1
1954,977,shipping,Nga,Lê,123 Nguyễn Huệ,TP HCM,VN,0933082684,277916,1
1955,978,billing,Ngọc,Đỗ,123 Nguyễn Huệ,TP HCM,VN,0971924352,156020,1
1956,978,shipping,Ngọc,Đỗ,22 Trần Hưng Đạo,TP HCM,VN,0937487316,176295,1
1957,979,billing,Lan,Lê,99 Hai Bà Trưng,Khánh Hòa,VN,0975580759,167726,1
1958,979,shipping,Lan,Lê,22 Trần Hưng Đạo,Khánh Hòa,VN,0953430844,839368,1
1959,980,billing,Hải,Đặng,22 Trần Hưng Đạo,Bình Dương,VN,0963263899,291620,1
1960,980,shipping,Hải,Đặng,99 Hai Bà Trưng,Bình Dương,VN,0938957539,560588,1
1961,981,billing,Lan,Vũ,99 Hai Bà Trưng,TP HCM,VN,0960767088,619144,1
1962,981,shipping,Lan,Vũ,78 Lê Lợi,TP HCM,VN,0961182253,519264,1
1963,982,billing,Tuấn,Trần,45 Đinh Tiên Hoàng,TP HCM,VN,0970999764,514021,1
1964,982,shipping,Tuấn,Trần,45 Đinh Tiên Hoàng,TP HCM,VN,0970534205,309540,1
1965,983,billing,Hải,Phan,45 Đinh Tiên Hoàng,Hà Nội,VN,0954890736,366213,1
1966,983,shipping,Hải,Phan,22 Trần Hưng Đạo,Hà Nội,VN,0928988555,899975,1
1967,984,billing,Lan,Vũ,78 Lê Lợi,Khánh Hòa,VN,0914104195,169436,1
1968,984,shipping,Lan,Vũ,99 Hai Bà Trưng,Khánh Hòa,VN,0990410296,169807,1
1969,985,billing,Hà,Bùi,78 Lê Lợi,TP HCM,VN,0993681388,844671,1
1970,985,shipping,Hà,Bùi,99 Hai Bà Trưng,TP HCM,VN,0923354136,109035,1
1971,986,billing,Lan,Hồ,99 Hai Bà Trưng,Đồng Nai,VN,0955231664,535951,1
1972,986,shipping,Lan,Hồ,99 Hai Bà Trưng,Đồng Nai,VN,0979214767,500054,1
1973,987,billing,Phương,Đặng,123 Nguyễn Huệ,Hà Nội,VN,0954247663,975858,1
1974,987,shipping,Phương,Đặng,78 Lê Lợi,Hà Nội,VN,0959578649,935244,1
1975,988,billing,Ánh,Vũ,45 Đinh Tiên Hoàng,TP HCM,VN,0952414064,179306,1
1976,988,shipping,Ánh,Vũ,45 Đinh Tiên Hoàng,TP HCM,VN,0953423284,808962,1
1977,989,billing,Bình,Ngô,99 Hai Bà Trưng,TP HCM,VN,0931996354,162470,1
1978,989,shipping,Bình,Ngô,22 Trần Hưng Đạo,TP HCM,VN,0963194081,534452,1
1979,990,billing,Hoa,Phan,22 Trần Hưng Đạo,Đà Nẵng,VN,0989711041,645567,1
1980,990,shipping,Hoa,Phan,99 Hai Bà Trưng,Đà Nẵng,VN,0993793379,720539,1
1981,991,billing,Quang,Đỗ,22 Trần Hưng Đạo,Quảng Ninh,VN,0978181959,368825,1
1982,991,shipping,Quang,Đỗ,45 Đinh Tiên Hoàng,Quảng Ninh,VN,0976325740,444705,1
1983,992,billing,Đức,Vũ,99 Hai Bà Trưng,Quảng Ninh,VN,0949281534,808373,1
1984,992,shipping,Đức,Vũ,22 Trần Hưng Đạo,Quảng Ninh,VN,0962691579,765230,1
1985,993,billing,Long,Đỗ,45 Đinh Tiên Hoàng,Đà Nẵng,VN,0936456677,418591,1
1986,993,shipping,Long,Đỗ,78 Lê Lợi,Đà Nẵng,VN,0990346527,513895,1
1987,994,billing,Thu,Dương,45 Đinh Tiên Hoàng,Hải Phòng,VN,0927897789,582537,1
1988,994,shipping,Thu,Dương,99 Hai Bà Trưng,Hải Phòng,VN,0973223836,506318,1
1989,995,billing,Mai,Hồ,123 Nguyễn Huệ,TP HCM,VN,0979886887,832347,1
1990,995,shipping,Mai,Hồ,22 Trần Hưng Đạo,TP HCM,VN,0910934681,467902,1
1991,996,billing,Trung,Trần,22 Trần Hưng Đạo,Khánh Hòa,VN,0914047898,650265,1
1992,996,shipping,Trung,Trần,123 Nguyễn Huệ,Khánh Hòa,VN,0918179123,707512,1
1993,997,billing,Hà,Bùi,123 Nguyễn Huệ,Bình Dương,VN,0937853656,417741,1
1994,997,shipping,Hà,Bùi,45 Đinh Tiên Hoàng,Bình Dương,VN,0950720588,250070,1
1995,998,billing,Hoa,Hoàng,99 Hai Bà Trưng,Hà Nội,VN,0966183827,540253,1
1996,998,shipping,Hoa,Hoàng,78 Lê Lợi,Hà Nội,VN,0938428793,198760,1
1997,999,billing,Tuấn,Phan,45 Đinh Tiên Hoàng,TP HCM,VN,0925693652,627625,1
1998,999,shipping,Tuấn,Phan,99 Hai Bà Trưng,TP HCM,VN,0953467550,217767,1
1999,1000,billing,Khánh,Hoàng,99 Hai Bà Trưng,Đà Nẵng,VN,0930422717,191151,1
2000,1000,shipping,Khánh,Hoàng,22 Trần Hưng Đạo,Đà Nẵng,VN,0945503171,903658,1
2001,1001,billing,Hằng,Phan,45 Đinh Tiên Hoàng,TP HCM,VN,0916539174,966778,1
2002,1001,shipping,Hằng,Phan,123 Nguyễn Huệ,TP HCM,VN,0916894322,734186,1
2003,1002,billing,Nga,Hồ,123 Nguyễn Huệ,Đồng Nai,VN,0988938007,665073,1
2004,1002,shipping,Nga,Hồ,22 Trần Hưng Đạo,Đồng Nai,VN,0982306559,499043,1
2005,1003,billing,Thảo,Dương,99 Hai Bà Trưng,Hà Nội,VN,0969200912,265987,1
2006,1003,shipping,Thảo,Dương,99 Hai Bà Trưng,Hà Nội,VN,0910526533,739903,1
2007,1004,billing,Long,Bùi,99 Hai Bà Trưng,Hà Nội,VN,0959448277,573188,1
2008,1004,shipping,Long,Bùi,99 Hai Bà Trưng,Hà Nội,VN,0925232392,915308,1
2009,1005,billing,Thu,Ngô,123 Nguyễn Huệ,Hà Nội,VN,0923339280,101537,1
2010,1005,shipping,Thu,Ngô,45 Đinh Tiên Hoàng,Hà Nội,VN,0959583513,360210,1
2011,1006,billing,Tuấn,Hoàng,123 Nguyễn Huệ,Hà Nội,VN,0945171773,652056,1
2012,1006,shipping,Tuấn,Hoàng,78 Lê Lợi,Hà Nội,VN,0974433823,529515,1
2013,1007,billing,Hải,Bùi,99 Hai Bà Trưng,TP HCM,VN,0976894466,954391,1
2014,1007,shipping,Hải,Bùi,45 Đinh Tiên Hoàng,TP HCM,VN,0990593622,605454,1
2015,1008,billing,Long,Phạm,123 Nguyễn Huệ,Hà Nội,VN,0964292943,405986,1
2016,1008,shipping,Long,Phạm,22 Trần Hưng Đạo,Hà Nội,VN,0993268652,932314,1
2017,1009,billing,Khánh,Phạm,99 Hai Bà Trưng,TP HCM,VN,0911206707,753143,1
2018,1009,shipping,Khánh,Phạm,22 Trần Hưng Đạo,TP HCM,VN,0948260625,248799,1
2019,1010,billing,Trung,Đặng,45 Đinh Tiên Hoàng,Hà Nội,VN,0942854392,478708,1
2020,1010,shipping,Trung,Đặng,123 Nguyễn Huệ,Hà Nội,VN,0932227547,696676,1
2021,1011,billing,Hoa,Hoàng,123 Nguyễn Huệ,Đà Nẵng,VN,0936045134,758637,1
2022,1011,shipping,Hoa,Hoàng,99 Hai Bà Trưng,Đà Nẵng,VN,0940185098,784151,1
2023,1012,billing,Trung,Dương,123 Nguyễn Huệ,TP HCM,VN,0935060758,936815,1
2024,1012,shipping,Trung,Dương,45 Đinh Tiên Hoàng,TP HCM,VN,0987660343,268331,1
2025,1013,billing,Hùng,Phạm,99 Hai Bà Trưng,TP HCM,VN,0919216482,411617,1
2026,1013,shipping,Hùng,Phạm,99 Hai Bà Trưng,TP HCM,VN,0967507493,586341,1
2027,1014,billing,Anh,Dương,45 Đinh Tiên Hoàng,Quảng Ninh,VN,0938770601,191971,1
2028,1014,shipping,Anh,Dương,123 Nguyễn Huệ,Quảng Ninh,VN,0964042367,123472,1
2029,1015,billing,Ánh,Hoàng,123 Nguyễn Huệ,Hà Nội,VN,0988137385,932432,1
2030,1015,shipping,Ánh,Hoàng,22 Trần Hưng Đạo,Hà Nội,VN,0930935379,193177,1
2031,1016,billing,Thu,Đặng,78 Lê Lợi,Hà Nội,VN,0988214638,785757,1
2032,1016,shipping,Thu,Đặng,78 Lê Lợi,Hà Nội,VN,0982483213,135270,1
2033,1017,billing,Hùng,Dương,78 Lê Lợi,Hà Nội,VN,0979503945,556171,1
2034,1017,shipping,Hùng,Dương,99 Hai Bà Trưng,Hà Nội,VN,0924242478,784451,1
2035,1018,billing,Tuấn,Hồ,99 Hai Bà Trưng,Hà Nội,VN,0953191990,496807,1
2036,1018,shipping,Tuấn,Hồ,45 Đinh Tiên Hoàng,Hà Nội,VN,0986922302,899382,1
2037,1019,billing,Hằng,Dương,45 Đinh Tiên Hoàng,Hà Nội,VN,0995347156,960781,1
2038,1019,shipping,Hằng,Dương,99 Hai Bà Trưng,Hà Nội,VN,0998050238,530451,1
2039,1020,billing,Thảo,Đặng,78 Lê Lợi,TP HCM,VN,0924372301,509772,1
2040,1020,shipping,Thảo,Đặng,123 Nguyễn Huệ,TP HCM,VN,0944462951,971097,1
2041,1021,billing,Long,Dương,99 Hai Bà Trưng,Hải Phòng,VN,0994622870,523374,1
2042,1021,shipping,Long,Dương,99 Hai Bà Trưng,Hải Phòng,VN,0925212340,269201,1
2043,1022,billing,Yến,Bùi,99 Hai Bà Trưng,Hải Phòng,VN,0916942996,549372,1
2044,1022,shipping,Yến,Bùi,78 Lê Lợi,Hải Phòng,VN,0982302358,287063,1
2045,1023,billing,Lan,Đặng,99 Hai Bà Trưng,TP HCM,VN,0934212438,217689,1
2046,1023,shipping,Lan,Đặng,123 Nguyễn Huệ,TP HCM,VN,0939774230,469753,1
2047,1024,billing,Thành,Hoàng,99 Hai Bà Trưng,TP HCM,VN,0926423580,760150,1
2048,1024,shipping,Thành,Hoàng,22 Trần Hưng Đạo,TP HCM,VN,0924154334,303217,1
2049,1025,billing,Trung,Hoàng,22 Trần Hưng Đạo,TP HCM,VN,0956434505,613101,1
2050,1025,shipping,Trung,Hoàng,123 Nguyễn Huệ,TP HCM,VN,0953337166,899440,1
2051,1026,billing,Khánh,Dương,99 Hai Bà Trưng,Khánh Hòa,VN,0948905528,829626,1
2052,1026,shipping,Khánh,Dương,99 Hai Bà Trưng,Khánh Hòa,VN,0932901495,821252,1
2053,1027,billing,Ánh,Phạm,99 Hai Bà Trưng,Hà Nội,VN,0932330685,741802,1
2054,1027,shipping,Ánh,Phạm,99 Hai Bà Trưng,Hà Nội,VN,0944427668,575552,1
2055,1028,billing,Thành,Nguyễn,99 Hai Bà Trưng,Hà Nội,VN,0936067549,458882,1
2056,1028,shipping,Thành,Nguyễn,123 Nguyễn Huệ,Hà Nội,VN,0924126921,527734,1
2057,1029,billing,Hùng,Đỗ,99 Hai Bà Trưng,TP HCM,VN,0940398297,732616,1
2058,1029,shipping,Hùng,Đỗ,45 Đinh Tiên Hoàng,TP HCM,VN,0937149234,942335,1
2059,1030,billing,Anh,Dương,22 Trần Hưng Đạo,Hải Phòng,VN,0923620433,437573,1
2060,1030,shipping,Anh,Dương,99 Hai Bà Trưng,Hải Phòng,VN,0916172099,582053,1
2061,1031,billing,Ngọc,Bùi,45 Đinh Tiên Hoàng,Bình Dương,VN,0968692589,543661,1
2062,1031,shipping,Ngọc,Bùi,22 Trần Hưng Đạo,Bình Dương,VN,0919425643,531992,1
2063,1032,billing,Trung,Phạm,45 Đinh Tiên Hoàng,TP HCM,VN,0952256180,504962,1
2064,1032,shipping,Trung,Phạm,45 Đinh Tiên Hoàng,TP HCM,VN,0960717491,554539,1
2065,1033,billing,Hùng,Lê,78 Lê Lợi,TP HCM,VN,0974414332,660396,1
2066,1033,shipping,Hùng,Lê,123 Nguyễn Huệ,TP HCM,VN,0961831111,486692,1
2067,1034,billing,Linh,Hồ,22 Trần Hưng Đạo,Hà Nội,VN,0947814803,936102,1
2068,1034,shipping,Linh,Hồ,78 Lê Lợi,Hà Nội,VN,0978790653,122999,1
2069,1035,billing,Lan,Vũ,45 Đinh Tiên Hoàng,Bình Dương,VN,0977489154,771829,1
2070,1035,shipping,Lan,Vũ,45 Đinh Tiên Hoàng,Bình Dương,VN,0947173534,148368,1
2071,1036,billing,Hoa,Trần,45 Đinh Tiên Hoàng,TP HCM,VN,0923623529,133585,1
2072,1036,shipping,Hoa,Trần,123 Nguyễn Huệ,TP HCM,VN,0989480274,906853,1
2073,1037,billing,Linh,Vũ,45 Đinh Tiên Hoàng,Quảng Ninh,VN,0935563478,860421,1
2074,1037,shipping,Linh,Vũ,22 Trần Hưng Đạo,Quảng Ninh,VN,0916384202,257778,1
2075,1038,billing,Hà,Vũ,22 Trần Hưng Đạo,TP HCM,VN,0962512266,700150,1
2076,1038,shipping,Hà,Vũ,123 Nguyễn Huệ,TP HCM,VN,0990308737,962981,1
2077,1039,billing,Thảo,Nguyễn,123 Nguyễn Huệ,Hà Nội,VN,0959022811,610419,1
2078,1039,shipping,Thảo,Nguyễn,45 Đinh Tiên Hoàng,Hà Nội,VN,0962404462,456825,1
2079,1040,billing,Phương,Nguyễn,45 Đinh Tiên Hoàng,Bình Dương,VN,0999116305,770605,1
2080,1040,shipping,Phương,Nguyễn,123 Nguyễn Huệ,Bình Dương,VN,0937832341,556641,1
2081,1041,billing,Hùng,Phan,78 Lê Lợi,Hà Nội,VN,0931481596,871394,1
2082,1041,shipping,Hùng,Phan,78 Lê Lợi,Hà Nội,VN,0938019828,695651,1
2083,1042,billing,Bình,Nguyễn,78 Lê Lợi,Đà Nẵng,VN,0937497588,923626,1
2084,1042,shipping,Bình,Nguyễn,78 Lê Lợi,Đà Nẵng,VN,0967385857,776171,1
2085,1043,billing,Đức,Phan,99 Hai Bà Trưng,TP HCM,VN,0997882254,365717,1
2086,1043,shipping,Đức,Phan,123 Nguyễn Huệ,TP HCM,VN,0915156003,521914,1
2087,1044,billing,Bình,Đặng,78 Lê Lợi,Hà Nội,VN,0982342664,498779,1
2088,1044,shipping,Bình,Đặng,123 Nguyễn Huệ,Hà Nội,VN,0955164452,969403,1
2089,1045,billing,Việt,Lê,99 Hai Bà Trưng,Hà Nội,VN,0943604043,904865,1
2090,1045,shipping,Việt,Lê,45 Đinh Tiên Hoàng,Hà Nội,VN,0955840925,686954,1
2091,1046,billing,Ánh,Ngô,123 Nguyễn Huệ,TP HCM,VN,0951223366,748582,1
2092,1046,shipping,Ánh,Ngô,123 Nguyễn Huệ,TP HCM,VN,0977640434,934758,1
2093,1047,billing,Minh,Ngô,99 Hai Bà Trưng,TP HCM,VN,0995246239,250319,1
2094,1047,shipping,Minh,Ngô,78 Lê Lợi,TP HCM,VN,0937582930,557387,1
2095,1048,billing,Hải,Vũ,22 Trần Hưng Đạo,TP HCM,VN,0957706021,823832,1
2096,1048,shipping,Hải,Vũ,99 Hai Bà Trưng,TP HCM,VN,0914679977,146027,1
2097,1049,billing,Thảo,Ngô,22 Trần Hưng Đạo,TP HCM,VN,0965338022,264860,1
2098,1049,shipping,Thảo,Ngô,45 Đinh Tiên Hoàng,TP HCM,VN,0975503822,619737,1
2099,1050,billing,Hoa,Hoàng,123 Nguyễn Huệ,TP HCM,VN,0930815882,211876,1
2100,1050,shipping,Hoa,Hoàng,123 Nguyễn Huệ,TP HCM,VN,0932217679,151084,1
2101,1051,billing,Thảo,Phan,22 Trần Hưng Đạo,TP HCM,VN,0950834104,356589,1
2102,1051,shipping,Thảo,Phan,45 Đinh Tiên Hoàng,TP HCM,VN,0922043139,158304,1
2103,1052,billing,Khánh,Phạm,78 Lê Lợi,TP HCM,VN,0968141944,743290,1
2104,1052,shipping,Khánh,Phạm,123 Nguyễn Huệ,TP HCM,VN,0925950287,916256,1
2105,1053,billing,Hùng,Lê,22 Trần Hưng Đạo,TP HCM,VN,0924068336,518362,1
2106,1053,shipping,Hùng,Lê,78 Lê Lợi,TP HCM,VN,0959629623,385366,1
2107,1054,billing,Thảo,Vũ,78 Lê Lợi,Đồng Nai,VN,0925870443,198732,1
2108,1054,shipping,Thảo,Vũ,45 Đinh Tiên Hoàng,Đồng Nai,VN,0955165169,174146,1
2109,1055,billing,Thảo,Hồ,22 Trần Hưng Đạo,Đồng Nai,VN,0938823590,921113,1
2110,1055,shipping,Thảo,Hồ,99 Hai Bà Trưng,Đồng Nai,VN,0996610191,391386,1
2111,1056,billing,Việt,Vũ,123 Nguyễn Huệ,TP HCM,VN,0996609919,614542,1
2112,1056,shipping,Việt,Vũ,78 Lê Lợi,TP HCM,VN,0913993454,789863,1
2113,1057,billing,Trang,Ngô,45 Đinh Tiên Hoàng,Hà Nội,VN,0929192519,606229,1
2114,1057,shipping,Trang,Ngô,99 Hai Bà Trưng,Hà Nội,VN,0940045173,797283,1
2115,1058,billing,Đức,Đặng,123 Nguyễn Huệ,Hà Nội,VN,0926263274,507891,1
2116,1058,shipping,Đức,Đặng,99 Hai Bà Trưng,Hà Nội,VN,0955817996,253506,1
2117,1059,billing,Hùng,Hoàng,45 Đinh Tiên Hoàng,TP HCM,VN,0959010487,868030,1
2118,1059,shipping,Hùng,Hoàng,99 Hai Bà Trưng,TP HCM,VN,0936056007,690663,1
2119,1060,billing,Thu,Hồ,45 Đinh Tiên Hoàng,TP HCM,VN,0998020760,278602,1
2120,1060,shipping,Thu,Hồ,123 Nguyễn Huệ,TP HCM,VN,0987934483,158775,1
2121,1061,billing,Hoa,Phan,45 Đinh Tiên Hoàng,Hà Nội,VN,0931703353,989087,1
2122,1061,shipping,Hoa,Phan,78 Lê Lợi,Hà Nội,VN,0918342972,873643,1
2123,1062,billing,Trung,Bùi,123 Nguyễn Huệ,TP HCM,VN,0970687807,272818,1
2124,1062,shipping,Trung,Bùi,123 Nguyễn Huệ,TP HCM,VN,0927828235,207152,1
2125,1063,billing,Hùng,Trần,99 Hai Bà Trưng,TP HCM,VN,0970574851,676137,1
2126,1063,shipping,Hùng,Trần,78 Lê Lợi,TP HCM,VN,0949166734,776869,1
2127,1064,billing,Hà,Đỗ,45 Đinh Tiên Hoàng,Khánh Hòa,VN,0974210436,101094,1
2128,1064,shipping,Hà,Đỗ,45 Đinh Tiên Hoàng,Khánh Hòa,VN,0912921459,717686,1
2129,1065,billing,Hằng,Hoàng,78 Lê Lợi,Đà Nẵng,VN,0953577857,458587,1
2130,1065,shipping,Hằng,Hoàng,22 Trần Hưng Đạo,Đà Nẵng,VN,0943950404,831301,1
2131,1066,billing,Khánh,Đặng,22 Trần Hưng Đạo,Đà Nẵng,VN,0936438235,748333,1
2132,1066,shipping,Khánh,Đặng,99 Hai Bà Trưng,Đà Nẵng,VN,0912817798,900756,1
2133,1067,billing,Hải,Trần,78 Lê Lợi,TP HCM,VN,0942436940,855514,1
2134,1067,shipping,Hải,Trần,45 Đinh Tiên Hoàng,TP HCM,VN,0925181893,805496,1
2135,1068,billing,Trung,Phan,22 Trần Hưng Đạo,TP HCM,VN,0984757869,252203,1
2136,1068,shipping,Trung,Phan,123 Nguyễn Huệ,TP HCM,VN,0971356801,561920,1
2137,1069,billing,Minh,Phan,99 Hai Bà Trưng,Hà Nội,VN,0959460993,272454,1
2138,1069,shipping,Minh,Phan,22 Trần Hưng Đạo,Hà Nội,VN,0954591558,360751,1
2139,1070,billing,Hùng,Trần,45 Đinh Tiên Hoàng,Bình Dương,VN,0915013442,510635,1
2140,1070,shipping,Hùng,Trần,123 Nguyễn Huệ,Bình Dương,VN,0936151198,413587,1
2141,1071,billing,Nga,Trần,123 Nguyễn Huệ,TP HCM,VN,0991323346,272185,1
2142,1071,shipping,Nga,Trần,22 Trần Hưng Đạo,TP HCM,VN,0924505512,300567,1
2143,1072,billing,Bình,Phạm,45 Đinh Tiên Hoàng,Hà Nội,VN,0986008274,575939,1
2144,1072,shipping,Bình,Phạm,78 Lê Lợi,Hà Nội,VN,0955471482,133749,1
2145,1073,billing,Thành,Lê,45 Đinh Tiên Hoàng,TP HCM,VN,0925819962,404087,1
2146,1073,shipping,Thành,Lê,78 Lê Lợi,TP HCM,VN,0941753669,211779,1
2147,1074,billing,Hải,Bùi,123 Nguyễn Huệ,Khánh Hòa,VN,0959435103,695070,1
2148,1074,shipping,Hải,Bùi,22 Trần Hưng Đạo,Khánh Hòa,VN,0949902908,743138,1
2149,1075,billing,Hoa,Phan,22 Trần Hưng Đạo,Đà Nẵng,VN,0984578837,769236,1
2150,1075,shipping,Hoa,Phan,22 Trần Hưng Đạo,Đà Nẵng,VN,0995610708,535328,1
2151,1076,billing,Phương,Đặng,78 Lê Lợi,Hà Nội,VN,0936718673,741569,1
2152,1076,shipping,Phương,Đặng,123 Nguyễn Huệ,Hà Nội,VN,0938643885,294188,1
2153,1077,billing,Ánh,Trần,22 Trần Hưng Đạo,Hà Nội,VN,0919449019,401689,1
2154,1077,shipping,Ánh,Trần,78 Lê Lợi,Hà Nội,VN,0955227362,158342,1
2155,1078,billing,Anh,Phạm,99 Hai Bà Trưng,Hà Nội,VN,0933047360,428524,1
2156,1078,shipping,Anh,Phạm,78 Lê Lợi,Hà Nội,VN,0910428677,651683,1
2157,1079,billing,Lan,Đỗ,45 Đinh Tiên Hoàng,TP HCM,VN,0950429895,465553,1
2158,1079,shipping,Lan,Đỗ,123 Nguyễn Huệ,TP HCM,VN,0929793489,690238,1
2159,1080,billing,Việt,Dương,123 Nguyễn Huệ,Hải Phòng,VN,0997499117,752161,1
2160,1080,shipping,Việt,Dương,78 Lê Lợi,Hải Phòng,VN,0982586659,770243,1
2161,1081,billing,Trang,Vũ,22 Trần Hưng Đạo,Hà Nội,VN,0916242566,736184,1
2162,1081,shipping,Trang,Vũ,78 Lê Lợi,Hà Nội,VN,0933075814,552056,1
2163,1082,billing,Thảo,Lê,45 Đinh Tiên Hoàng,Hà Nội,VN,0960746350,915982,1
2164,1082,shipping,Thảo,Lê,45 Đinh Tiên Hoàng,Hà Nội,VN,0969446413,386130,1
2165,1083,billing,Thành,Nguyễn,45 Đinh Tiên Hoàng,TP HCM,VN,0928602870,438173,1
2166,1083,shipping,Thành,Nguyễn,99 Hai Bà Trưng,TP HCM,VN,0952285386,326136,1
2167,1084,billing,Linh,Lê,99 Hai Bà Trưng,Hà Nội,VN,0965889797,352987,1
2168,1084,shipping,Linh,Lê,78 Lê Lợi,Hà Nội,VN,0913427478,263078,1
2169,1085,billing,Mai,Bùi,99 Hai Bà Trưng,Hà Nội,VN,0987449793,655961,1
2170,1085,shipping,Mai,Bùi,45 Đinh Tiên Hoàng,Hà Nội,VN,0999319246,965730,1
2171,1086,billing,Tuấn,Bùi,78 Lê Lợi,TP HCM,VN,0954253786,603081,1
2172,1086,shipping,Tuấn,Bùi,123 Nguyễn Huệ,TP HCM,VN,0994637893,653004,1
2173,1087,billing,Yến,Hồ,22 Trần Hưng Đạo,TP HCM,VN,0945319043,574542,1
2174,1087,shipping,Yến,Hồ,22 Trần Hưng Đạo,TP HCM,VN,0953871902,244954,1
2175,1088,billing,Hà,Trần,99 Hai Bà Trưng,TP HCM,VN,0963504430,681679,1
2176,1088,shipping,Hà,Trần,45 Đinh Tiên Hoàng,TP HCM,VN,0983225644,371892,1
2177,1089,billing,Đức,Dương,45 Đinh Tiên Hoàng,Khánh Hòa,VN,0931253775,387219,1
2178,1089,shipping,Đức,Dương,22 Trần Hưng Đạo,Khánh Hòa,VN,0995994289,932540,1
2179,1090,billing,Thu,Hoàng,22 Trần Hưng Đạo,Đà Nẵng,VN,0922181770,170636,1
2180,1090,shipping,Thu,Hoàng,78 Lê Lợi,Đà Nẵng,VN,0940396521,376082,1
2181,1091,billing,Minh,Ngô,45 Đinh Tiên Hoàng,Hà Nội,VN,0978594524,330252,1
2182,1091,shipping,Minh,Ngô,45 Đinh Tiên Hoàng,Hà Nội,VN,0959936730,127554,1
2183,1092,billing,Anh,Phan,22 Trần Hưng Đạo,Đồng Nai,VN,0980399452,695955,1
2184,1092,shipping,Anh,Phan,22 Trần Hưng Đạo,Đồng Nai,VN,0998040486,394672,1
2185,1093,billing,Đức,Vũ,78 Lê Lợi,Đồng Nai,VN,0943933471,544539,1
2186,1093,shipping,Đức,Vũ,99 Hai Bà Trưng,Đồng Nai,VN,0999823204,905622,1
2187,1094,billing,Mai,Lê,22 Trần Hưng Đạo,TP HCM,VN,0926633988,570360,1
2188,1094,shipping,Mai,Lê,78 Lê Lợi,TP HCM,VN,0991334328,107995,1
2189,1095,billing,Quang,Vũ,99 Hai Bà Trưng,Bình Dương,VN,0953637387,997056,1
2190,1095,shipping,Quang,Vũ,78 Lê Lợi,Bình Dương,VN,0931241246,742162,1
2191,1096,billing,Anh,Lê,99 Hai Bà Trưng,Hà Nội,VN,0910840565,571469,1
2192,1096,shipping,Anh,Lê,123 Nguyễn Huệ,Hà Nội,VN,0975539553,750720,1
2193,1097,billing,Yến,Hoàng,22 Trần Hưng Đạo,Hà Nội,VN,0958617733,314886,1
2194,1097,shipping,Yến,Hoàng,45 Đinh Tiên Hoàng,Hà Nội,VN,0918640694,559544,1
2195,1098,billing,Yến,Lê,123 Nguyễn Huệ,TP HCM,VN,0989131923,220349,1
2196,1098,shipping,Yến,Lê,123 Nguyễn Huệ,TP HCM,VN,0976318271,922121,1
2197,1099,billing,Hải,Đỗ,22 Trần Hưng Đạo,Đà Nẵng,VN,0996966188,672881,1
2198,1099,shipping,Hải,Đỗ,22 Trần Hưng Đạo,Đà Nẵng,VN,0948758207,732487,1
2199,1100,billing,Long,Phan,22 Trần Hưng Đạo,TP HCM,VN,0951679713,866077,1
2200,1100,shipping,Long,Phan,22 Trần Hưng Đạo,TP HCM,VN,0953695366,647360,1
2201,1101,billing,Đức,Hồ,99 Hai Bà Trưng,TP HCM,VN,0992399372,920050,1
2202,1101,shipping,Đức,Hồ,78 Lê Lợi,TP HCM,VN,0991104948,248513,1
2203,1102,billing,Hải,Bùi,123 Nguyễn Huệ,Hà Nội,VN,0951868803,618907,1
2204,1102,shipping,Hải,Bùi,78 Lê Lợi,Hà Nội,VN,0982309715,436289,1
2205,1103,billing,Mai,Nguyễn,22 Trần Hưng Đạo,TP HCM,VN,0917881378,944228,1
2206,1103,shipping,Mai,Nguyễn,78 Lê Lợi,TP HCM,VN,0913868958,703689,1
2207,1104,billing,Hùng,Bùi,99 Hai Bà Trưng,TP HCM,VN,0999467351,877149,1
2208,1104,shipping,Hùng,Bùi,45 Đinh Tiên Hoàng,TP HCM,VN,0963212801,388833,1
2209,1105,billing,Long,Đỗ,45 Đinh Tiên Hoàng,Quảng Ninh,VN,0963467409,746879,1
2210,1105,shipping,Long,Đỗ,123 Nguyễn Huệ,Quảng Ninh,VN,0927276446,851022,1
2211,1106,billing,Thảo,Vũ,78 Lê Lợi,TP HCM,VN,0979267026,427910,1
2212,1106,shipping,Thảo,Vũ,78 Lê Lợi,TP HCM,VN,0934251615,468333,1
2213,1107,billing,Anh,Lê,123 Nguyễn Huệ,Hà Nội,VN,0965290198,223116,1
2214,1107,shipping,Anh,Lê,45 Đinh Tiên Hoàng,Hà Nội,VN,0988114842,978994,1
2215,1108,billing,Hằng,Hồ,78 Lê Lợi,Đà Nẵng,VN,0947915647,129450,1
2216,1108,shipping,Hằng,Hồ,123 Nguyễn Huệ,Đà Nẵng,VN,0970595951,736816,1
2217,1109,billing,Hà,Bùi,78 Lê Lợi,TP HCM,VN,0958571944,694772,1
2218,1109,shipping,Hà,Bùi,99 Hai Bà Trưng,TP HCM,VN,0995759345,875915,1
2219,1110,billing,Linh,Phạm,99 Hai Bà Trưng,TP HCM,VN,0985433404,351050,1
2220,1110,shipping,Linh,Phạm,78 Lê Lợi,TP HCM,VN,0935911084,603123,1
2221,1111,billing,Mai,Hồ,123 Nguyễn Huệ,Quảng Ninh,VN,0932914935,401090,1
2222,1111,shipping,Mai,Hồ,123 Nguyễn Huệ,Quảng Ninh,VN,0915998100,467713,1
2223,1112,billing,Mai,Ngô,45 Đinh Tiên Hoàng,Hà Nội,VN,0977996200,348931,1
2224,1112,shipping,Mai,Ngô,78 Lê Lợi,Hà Nội,VN,0992291562,533762,1
2225,1113,billing,Hải,Trần,45 Đinh Tiên Hoàng,Hà Nội,VN,0937143229,162124,1
2226,1113,shipping,Hải,Trần,123 Nguyễn Huệ,Hà Nội,VN,0940877752,989913,1
2227,1114,billing,Trang,Phan,22 Trần Hưng Đạo,Hà Nội,VN,0945262106,223558,1
2228,1114,shipping,Trang,Phan,22 Trần Hưng Đạo,Hà Nội,VN,0933528633,957559,1
2229,1115,billing,Yến,Bùi,22 Trần Hưng Đạo,TP HCM,VN,0920262691,362835,1
2230,1115,shipping,Yến,Bùi,22 Trần Hưng Đạo,TP HCM,VN,0971743731,676834,1
2231,1116,billing,Quang,Lê,123 Nguyễn Huệ,TP HCM,VN,0992842508,510380,1
2232,1116,shipping,Quang,Lê,123 Nguyễn Huệ,TP HCM,VN,0934979983,831864,1
2233,1117,billing,Trung,Hồ,123 Nguyễn Huệ,Bình Dương,VN,0920046881,473460,1
2234,1117,shipping,Trung,Hồ,99 Hai Bà Trưng,Bình Dương,VN,0924676831,915459,1
2235,1118,billing,Ngọc,Trần,45 Đinh Tiên Hoàng,Khánh Hòa,VN,0994777453,640831,1
2236,1118,shipping,Ngọc,Trần,22 Trần Hưng Đạo,Khánh Hòa,VN,0917000584,407553,1
2237,1119,billing,Hà,Phan,22 Trần Hưng Đạo,Hà Nội,VN,0987519022,838892,1
2238,1119,shipping,Hà,Phan,45 Đinh Tiên Hoàng,Hà Nội,VN,0927169946,122019,1
2239,1120,billing,Bình,Hoàng,123 Nguyễn Huệ,TP HCM,VN,0927647068,869627,1
2240,1120,shipping,Bình,Hoàng,78 Lê Lợi,TP HCM,VN,0930854781,547514,1
2241,1121,billing,Long,Nguyễn,45 Đinh Tiên Hoàng,Hà Nội,VN,0962995174,357270,1
2242,1121,shipping,Long,Nguyễn,45 Đinh Tiên Hoàng,Hà Nội,VN,0963456490,174943,1
2243,1122,billing,Nga,Ngô,99 Hai Bà Trưng,Khánh Hòa,VN,0947407201,582583,1
2244,1122,shipping,Nga,Ngô,22 Trần Hưng Đạo,Khánh Hòa,VN,0911407627,499793,1
2245,1123,billing,Hùng,Bùi,99 Hai Bà Trưng,Hải Phòng,VN,0998363819,350957,1
2246,1123,shipping,Hùng,Bùi,22 Trần Hưng Đạo,Hải Phòng,VN,0923739841,824603,1
2247,1124,billing,Minh,Trần,45 Đinh Tiên Hoàng,Đà Nẵng,VN,0923788558,674021,1
2248,1124,shipping,Minh,Trần,45 Đinh Tiên Hoàng,Đà Nẵng,VN,0952589022,923970,1
2249,1125,billing,Ánh,Dương,45 Đinh Tiên Hoàng,TP HCM,VN,0982463044,392237,1
2250,1125,shipping,Ánh,Dương,123 Nguyễn Huệ,TP HCM,VN,0933363140,560915,1
2251,1126,billing,Khánh,Nguyễn,45 Đinh Tiên Hoàng,TP HCM,VN,0926336618,127726,1
2252,1126,shipping,Khánh,Nguyễn,22 Trần Hưng Đạo,TP HCM,VN,0936014440,688762,1
2253,1127,billing,Thu,Nguyễn,123 Nguyễn Huệ,TP HCM,VN,0954312046,230871,1
2254,1127,shipping,Thu,Nguyễn,99 Hai Bà Trưng,TP HCM,VN,0910921230,843349,1
2255,1128,billing,Tuấn,Phạm,78 Lê Lợi,Đà Nẵng,VN,0989006494,809396,1
2256,1128,shipping,Tuấn,Phạm,22 Trần Hưng Đạo,Đà Nẵng,VN,0938945913,595932,1
2257,1129,billing,Hải,Hoàng,22 Trần Hưng Đạo,TP HCM,VN,0915552611,798958,1
2258,1129,shipping,Hải,Hoàng,45 Đinh Tiên Hoàng,TP HCM,VN,0976728310,149469,1
2259,1130,billing,Khánh,Phan,123 Nguyễn Huệ,TP HCM,VN,0994854799,283162,1
2260,1130,shipping,Khánh,Phan,123 Nguyễn Huệ,TP HCM,VN,0910701649,128948,1
2261,1131,billing,Hoa,Hồ,78 Lê Lợi,Đà Nẵng,VN,0983683672,131676,1
2262,1131,shipping,Hoa,Hồ,99 Hai Bà Trưng,Đà Nẵng,VN,0991534604,952083,1
2263,1132,billing,Linh,Ngô,99 Hai Bà Trưng,TP HCM,VN,0932890601,507631,1
2264,1132,shipping,Linh,Ngô,45 Đinh Tiên Hoàng,TP HCM,VN,0967447842,526963,1
2265,1133,billing,Mai,Lê,78 Lê Lợi,TP HCM,VN,0965787877,984126,1
2266,1133,shipping,Mai,Lê,99 Hai Bà Trưng,TP HCM,VN,0914723472,398543,1
2267,1134,billing,Anh,Dương,45 Đinh Tiên Hoàng,Hà Nội,VN,0983118198,475375,1
2268,1134,shipping,Anh,Dương,123 Nguyễn Huệ,Hà Nội,VN,0937018653,659009,1
2269,1135,billing,Quang,Đặng,99 Hai Bà Trưng,Hà Nội,VN,0959503959,926138,1
2270,1135,shipping,Quang,Đặng,45 Đinh Tiên Hoàng,Hà Nội,VN,0968329606,594668,1
2271,1136,billing,Thu,Lê,123 Nguyễn Huệ,TP HCM,VN,0971203977,508528,1
2272,1136,shipping,Thu,Lê,78 Lê Lợi,TP HCM,VN,0938297095,966512,1
2273,1137,billing,Thu,Vũ,78 Lê Lợi,Khánh Hòa,VN,0973730710,339075,1
2274,1137,shipping,Thu,Vũ,99 Hai Bà Trưng,Khánh Hòa,VN,0942657737,482155,1
2275,1138,billing,Hải,Hoàng,45 Đinh Tiên Hoàng,Hải Phòng,VN,0997970115,211019,1
2276,1138,shipping,Hải,Hoàng,78 Lê Lợi,Hải Phòng,VN,0995370891,170093,1
2277,1139,billing,Khánh,Phan,99 Hai Bà Trưng,Đồng Nai,VN,0996029641,132801,1
2278,1139,shipping,Khánh,Phan,78 Lê Lợi,Đồng Nai,VN,0972092046,211592,1
2279,1140,billing,Nga,Lê,99 Hai Bà Trưng,Đà Nẵng,VN,0982593142,340330,1
2280,1140,shipping,Nga,Lê,123 Nguyễn Huệ,Đà Nẵng,VN,0941230587,843029,1
2281,1141,billing,Hằng,Trần,123 Nguyễn Huệ,TP HCM,VN,0914511005,210865,1
2282,1141,shipping,Hằng,Trần,123 Nguyễn Huệ,TP HCM,VN,0932485500,585425,1
2283,1142,billing,Hà,Phan,78 Lê Lợi,TP HCM,VN,0976325081,136461,1
2284,1142,shipping,Hà,Phan,78 Lê Lợi,TP HCM,VN,0948881961,159628,1
2285,1143,billing,Nga,Đặng,99 Hai Bà Trưng,Hải Phòng,VN,0980681092,442116,1
2286,1143,shipping,Nga,Đặng,22 Trần Hưng Đạo,Hải Phòng,VN,0971410263,141238,1
2287,1144,billing,Thành,Dương,22 Trần Hưng Đạo,Hà Nội,VN,0934909679,188368,1
2288,1144,shipping,Thành,Dương,78 Lê Lợi,Hà Nội,VN,0944043991,363721,1
2289,1145,billing,Anh,Hồ,22 Trần Hưng Đạo,Hà Nội,VN,0949361000,999818,1
2290,1145,shipping,Anh,Hồ,22 Trần Hưng Đạo,Hà Nội,VN,0991401852,899544,1
2291,1146,billing,Thảo,Trần,22 Trần Hưng Đạo,Hà Nội,VN,0963631657,210969,1
2292,1146,shipping,Thảo,Trần,99 Hai Bà Trưng,Hà Nội,VN,0952555051,602270,1
2293,1147,billing,Thành,Phan,78 Lê Lợi,TP HCM,VN,0942463036,629146,1
2294,1147,shipping,Thành,Phan,22 Trần Hưng Đạo,TP HCM,VN,0964943803,234256,1
2295,1148,billing,Thảo,Hồ,78 Lê Lợi,TP HCM,VN,0916669764,279582,1
2296,1148,shipping,Thảo,Hồ,99 Hai Bà Trưng,TP HCM,VN,0947572974,899485,1
2297,1149,billing,Thành,Trần,78 Lê Lợi,Khánh Hòa,VN,0921670054,672513,1
2298,1149,shipping,Thành,Trần,123 Nguyễn Huệ,Khánh Hòa,VN,0977686645,457815,1
2299,1150,billing,Thành,Vũ,45 Đinh Tiên Hoàng,TP HCM,VN,0979060368,170527,1
2300,1150,shipping,Thành,Vũ,45 Đinh Tiên Hoàng,TP HCM,VN,0945635302,356076,1
2301,1151,billing,Đức,Phạm,99 Hai Bà Trưng,TP HCM,VN,0936938711,191837,1
2302,1151,shipping,Đức,Phạm,123 Nguyễn Huệ,TP HCM,VN,0946290377,211818,1
2303,1152,billing,Thành,Lê,123 Nguyễn Huệ,TP HCM,VN,0915682942,730008,1
2304,1152,shipping,Thành,Lê,78 Lê Lợi,TP HCM,VN,0972491206,655980,1
2305,1153,billing,Lan,Trần,45 Đinh Tiên Hoàng,TP HCM,VN,0987917885,991927,1
2306,1153,shipping,Lan,Trần,78 Lê Lợi,TP HCM,VN,0921940924,825335,1
2307,1154,billing,Hằng,Lê,99 Hai Bà Trưng,Hà Nội,VN,0991096977,591563,1
2308,1154,shipping,Hằng,Lê,22 Trần Hưng Đạo,Hà Nội,VN,0952724207,828538,1
2309,1155,billing,Trung,Dương,45 Đinh Tiên Hoàng,TP HCM,VN,0917076255,789083,1
2310,1155,shipping,Trung,Dương,78 Lê Lợi,TP HCM,VN,0980351702,271776,1
2311,1156,billing,Hoa,Lê,22 Trần Hưng Đạo,TP HCM,VN,0928374735,193958,1
2312,1156,shipping,Hoa,Lê,78 Lê Lợi,TP HCM,VN,0956819377,149116,1
2313,1157,billing,Hải,Hoàng,45 Đinh Tiên Hoàng,Hà Nội,VN,0989219373,768694,1
2314,1157,shipping,Hải,Hoàng,22 Trần Hưng Đạo,Hà Nội,VN,0977508547,845593,1
2315,1158,billing,Đức,Phan,123 Nguyễn Huệ,Khánh Hòa,VN,0926594914,173441,1
2316,1158,shipping,Đức,Phan,22 Trần Hưng Đạo,Khánh Hòa,VN,0984569559,254051,1
2317,1159,billing,Thảo,Đỗ,123 Nguyễn Huệ,Hà Nội,VN,0982538498,576105,1
2318,1159,shipping,Thảo,Đỗ,78 Lê Lợi,Hà Nội,VN,0914868414,507834,1
2319,1160,billing,Quang,Đặng,78 Lê Lợi,Hà Nội,VN,0986330065,261858,1
2320,1160,shipping,Quang,Đặng,45 Đinh Tiên Hoàng,Hà Nội,VN,0915256477,573323,1
2321,1161,billing,Minh,Dương,45 Đinh Tiên Hoàng,Hà Nội,VN,0960127433,790409,1
2322,1161,shipping,Minh,Dương,78 Lê Lợi,Hà Nội,VN,0962736439,233656,1
2323,1162,billing,Hoa,Nguyễn,123 Nguyễn Huệ,Đà Nẵng,VN,0927606867,819445,1
2324,1162,shipping,Hoa,Nguyễn,45 Đinh Tiên Hoàng,Đà Nẵng,VN,0988619356,364163,1
2325,1163,billing,Hùng,Phạm,99 Hai Bà Trưng,TP HCM,VN,0947884081,976807,1
2326,1163,shipping,Hùng,Phạm,78 Lê Lợi,TP HCM,VN,0922859899,302955,1
2327,1164,billing,Long,Dương,123 Nguyễn Huệ,Đà Nẵng,VN,0990472956,668811,1
2328,1164,shipping,Long,Dương,99 Hai Bà Trưng,Đà Nẵng,VN,0946837833,796998,1
2329,1165,billing,Quang,Đỗ,99 Hai Bà Trưng,Hải Phòng,VN,0951490760,891762,1
2330,1165,shipping,Quang,Đỗ,22 Trần Hưng Đạo,Hải Phòng,VN,0994267065,832971,1
2331,1166,billing,Nga,Lê,123 Nguyễn Huệ,Đà Nẵng,VN,0973145434,168665,1
2332,1166,shipping,Nga,Lê,22 Trần Hưng Đạo,Đà Nẵng,VN,0942288049,938611,1
2333,1167,billing,Thảo,Dương,123 Nguyễn Huệ,Hải Phòng,VN,0999434258,291619,1
2334,1167,shipping,Thảo,Dương,123 Nguyễn Huệ,Hải Phòng,VN,0957836152,523580,1
2335,1168,billing,Anh,Phan,123 Nguyễn Huệ,TP HCM,VN,0924014332,314926,1
2336,1168,shipping,Anh,Phan,99 Hai Bà Trưng,TP HCM,VN,0989216786,367548,1
2337,1169,billing,Hà,Hồ,22 Trần Hưng Đạo,Bình Dương,VN,0964269003,454643,1
2338,1169,shipping,Hà,Hồ,99 Hai Bà Trưng,Bình Dương,VN,0978409021,392061,1
2339,1170,billing,Trung,Trần,78 Lê Lợi,Hà Nội,VN,0971852131,520260,1
2340,1170,shipping,Trung,Trần,45 Đinh Tiên Hoàng,Hà Nội,VN,0919087414,836993,1
2341,1171,billing,Yến,Vũ,123 Nguyễn Huệ,Hà Nội,VN,0997725613,430236,1
2342,1171,shipping,Yến,Vũ,45 Đinh Tiên Hoàng,Hà Nội,VN,0914123585,554006,1
2343,1172,billing,Thành,Dương,99 Hai Bà Trưng,TP HCM,VN,0926144335,997510,1
2344,1172,shipping,Thành,Dương,123 Nguyễn Huệ,TP HCM,VN,0966193866,718242,1
2345,1173,billing,Hùng,Hồ,22 Trần Hưng Đạo,Hà Nội,VN,0923886772,304218,1
2346,1173,shipping,Hùng,Hồ,99 Hai Bà Trưng,Hà Nội,VN,0969328080,908906,1
2347,1174,billing,Anh,Phan,45 Đinh Tiên Hoàng,Hà Nội,VN,0997566218,400729,1
2348,1174,shipping,Anh,Phan,45 Đinh Tiên Hoàng,Hà Nội,VN,0953423350,922090,1
2349,1175,billing,Ánh,Nguyễn,22 Trần Hưng Đạo,Quảng Ninh,VN,0920403908,829794,1
2350,1175,shipping,Ánh,Nguyễn,123 Nguyễn Huệ,Quảng Ninh,VN,0912769902,852224,1
2351,1176,billing,Nga,Đỗ,45 Đinh Tiên Hoàng,Quảng Ninh,VN,0940682745,427084,1
2352,1176,shipping,Nga,Đỗ,22 Trần Hưng Đạo,Quảng Ninh,VN,0971452279,821149,1
2353,1177,billing,Quang,Đặng,123 Nguyễn Huệ,Hà Nội,VN,0947655300,592748,1
2354,1177,shipping,Quang,Đặng,45 Đinh Tiên Hoàng,Hà Nội,VN,0999184238,699875,1
2355,1178,billing,Ánh,Nguyễn,123 Nguyễn Huệ,TP HCM,VN,0931903949,302521,1
2356,1178,shipping,Ánh,Nguyễn,99 Hai Bà Trưng,TP HCM,VN,0982812955,970792,1
2357,1179,billing,Trang,Hồ,123 Nguyễn Huệ,Hà Nội,VN,0997039655,327108,1
2358,1179,shipping,Trang,Hồ,99 Hai Bà Trưng,Hà Nội,VN,0938996939,567080,1
2359,1180,billing,Ánh,Trần,45 Đinh Tiên Hoàng,Khánh Hòa,VN,0985809072,728793,1
2360,1180,shipping,Ánh,Trần,99 Hai Bà Trưng,Khánh Hòa,VN,0925543834,684785,1
2361,1181,billing,Mai,Hoàng,22 Trần Hưng Đạo,TP HCM,VN,0962782573,361667,1
2362,1181,shipping,Mai,Hoàng,45 Đinh Tiên Hoàng,TP HCM,VN,0929997030,784593,1
2363,1182,billing,Trung,Ngô,123 Nguyễn Huệ,TP HCM,VN,0916713659,650174,1
2364,1182,shipping,Trung,Ngô,123 Nguyễn Huệ,TP HCM,VN,0947404526,375144,1
2365,1183,billing,Minh,Đặng,123 Nguyễn Huệ,TP HCM,VN,0989860334,962849,1
2366,1183,shipping,Minh,Đặng,45 Đinh Tiên Hoàng,TP HCM,VN,0912954664,532807,1
2367,1184,billing,Minh,Trần,99 Hai Bà Trưng,Hà Nội,VN,0946509426,671456,1
2368,1184,shipping,Minh,Trần,45 Đinh Tiên Hoàng,Hà Nội,VN,0974781306,897846,1
2369,1185,billing,Hùng,Vũ,45 Đinh Tiên Hoàng,Hà Nội,VN,0999324072,185548,1
2370,1185,shipping,Hùng,Vũ,78 Lê Lợi,Hà Nội,VN,0978015340,401039,1
2371,1186,billing,Anh,Bùi,22 Trần Hưng Đạo,TP HCM,VN,0942294664,406449,1
2372,1186,shipping,Anh,Bùi,22 Trần Hưng Đạo,TP HCM,VN,0933512836,573086,1
2373,1187,billing,Bình,Đặng,22 Trần Hưng Đạo,Hà Nội,VN,0922098398,367145,1
2374,1187,shipping,Bình,Đặng,45 Đinh Tiên Hoàng,Hà Nội,VN,0957167267,416714,1
2375,1188,billing,Thành,Đặng,22 Trần Hưng Đạo,TP HCM,VN,0942683561,342249,1
2376,1188,shipping,Thành,Đặng,123 Nguyễn Huệ,TP HCM,VN,0976377643,233027,1
2377,1189,billing,Ngọc,Phan,22 Trần Hưng Đạo,Hà Nội,VN,0997819735,323194,1
2378,1189,shipping,Ngọc,Phan,123 Nguyễn Huệ,Hà Nội,VN,0928041322,877512,1
2379,1190,billing,Việt,Đỗ,78 Lê Lợi,TP HCM,VN,0968178939,696291,1
2380,1190,shipping,Việt,Đỗ,22 Trần Hưng Đạo,TP HCM,VN,0961717233,199714,1
2381,1191,billing,Hoa,Bùi,78 Lê Lợi,Đà Nẵng,VN,0962470704,735481,1
2382,1191,shipping,Hoa,Bùi,78 Lê Lợi,Đà Nẵng,VN,0962450395,216014,1
2383,1192,billing,Yến,Đặng,78 Lê Lợi,TP HCM,VN,0932098156,812686,1
2384,1192,shipping,Yến,Đặng,22 Trần Hưng Đạo,TP HCM,VN,0965643298,776024,1
2385,1193,billing,Phương,Bùi,123 Nguyễn Huệ,Hà Nội,VN,0952182792,340571,1
2386,1193,shipping,Phương,Bùi,45 Đinh Tiên Hoàng,Hà Nội,VN,0986263971,278242,1
2387,1194,billing,Linh,Đỗ,123 Nguyễn Huệ,Quảng Ninh,VN,0937877166,331154,1
2388,1194,shipping,Linh,Đỗ,123 Nguyễn Huệ,Quảng Ninh,VN,0912126229,727477,1
2389,1195,billing,Việt,Dương,99 Hai Bà Trưng,Hà Nội,VN,0989790817,924119,1
2390,1195,shipping,Việt,Dương,99 Hai Bà Trưng,Hà Nội,VN,0992566436,315640,1
2391,1196,billing,Đức,Hồ,99 Hai Bà Trưng,TP HCM,VN,0964296728,934525,1
2392,1196,shipping,Đức,Hồ,123 Nguyễn Huệ,TP HCM,VN,0954421865,609380,1
2393,1197,billing,Yến,Đặng,78 Lê Lợi,Hà Nội,VN,0948853238,334132,1
2394,1197,shipping,Yến,Đặng,78 Lê Lợi,Hà Nội,VN,0927026217,678484,1
2395,1198,billing,Yến,Đặng,99 Hai Bà Trưng,TP HCM,VN,0922711591,776750,1
2396,1198,shipping,Yến,Đặng,123 Nguyễn Huệ,TP HCM,VN,0978431176,423362,1
2397,1199,billing,Mai,Trần,22 Trần Hưng Đạo,Hà Nội,VN,0934179644,713633,1
2398,1199,shipping,Mai,Trần,99 Hai Bà Trưng,Hà Nội,VN,0997783708,283452,1
2399,1200,billing,Hoa,Dương,123 Nguyễn Huệ,Hà Nội,VN,0924938125,153224,1
2400,1200,shipping,Hoa,Dương,22 Trần Hưng Đạo,Hà Nội,VN,0926891207,287257,1
2401,1201,billing,Linh,Phạm,99 Hai Bà Trưng,TP HCM,VN,0972461899,221103,1
2402,1201,shipping,Linh,Phạm,123 Nguyễn Huệ,TP HCM,VN,0965558010,399936,1
2403,1202,billing,Ngọc,Lê,99 Hai Bà Trưng,Hà Nội,VN,0979242463,786947,1
2404,1202,shipping,Ngọc,Lê,22 Trần Hưng Đạo,Hà Nội,VN,0983785516,812228,1
2405,1203,billing,Hoa,Trần,99 Hai Bà Trưng,Bình Dương,VN,0981307092,976857,1
2406,1203,shipping,Hoa,Trần,45 Đinh Tiên Hoàng,Bình Dương,VN,0940340440,777247,1
2407,1204,billing,Trung,Vũ,22 Trần Hưng Đạo,TP HCM,VN,0940502187,908287,1
2408,1204,shipping,Trung,Vũ,45 Đinh Tiên Hoàng,TP HCM,VN,0914176034,947300,1
2409,1205,billing,Yến,Nguyễn,45 Đinh Tiên Hoàng,Hà Nội,VN,0958087630,320330,1
2410,1205,shipping,Yến,Nguyễn,78 Lê Lợi,Hà Nội,VN,0941016032,744663,1
2411,1206,billing,Linh,Đỗ,22 Trần Hưng Đạo,Hà Nội,VN,0952358834,886596,1
2412,1206,shipping,Linh,Đỗ,78 Lê Lợi,Hà Nội,VN,0910844154,282219,1
2413,1207,billing,Linh,Hoàng,22 Trần Hưng Đạo,Đồng Nai,VN,0981547970,531696,1
2414,1207,shipping,Linh,Hoàng,78 Lê Lợi,Đồng Nai,VN,0965875286,143624,1
2415,1208,billing,Phương,Vũ,22 Trần Hưng Đạo,TP HCM,VN,0947057530,177522,1
2416,1208,shipping,Phương,Vũ,22 Trần Hưng Đạo,TP HCM,VN,0981902004,645553,1
2417,1209,billing,Long,Phan,123 Nguyễn Huệ,Hà Nội,VN,0994917059,179699,1
2418,1209,shipping,Long,Phan,45 Đinh Tiên Hoàng,Hà Nội,VN,0948474087,529444,1
2419,1210,billing,Tuấn,Ngô,99 Hai Bà Trưng,TP HCM,VN,0979505008,387540,1
2420,1210,shipping,Tuấn,Ngô,123 Nguyễn Huệ,TP HCM,VN,0993266770,896760,1
2421,1211,billing,Linh,Lê,99 Hai Bà Trưng,Hà Nội,VN,0955248590,485656,1
2422,1211,shipping,Linh,Lê,45 Đinh Tiên Hoàng,Hà Nội,VN,0980954745,700368,1
2423,1212,billing,Bình,Bùi,45 Đinh Tiên Hoàng,Đồng Nai,VN,0923225782,806876,1
2424,1212,shipping,Bình,Bùi,22 Trần Hưng Đạo,Đồng Nai,VN,0955972938,768185,1
2425,1213,billing,Tuấn,Dương,123 Nguyễn Huệ,Đà Nẵng,VN,0994610562,113656,1
2426,1213,shipping,Tuấn,Dương,99 Hai Bà Trưng,Đà Nẵng,VN,0954841540,528482,1
2427,1214,billing,Việt,Lê,123 Nguyễn Huệ,TP HCM,VN,0944656852,686141,1
2428,1214,shipping,Việt,Lê,99 Hai Bà Trưng,TP HCM,VN,0912925978,795459,1
2429,1215,billing,Trung,Phạm,123 Nguyễn Huệ,TP HCM,VN,0988983698,322355,1
2430,1215,shipping,Trung,Phạm,99 Hai Bà Trưng,TP HCM,VN,0946715929,312758,1
2431,1216,billing,Tuấn,Vũ,78 Lê Lợi,Hà Nội,VN,0989702019,350502,1
2432,1216,shipping,Tuấn,Vũ,99 Hai Bà Trưng,Hà Nội,VN,0974115148,183951,1
2433,1217,billing,Ngọc,Phan,45 Đinh Tiên Hoàng,Đà Nẵng,VN,0943847809,413554,1
2434,1217,shipping,Ngọc,Phan,45 Đinh Tiên Hoàng,Đà Nẵng,VN,0985804652,221986,1
2435,1218,billing,Phương,Trần,78 Lê Lợi,TP HCM,VN,0998808980,914266,1
2436,1218,shipping,Phương,Trần,99 Hai Bà Trưng,TP HCM,VN,0938479850,779227,1
2437,1219,billing,Việt,Đỗ,22 Trần Hưng Đạo,TP HCM,VN,0976961923,469672,1
2438,1219,shipping,Việt,Đỗ,45 Đinh Tiên Hoàng,TP HCM,VN,0957457421,750157,1
2439,1220,billing,Linh,Phan,78 Lê Lợi,Hà Nội,VN,0968704506,420007,1
2440,1220,shipping,Linh,Phan,78 Lê Lợi,Hà Nội,VN,0974164240,473282,1
2441,1221,billing,Hà,Hồ,45 Đinh Tiên Hoàng,Hà Nội,VN,0967580049,858098,1
2442,1221,shipping,Hà,Hồ,45 Đinh Tiên Hoàng,Hà Nội,VN,0926128324,891620,1
2443,1222,billing,Tuấn,Bùi,45 Đinh Tiên Hoàng,Quảng Ninh,VN,0938315274,900575,1
2444,1222,shipping,Tuấn,Bùi,99 Hai Bà Trưng,Quảng Ninh,VN,0999880710,969931,1
2445,1223,billing,Hằng,Đặng,22 Trần Hưng Đạo,Hải Phòng,VN,0993819862,523563,1
2446,1223,shipping,Hằng,Đặng,123 Nguyễn Huệ,Hải Phòng,VN,0929290540,111737,1
2447,1224,billing,Ngọc,Vũ,78 Lê Lợi,TP HCM,VN,0925551674,438747,1
2448,1224,shipping,Ngọc,Vũ,78 Lê Lợi,TP HCM,VN,0996198257,649648,1
2449,1225,billing,Mai,Lê,45 Đinh Tiên Hoàng,Hà Nội,VN,0916993679,217527,1
2450,1225,shipping,Mai,Lê,99 Hai Bà Trưng,Hà Nội,VN,0922963453,830946,1
2451,1226,billing,Đức,Đỗ,22 Trần Hưng Đạo,Hải Phòng,VN,0949804617,942544,1
2452,1226,shipping,Đức,Đỗ,22 Trần Hưng Đạo,Hải Phòng,VN,0940194951,231043,1
2453,1227,billing,Bình,Ngô,45 Đinh Tiên Hoàng,Hà Nội,VN,0918598499,878178,1
2454,1227,shipping,Bình,Ngô,45 Đinh Tiên Hoàng,Hà Nội,VN,0981648270,360724,1
2455,1228,billing,Thảo,Đặng,45 Đinh Tiên Hoàng,TP HCM,VN,0920831234,101255,1
2456,1228,shipping,Thảo,Đặng,99 Hai Bà Trưng,TP HCM,VN,0916633532,777996,1
2457,1229,billing,Nga,Hoàng,22 Trần Hưng Đạo,TP HCM,VN,0988937161,255362,1
2458,1229,shipping,Nga,Hoàng,99 Hai Bà Trưng,TP HCM,VN,0952179268,221905,1
2459,1230,billing,Tuấn,Đặng,45 Đinh Tiên Hoàng,TP HCM,VN,0995644831,382840,1
2460,1230,shipping,Tuấn,Đặng,99 Hai Bà Trưng,TP HCM,VN,0911743193,721696,1
2461,1231,billing,Bình,Đỗ,45 Đinh Tiên Hoàng,Đà Nẵng,VN,0994983379,811068,1
2462,1231,shipping,Bình,Đỗ,123 Nguyễn Huệ,Đà Nẵng,VN,0980125697,734732,1
2463,1232,billing,Hùng,Phan,123 Nguyễn Huệ,Hà Nội,VN,0918327375,798969,1
2464,1232,shipping,Hùng,Phan,123 Nguyễn Huệ,Hà Nội,VN,0988238016,170142,1
2465,1233,billing,Trung,Phạm,45 Đinh Tiên Hoàng,TP HCM,VN,0927371752,490872,1
2466,1233,shipping,Trung,Phạm,45 Đinh Tiên Hoàng,TP HCM,VN,0919893568,940690,1
2467,1234,billing,Quang,Bùi,123 Nguyễn Huệ,Đồng Nai,VN,0930032663,997456,1
2468,1234,shipping,Quang,Bùi,99 Hai Bà Trưng,Đồng Nai,VN,0916560689,826843,1
2469,1235,billing,Anh,Phan,78 Lê Lợi,TP HCM,VN,0972160431,822909,1
2470,1235,shipping,Anh,Phan,45 Đinh Tiên Hoàng,TP HCM,VN,0972364069,861750,1
2471,1236,billing,Minh,Đỗ,123 Nguyễn Huệ,Hải Phòng,VN,0911776605,349981,1
2472,1236,shipping,Minh,Đỗ,123 Nguyễn Huệ,Hải Phòng,VN,0978060314,475014,1
2473,1237,billing,Hùng,Lê,123 Nguyễn Huệ,TP HCM,VN,0935764164,279692,1
2474,1237,shipping,Hùng,Lê,78 Lê Lợi,TP HCM,VN,0999701899,127378,1
2475,1238,billing,Anh,Phan,78 Lê Lợi,TP HCM,VN,0942446302,993091,1
2476,1238,shipping,Anh,Phan,123 Nguyễn Huệ,TP HCM,VN,0939554681,370402,1
2477,1239,billing,Hà,Dương,22 Trần Hưng Đạo,TP HCM,VN,0955125175,637464,1
2478,1239,shipping,Hà,Dương,78 Lê Lợi,TP HCM,VN,0958920011,479846,1
2479,1240,billing,Bình,Trần,123 Nguyễn Huệ,Hà Nội,VN,0934061492,964317,1
2480,1240,shipping,Bình,Trần,78 Lê Lợi,Hà Nội,VN,0941292151,869688,1
2481,1241,billing,Trung,Ngô,22 Trần Hưng Đạo,Khánh Hòa,VN,0914456725,422834,1
2482,1241,shipping,Trung,Ngô,123 Nguyễn Huệ,Khánh Hòa,VN,0923635766,960176,1
2483,1242,billing,Việt,Nguyễn,123 Nguyễn Huệ,TP HCM,VN,0942896462,563742,1
2484,1242,shipping,Việt,Nguyễn,78 Lê Lợi,TP HCM,VN,0915540713,689565,1
2485,1243,billing,Phương,Dương,22 Trần Hưng Đạo,Hà Nội,VN,0916611672,939563,1
2486,1243,shipping,Phương,Dương,123 Nguyễn Huệ,Hà Nội,VN,0949703839,766704,1
2487,1244,billing,Trung,Bùi,78 Lê Lợi,Khánh Hòa,VN,0926531777,245005,1
2488,1244,shipping,Trung,Bùi,22 Trần Hưng Đạo,Khánh Hòa,VN,0966674629,380580,1
2489,1245,billing,Lan,Phan,99 Hai Bà Trưng,TP HCM,VN,0974481388,682167,1
2490,1245,shipping,Lan,Phan,78 Lê Lợi,TP HCM,VN,0950791648,809481,1
2491,1246,billing,Yến,Vũ,45 Đinh Tiên Hoàng,TP HCM,VN,0974769974,860268,1
2492,1246,shipping,Yến,Vũ,22 Trần Hưng Đạo,TP HCM,VN,0925589375,136947,1
2493,1247,billing,Nga,Hoàng,99 Hai Bà Trưng,TP HCM,VN,0929976463,481149,1
2494,1247,shipping,Nga,Hoàng,99 Hai Bà Trưng,TP HCM,VN,0947328125,399764,1
2495,1248,billing,Thu,Phạm,78 Lê Lợi,Hà Nội,VN,0931044724,658725,1
2496,1248,shipping,Thu,Phạm,22 Trần Hưng Đạo,Hà Nội,VN,0988781727,808293,1
2497,1249,billing,Bình,Phạm,123 Nguyễn Huệ,TP HCM,VN,0946095552,648090,1
2498,1249,shipping,Bình,Phạm,99 Hai Bà Trưng,TP HCM,VN,0919700465,793779,1
2499,1250,billing,Lan,Hồ,45 Đinh Tiên Hoàng,Quảng Ninh,VN,0949985213,922372,1
2500,1250,shipping,Lan,Hồ,123 Nguyễn Huệ,Quảng Ninh,VN,0960142571,610537,1
2501,1251,billing,Ánh,Bùi,99 Hai Bà Trưng,Hà Nội,VN,0923560462,742401,1
2502,1251,shipping,Ánh,Bùi,45 Đinh Tiên Hoàng,Hà Nội,VN,0989261178,184039,1
2503,1252,billing,Thảo,Hồ,45 Đinh Tiên Hoàng,TP HCM,VN,0966793166,683326,1
2504,1252,shipping,Thảo,Hồ,78 Lê Lợi,TP HCM,VN,0975730937,834076,1
2505,1253,billing,Hùng,Lê,123 Nguyễn Huệ,Khánh Hòa,VN,0961995569,761555,1
2506,1253,shipping,Hùng,Lê,22 Trần Hưng Đạo,Khánh Hòa,VN,0923920243,177230,1
2507,1254,billing,Thu,Trần,123 Nguyễn Huệ,Hải Phòng,VN,0915445500,573282,1
2508,1254,shipping,Thu,Trần,99 Hai Bà Trưng,Hải Phòng,VN,0985323481,472734,1
2509,1255,billing,Tuấn,Trần,123 Nguyễn Huệ,TP HCM,VN,0987326458,286792,1
2510,1255,shipping,Tuấn,Trần,123 Nguyễn Huệ,TP HCM,VN,0982107901,161520,1
2511,1256,billing,Ngọc,Dương,78 Lê Lợi,Hà Nội,VN,0942040244,708431,1
2512,1256,shipping,Ngọc,Dương,99 Hai Bà Trưng,Hà Nội,VN,0968496249,711106,1
2513,1257,billing,Việt,Hồ,45 Đinh Tiên Hoàng,TP HCM,VN,0994792417,613318,1
2514,1257,shipping,Việt,Hồ,123 Nguyễn Huệ,TP HCM,VN,0969842673,556891,1
2515,1258,billing,Minh,Phan,99 Hai Bà Trưng,TP HCM,VN,0936451647,369407,1
2516,1258,shipping,Minh,Phan,45 Đinh Tiên Hoàng,TP HCM,VN,0925072825,601548,1
2517,1259,billing,Bình,Lê,78 Lê Lợi,TP HCM,VN,0929127652,335537,1
2518,1259,shipping,Bình,Lê,123 Nguyễn Huệ,TP HCM,VN,0936979650,862160,1
2519,1260,billing,Thảo,Vũ,78 Lê Lợi,Bình Dương,VN,0999913469,260986,1
2520,1260,shipping,Thảo,Vũ,22 Trần Hưng Đạo,Bình Dương,VN,0911080907,294933,1
2521,1261,billing,Nga,Bùi,78 Lê Lợi,TP HCM,VN,0977597463,551704,1
2522,1261,shipping,Nga,Bùi,99 Hai Bà Trưng,TP HCM,VN,0961223559,526198,1
2523,1262,billing,Trung,Đỗ,45 Đinh Tiên Hoàng,TP HCM,VN,0998676142,463696,1
2524,1262,shipping,Trung,Đỗ,22 Trần Hưng Đạo,TP HCM,VN,0936250496,892564,1
2525,1263,billing,Long,Nguyễn,78 Lê Lợi,Bình Dương,VN,0966225685,249652,1
2526,1263,shipping,Long,Nguyễn,45 Đinh Tiên Hoàng,Bình Dương,VN,0934658859,919383,1
2527,1264,billing,Ngọc,Vũ,123 Nguyễn Huệ,Hà Nội,VN,0963172190,654061,1
2528,1264,shipping,Ngọc,Vũ,45 Đinh Tiên Hoàng,Hà Nội,VN,0948681132,908887,1
2529,1265,billing,Hùng,Nguyễn,123 Nguyễn Huệ,Hà Nội,VN,0988380521,562277,1
2530,1265,shipping,Hùng,Nguyễn,78 Lê Lợi,Hà Nội,VN,0943456612,322998,1
2531,1266,billing,Tuấn,Phan,45 Đinh Tiên Hoàng,TP HCM,VN,0984892321,920857,1
2532,1266,shipping,Tuấn,Phan,78 Lê Lợi,TP HCM,VN,0914405869,714000,1
2533,1267,billing,Anh,Nguyễn,45 Đinh Tiên Hoàng,TP HCM,VN,0990813038,861467,1
2534,1267,shipping,Anh,Nguyễn,78 Lê Lợi,TP HCM,VN,0929267071,926276,1
2535,1268,billing,Thảo,Bùi,45 Đinh Tiên Hoàng,Hà Nội,VN,0958796582,960650,1
2536,1268,shipping,Thảo,Bùi,123 Nguyễn Huệ,Hà Nội,VN,0938189415,340876,1
2537,1269,billing,Anh,Hoàng,45 Đinh Tiên Hoàng,Hà Nội,VN,0966655607,441511,1
2538,1269,shipping,Anh,Hoàng,22 Trần Hưng Đạo,Hà Nội,VN,0946940076,194168,1
2539,1270,billing,Khánh,Lê,99 Hai Bà Trưng,Hà Nội,VN,0926693713,502841,1
2540,1270,shipping,Khánh,Lê,45 Đinh Tiên Hoàng,Hà Nội,VN,0937792005,105284,1
2541,1271,billing,Anh,Nguyễn,99 Hai Bà Trưng,Đà Nẵng,VN,0932175745,573834,1
2542,1271,shipping,Anh,Nguyễn,123 Nguyễn Huệ,Đà Nẵng,VN,0976858714,635852,1
2543,1272,billing,Quang,Phan,22 Trần Hưng Đạo,TP HCM,VN,0981329689,725385,1
2544,1272,shipping,Quang,Phan,123 Nguyễn Huệ,TP HCM,VN,0915797174,915305,1
2545,1273,billing,Long,Đặng,123 Nguyễn Huệ,Hà Nội,VN,0985141781,926578,1
2546,1273,shipping,Long,Đặng,22 Trần Hưng Đạo,Hà Nội,VN,0931483579,732614,1
2547,1274,billing,Long,Trần,45 Đinh Tiên Hoàng,Hà Nội,VN,0944527935,920795,1
2548,1274,shipping,Long,Trần,45 Đinh Tiên Hoàng,Hà Nội,VN,0987651419,703103,1
2549,1275,billing,Linh,Đặng,99 Hai Bà Trưng,Hải Phòng,VN,0916375208,943055,1
2550,1275,shipping,Linh,Đặng,22 Trần Hưng Đạo,Hải Phòng,VN,0936990537,861188,1
2551,1276,billing,Đức,Vũ,99 Hai Bà Trưng,Hà Nội,VN,0966312239,612949,1
2552,1276,shipping,Đức,Vũ,22 Trần Hưng Đạo,Hà Nội,VN,0940059722,727154,1
2553,1277,billing,Phương,Trần,45 Đinh Tiên Hoàng,Hà Nội,VN,0997143027,333897,1
2554,1277,shipping,Phương,Trần,45 Đinh Tiên Hoàng,Hà Nội,VN,0995918646,450272,1
2555,1278,billing,Khánh,Dương,123 Nguyễn Huệ,TP HCM,VN,0926588343,275634,1
2556,1278,shipping,Khánh,Dương,22 Trần Hưng Đạo,TP HCM,VN,0977657970,808905,1
2557,1279,billing,Ánh,Phạm,45 Đinh Tiên Hoàng,TP HCM,VN,0942291330,921135,1
2558,1279,shipping,Ánh,Phạm,123 Nguyễn Huệ,TP HCM,VN,0969574015,939710,1
2559,1280,billing,Hải,Nguyễn,78 Lê Lợi,TP HCM,VN,0940720910,146200,1
2560,1280,shipping,Hải,Nguyễn,123 Nguyễn Huệ,TP HCM,VN,0975474647,176435,1
2561,1281,billing,Đức,Lê,99 Hai Bà Trưng,Bình Dương,VN,0990028845,854958,1
2562,1281,shipping,Đức,Lê,123 Nguyễn Huệ,Bình Dương,VN,0915958607,526838,1
2563,1282,billing,Đức,Ngô,78 Lê Lợi,TP HCM,VN,0918632471,877415,1
2564,1282,shipping,Đức,Ngô,22 Trần Hưng Đạo,TP HCM,VN,0950596484,456999,1
2565,1283,billing,Nga,Trần,99 Hai Bà Trưng,TP HCM,VN,0915404389,745069,1
2566,1283,shipping,Nga,Trần,99 Hai Bà Trưng,TP HCM,VN,0973158706,414446,1
2567,1284,billing,Đức,Đặng,123 Nguyễn Huệ,Bình Dương,VN,0966827671,397318,1
2568,1284,shipping,Đức,Đặng,99 Hai Bà Trưng,Bình Dương,VN,0933540926,570764,1
2569,1285,billing,Thu,Dương,45 Đinh Tiên Hoàng,Hà Nội,VN,0913222830,458675,1
2570,1285,shipping,Thu,Dương,78 Lê Lợi,Hà Nội,VN,0988418136,320276,1
2571,1286,billing,Tuấn,Ngô,123 Nguyễn Huệ,Hải Phòng,VN,0992323594,400859,1
2572,1286,shipping,Tuấn,Ngô,45 Đinh Tiên Hoàng,Hải Phòng,VN,0965162042,159085,1
2573,1287,billing,Anh,Phan,45 Đinh Tiên Hoàng,Hải Phòng,VN,0923897699,679879,1
2574,1287,shipping,Anh,Phan,123 Nguyễn Huệ,Hải Phòng,VN,0934012648,718232,1
2575,1288,billing,Anh,Lê,99 Hai Bà Trưng,Hà Nội,VN,0958859524,785989,1
2576,1288,shipping,Anh,Lê,22 Trần Hưng Đạo,Hà Nội,VN,0979016237,472365,1
2577,1289,billing,Thành,Ngô,99 Hai Bà Trưng,Bình Dương,VN,0992356530,105904,1
2578,1289,shipping,Thành,Ngô,123 Nguyễn Huệ,Bình Dương,VN,0920050386,542174,1
2579,1290,billing,Thảo,Phan,22 Trần Hưng Đạo,Đồng Nai,VN,0985273309,116718,1
2580,1290,shipping,Thảo,Phan,22 Trần Hưng Đạo,Đồng Nai,VN,0937475854,737366,1
2581,1291,billing,Hoa,Đỗ,78 Lê Lợi,Đồng Nai,VN,0963802059,764467,1
2582,1291,shipping,Hoa,Đỗ,45 Đinh Tiên Hoàng,Đồng Nai,VN,0940129507,892995,1
2583,1292,billing,Tuấn,Bùi,99 Hai Bà Trưng,Hải Phòng,VN,0922918249,917186,1
2584,1292,shipping,Tuấn,Bùi,45 Đinh Tiên Hoàng,Hải Phòng,VN,0973002827,892429,1
2585,1293,billing,Hải,Hoàng,22 Trần Hưng Đạo,Hải Phòng,VN,0982775814,378644,1
2586,1293,shipping,Hải,Hoàng,123 Nguyễn Huệ,Hải Phòng,VN,0924959072,517685,1
2587,1294,billing,Quang,Trần,99 Hai Bà Trưng,Đà Nẵng,VN,0977481802,829943,1
2588,1294,shipping,Quang,Trần,99 Hai Bà Trưng,Đà Nẵng,VN,0974954300,251269,1
2589,1295,billing,Khánh,Dương,22 Trần Hưng Đạo,Hà Nội,VN,0951575504,663859,1
2590,1295,shipping,Khánh,Dương,78 Lê Lợi,Hà Nội,VN,0961111198,184173,1
2591,1296,billing,Thành,Dương,45 Đinh Tiên Hoàng,Hà Nội,VN,0962149530,502971,1
2592,1296,shipping,Thành,Dương,45 Đinh Tiên Hoàng,Hà Nội,VN,0965255668,284736,1
2593,1297,billing,Long,Hồ,99 Hai Bà Trưng,Hà Nội,VN,0969373684,298786,1
2594,1297,shipping,Long,Hồ,78 Lê Lợi,Hà Nội,VN,0947825656,665252,1
2595,1298,billing,Việt,Lê,22 Trần Hưng Đạo,TP HCM,VN,0962688320,922124,1
2596,1298,shipping,Việt,Lê,45 Đinh Tiên Hoàng,TP HCM,VN,0921772447,692712,1
2597,1299,billing,Minh,Nguyễn,99 Hai Bà Trưng,Bình Dương,VN,0927726602,910661,1
2598,1299,shipping,Minh,Nguyễn,123 Nguyễn Huệ,Bình Dương,VN,0921146041,809024,1
2599,1300,billing,Trung,Vũ,45 Đinh Tiên Hoàng,Hà Nội,VN,0923407101,617236,1
2600,1300,shipping,Trung,Vũ,99 Hai Bà Trưng,Hà Nội,VN,0955115140,717811,1
2601,1301,billing,Phương,Dương,123 Nguyễn Huệ,Đà Nẵng,VN,0999408004,834356,1
2602,1301,shipping,Phương,Dương,123 Nguyễn Huệ,Đà Nẵng,VN,0927925965,985685,1
2603,1302,billing,Lan,Dương,22 Trần Hưng Đạo,Hà Nội,VN,0999111880,111508,1
2604,1302,shipping,Lan,Dương,45 Đinh Tiên Hoàng,Hà Nội,VN,0952733593,328732,1
2605,1303,billing,Khánh,Hồ,45 Đinh Tiên Hoàng,Khánh Hòa,VN,0946102133,679064,1
2606,1303,shipping,Khánh,Hồ,78 Lê Lợi,Khánh Hòa,VN,0912154528,467273,1
2607,1304,billing,Hùng,Hồ,99 Hai Bà Trưng,Hà Nội,VN,0989141505,225008,1
2608,1304,shipping,Hùng,Hồ,78 Lê Lợi,Hà Nội,VN,0976878698,128937,1
2609,1305,billing,Mai,Hoàng,99 Hai Bà Trưng,Hà Nội,VN,0930047069,878814,1
2610,1305,shipping,Mai,Hoàng,22 Trần Hưng Đạo,Hà Nội,VN,0960240603,158125,1
2611,1306,billing,Hà,Đặng,22 Trần Hưng Đạo,Hải Phòng,VN,0947149979,907033,1
2612,1306,shipping,Hà,Đặng,99 Hai Bà Trưng,Hải Phòng,VN,0929947330,309897,1
2613,1307,billing,Việt,Vũ,22 Trần Hưng Đạo,Đà Nẵng,VN,0991266390,493879,1
2614,1307,shipping,Việt,Vũ,123 Nguyễn Huệ,Đà Nẵng,VN,0939666394,490352,1
2615,1308,billing,Hằng,Hoàng,22 Trần Hưng Đạo,Bình Dương,VN,0979403554,289398,1
2616,1308,shipping,Hằng,Hoàng,22 Trần Hưng Đạo,Bình Dương,VN,0921475749,826349,1
2617,1309,billing,Khánh,Phan,99 Hai Bà Trưng,TP HCM,VN,0936061699,268661,1
2618,1309,shipping,Khánh,Phan,99 Hai Bà Trưng,TP HCM,VN,0948420685,185840,1
2619,1310,billing,Linh,Phạm,123 Nguyễn Huệ,Khánh Hòa,VN,0922254981,849435,1
2620,1310,shipping,Linh,Phạm,22 Trần Hưng Đạo,Khánh Hòa,VN,0980990419,543262,1
2621,1311,billing,Hùng,Dương,22 Trần Hưng Đạo,Hà Nội,VN,0995862761,930111,1
2622,1311,shipping,Hùng,Dương,99 Hai Bà Trưng,Hà Nội,VN,0980486372,861639,1
2623,1312,billing,Anh,Trần,99 Hai Bà Trưng,TP HCM,VN,0913499972,692717,1
2624,1312,shipping,Anh,Trần,78 Lê Lợi,TP HCM,VN,0990448835,992896,1
2625,1313,billing,Việt,Đặng,78 Lê Lợi,Quảng Ninh,VN,0920253315,553074,1
2626,1313,shipping,Việt,Đặng,99 Hai Bà Trưng,Quảng Ninh,VN,0916857569,956169,1
2627,1314,billing,Minh,Phạm,78 Lê Lợi,TP HCM,VN,0913002751,460695,1
2628,1314,shipping,Minh,Phạm,123 Nguyễn Huệ,TP HCM,VN,0992303000,276007,1
2629,1315,billing,Ánh,Đặng,45 Đinh Tiên Hoàng,Hà Nội,VN,0975737453,573514,1
2630,1315,shipping,Ánh,Đặng,45 Đinh Tiên Hoàng,Hà Nội,VN,0981730036,510714,1
2631,1316,billing,Ngọc,Đỗ,22 Trần Hưng Đạo,Hà Nội,VN,0943503997,987524,1
2632,1316,shipping,Ngọc,Đỗ,78 Lê Lợi,Hà Nội,VN,0957321738,770085,1
2633,1317,billing,Thảo,Bùi,45 Đinh Tiên Hoàng,Hà Nội,VN,0914199841,109715,1
2634,1317,shipping,Thảo,Bùi,78 Lê Lợi,Hà Nội,VN,0976172340,147995,1
2635,1318,billing,Trung,Đỗ,45 Đinh Tiên Hoàng,Hà Nội,VN,0926512447,848941,1
2636,1318,shipping,Trung,Đỗ,99 Hai Bà Trưng,Hà Nội,VN,0947912516,826529,1
2637,1319,billing,Yến,Bùi,123 Nguyễn Huệ,Khánh Hòa,VN,0961062947,416737,1
2638,1319,shipping,Yến,Bùi,78 Lê Lợi,Khánh Hòa,VN,0944887843,304555,1
2639,1320,billing,Trang,Dương,45 Đinh Tiên Hoàng,TP HCM,VN,0953875074,676094,1
2640,1320,shipping,Trang,Dương,78 Lê Lợi,TP HCM,VN,0934991025,415466,1
2641,1321,billing,Hải,Phạm,22 Trần Hưng Đạo,TP HCM,VN,0969067867,876144,1
2642,1321,shipping,Hải,Phạm,123 Nguyễn Huệ,TP HCM,VN,0983849198,388615,1
2643,1322,billing,Mai,Trần,78 Lê Lợi,Hà Nội,VN,0911588071,388003,1
2644,1322,shipping,Mai,Trần,45 Đinh Tiên Hoàng,Hà Nội,VN,0975532361,950091,1
2645,1323,billing,Bình,Hồ,45 Đinh Tiên Hoàng,Đà Nẵng,VN,0974828051,172525,1
2646,1323,shipping,Bình,Hồ,45 Đinh Tiên Hoàng,Đà Nẵng,VN,0953980244,515822,1
2647,1324,billing,Long,Phạm,99 Hai Bà Trưng,Hải Phòng,VN,0983191842,188205,1
2648,1324,shipping,Long,Phạm,123 Nguyễn Huệ,Hải Phòng,VN,0911469246,841399,1
2649,1325,billing,Đức,Nguyễn,78 Lê Lợi,TP HCM,VN,0973040262,771360,1
2650,1325,shipping,Đức,Nguyễn,78 Lê Lợi,TP HCM,VN,0982242506,954765,1
2651,1326,billing,Trung,Phan,78 Lê Lợi,Hải Phòng,VN,0941832005,905720,1
2652,1326,shipping,Trung,Phan,123 Nguyễn Huệ,Hải Phòng,VN,0978512021,234191,1
2653,1327,billing,Phương,Ngô,78 Lê Lợi,Đà Nẵng,VN,0965750765,932156,1
2654,1327,shipping,Phương,Ngô,22 Trần Hưng Đạo,Đà Nẵng,VN,0918119590,206791,1
2655,1328,billing,Thảo,Bùi,22 Trần Hưng Đạo,TP HCM,VN,0977527304,688097,1
2656,1328,shipping,Thảo,Bùi,123 Nguyễn Huệ,TP HCM,VN,0941065810,943118,1
2657,1329,billing,Trung,Hoàng,78 Lê Lợi,Khánh Hòa,VN,0994201474,376777,1
2658,1329,shipping,Trung,Hoàng,45 Đinh Tiên Hoàng,Khánh Hòa,VN,0928249201,183372,1
2659,1330,billing,Khánh,Đỗ,99 Hai Bà Trưng,Quảng Ninh,VN,0919868632,962575,1
2660,1330,shipping,Khánh,Đỗ,45 Đinh Tiên Hoàng,Quảng Ninh,VN,0966433074,404770,1
2661,1331,billing,Thành,Hoàng,123 Nguyễn Huệ,TP HCM,VN,0956599235,145305,1
2662,1331,shipping,Thành,Hoàng,22 Trần Hưng Đạo,TP HCM,VN,0992216859,444337,1
2663,1332,billing,Hải,Nguyễn,22 Trần Hưng Đạo,Bình Dương,VN,0975726790,901306,1
2664,1332,shipping,Hải,Nguyễn,78 Lê Lợi,Bình Dương,VN,0995111088,766068,1
2665,1333,billing,Việt,Đỗ,22 Trần Hưng Đạo,TP HCM,VN,0967382027,696141,1
2666,1333,shipping,Việt,Đỗ,123 Nguyễn Huệ,TP HCM,VN,0934041235,148593,1
2667,1334,billing,Lan,Phạm,123 Nguyễn Huệ,Hải Phòng,VN,0940181749,445434,1
2668,1334,shipping,Lan,Phạm,99 Hai Bà Trưng,Hải Phòng,VN,0938964390,403798,1
2669,1335,billing,Việt,Phạm,45 Đinh Tiên Hoàng,TP HCM,VN,0929234848,699570,1
2670,1335,shipping,Việt,Phạm,99 Hai Bà Trưng,TP HCM,VN,0929219655,500786,1
2671,1336,billing,Việt,Đặng,99 Hai Bà Trưng,Hà Nội,VN,0964799844,201499,1
2672,1336,shipping,Việt,Đặng,99 Hai Bà Trưng,Hà Nội,VN,0997699646,437831,1
2673,1337,billing,Hoa,Phạm,45 Đinh Tiên Hoàng,TP HCM,VN,0954621637,367905,1
2674,1337,shipping,Hoa,Phạm,78 Lê Lợi,TP HCM,VN,0980495761,561851,1
2675,1338,billing,Ánh,Hoàng,45 Đinh Tiên Hoàng,Bình Dương,VN,0978150520,204575,1
2676,1338,shipping,Ánh,Hoàng,45 Đinh Tiên Hoàng,Bình Dương,VN,0967871050,233980,1
2677,1339,billing,Trang,Nguyễn,45 Đinh Tiên Hoàng,Hà Nội,VN,0969066246,544568,1
2678,1339,shipping,Trang,Nguyễn,22 Trần Hưng Đạo,Hà Nội,VN,0987388707,278913,1
2679,1340,billing,Bình,Ngô,22 Trần Hưng Đạo,Đà Nẵng,VN,0987162781,147251,1
2680,1340,shipping,Bình,Ngô,78 Lê Lợi,Đà Nẵng,VN,0944491126,176109,1
2681,1341,billing,Anh,Ngô,45 Đinh Tiên Hoàng,Đồng Nai,VN,0935169426,221957,1
2682,1341,shipping,Anh,Ngô,22 Trần Hưng Đạo,Đồng Nai,VN,0988719805,877010,1
2683,1342,billing,Linh,Phạm,78 Lê Lợi,TP HCM,VN,0967607797,260878,1
2684,1342,shipping,Linh,Phạm,45 Đinh Tiên Hoàng,TP HCM,VN,0981035782,353194,1
2685,1343,billing,Yến,Đặng,22 Trần Hưng Đạo,TP HCM,VN,0994927377,314794,1
2686,1343,shipping,Yến,Đặng,22 Trần Hưng Đạo,TP HCM,VN,0987564192,995986,1
2687,1344,billing,Ngọc,Phạm,123 Nguyễn Huệ,Hà Nội,VN,0956002598,101371,1
2688,1344,shipping,Ngọc,Phạm,22 Trần Hưng Đạo,Hà Nội,VN,0939442888,170115,1
2689,1345,billing,Linh,Trần,78 Lê Lợi,TP HCM,VN,0946472119,874841,1
2690,1345,shipping,Linh,Trần,123 Nguyễn Huệ,TP HCM,VN,0928948957,126050,1
2691,1346,billing,Minh,Phan,78 Lê Lợi,Bình Dương,VN,0968926386,412719,1
2692,1346,shipping,Minh,Phan,22 Trần Hưng Đạo,Bình Dương,VN,0943468256,723775,1
2693,1347,billing,Anh,Phạm,78 Lê Lợi,Hải Phòng,VN,0934271525,368569,1
2694,1347,shipping,Anh,Phạm,22 Trần Hưng Đạo,Hải Phòng,VN,0994689348,781022,1
2695,1348,billing,Minh,Trần,22 Trần Hưng Đạo,TP HCM,VN,0935639612,859446,1
2696,1348,shipping,Minh,Trần,45 Đinh Tiên Hoàng,TP HCM,VN,0921372507,903128,1
2697,1349,billing,Yến,Đỗ,22 Trần Hưng Đạo,Đà Nẵng,VN,0912634982,318793,1
2698,1349,shipping,Yến,Đỗ,99 Hai Bà Trưng,Đà Nẵng,VN,0910396731,642825,1
2699,1350,billing,Tuấn,Bùi,123 Nguyễn Huệ,TP HCM,VN,0969863015,327342,1
2700,1350,shipping,Tuấn,Bùi,22 Trần Hưng Đạo,TP HCM,VN,0996006489,795828,1
2701,1351,billing,Hoa,Hồ,78 Lê Lợi,TP HCM,VN,0923326053,188334,1
2702,1351,shipping,Hoa,Hồ,45 Đinh Tiên Hoàng,TP HCM,VN,0936239577,267439,1
2703,1352,billing,Việt,Phan,22 Trần Hưng Đạo,TP HCM,VN,0945683470,377654,1
2704,1352,shipping,Việt,Phan,99 Hai Bà Trưng,TP HCM,VN,0973109661,770927,1
2705,1353,billing,Anh,Vũ,78 Lê Lợi,Hà Nội,VN,0915275811,225386,1
2706,1353,shipping,Anh,Vũ,78 Lê Lợi,Hà Nội,VN,0980307005,295364,1
2707,1354,billing,Việt,Hồ,123 Nguyễn Huệ,Hà Nội,VN,0977187503,659738,1
2708,1354,shipping,Việt,Hồ,123 Nguyễn Huệ,Hà Nội,VN,0986089729,561978,1
2709,1355,billing,Phương,Vũ,99 Hai Bà Trưng,Hải Phòng,VN,0914700235,765789,1
2710,1355,shipping,Phương,Vũ,123 Nguyễn Huệ,Hải Phòng,VN,0946213751,988328,1
2711,1356,billing,Khánh,Vũ,45 Đinh Tiên Hoàng,TP HCM,VN,0976205523,360227,1
2712,1356,shipping,Khánh,Vũ,78 Lê Lợi,TP HCM,VN,0970667767,382591,1
2713,1357,billing,Bình,Phan,123 Nguyễn Huệ,Khánh Hòa,VN,0911472421,767099,1
2714,1357,shipping,Bình,Phan,123 Nguyễn Huệ,Khánh Hòa,VN,0927857620,263647,1
2715,1358,billing,Thu,Vũ,22 Trần Hưng Đạo,TP HCM,VN,0940322672,343749,1
2716,1358,shipping,Thu,Vũ,123 Nguyễn Huệ,TP HCM,VN,0913488219,890525,1
2717,1359,billing,Trung,Đặng,123 Nguyễn Huệ,TP HCM,VN,0990858707,911112,1
2718,1359,shipping,Trung,Đặng,45 Đinh Tiên Hoàng,TP HCM,VN,0989218743,876337,1
2719,1360,billing,Trung,Bùi,99 Hai Bà Trưng,TP HCM,VN,0980878692,144764,1
2720,1360,shipping,Trung,Bùi,99 Hai Bà Trưng,TP HCM,VN,0929169706,677614,1
2721,1361,billing,Khánh,Nguyễn,99 Hai Bà Trưng,Bình Dương,VN,0927417235,138755,1
2722,1361,shipping,Khánh,Nguyễn,123 Nguyễn Huệ,Bình Dương,VN,0958043765,444286,1
2723,1362,billing,Lan,Nguyễn,123 Nguyễn Huệ,Hà Nội,VN,0982934281,470005,1
2724,1362,shipping,Lan,Nguyễn,22 Trần Hưng Đạo,Hà Nội,VN,0992338275,195738,1
2725,1363,billing,Hằng,Đỗ,99 Hai Bà Trưng,Hà Nội,VN,0968792838,956142,1
2726,1363,shipping,Hằng,Đỗ,78 Lê Lợi,Hà Nội,VN,0992153428,766632,1
2727,1364,billing,Hà,Phạm,78 Lê Lợi,TP HCM,VN,0960756552,295250,1
2728,1364,shipping,Hà,Phạm,22 Trần Hưng Đạo,TP HCM,VN,0919718816,325766,1
2729,1365,billing,Ngọc,Bùi,45 Đinh Tiên Hoàng,Đà Nẵng,VN,0929932115,209582,1
2730,1365,shipping,Ngọc,Bùi,22 Trần Hưng Đạo,Đà Nẵng,VN,0980779183,290297,1
2731,1366,billing,Thành,Phan,99 Hai Bà Trưng,Hà Nội,VN,0911877372,808363,1
2732,1366,shipping,Thành,Phan,99 Hai Bà Trưng,Hà Nội,VN,0920993668,498290,1
2733,1367,billing,Long,Bùi,45 Đinh Tiên Hoàng,Khánh Hòa,VN,0922794025,595267,1
2734,1367,shipping,Long,Bùi,45 Đinh Tiên Hoàng,Khánh Hòa,VN,0912285144,104008,1
2735,1368,billing,Long,Phạm,45 Đinh Tiên Hoàng,Bình Dương,VN,0970907152,173187,1
2736,1368,shipping,Long,Phạm,45 Đinh Tiên Hoàng,Bình Dương,VN,0948493617,889032,1
2737,1369,billing,Khánh,Bùi,22 Trần Hưng Đạo,TP HCM,VN,0927216161,868092,1
2738,1369,shipping,Khánh,Bùi,78 Lê Lợi,TP HCM,VN,0942793217,665022,1
2739,1370,billing,Nga,Trần,78 Lê Lợi,Hà Nội,VN,0948537320,330936,1
2740,1370,shipping,Nga,Trần,22 Trần Hưng Đạo,Hà Nội,VN,0967999118,447428,1
2741,1371,billing,Lan,Phan,45 Đinh Tiên Hoàng,Khánh Hòa,VN,0917611812,366242,1
2742,1371,shipping,Lan,Phan,123 Nguyễn Huệ,Khánh Hòa,VN,0910703848,887817,1
2743,1372,billing,Trung,Vũ,45 Đinh Tiên Hoàng,TP HCM,VN,0963816481,643771,1
2744,1372,shipping,Trung,Vũ,123 Nguyễn Huệ,TP HCM,VN,0939896212,360038,1
2745,1373,billing,Thành,Bùi,123 Nguyễn Huệ,TP HCM,VN,0995208409,578202,1
2746,1373,shipping,Thành,Bùi,22 Trần Hưng Đạo,TP HCM,VN,0992006903,471031,1
2747,1374,billing,Thu,Bùi,123 Nguyễn Huệ,Hà Nội,VN,0912383082,687672,1
2748,1374,shipping,Thu,Bùi,22 Trần Hưng Đạo,Hà Nội,VN,0933030230,851297,1
2749,1375,billing,Nga,Vũ,45 Đinh Tiên Hoàng,Hải Phòng,VN,0937566546,975046,1
2750,1375,shipping,Nga,Vũ,99 Hai Bà Trưng,Hải Phòng,VN,0960046434,209374,1
2751,1376,billing,Mai,Nguyễn,22 Trần Hưng Đạo,Bình Dương,VN,0981887841,839282,1
2752,1376,shipping,Mai,Nguyễn,99 Hai Bà Trưng,Bình Dương,VN,0912517363,871203,1
2753,1377,billing,Anh,Lê,123 Nguyễn Huệ,Hải Phòng,VN,0945026835,992820,1
2754,1377,shipping,Anh,Lê,45 Đinh Tiên Hoàng,Hải Phòng,VN,0920333495,283176,1
2755,1378,billing,Khánh,Bùi,45 Đinh Tiên Hoàng,TP HCM,VN,0928282183,960667,1
2756,1378,shipping,Khánh,Bùi,99 Hai Bà Trưng,TP HCM,VN,0977323781,215768,1
2757,1379,billing,Hà,Đặng,99 Hai Bà Trưng,TP HCM,VN,0984377697,235838,1
2758,1379,shipping,Hà,Đặng,22 Trần Hưng Đạo,TP HCM,VN,0948205369,840487,1
2759,1380,billing,Đức,Hoàng,45 Đinh Tiên Hoàng,TP HCM,VN,0957047128,648951,1
2760,1380,shipping,Đức,Hoàng,45 Đinh Tiên Hoàng,TP HCM,VN,0967634141,257147,1
2761,1381,billing,Long,Hồ,78 Lê Lợi,Hà Nội,VN,0947138130,791197,1
2762,1381,shipping,Long,Hồ,99 Hai Bà Trưng,Hà Nội,VN,0962686156,299984,1
2763,1382,billing,Yến,Nguyễn,99 Hai Bà Trưng,Đà Nẵng,VN,0994826135,634561,1
2764,1382,shipping,Yến,Nguyễn,22 Trần Hưng Đạo,Đà Nẵng,VN,0973137398,846441,1
2765,1383,billing,Nga,Ngô,123 Nguyễn Huệ,TP HCM,VN,0952328654,494878,1
2766,1383,shipping,Nga,Ngô,78 Lê Lợi,TP HCM,VN,0926572960,165294,1
2767,1384,billing,Yến,Hồ,123 Nguyễn Huệ,Đà Nẵng,VN,0925925351,648814,1
2768,1384,shipping,Yến,Hồ,123 Nguyễn Huệ,Đà Nẵng,VN,0941165321,427849,1
2769,1385,billing,Đức,Hồ,22 Trần Hưng Đạo,TP HCM,VN,0973154608,822713,1
2770,1385,shipping,Đức,Hồ,45 Đinh Tiên Hoàng,TP HCM,VN,0921669396,447269,1
2771,1386,billing,Hùng,Lê,45 Đinh Tiên Hoàng,Hải Phòng,VN,0947406093,123776,1
2772,1386,shipping,Hùng,Lê,99 Hai Bà Trưng,Hải Phòng,VN,0940350627,840813,1
2773,1387,billing,Hải,Hồ,99 Hai Bà Trưng,Hải Phòng,VN,0941561738,988878,1
2774,1387,shipping,Hải,Hồ,78 Lê Lợi,Hải Phòng,VN,0927877574,622179,1
2775,1388,billing,Trang,Ngô,78 Lê Lợi,Hà Nội,VN,0964317615,185089,1
2776,1388,shipping,Trang,Ngô,22 Trần Hưng Đạo,Hà Nội,VN,0920977951,790824,1
2777,1389,billing,Thu,Lê,45 Đinh Tiên Hoàng,Hà Nội,VN,0986903807,972234,1
2778,1389,shipping,Thu,Lê,22 Trần Hưng Đạo,Hà Nội,VN,0992529420,826604,1
2779,1390,billing,Trang,Đặng,22 Trần Hưng Đạo,Hà Nội,VN,0975657959,238062,1
2780,1390,shipping,Trang,Đặng,22 Trần Hưng Đạo,Hà Nội,VN,0969798648,115013,1
2781,1391,billing,Anh,Dương,78 Lê Lợi,Hà Nội,VN,0920663745,291900,1
2782,1391,shipping,Anh,Dương,78 Lê Lợi,Hà Nội,VN,0963953753,262772,1
2783,1392,billing,Thành,Dương,78 Lê Lợi,TP HCM,VN,0978457504,904588,1
2784,1392,shipping,Thành,Dương,22 Trần Hưng Đạo,TP HCM,VN,0979872246,174251,1
2785,1393,billing,Mai,Phan,99 Hai Bà Trưng,TP HCM,VN,0991305195,312952,1
2786,1393,shipping,Mai,Phan,78 Lê Lợi,TP HCM,VN,0973698840,272596,1
2787,1394,billing,Hùng,Hồ,78 Lê Lợi,Hà Nội,VN,0965373358,792240,1
2788,1394,shipping,Hùng,Hồ,45 Đinh Tiên Hoàng,Hà Nội,VN,0975858196,947309,1
2789,1395,billing,Tuấn,Dương,123 Nguyễn Huệ,Đà Nẵng,VN,0915887648,632224,1
2790,1395,shipping,Tuấn,Dương,45 Đinh Tiên Hoàng,Đà Nẵng,VN,0952836524,223958,1
2791,1396,billing,Lan,Phạm,45 Đinh Tiên Hoàng,Đồng Nai,VN,0936194531,657814,1
2792,1396,shipping,Lan,Phạm,123 Nguyễn Huệ,Đồng Nai,VN,0989469028,510647,1
2793,1397,billing,Minh,Vũ,45 Đinh Tiên Hoàng,Đà Nẵng,VN,0967127977,862636,1
2794,1397,shipping,Minh,Vũ,45 Đinh Tiên Hoàng,Đà Nẵng,VN,0997698046,338486,1
2795,1398,billing,Khánh,Dương,22 Trần Hưng Đạo,Hà Nội,VN,0957133175,917357,1
2796,1398,shipping,Khánh,Dương,45 Đinh Tiên Hoàng,Hà Nội,VN,0979849562,917594,1
2797,1399,billing,Nga,Ngô,78 Lê Lợi,Khánh Hòa,VN,0975093016,584046,1
2798,1399,shipping,Nga,Ngô,22 Trần Hưng Đạo,Khánh Hòa,VN,0941495505,353293,1
2799,1400,billing,Yến,Phạm,22 Trần Hưng Đạo,TP HCM,VN,0931744118,317462,1
2800,1400,shipping,Yến,Phạm,78 Lê Lợi,TP HCM,VN,0933893654,756024,1
2801,1401,billing,Hoa,Trần,78 Lê Lợi,Hà Nội,VN,0998090166,908584,1
2802,1401,shipping,Hoa,Trần,45 Đinh Tiên Hoàng,Hà Nội,VN,0982195586,725747,1
2803,1402,billing,Long,Đỗ,22 Trần Hưng Đạo,Hà Nội,VN,0966958375,875109,1
2804,1402,shipping,Long,Đỗ,123 Nguyễn Huệ,Hà Nội,VN,0964057060,370656,1
2805,1403,billing,Đức,Dương,22 Trần Hưng Đạo,Hà Nội,VN,0955341179,329098,1
2806,1403,shipping,Đức,Dương,45 Đinh Tiên Hoàng,Hà Nội,VN,0956454544,814541,1
2807,1404,billing,Nga,Vũ,78 Lê Lợi,TP HCM,VN,0971809736,314747,1
2808,1404,shipping,Nga,Vũ,99 Hai Bà Trưng,TP HCM,VN,0927629092,402035,1
2809,1405,billing,Bình,Lê,123 Nguyễn Huệ,TP HCM,VN,0970497541,718897,1
2810,1405,shipping,Bình,Lê,45 Đinh Tiên Hoàng,TP HCM,VN,0960484328,448522,1
2811,1406,billing,Khánh,Ngô,45 Đinh Tiên Hoàng,TP HCM,VN,0977992880,726091,1
2812,1406,shipping,Khánh,Ngô,99 Hai Bà Trưng,TP HCM,VN,0977767832,668039,1
2813,1407,billing,Long,Phan,78 Lê Lợi,Hải Phòng,VN,0995978761,442230,1
2814,1407,shipping,Long,Phan,123 Nguyễn Huệ,Hải Phòng,VN,0958293102,901042,1
2815,1408,billing,Bình,Vũ,99 Hai Bà Trưng,TP HCM,VN,0931706858,813486,1
2816,1408,shipping,Bình,Vũ,123 Nguyễn Huệ,TP HCM,VN,0963127658,853160,1
2817,1409,billing,Hằng,Hoàng,45 Đinh Tiên Hoàng,Khánh Hòa,VN,0943100819,610720,1
2818,1409,shipping,Hằng,Hoàng,123 Nguyễn Huệ,Khánh Hòa,VN,0961942007,779280,1
2819,1410,billing,Việt,Nguyễn,22 Trần Hưng Đạo,Hải Phòng,VN,0992850229,961015,1
2820,1410,shipping,Việt,Nguyễn,123 Nguyễn Huệ,Hải Phòng,VN,0913869192,388367,1
2821,1411,billing,Hoa,Dương,45 Đinh Tiên Hoàng,Hà Nội,VN,0985107550,927850,1
2822,1411,shipping,Hoa,Dương,78 Lê Lợi,Hà Nội,VN,0952244352,948519,1
2823,1412,billing,Khánh,Phan,22 Trần Hưng Đạo,TP HCM,VN,0992801712,682003,1
2824,1412,shipping,Khánh,Phan,22 Trần Hưng Đạo,TP HCM,VN,0936934787,853323,1
2825,1413,billing,Minh,Trần,45 Đinh Tiên Hoàng,TP HCM,VN,0926082764,847983,1
2826,1413,shipping,Minh,Trần,22 Trần Hưng Đạo,TP HCM,VN,0929939659,902256,1
2827,1414,billing,Trung,Nguyễn,99 Hai Bà Trưng,Hà Nội,VN,0933884638,322799,1
2828,1414,shipping,Trung,Nguyễn,123 Nguyễn Huệ,Hà Nội,VN,0981831451,659034,1
2829,1415,billing,Linh,Nguyễn,123 Nguyễn Huệ,TP HCM,VN,0940961561,484222,1
2830,1415,shipping,Linh,Nguyễn,78 Lê Lợi,TP HCM,VN,0992770709,681386,1
2831,1416,billing,Hằng,Vũ,99 Hai Bà Trưng,Hải Phòng,VN,0970007583,191435,1
2832,1416,shipping,Hằng,Vũ,78 Lê Lợi,Hải Phòng,VN,0933058621,229060,1
2833,1417,billing,Quang,Vũ,99 Hai Bà Trưng,Hà Nội,VN,0932556223,344049,1
2834,1417,shipping,Quang,Vũ,22 Trần Hưng Đạo,Hà Nội,VN,0945100197,505586,1
2835,1418,billing,Thảo,Trần,22 Trần Hưng Đạo,Hà Nội,VN,0963534448,160912,1
2836,1418,shipping,Thảo,Trần,78 Lê Lợi,Hà Nội,VN,0959443111,680266,1
2837,1419,billing,Nga,Nguyễn,99 Hai Bà Trưng,TP HCM,VN,0943591394,450547,1
2838,1419,shipping,Nga,Nguyễn,45 Đinh Tiên Hoàng,TP HCM,VN,0930374395,671911,1
2839,1420,billing,Anh,Hoàng,78 Lê Lợi,Đồng Nai,VN,0940331784,483210,1
2840,1420,shipping,Anh,Hoàng,22 Trần Hưng Đạo,Đồng Nai,VN,0978457280,946704,1
2841,1421,billing,Hằng,Vũ,99 Hai Bà Trưng,Hà Nội,VN,0945199518,576434,1
2842,1421,shipping,Hằng,Vũ,123 Nguyễn Huệ,Hà Nội,VN,0959971888,825207,1
2843,1422,billing,Thảo,Đỗ,78 Lê Lợi,Hà Nội,VN,0924944622,477401,1
2844,1422,shipping,Thảo,Đỗ,99 Hai Bà Trưng,Hà Nội,VN,0976624386,101744,1
2845,1423,billing,Hoa,Đỗ,78 Lê Lợi,Hải Phòng,VN,0944318062,915003,1
2846,1423,shipping,Hoa,Đỗ,123 Nguyễn Huệ,Hải Phòng,VN,0939517704,420057,1
2847,1424,billing,Thành,Nguyễn,78 Lê Lợi,Hải Phòng,VN,0940614859,140854,1
2848,1424,shipping,Thành,Nguyễn,78 Lê Lợi,Hải Phòng,VN,0957971873,778358,1
2849,1425,billing,Thành,Trần,45 Đinh Tiên Hoàng,Hà Nội,VN,0942101844,999686,1
2850,1425,shipping,Thành,Trần,78 Lê Lợi,Hà Nội,VN,0968523509,540983,1
2851,1426,billing,Anh,Bùi,78 Lê Lợi,Đồng Nai,VN,0971331129,912152,1
2852,1426,shipping,Anh,Bùi,45 Đinh Tiên Hoàng,Đồng Nai,VN,0967158263,932645,1
2853,1427,billing,Hùng,Dương,45 Đinh Tiên Hoàng,Khánh Hòa,VN,0957544607,898886,1
2854,1427,shipping,Hùng,Dương,22 Trần Hưng Đạo,Khánh Hòa,VN,0932892144,516534,1
2855,1428,billing,Minh,Lê,78 Lê Lợi,Hà Nội,VN,0982204448,448821,1
2856,1428,shipping,Minh,Lê,99 Hai Bà Trưng,Hà Nội,VN,0962130274,947735,1
2857,1429,billing,Quang,Đỗ,45 Đinh Tiên Hoàng,Đà Nẵng,VN,0998607494,951461,1
2858,1429,shipping,Quang,Đỗ,78 Lê Lợi,Đà Nẵng,VN,0962708024,791047,1
2859,1430,billing,Mai,Bùi,123 Nguyễn Huệ,Đà Nẵng,VN,0978333611,194686,1
2860,1430,shipping,Mai,Bùi,123 Nguyễn Huệ,Đà Nẵng,VN,0985458314,437904,1
2861,1431,billing,Việt,Hoàng,22 Trần Hưng Đạo,Hải Phòng,VN,0984366370,956304,1
2862,1431,shipping,Việt,Hoàng,99 Hai Bà Trưng,Hải Phòng,VN,0916628735,110022,1
2863,1432,billing,Ngọc,Hồ,78 Lê Lợi,TP HCM,VN,0957200952,716759,1
2864,1432,shipping,Ngọc,Hồ,99 Hai Bà Trưng,TP HCM,VN,0978623590,712362,1
2865,1433,billing,Minh,Hồ,45 Đinh Tiên Hoàng,Đà Nẵng,VN,0946904152,184084,1
2866,1433,shipping,Minh,Hồ,99 Hai Bà Trưng,Đà Nẵng,VN,0990314625,514134,1
2867,1434,billing,Thu,Hoàng,123 Nguyễn Huệ,Hà Nội,VN,0969998059,800860,1
2868,1434,shipping,Thu,Hoàng,22 Trần Hưng Đạo,Hà Nội,VN,0948687257,380124,1
2869,1435,billing,Linh,Dương,45 Đinh Tiên Hoàng,Hà Nội,VN,0927428613,735233,1
2870,1435,shipping,Linh,Dương,123 Nguyễn Huệ,Hà Nội,VN,0973105231,527025,1
2871,1436,billing,Tuấn,Vũ,78 Lê Lợi,TP HCM,VN,0985205656,239048,1
2872,1436,shipping,Tuấn,Vũ,78 Lê Lợi,TP HCM,VN,0948417301,871173,1
2873,1437,billing,Hùng,Hoàng,99 Hai Bà Trưng,Quảng Ninh,VN,0989501896,634071,1
2874,1437,shipping,Hùng,Hoàng,22 Trần Hưng Đạo,Quảng Ninh,VN,0972836125,926980,1
2875,1438,billing,Quang,Ngô,78 Lê Lợi,Hà Nội,VN,0986166803,688958,1
2876,1438,shipping,Quang,Ngô,78 Lê Lợi,Hà Nội,VN,0944348450,884743,1
2877,1439,billing,Yến,Bùi,99 Hai Bà Trưng,TP HCM,VN,0957259458,159995,1
2878,1439,shipping,Yến,Bùi,22 Trần Hưng Đạo,TP HCM,VN,0972298655,802232,1
2879,1440,billing,Hoa,Đỗ,99 Hai Bà Trưng,Hà Nội,VN,0919073712,370035,1
2880,1440,shipping,Hoa,Đỗ,78 Lê Lợi,Hà Nội,VN,0968373511,977184,1
2881,1441,billing,Khánh,Dương,78 Lê Lợi,Đồng Nai,VN,0988367970,409055,1
2882,1441,shipping,Khánh,Dương,78 Lê Lợi,Đồng Nai,VN,0989204421,723745,1
2883,1442,billing,Khánh,Bùi,45 Đinh Tiên Hoàng,Bình Dương,VN,0945208023,674033,1
2884,1442,shipping,Khánh,Bùi,78 Lê Lợi,Bình Dương,VN,0989917040,886636,1
2885,1443,billing,Trung,Phan,123 Nguyễn Huệ,Đồng Nai,VN,0915684189,556288,1
2886,1443,shipping,Trung,Phan,123 Nguyễn Huệ,Đồng Nai,VN,0956152384,794360,1
2887,1444,billing,Khánh,Vũ,45 Đinh Tiên Hoàng,Hà Nội,VN,0947734489,331282,1
2888,1444,shipping,Khánh,Vũ,45 Đinh Tiên Hoàng,Hà Nội,VN,0964152274,504650,1
2889,1445,billing,Hoa,Trần,22 Trần Hưng Đạo,Đà Nẵng,VN,0923915079,803455,1
2890,1445,shipping,Hoa,Trần,45 Đinh Tiên Hoàng,Đà Nẵng,VN,0983960529,868879,1
2891,1446,billing,Hùng,Trần,99 Hai Bà Trưng,Hà Nội,VN,0920581018,149900,1
2892,1446,shipping,Hùng,Trần,22 Trần Hưng Đạo,Hà Nội,VN,0986862946,176756,1
2893,1447,billing,Trung,Bùi,123 Nguyễn Huệ,TP HCM,VN,0980122328,366229,1
2894,1447,shipping,Trung,Bùi,99 Hai Bà Trưng,TP HCM,VN,0928126664,417013,1
2895,1448,billing,Yến,Hoàng,123 Nguyễn Huệ,Hà Nội,VN,0976713930,693694,1
2896,1448,shipping,Yến,Hoàng,78 Lê Lợi,Hà Nội,VN,0960389941,815017,1
2897,1449,billing,Lan,Vũ,78 Lê Lợi,Hải Phòng,VN,0934831837,970150,1
2898,1449,shipping,Lan,Vũ,45 Đinh Tiên Hoàng,Hải Phòng,VN,0957165326,502165,1
2899,1450,billing,Lan,Bùi,22 Trần Hưng Đạo,Hải Phòng,VN,0932217985,739455,1
2900,1450,shipping,Lan,Bùi,78 Lê Lợi,Hải Phòng,VN,0933164099,808997,1
2901,1451,billing,Hải,Dương,45 Đinh Tiên Hoàng,Hải Phòng,VN,0910429835,824743,1
2902,1451,shipping,Hải,Dương,78 Lê Lợi,Hải Phòng,VN,0939498946,107125,1
2903,1452,billing,Hải,Hồ,78 Lê Lợi,Hà Nội,VN,0921500123,942003,1
2904,1452,shipping,Hải,Hồ,45 Đinh Tiên Hoàng,Hà Nội,VN,0933599278,618377,1
2905,1453,billing,Ngọc,Dương,123 Nguyễn Huệ,TP HCM,VN,0977235288,614043,1
2906,1453,shipping,Ngọc,Dương,45 Đinh Tiên Hoàng,TP HCM,VN,0953546714,809723,1
2907,1454,billing,Hùng,Nguyễn,78 Lê Lợi,Hà Nội,VN,0963760286,516262,1
2908,1454,shipping,Hùng,Nguyễn,45 Đinh Tiên Hoàng,Hà Nội,VN,0932174085,344354,1
2909,1455,billing,Ngọc,Nguyễn,123 Nguyễn Huệ,Hà Nội,VN,0982723454,639363,1
2910,1455,shipping,Ngọc,Nguyễn,22 Trần Hưng Đạo,Hà Nội,VN,0925497535,451153,1
2911,1456,billing,Trung,Đỗ,99 Hai Bà Trưng,TP HCM,VN,0986476016,268557,1
2912,1456,shipping,Trung,Đỗ,78 Lê Lợi,TP HCM,VN,0916310750,598987,1
2913,1457,billing,Tuấn,Trần,123 Nguyễn Huệ,Đồng Nai,VN,0935331970,297182,1
2914,1457,shipping,Tuấn,Trần,45 Đinh Tiên Hoàng,Đồng Nai,VN,0989807493,888076,1
2915,1458,billing,Thu,Nguyễn,78 Lê Lợi,Quảng Ninh,VN,0990526643,817677,1
2916,1458,shipping,Thu,Nguyễn,22 Trần Hưng Đạo,Quảng Ninh,VN,0952661600,234325,1
2917,1459,billing,Long,Phan,45 Đinh Tiên Hoàng,Hải Phòng,VN,0958486727,894902,1
2918,1459,shipping,Long,Phan,22 Trần Hưng Đạo,Hải Phòng,VN,0987795435,502638,1
2919,1460,billing,Trang,Phan,78 Lê Lợi,Bình Dương,VN,0988030218,319069,1
2920,1460,shipping,Trang,Phan,123 Nguyễn Huệ,Bình Dương,VN,0951062672,731614,1
2921,1461,billing,Ngọc,Đỗ,123 Nguyễn Huệ,TP HCM,VN,0971859019,156286,1
2922,1461,shipping,Ngọc,Đỗ,22 Trần Hưng Đạo,TP HCM,VN,0973660127,475581,1
2923,1462,billing,Anh,Hồ,22 Trần Hưng Đạo,TP HCM,VN,0947677050,139427,1
2924,1462,shipping,Anh,Hồ,99 Hai Bà Trưng,TP HCM,VN,0939433294,506907,1
2925,1463,billing,Việt,Nguyễn,123 Nguyễn Huệ,TP HCM,VN,0934339713,418649,1
2926,1463,shipping,Việt,Nguyễn,45 Đinh Tiên Hoàng,TP HCM,VN,0914394158,178121,1
2927,1464,billing,Linh,Dương,123 Nguyễn Huệ,Đà Nẵng,VN,0989572288,558881,1
2928,1464,shipping,Linh,Dương,123 Nguyễn Huệ,Đà Nẵng,VN,0928065235,434248,1
2929,1465,billing,Khánh,Trần,22 Trần Hưng Đạo,TP HCM,VN,0929080393,328012,1
2930,1465,shipping,Khánh,Trần,22 Trần Hưng Đạo,TP HCM,VN,0951043834,147795,1
2931,1466,billing,Thảo,Hoàng,22 Trần Hưng Đạo,Hà Nội,VN,0937774611,638392,1
2932,1466,shipping,Thảo,Hoàng,22 Trần Hưng Đạo,Hà Nội,VN,0937662520,544488,1
2933,1467,billing,Lan,Trần,123 Nguyễn Huệ,Hà Nội,VN,0960038386,606048,1
2934,1467,shipping,Lan,Trần,78 Lê Lợi,Hà Nội,VN,0973629974,984562,1
2935,1468,billing,Hằng,Đỗ,123 Nguyễn Huệ,Bình Dương,VN,0969093766,533220,1
2936,1468,shipping,Hằng,Đỗ,22 Trần Hưng Đạo,Bình Dương,VN,0916692726,359840,1
2937,1469,billing,Hà,Hoàng,123 Nguyễn Huệ,TP HCM,VN,0915276474,145616,1
2938,1469,shipping,Hà,Hoàng,78 Lê Lợi,TP HCM,VN,0926016814,218070,1
2939,1470,billing,Đức,Lê,123 Nguyễn Huệ,TP HCM,VN,0999438335,280124,1
2940,1470,shipping,Đức,Lê,22 Trần Hưng Đạo,TP HCM,VN,0971273337,556681,1
2941,1471,billing,Hà,Vũ,123 Nguyễn Huệ,Khánh Hòa,VN,0937255027,634182,1
2942,1471,shipping,Hà,Vũ,22 Trần Hưng Đạo,Khánh Hòa,VN,0971047450,250331,1
2943,1472,billing,Minh,Trần,99 Hai Bà Trưng,Hà Nội,VN,0939992045,767420,1
2944,1472,shipping,Minh,Trần,99 Hai Bà Trưng,Hà Nội,VN,0997725437,876522,1
2945,1473,billing,Trung,Hồ,45 Đinh Tiên Hoàng,Đà Nẵng,VN,0999489220,475348,1
2946,1473,shipping,Trung,Hồ,99 Hai Bà Trưng,Đà Nẵng,VN,0967706357,459113,1
2947,1474,billing,Linh,Ngô,78 Lê Lợi,Đồng Nai,VN,0982258358,840138,1
2948,1474,shipping,Linh,Ngô,123 Nguyễn Huệ,Đồng Nai,VN,0927552402,632370,1
2949,1475,billing,Ngọc,Dương,78 Lê Lợi,Hà Nội,VN,0981933200,804495,1
2950,1475,shipping,Ngọc,Dương,78 Lê Lợi,Hà Nội,VN,0955069951,134631,1
2951,1476,billing,Quang,Dương,78 Lê Lợi,Hà Nội,VN,0968009133,360944,1
2952,1476,shipping,Quang,Dương,78 Lê Lợi,Hà Nội,VN,0940158481,952719,1
2953,1477,billing,Lan,Ngô,123 Nguyễn Huệ,TP HCM,VN,0965260503,563191,1
2954,1477,shipping,Lan,Ngô,99 Hai Bà Trưng,TP HCM,VN,0969195988,332859,1
2955,1478,billing,Hà,Hoàng,99 Hai Bà Trưng,Đà Nẵng,VN,0949480972,176297,1
2956,1478,shipping,Hà,Hoàng,123 Nguyễn Huệ,Đà Nẵng,VN,0913178069,763698,1
2957,1479,billing,Trung,Đỗ,22 Trần Hưng Đạo,Đà Nẵng,VN,0936873298,794359,1
2958,1479,shipping,Trung,Đỗ,78 Lê Lợi,Đà Nẵng,VN,0929706114,721744,1
2959,1480,billing,Tuấn,Bùi,78 Lê Lợi,TP HCM,VN,0960786807,904490,1
2960,1480,shipping,Tuấn,Bùi,78 Lê Lợi,TP HCM,VN,0920412867,875142,1
2961,1481,billing,Thành,Vũ,123 Nguyễn Huệ,TP HCM,VN,0975614919,959642,1
2962,1481,shipping,Thành,Vũ,123 Nguyễn Huệ,TP HCM,VN,0940933372,695555,1
2963,1482,billing,Thu,Phan,45 Đinh Tiên Hoàng,TP HCM,VN,0983036861,509826,1
2964,1482,shipping,Thu,Phan,45 Đinh Tiên Hoàng,TP HCM,VN,0917494990,909649,1
2965,1483,billing,Yến,Hồ,99 Hai Bà Trưng,TP HCM,VN,0958506944,627582,1
2966,1483,shipping,Yến,Hồ,45 Đinh Tiên Hoàng,TP HCM,VN,0957018392,705606,1
2967,1484,billing,Yến,Phan,45 Đinh Tiên Hoàng,Quảng Ninh,VN,0993238295,647005,1
2968,1484,shipping,Yến,Phan,45 Đinh Tiên Hoàng,Quảng Ninh,VN,0980075894,223344,1
2969,1485,billing,Ngọc,Lê,45 Đinh Tiên Hoàng,Hà Nội,VN,0928905508,646010,1
2970,1485,shipping,Ngọc,Lê,123 Nguyễn Huệ,Hà Nội,VN,0967622891,871820,1
2971,1486,billing,Thảo,Vũ,123 Nguyễn Huệ,Hà Nội,VN,0981351034,272959,1
2972,1486,shipping,Thảo,Vũ,45 Đinh Tiên Hoàng,Hà Nội,VN,0937574299,918039,1
2973,1487,billing,Mai,Hoàng,45 Đinh Tiên Hoàng,Hải Phòng,VN,0986277749,370252,1
2974,1487,shipping,Mai,Hoàng,123 Nguyễn Huệ,Hải Phòng,VN,0987285676,391372,1
2975,1488,billing,Tuấn,Đỗ,22 Trần Hưng Đạo,Bình Dương,VN,0910271497,835185,1
2976,1488,shipping,Tuấn,Đỗ,123 Nguyễn Huệ,Bình Dương,VN,0974206297,680796,1
2977,1489,billing,Lan,Hoàng,78 Lê Lợi,Hà Nội,VN,0924593541,648777,1
2978,1489,shipping,Lan,Hoàng,123 Nguyễn Huệ,Hà Nội,VN,0954002375,853057,1
2979,1490,billing,Lan,Nguyễn,22 Trần Hưng Đạo,TP HCM,VN,0975142171,478657,1
2980,1490,shipping,Lan,Nguyễn,123 Nguyễn Huệ,TP HCM,VN,0946379178,190490,1
2981,1491,billing,Quang,Lê,123 Nguyễn Huệ,TP HCM,VN,0993000195,114729,1
2982,1491,shipping,Quang,Lê,78 Lê Lợi,TP HCM,VN,0910891153,621487,1
2983,1492,billing,Trang,Hồ,99 Hai Bà Trưng,Hà Nội,VN,0939347201,222843,1
2984,1492,shipping,Trang,Hồ,45 Đinh Tiên Hoàng,Hà Nội,VN,0962991228,730926,1
2985,1493,billing,Khánh,Trần,45 Đinh Tiên Hoàng,Đà Nẵng,VN,0928357920,857827,1
2986,1493,shipping,Khánh,Trần,45 Đinh Tiên Hoàng,Đà Nẵng,VN,0987397303,544969,1
2987,1494,billing,Việt,Trần,22 Trần Hưng Đạo,TP HCM,VN,0983400182,604936,1
2988,1494,shipping,Việt,Trần,45 Đinh Tiên Hoàng,TP HCM,VN,0988075953,319987,1
2989,1495,billing,Nga,Ngô,22 Trần Hưng Đạo,Hà Nội,VN,0943190817,890053,1
2990,1495,shipping,Nga,Ngô,123 Nguyễn Huệ,Hà Nội,VN,0974423464,637722,1
2991,1496,billing,Phương,Lê,22 Trần Hưng Đạo,Hà Nội,VN,0983289632,159768,1
2992,1496,shipping,Phương,Lê,99 Hai Bà Trưng,Hà Nội,VN,0998129105,631469,1
2993,1497,billing,Thảo,Dương,99 Hai Bà Trưng,Hà Nội,VN,0985144783,233789,1
2994,1497,shipping,Thảo,Dương,45 Đinh Tiên Hoàng,Hà Nội,VN,0992205698,992696,1
2995,1498,billing,Mai,Hồ,123 Nguyễn Huệ,TP HCM,VN,0916528690,470724,1
2996,1498,shipping,Mai,Hồ,45 Đinh Tiên Hoàng,TP HCM,VN,0931036327,346328,1
2997,1499,billing,Quang,Lê,99 Hai Bà Trưng,TP HCM,VN,0986814848,267096,1
2998,1499,shipping,Quang,Lê,78 Lê Lợi,TP HCM,VN,0919786439,877623,1
2999,1500,billing,Thành,Hoàng,45 Đinh Tiên Hoàng,TP HCM,VN,0995711675,490205,1
3000,1500,shipping,Thành,Hoàng,22 Trần Hưng Đạo,TP HCM,VN,0936143362,582088,1
3001,1501,billing,Hải,Nguyễn,78 Lê Lợi,Hà Nội,VN,0974836771,525372,1
3002,1501,shipping,Hải,Nguyễn,45 Đinh Tiên Hoàng,Hà Nội,VN,0968134323,538604,1
3003,1502,billing,Hằng,Phan,123 Nguyễn Huệ,Hà Nội,VN,0978515179,414263,1
3004,1502,shipping,Hằng,Phan,123 Nguyễn Huệ,Hà Nội,VN,0995961464,622825,1
3005,1503,billing,Lan,Ngô,123 Nguyễn Huệ,Bình Dương,VN,0982298008,864141,1
3006,1503,shipping,Lan,Ngô,22 Trần Hưng Đạo,Bình Dương,VN,0999747672,303404,1
3007,1504,billing,Việt,Phan,22 Trần Hưng Đạo,Đà Nẵng,VN,0919065570,201075,1
3008,1504,shipping,Việt,Phan,22 Trần Hưng Đạo,Đà Nẵng,VN,0919804345,613565,1
3009,1505,billing,Hà,Phan,78 Lê Lợi,TP HCM,VN,0925990169,355664,1
3010,1505,shipping,Hà,Phan,78 Lê Lợi,TP HCM,VN,0996967804,262514,1
3011,1506,billing,Hà,Phan,22 Trần Hưng Đạo,Hà Nội,VN,0910699421,973154,1
3012,1506,shipping,Hà,Phan,123 Nguyễn Huệ,Hà Nội,VN,0980803117,892099,1
3013,1507,billing,Anh,Dương,22 Trần Hưng Đạo,TP HCM,VN,0978263050,108673,1
3014,1507,shipping,Anh,Dương,45 Đinh Tiên Hoàng,TP HCM,VN,0934584116,396744,1
3015,1508,billing,Thu,Lê,123 Nguyễn Huệ,Khánh Hòa,VN,0988091841,607181,1
3016,1508,shipping,Thu,Lê,123 Nguyễn Huệ,Khánh Hòa,VN,0966230637,294647,1
3017,1509,billing,Quang,Nguyễn,99 Hai Bà Trưng,Khánh Hòa,VN,0942135523,387480,1
3018,1509,shipping,Quang,Nguyễn,22 Trần Hưng Đạo,Khánh Hòa,VN,0955407565,426608,1
3019,1510,billing,Lan,Lê,99 Hai Bà Trưng,TP HCM,VN,0912718967,105401,1
3020,1510,shipping,Lan,Lê,45 Đinh Tiên Hoàng,TP HCM,VN,0991809850,196694,1
3021,1511,billing,Hải,Hồ,78 Lê Lợi,Khánh Hòa,VN,0968024381,621215,1
3022,1511,shipping,Hải,Hồ,45 Đinh Tiên Hoàng,Khánh Hòa,VN,0964771151,115824,1
3023,1512,billing,Hùng,Vũ,99 Hai Bà Trưng,Hà Nội,VN,0984612971,541578,1
3024,1512,shipping,Hùng,Vũ,123 Nguyễn Huệ,Hà Nội,VN,0920363948,975682,1
3025,1513,billing,Quang,Bùi,22 Trần Hưng Đạo,TP HCM,VN,0913383257,602202,1
3026,1513,shipping,Quang,Bùi,45 Đinh Tiên Hoàng,TP HCM,VN,0934215109,318446,1
3027,1514,billing,Đức,Hồ,99 Hai Bà Trưng,Hà Nội,VN,0989956959,568046,1
3028,1514,shipping,Đức,Hồ,123 Nguyễn Huệ,Hà Nội,VN,0983127298,934812,1
3029,1515,billing,Nga,Phan,99 Hai Bà Trưng,Hà Nội,VN,0955364843,250111,1
3030,1515,shipping,Nga,Phan,123 Nguyễn Huệ,Hà Nội,VN,0994041986,810342,1
3031,1516,billing,Long,Lê,99 Hai Bà Trưng,TP HCM,VN,0978709506,952089,1
3032,1516,shipping,Long,Lê,123 Nguyễn Huệ,TP HCM,VN,0925471328,764963,1
3033,1517,billing,Hùng,Phan,78 Lê Lợi,Hà Nội,VN,0993135336,153043,1
3034,1517,shipping,Hùng,Phan,123 Nguyễn Huệ,Hà Nội,VN,0922338385,858204,1
3035,1518,billing,Linh,Hoàng,99 Hai Bà Trưng,Hà Nội,VN,0970266161,912469,1
3036,1518,shipping,Linh,Hoàng,123 Nguyễn Huệ,Hà Nội,VN,0917999364,944057,1
3037,1519,billing,Hải,Hồ,99 Hai Bà Trưng,TP HCM,VN,0925385748,290476,1
3038,1519,shipping,Hải,Hồ,22 Trần Hưng Đạo,TP HCM,VN,0997221118,560235,1
3039,1520,billing,Hằng,Lê,22 Trần Hưng Đạo,Hà Nội,VN,0919779530,671225,1
3040,1520,shipping,Hằng,Lê,123 Nguyễn Huệ,Hà Nội,VN,0984624394,273552,1
3041,1521,billing,Hoa,Lê,99 Hai Bà Trưng,TP HCM,VN,0935631142,796370,1
3042,1521,shipping,Hoa,Lê,123 Nguyễn Huệ,TP HCM,VN,0912033232,828686,1
3043,1522,billing,Trang,Phạm,45 Đinh Tiên Hoàng,Hà Nội,VN,0923198627,701058,1
3044,1522,shipping,Trang,Phạm,45 Đinh Tiên Hoàng,Hà Nội,VN,0990118350,875096,1
3045,1523,billing,Hoa,Dương,99 Hai Bà Trưng,Đà Nẵng,VN,0993897557,781229,1
3046,1523,shipping,Hoa,Dương,123 Nguyễn Huệ,Đà Nẵng,VN,0911854610,817086,1
3047,1524,billing,Yến,Bùi,45 Đinh Tiên Hoàng,Đà Nẵng,VN,0953034475,605714,1
3048,1524,shipping,Yến,Bùi,78 Lê Lợi,Đà Nẵng,VN,0925419956,292104,1
3049,1525,billing,Lan,Bùi,45 Đinh Tiên Hoàng,Đà Nẵng,VN,0918410469,444328,1
3050,1525,shipping,Lan,Bùi,22 Trần Hưng Đạo,Đà Nẵng,VN,0969963842,101022,1
3051,1526,billing,Trung,Vũ,22 Trần Hưng Đạo,TP HCM,VN,0940369170,345640,1
3052,1526,shipping,Trung,Vũ,123 Nguyễn Huệ,TP HCM,VN,0920077260,763976,1
3053,1527,billing,Việt,Ngô,99 Hai Bà Trưng,Hà Nội,VN,0934562398,678452,1
3054,1527,shipping,Việt,Ngô,22 Trần Hưng Đạo,Hà Nội,VN,0994680999,774037,1
3055,1528,billing,Tuấn,Hồ,45 Đinh Tiên Hoàng,Hà Nội,VN,0992324848,173958,1
3056,1528,shipping,Tuấn,Hồ,45 Đinh Tiên Hoàng,Hà Nội,VN,0924810541,864249,1
3057,1529,billing,Hải,Vũ,123 Nguyễn Huệ,Đà Nẵng,VN,0939479707,197442,1
3058,1529,shipping,Hải,Vũ,22 Trần Hưng Đạo,Đà Nẵng,VN,0936044811,124691,1
3059,1530,billing,Khánh,Ngô,99 Hai Bà Trưng,Hà Nội,VN,0982921360,397399,1
3060,1530,shipping,Khánh,Ngô,123 Nguyễn Huệ,Hà Nội,VN,0977299126,543404,1
3061,1531,billing,Đức,Ngô,45 Đinh Tiên Hoàng,Đồng Nai,VN,0915446273,870522,1
3062,1531,shipping,Đức,Ngô,99 Hai Bà Trưng,Đồng Nai,VN,0994180732,357178,1
3063,1532,billing,Minh,Hồ,22 Trần Hưng Đạo,Đà Nẵng,VN,0947862585,796686,1
3064,1532,shipping,Minh,Hồ,78 Lê Lợi,Đà Nẵng,VN,0985465789,943234,1
3065,1533,billing,Tuấn,Phạm,99 Hai Bà Trưng,TP HCM,VN,0955690037,549070,1
3066,1533,shipping,Tuấn,Phạm,99 Hai Bà Trưng,TP HCM,VN,0936054981,388146,1
3067,1534,billing,Quang,Hoàng,78 Lê Lợi,Bình Dương,VN,0915006569,559990,1
3068,1534,shipping,Quang,Hoàng,99 Hai Bà Trưng,Bình Dương,VN,0982225332,441357,1
3069,1535,billing,Hằng,Đỗ,99 Hai Bà Trưng,Hà Nội,VN,0966271394,801266,1
3070,1535,shipping,Hằng,Đỗ,123 Nguyễn Huệ,Hà Nội,VN,0981642799,729621,1
3071,1536,billing,Thành,Vũ,45 Đinh Tiên Hoàng,Khánh Hòa,VN,0926051647,692389,1
3072,1536,shipping,Thành,Vũ,45 Đinh Tiên Hoàng,Khánh Hòa,VN,0988522183,310765,1
3073,1537,billing,Phương,Trần,123 Nguyễn Huệ,TP HCM,VN,0987847194,996549,1
3074,1537,shipping,Phương,Trần,99 Hai Bà Trưng,TP HCM,VN,0927824473,548449,1
3075,1538,billing,Ánh,Phạm,45 Đinh Tiên Hoàng,TP HCM,VN,0915495839,298110,1
3076,1538,shipping,Ánh,Phạm,78 Lê Lợi,TP HCM,VN,0990439848,696387,1
3077,1539,billing,Linh,Đặng,78 Lê Lợi,Bình Dương,VN,0910708842,820557,1
3078,1539,shipping,Linh,Đặng,123 Nguyễn Huệ,Bình Dương,VN,0930797517,339529,1
3079,1540,billing,Nga,Ngô,22 Trần Hưng Đạo,Hà Nội,VN,0923072516,947631,1
3080,1540,shipping,Nga,Ngô,22 Trần Hưng Đạo,Hà Nội,VN,0962901281,139399,1
3081,1541,billing,Anh,Lê,45 Đinh Tiên Hoàng,Đà Nẵng,VN,0939558609,361767,1
3082,1541,shipping,Anh,Lê,99 Hai Bà Trưng,Đà Nẵng,VN,0970524923,807301,1
3083,1542,billing,Long,Ngô,99 Hai Bà Trưng,Quảng Ninh,VN,0911913827,906211,1
3084,1542,shipping,Long,Ngô,78 Lê Lợi,Quảng Ninh,VN,0980796545,625243,1
3085,1543,billing,Ngọc,Nguyễn,22 Trần Hưng Đạo,Hà Nội,VN,0922359828,951753,1
3086,1543,shipping,Ngọc,Nguyễn,78 Lê Lợi,Hà Nội,VN,0966172671,837335,1
3087,1544,billing,Ngọc,Đặng,78 Lê Lợi,Đồng Nai,VN,0936739430,781513,1
3088,1544,shipping,Ngọc,Đặng,123 Nguyễn Huệ,Đồng Nai,VN,0928426462,314594,1
3089,1545,billing,Nga,Phạm,78 Lê Lợi,TP HCM,VN,0920280103,447113,1
3090,1545,shipping,Nga,Phạm,22 Trần Hưng Đạo,TP HCM,VN,0974073500,455919,1
3091,1546,billing,Linh,Vũ,123 Nguyễn Huệ,Hà Nội,VN,0925052334,368697,1
3092,1546,shipping,Linh,Vũ,78 Lê Lợi,Hà Nội,VN,0926565997,981648,1
3093,1547,billing,Hà,Trần,22 Trần Hưng Đạo,Hà Nội,VN,0985743965,985642,1
3094,1547,shipping,Hà,Trần,99 Hai Bà Trưng,Hà Nội,VN,0939683175,140559,1
3095,1548,billing,Hà,Trần,22 Trần Hưng Đạo,Hà Nội,VN,0976224241,832040,1
3096,1548,shipping,Hà,Trần,123 Nguyễn Huệ,Hà Nội,VN,0932091963,308171,1
3097,1549,billing,Hoa,Vũ,45 Đinh Tiên Hoàng,Hà Nội,VN,0925856570,275544,1
3098,1549,shipping,Hoa,Vũ,22 Trần Hưng Đạo,Hà Nội,VN,0958445807,761260,1
3099,1550,billing,Linh,Hoàng,123 Nguyễn Huệ,TP HCM,VN,0987062730,895845,1
3100,1550,shipping,Linh,Hoàng,45 Đinh Tiên Hoàng,TP HCM,VN,0946601509,984685,1
3101,1551,billing,Anh,Hồ,78 Lê Lợi,TP HCM,VN,0977890284,623453,1
3102,1551,shipping,Anh,Hồ,45 Đinh Tiên Hoàng,TP HCM,VN,0974886949,293971,1
3103,1552,billing,Thảo,Bùi,45 Đinh Tiên Hoàng,Hà Nội,VN,0971446320,596516,1
3104,1552,shipping,Thảo,Bùi,123 Nguyễn Huệ,Hà Nội,VN,0996106548,196360,1
3105,1553,billing,Ánh,Hồ,78 Lê Lợi,Hà Nội,VN,0958761984,747917,1
3106,1553,shipping,Ánh,Hồ,123 Nguyễn Huệ,Hà Nội,VN,0917145018,814377,1
3107,1554,billing,Thu,Phạm,78 Lê Lợi,TP HCM,VN,0936773950,896635,1
3108,1554,shipping,Thu,Phạm,22 Trần Hưng Đạo,TP HCM,VN,0966844852,779403,1
3109,1555,billing,Anh,Nguyễn,123 Nguyễn Huệ,Đồng Nai,VN,0940570059,133578,1
3110,1555,shipping,Anh,Nguyễn,99 Hai Bà Trưng,Đồng Nai,VN,0923930241,998428,1
3111,1556,billing,Yến,Hồ,22 Trần Hưng Đạo,Hà Nội,VN,0968862551,613017,1
3112,1556,shipping,Yến,Hồ,45 Đinh Tiên Hoàng,Hà Nội,VN,0913311200,841422,1
3113,1557,billing,Hằng,Trần,99 Hai Bà Trưng,TP HCM,VN,0910569172,750413,1
3114,1557,shipping,Hằng,Trần,22 Trần Hưng Đạo,TP HCM,VN,0946234621,705233,1
3115,1558,billing,Minh,Lê,45 Đinh Tiên Hoàng,Hà Nội,VN,0974693970,202187,1
3116,1558,shipping,Minh,Lê,22 Trần Hưng Đạo,Hà Nội,VN,0972351461,261239,1
3117,1559,billing,Tuấn,Hồ,99 Hai Bà Trưng,Hải Phòng,VN,0966180067,702134,1
3118,1559,shipping,Tuấn,Hồ,123 Nguyễn Huệ,Hải Phòng,VN,0939980761,897075,1
3119,1560,billing,Phương,Ngô,22 Trần Hưng Đạo,Đồng Nai,VN,0916508382,691162,1
3120,1560,shipping,Phương,Ngô,78 Lê Lợi,Đồng Nai,VN,0994852088,319353,1
3121,1561,billing,Tuấn,Phạm,99 Hai Bà Trưng,TP HCM,VN,0938059337,381697,1
3122,1561,shipping,Tuấn,Phạm,99 Hai Bà Trưng,TP HCM,VN,0934684230,323413,1
3123,1562,billing,Mai,Bùi,123 Nguyễn Huệ,TP HCM,VN,0962924146,595261,1
3124,1562,shipping,Mai,Bùi,99 Hai Bà Trưng,TP HCM,VN,0948885549,536422,1
3125,1563,billing,Hằng,Lê,22 Trần Hưng Đạo,TP HCM,VN,0938589136,309919,1
3126,1563,shipping,Hằng,Lê,123 Nguyễn Huệ,TP HCM,VN,0962408257,604951,1
3127,1564,billing,Anh,Đặng,123 Nguyễn Huệ,Đồng Nai,VN,0995702279,705618,1
3128,1564,shipping,Anh,Đặng,99 Hai Bà Trưng,Đồng Nai,VN,0983396891,421472,1
3129,1565,billing,Linh,Lê,22 Trần Hưng Đạo,Quảng Ninh,VN,0966011638,220367,1
3130,1565,shipping,Linh,Lê,45 Đinh Tiên Hoàng,Quảng Ninh,VN,0942417983,874075,1
3131,1566,billing,Nga,Lê,99 Hai Bà Trưng,Đà Nẵng,VN,0928119931,920653,1
3132,1566,shipping,Nga,Lê,22 Trần Hưng Đạo,Đà Nẵng,VN,0930059346,648140,1
3133,1567,billing,Nga,Đỗ,99 Hai Bà Trưng,TP HCM,VN,0926361885,850248,1
3134,1567,shipping,Nga,Đỗ,99 Hai Bà Trưng,TP HCM,VN,0936326967,869554,1
3135,1568,billing,Anh,Vũ,22 Trần Hưng Đạo,Hà Nội,VN,0982374247,862957,1
3136,1568,shipping,Anh,Vũ,99 Hai Bà Trưng,Hà Nội,VN,0955115516,296414,1
3137,1569,billing,Ánh,Nguyễn,22 Trần Hưng Đạo,Hà Nội,VN,0947609956,744040,1
3138,1569,shipping,Ánh,Nguyễn,45 Đinh Tiên Hoàng,Hà Nội,VN,0996587117,848802,1
3139,1570,billing,Hoa,Vũ,78 Lê Lợi,Đà Nẵng,VN,0999657030,364237,1
3140,1570,shipping,Hoa,Vũ,78 Lê Lợi,Đà Nẵng,VN,0934262347,836576,1
3141,1571,billing,Quang,Trần,78 Lê Lợi,Hà Nội,VN,0927874683,366485,1
3142,1571,shipping,Quang,Trần,123 Nguyễn Huệ,Hà Nội,VN,0961247920,180010,1
3143,1572,billing,Quang,Ngô,22 Trần Hưng Đạo,TP HCM,VN,0961907692,896264,1
3144,1572,shipping,Quang,Ngô,45 Đinh Tiên Hoàng,TP HCM,VN,0977390718,610717,1
3145,1573,billing,Quang,Lê,45 Đinh Tiên Hoàng,TP HCM,VN,0941547183,697013,1
3146,1573,shipping,Quang,Lê,78 Lê Lợi,TP HCM,VN,0921499579,607272,1
3147,1574,billing,Phương,Phạm,78 Lê Lợi,Đà Nẵng,VN,0952769418,756638,1
3148,1574,shipping,Phương,Phạm,123 Nguyễn Huệ,Đà Nẵng,VN,0981310134,378683,1
3149,1575,billing,Yến,Đỗ,99 Hai Bà Trưng,Hà Nội,VN,0920355953,346542,1
3150,1575,shipping,Yến,Đỗ,45 Đinh Tiên Hoàng,Hà Nội,VN,0968094271,585589,1
3151,1576,billing,Anh,Đặng,45 Đinh Tiên Hoàng,TP HCM,VN,0938065168,363158,1
3152,1576,shipping,Anh,Đặng,78 Lê Lợi,TP HCM,VN,0926756533,541129,1
3153,1577,billing,Khánh,Ngô,99 Hai Bà Trưng,Hà Nội,VN,0937885386,564902,1
3154,1577,shipping,Khánh,Ngô,99 Hai Bà Trưng,Hà Nội,VN,0995953469,718526,1
3155,1578,billing,Hoa,Phạm,45 Đinh Tiên Hoàng,Hà Nội,VN,0962959158,478772,1
3156,1578,shipping,Hoa,Phạm,78 Lê Lợi,Hà Nội,VN,0990805088,480971,1
3157,1579,billing,Thu,Hồ,45 Đinh Tiên Hoàng,TP HCM,VN,0975869611,933423,1
3158,1579,shipping,Thu,Hồ,99 Hai Bà Trưng,TP HCM,VN,0975165053,218247,1
3159,1580,billing,Thảo,Vũ,45 Đinh Tiên Hoàng,TP HCM,VN,0933270221,131794,1
3160,1580,shipping,Thảo,Vũ,45 Đinh Tiên Hoàng,TP HCM,VN,0919137324,334596,1
3161,1581,billing,Hà,Hoàng,45 Đinh Tiên Hoàng,Hà Nội,VN,0924988814,100245,1
3162,1581,shipping,Hà,Hoàng,45 Đinh Tiên Hoàng,Hà Nội,VN,0938294808,574187,1
3163,1582,billing,Hằng,Đỗ,45 Đinh Tiên Hoàng,Khánh Hòa,VN,0941178317,907521,1
3164,1582,shipping,Hằng,Đỗ,22 Trần Hưng Đạo,Khánh Hòa,VN,0921953508,716011,1
3165,1583,billing,Trang,Nguyễn,123 Nguyễn Huệ,TP HCM,VN,0939114480,982192,1
3166,1583,shipping,Trang,Nguyễn,78 Lê Lợi,TP HCM,VN,0941217738,224026,1
3167,1584,billing,Thảo,Vũ,22 Trần Hưng Đạo,Quảng Ninh,VN,0990683870,222814,1
3168,1584,shipping,Thảo,Vũ,22 Trần Hưng Đạo,Quảng Ninh,VN,0939172765,299760,1
3169,1585,billing,Thảo,Phạm,99 Hai Bà Trưng,Đà Nẵng,VN,0981817718,658752,1
3170,1585,shipping,Thảo,Phạm,45 Đinh Tiên Hoàng,Đà Nẵng,VN,0932321940,461973,1
3171,1586,billing,Hùng,Đỗ,78 Lê Lợi,TP HCM,VN,0917181938,205484,1
3172,1586,shipping,Hùng,Đỗ,123 Nguyễn Huệ,TP HCM,VN,0984052479,919189,1
3173,1587,billing,Quang,Hoàng,78 Lê Lợi,Hà Nội,VN,0930682811,671475,1
3174,1587,shipping,Quang,Hoàng,22 Trần Hưng Đạo,Hà Nội,VN,0975474038,508649,1
3175,1588,billing,Trang,Đỗ,45 Đinh Tiên Hoàng,Đà Nẵng,VN,0977278767,243230,1
3176,1588,shipping,Trang,Đỗ,78 Lê Lợi,Đà Nẵng,VN,0937067100,955099,1
3177,1589,billing,Tuấn,Đặng,123 Nguyễn Huệ,TP HCM,VN,0973089095,911624,1
3178,1589,shipping,Tuấn,Đặng,22 Trần Hưng Đạo,TP HCM,VN,0967105376,100927,1
3179,1590,billing,Ánh,Hoàng,123 Nguyễn Huệ,TP HCM,VN,0940619506,276133,1
3180,1590,shipping,Ánh,Hoàng,22 Trần Hưng Đạo,TP HCM,VN,0981966927,385685,1
3181,1591,billing,Hà,Vũ,45 Đinh Tiên Hoàng,TP HCM,VN,0924281484,182906,1
3182,1591,shipping,Hà,Vũ,78 Lê Lợi,TP HCM,VN,0989868740,114626,1
3183,1592,billing,Ngọc,Lê,22 Trần Hưng Đạo,Hà Nội,VN,0915806891,381763,1
3184,1592,shipping,Ngọc,Lê,22 Trần Hưng Đạo,Hà Nội,VN,0972598716,939173,1
3185,1593,billing,Hải,Đỗ,99 Hai Bà Trưng,Khánh Hòa,VN,0942918570,282829,1
3186,1593,shipping,Hải,Đỗ,45 Đinh Tiên Hoàng,Khánh Hòa,VN,0965097680,594948,1
3187,1594,billing,Thảo,Bùi,123 Nguyễn Huệ,Hà Nội,VN,0959738733,360048,1
3188,1594,shipping,Thảo,Bùi,22 Trần Hưng Đạo,Hà Nội,VN,0995705332,213494,1
3189,1595,billing,Tuấn,Hoàng,123 Nguyễn Huệ,Hải Phòng,VN,0955084879,219954,1
3190,1595,shipping,Tuấn,Hoàng,78 Lê Lợi,Hải Phòng,VN,0922469016,862928,1
3191,1596,billing,Hằng,Hoàng,45 Đinh Tiên Hoàng,TP HCM,VN,0945038629,746195,1
3192,1596,shipping,Hằng,Hoàng,123 Nguyễn Huệ,TP HCM,VN,0971524179,852349,1
3193,1597,billing,Lan,Nguyễn,45 Đinh Tiên Hoàng,Đà Nẵng,VN,0981157120,277898,1
3194,1597,shipping,Lan,Nguyễn,78 Lê Lợi,Đà Nẵng,VN,0954672246,810490,1
3195,1598,billing,Anh,Hồ,123 Nguyễn Huệ,TP HCM,VN,0951708145,505432,1
3196,1598,shipping,Anh,Hồ,99 Hai Bà Trưng,TP HCM,VN,0915977737,864615,1
3197,1599,billing,Thành,Phạm,22 Trần Hưng Đạo,Khánh Hòa,VN,0922572280,450467,1
3198,1599,shipping,Thành,Phạm,45 Đinh Tiên Hoàng,Khánh Hòa,VN,0935939288,858209,1
3199,1600,billing,Linh,Phạm,99 Hai Bà Trưng,TP HCM,VN,0993051699,512397,1
3200,1600,shipping,Linh,Phạm,123 Nguyễn Huệ,TP HCM,VN,0935854779,339836,1
3201,1601,billing,Minh,Phạm,123 Nguyễn Huệ,Hà Nội,VN,0971105571,288847,1
3202,1601,shipping,Minh,Phạm,78 Lê Lợi,Hà Nội,VN,0937037939,313301,1
3203,1602,billing,Hà,Phan,99 Hai Bà Trưng,TP HCM,VN,0976779785,771090,1
3204,1602,shipping,Hà,Phan,123 Nguyễn Huệ,TP HCM,VN,0985509117,964189,1
3205,1603,billing,Hoa,Nguyễn,123 Nguyễn Huệ,Đồng Nai,VN,0930200203,831173,1
3206,1603,shipping,Hoa,Nguyễn,45 Đinh Tiên Hoàng,Đồng Nai,VN,0997425025,326494,1
3207,1604,billing,Mai,Nguyễn,45 Đinh Tiên Hoàng,TP HCM,VN,0935463742,997165,1
3208,1604,shipping,Mai,Nguyễn,78 Lê Lợi,TP HCM,VN,0983230261,376086,1
3209,1605,billing,Hải,Nguyễn,22 Trần Hưng Đạo,TP HCM,VN,0912542095,164740,1
3210,1605,shipping,Hải,Nguyễn,22 Trần Hưng Đạo,TP HCM,VN,0915304494,994224,1
3211,1606,billing,Hà,Phan,45 Đinh Tiên Hoàng,TP HCM,VN,0910210832,923425,1
3212,1606,shipping,Hà,Phan,123 Nguyễn Huệ,TP HCM,VN,0981825525,505972,1
3213,1607,billing,Tuấn,Đặng,45 Đinh Tiên Hoàng,TP HCM,VN,0978877267,537410,1
3214,1607,shipping,Tuấn,Đặng,78 Lê Lợi,TP HCM,VN,0988871137,763634,1
3215,1608,billing,Ngọc,Vũ,99 Hai Bà Trưng,Đà Nẵng,VN,0987605331,905852,1
3216,1608,shipping,Ngọc,Vũ,45 Đinh Tiên Hoàng,Đà Nẵng,VN,0976738801,746376,1
3217,1609,billing,Hoa,Dương,45 Đinh Tiên Hoàng,Hà Nội,VN,0945422567,238153,1
3218,1609,shipping,Hoa,Dương,99 Hai Bà Trưng,Hà Nội,VN,0991598270,832143,1
3219,1610,billing,Ngọc,Vũ,99 Hai Bà Trưng,TP HCM,VN,0923701928,624304,1
3220,1610,shipping,Ngọc,Vũ,78 Lê Lợi,TP HCM,VN,0962361022,966328,1
3221,1611,billing,Hải,Lê,123 Nguyễn Huệ,TP HCM,VN,0991103875,210293,1
3222,1611,shipping,Hải,Lê,99 Hai Bà Trưng,TP HCM,VN,0990778490,380680,1
3223,1612,billing,Tuấn,Trần,78 Lê Lợi,Hà Nội,VN,0934114426,127227,1
3224,1612,shipping,Tuấn,Trần,22 Trần Hưng Đạo,Hà Nội,VN,0986379079,244364,1
3225,1613,billing,Long,Phan,78 Lê Lợi,Hà Nội,VN,0961529218,482904,1
3226,1613,shipping,Long,Phan,45 Đinh Tiên Hoàng,Hà Nội,VN,0990788820,208948,1
3227,1614,billing,Khánh,Ngô,99 Hai Bà Trưng,TP HCM,VN,0937160927,100538,1
3228,1614,shipping,Khánh,Ngô,78 Lê Lợi,TP HCM,VN,0960678861,606414,1
3229,1615,billing,Thành,Bùi,78 Lê Lợi,TP HCM,VN,0924224077,370717,1
3230,1615,shipping,Thành,Bùi,22 Trần Hưng Đạo,TP HCM,VN,0933710470,896822,1
3231,1616,billing,Yến,Dương,22 Trần Hưng Đạo,Hà Nội,VN,0976855085,673313,1
3232,1616,shipping,Yến,Dương,99 Hai Bà Trưng,Hà Nội,VN,0917492361,390935,1
3233,1617,billing,Anh,Vũ,78 Lê Lợi,Hà Nội,VN,0932667556,259501,1
3234,1617,shipping,Anh,Vũ,123 Nguyễn Huệ,Hà Nội,VN,0993336138,559634,1
3235,1618,billing,Ngọc,Phan,22 Trần Hưng Đạo,Hà Nội,VN,0985368913,687690,1
3236,1618,shipping,Ngọc,Phan,78 Lê Lợi,Hà Nội,VN,0978748319,934803,1
3237,1619,billing,Minh,Lê,123 Nguyễn Huệ,TP HCM,VN,0988474375,835717,1
3238,1619,shipping,Minh,Lê,123 Nguyễn Huệ,TP HCM,VN,0936000179,325062,1
3239,1620,billing,Mai,Nguyễn,123 Nguyễn Huệ,Hà Nội,VN,0972067149,830970,1
3240,1620,shipping,Mai,Nguyễn,123 Nguyễn Huệ,Hà Nội,VN,0979302655,863082,1
3241,1621,billing,Trung,Lê,123 Nguyễn Huệ,TP HCM,VN,0935621474,817694,1
3242,1621,shipping,Trung,Lê,78 Lê Lợi,TP HCM,VN,0924171520,550556,1
3243,1622,billing,Hùng,Phan,78 Lê Lợi,Hà Nội,VN,0958727114,368769,1
3244,1622,shipping,Hùng,Phan,22 Trần Hưng Đạo,Hà Nội,VN,0953932809,927016,1
3245,1623,billing,Anh,Trần,45 Đinh Tiên Hoàng,Hà Nội,VN,0940222881,743209,1
3246,1623,shipping,Anh,Trần,99 Hai Bà Trưng,Hà Nội,VN,0919650103,996275,1
3247,1624,billing,Tuấn,Bùi,22 Trần Hưng Đạo,TP HCM,VN,0913665576,321892,1
3248,1624,shipping,Tuấn,Bùi,22 Trần Hưng Đạo,TP HCM,VN,0996981933,826556,1
3249,1625,billing,Yến,Bùi,45 Đinh Tiên Hoàng,TP HCM,VN,0924642858,114722,1
3250,1625,shipping,Yến,Bùi,45 Đinh Tiên Hoàng,TP HCM,VN,0959872873,788144,1
3251,1626,billing,Yến,Hồ,123 Nguyễn Huệ,Hà Nội,VN,0921379140,825206,1
3252,1626,shipping,Yến,Hồ,22 Trần Hưng Đạo,Hà Nội,VN,0937616386,433627,1
3253,1627,billing,Khánh,Vũ,45 Đinh Tiên Hoàng,Hà Nội,VN,0973183160,617020,1
3254,1627,shipping,Khánh,Vũ,22 Trần Hưng Đạo,Hà Nội,VN,0920899793,293034,1
3255,1628,billing,Khánh,Hoàng,78 Lê Lợi,Hà Nội,VN,0991961216,944080,1
3256,1628,shipping,Khánh,Hoàng,45 Đinh Tiên Hoàng,Hà Nội,VN,0914268854,845769,1
3257,1629,billing,Trung,Đặng,99 Hai Bà Trưng,Hà Nội,VN,0953753697,434580,1
3258,1629,shipping,Trung,Đặng,78 Lê Lợi,Hà Nội,VN,0951146686,469580,1
3259,1630,billing,Đức,Ngô,99 Hai Bà Trưng,Đà Nẵng,VN,0958533654,113177,1
3260,1630,shipping,Đức,Ngô,78 Lê Lợi,Đà Nẵng,VN,0921288634,687814,1
3261,1631,billing,Minh,Nguyễn,123 Nguyễn Huệ,Khánh Hòa,VN,0915945022,788515,1
3262,1631,shipping,Minh,Nguyễn,22 Trần Hưng Đạo,Khánh Hòa,VN,0960295644,390453,1
3263,1632,billing,Minh,Hồ,45 Đinh Tiên Hoàng,Hải Phòng,VN,0982159742,778555,1
3264,1632,shipping,Minh,Hồ,22 Trần Hưng Đạo,Hải Phòng,VN,0911682518,706544,1
3265,1633,billing,Trung,Dương,99 Hai Bà Trưng,TP HCM,VN,0998088194,306443,1
3266,1633,shipping,Trung,Dương,22 Trần Hưng Đạo,TP HCM,VN,0983547639,328206,1
3267,1634,billing,Quang,Dương,45 Đinh Tiên Hoàng,Bình Dương,VN,0921886704,704658,1
3268,1634,shipping,Quang,Dương,99 Hai Bà Trưng,Bình Dương,VN,0912569381,122178,1
3269,1635,billing,Quang,Đặng,99 Hai Bà Trưng,TP HCM,VN,0940371694,562293,1
3270,1635,shipping,Quang,Đặng,45 Đinh Tiên Hoàng,TP HCM,VN,0978165457,798123,1
3271,1636,billing,Ngọc,Hoàng,123 Nguyễn Huệ,Hà Nội,VN,0941996812,356624,1
3272,1636,shipping,Ngọc,Hoàng,99 Hai Bà Trưng,Hà Nội,VN,0998761836,344622,1
3273,1637,billing,Bình,Lê,22 Trần Hưng Đạo,TP HCM,VN,0926629767,309036,1
3274,1637,shipping,Bình,Lê,45 Đinh Tiên Hoàng,TP HCM,VN,0975564277,693906,1
3275,1638,billing,Anh,Dương,123 Nguyễn Huệ,Hải Phòng,VN,0937949530,830453,1
3276,1638,shipping,Anh,Dương,45 Đinh Tiên Hoàng,Hải Phòng,VN,0932443703,279008,1
3277,1639,billing,Hằng,Đặng,78 Lê Lợi,TP HCM,VN,0938446571,761484,1
3278,1639,shipping,Hằng,Đặng,123 Nguyễn Huệ,TP HCM,VN,0949885188,735897,1
3279,1640,billing,Thu,Hồ,123 Nguyễn Huệ,Đà Nẵng,VN,0914639213,122729,1
3280,1640,shipping,Thu,Hồ,99 Hai Bà Trưng,Đà Nẵng,VN,0990768561,962247,1
3281,1641,billing,Ngọc,Vũ,123 Nguyễn Huệ,TP HCM,VN,0948779278,796563,1
3282,1641,shipping,Ngọc,Vũ,78 Lê Lợi,TP HCM,VN,0978410085,821608,1
3283,1642,billing,Đức,Phan,45 Đinh Tiên Hoàng,TP HCM,VN,0937156508,125189,1
3284,1642,shipping,Đức,Phan,99 Hai Bà Trưng,TP HCM,VN,0961873722,974508,1
3285,1643,billing,Anh,Hoàng,123 Nguyễn Huệ,Hà Nội,VN,0961760164,413244,1
3286,1643,shipping,Anh,Hoàng,45 Đinh Tiên Hoàng,Hà Nội,VN,0969794652,601875,1
3287,1644,billing,Lan,Bùi,45 Đinh Tiên Hoàng,Hà Nội,VN,0960181802,704701,1
3288,1644,shipping,Lan,Bùi,78 Lê Lợi,Hà Nội,VN,0975668911,291062,1
3289,1645,billing,Việt,Phạm,123 Nguyễn Huệ,Hà Nội,VN,0948868252,206803,1
3290,1645,shipping,Việt,Phạm,45 Đinh Tiên Hoàng,Hà Nội,VN,0976059213,125004,1
3291,1646,billing,Việt,Hoàng,45 Đinh Tiên Hoàng,Hà Nội,VN,0993965741,248161,1
3292,1646,shipping,Việt,Hoàng,99 Hai Bà Trưng,Hà Nội,VN,0956230986,796161,1
3293,1647,billing,Tuấn,Nguyễn,22 Trần Hưng Đạo,Hà Nội,VN,0996789695,974220,1
3294,1647,shipping,Tuấn,Nguyễn,45 Đinh Tiên Hoàng,Hà Nội,VN,0983079785,495006,1
3295,1648,billing,Long,Bùi,78 Lê Lợi,TP HCM,VN,0954945098,742167,1
3296,1648,shipping,Long,Bùi,123 Nguyễn Huệ,TP HCM,VN,0932843301,573232,1
3297,1649,billing,Bình,Ngô,22 Trần Hưng Đạo,Hải Phòng,VN,0970739929,984524,1
3298,1649,shipping,Bình,Ngô,123 Nguyễn Huệ,Hải Phòng,VN,0997058516,918574,1
3299,1650,billing,Lan,Nguyễn,22 Trần Hưng Đạo,Hà Nội,VN,0977862583,441072,1
3300,1650,shipping,Lan,Nguyễn,99 Hai Bà Trưng,Hà Nội,VN,0918306178,687561,1
3301,1651,billing,Quang,Phan,78 Lê Lợi,Hà Nội,VN,0980062866,738868,1
3302,1651,shipping,Quang,Phan,123 Nguyễn Huệ,Hà Nội,VN,0973103857,247522,1
3303,1652,billing,Bình,Dương,99 Hai Bà Trưng,TP HCM,VN,0963302611,379772,1
3304,1652,shipping,Bình,Dương,78 Lê Lợi,TP HCM,VN,0956594938,184472,1
3305,1653,billing,Hoa,Ngô,99 Hai Bà Trưng,Hà Nội,VN,0979217471,167538,1
3306,1653,shipping,Hoa,Ngô,78 Lê Lợi,Hà Nội,VN,0937578432,825229,1
3307,1654,billing,Ánh,Hoàng,123 Nguyễn Huệ,Khánh Hòa,VN,0936363233,350907,1
3308,1654,shipping,Ánh,Hoàng,45 Đinh Tiên Hoàng,Khánh Hòa,VN,0983602295,263364,1
3309,1655,billing,Hải,Phan,99 Hai Bà Trưng,Bình Dương,VN,0921780520,829750,1
3310,1655,shipping,Hải,Phan,123 Nguyễn Huệ,Bình Dương,VN,0994109565,592105,1
3311,1656,billing,Ánh,Phạm,123 Nguyễn Huệ,TP HCM,VN,0918198580,570330,1
3312,1656,shipping,Ánh,Phạm,45 Đinh Tiên Hoàng,TP HCM,VN,0917595252,893048,1
3313,1657,billing,Linh,Đỗ,78 Lê Lợi,TP HCM,VN,0955821114,791374,1
3314,1657,shipping,Linh,Đỗ,78 Lê Lợi,TP HCM,VN,0950430360,976428,1
3315,1658,billing,Hải,Hoàng,123 Nguyễn Huệ,Hà Nội,VN,0995033455,357996,1
3316,1658,shipping,Hải,Hoàng,99 Hai Bà Trưng,Hà Nội,VN,0985424607,190064,1
3317,1659,billing,Khánh,Trần,22 Trần Hưng Đạo,Hà Nội,VN,0923569730,384292,1
3318,1659,shipping,Khánh,Trần,22 Trần Hưng Đạo,Hà Nội,VN,0946226130,275351,1
3319,1660,billing,Hải,Bùi,123 Nguyễn Huệ,TP HCM,VN,0935880536,738617,1
3320,1660,shipping,Hải,Bùi,22 Trần Hưng Đạo,TP HCM,VN,0950552271,246565,1
3321,1661,billing,Hoa,Vũ,78 Lê Lợi,TP HCM,VN,0957107666,631074,1
3322,1661,shipping,Hoa,Vũ,99 Hai Bà Trưng,TP HCM,VN,0980121095,250909,1
3323,1662,billing,Trung,Hoàng,45 Đinh Tiên Hoàng,Hà Nội,VN,0969220653,880552,1
3324,1662,shipping,Trung,Hoàng,123 Nguyễn Huệ,Hà Nội,VN,0999188881,616261,1
3325,1663,billing,Thành,Đặng,45 Đinh Tiên Hoàng,Hà Nội,VN,0944673555,307387,1
3326,1663,shipping,Thành,Đặng,45 Đinh Tiên Hoàng,Hà Nội,VN,0933627924,614464,1
3327,1664,billing,Thảo,Hoàng,45 Đinh Tiên Hoàng,Hà Nội,VN,0927497441,232212,1
3328,1664,shipping,Thảo,Hoàng,123 Nguyễn Huệ,Hà Nội,VN,0943470118,743423,1
3329,1665,billing,Hoa,Dương,123 Nguyễn Huệ,Hà Nội,VN,0998958489,656228,1
3330,1665,shipping,Hoa,Dương,22 Trần Hưng Đạo,Hà Nội,VN,0961163320,788244,1
3331,1666,billing,Hải,Trần,22 Trần Hưng Đạo,TP HCM,VN,0931647587,443116,1
3332,1666,shipping,Hải,Trần,78 Lê Lợi,TP HCM,VN,0951457320,713668,1
3333,1667,billing,Khánh,Đặng,123 Nguyễn Huệ,TP HCM,VN,0969108108,963113,1
3334,1667,shipping,Khánh,Đặng,99 Hai Bà Trưng,TP HCM,VN,0932159620,243221,1
3335,1668,billing,Anh,Vũ,99 Hai Bà Trưng,Hà Nội,VN,0918079268,322262,1
3336,1668,shipping,Anh,Vũ,78 Lê Lợi,Hà Nội,VN,0924340872,393463,1
3337,1669,billing,Thảo,Trần,78 Lê Lợi,Hà Nội,VN,0983768169,514452,1
3338,1669,shipping,Thảo,Trần,45 Đinh Tiên Hoàng,Hà Nội,VN,0947854689,580759,1
3339,1670,billing,Phương,Đỗ,78 Lê Lợi,TP HCM,VN,0971690267,371793,1
3340,1670,shipping,Phương,Đỗ,123 Nguyễn Huệ,TP HCM,VN,0992711390,971315,1
3341,1671,billing,Hùng,Lê,22 Trần Hưng Đạo,TP HCM,VN,0925104278,537457,1
3342,1671,shipping,Hùng,Lê,99 Hai Bà Trưng,TP HCM,VN,0961339485,295653,1
3343,1672,billing,Nga,Đỗ,22 Trần Hưng Đạo,Hà Nội,VN,0996257262,580974,1
3344,1672,shipping,Nga,Đỗ,78 Lê Lợi,Hà Nội,VN,0994031880,546426,1
3345,1673,billing,Hùng,Ngô,78 Lê Lợi,Hà Nội,VN,0941957836,391685,1
3346,1673,shipping,Hùng,Ngô,22 Trần Hưng Đạo,Hà Nội,VN,0985061224,234040,1
3347,1674,billing,Thành,Hoàng,123 Nguyễn Huệ,TP HCM,VN,0969265021,884449,1
3348,1674,shipping,Thành,Hoàng,45 Đinh Tiên Hoàng,TP HCM,VN,0958358166,191557,1
3349,1675,billing,Ngọc,Phan,123 Nguyễn Huệ,Hải Phòng,VN,0945568017,321612,1
3350,1675,shipping,Ngọc,Phan,78 Lê Lợi,Hải Phòng,VN,0996337285,550868,1
3351,1676,billing,Khánh,Lê,99 Hai Bà Trưng,TP HCM,VN,0944734853,475582,1
3352,1676,shipping,Khánh,Lê,22 Trần Hưng Đạo,TP HCM,VN,0984718912,514946,1
3353,1677,billing,Thảo,Trần,123 Nguyễn Huệ,TP HCM,VN,0998151724,799558,1
3354,1677,shipping,Thảo,Trần,123 Nguyễn Huệ,TP HCM,VN,0950025926,241377,1
3355,1678,billing,Yến,Lê,22 Trần Hưng Đạo,Đồng Nai,VN,0944666553,749657,1
3356,1678,shipping,Yến,Lê,99 Hai Bà Trưng,Đồng Nai,VN,0984652673,529049,1
3357,1679,billing,Minh,Ngô,123 Nguyễn Huệ,Hà Nội,VN,0942219907,768288,1
3358,1679,shipping,Minh,Ngô,45 Đinh Tiên Hoàng,Hà Nội,VN,0972050201,128347,1
3359,1680,billing,Thành,Phạm,99 Hai Bà Trưng,Bình Dương,VN,0985311516,823024,1
3360,1680,shipping,Thành,Phạm,123 Nguyễn Huệ,Bình Dương,VN,0944976629,933476,1
3361,1681,billing,Khánh,Nguyễn,123 Nguyễn Huệ,Hải Phòng,VN,0946598176,918058,1
3362,1681,shipping,Khánh,Nguyễn,78 Lê Lợi,Hải Phòng,VN,0916346763,525134,1
3363,1682,billing,Khánh,Phạm,22 Trần Hưng Đạo,Hà Nội,VN,0940705388,533829,1
3364,1682,shipping,Khánh,Phạm,45 Đinh Tiên Hoàng,Hà Nội,VN,0932908228,995668,1
3365,1683,billing,Trang,Phạm,78 Lê Lợi,TP HCM,VN,0934711812,114841,1
3366,1683,shipping,Trang,Phạm,45 Đinh Tiên Hoàng,TP HCM,VN,0968465467,502819,1
3367,1684,billing,Hải,Bùi,22 Trần Hưng Đạo,Hà Nội,VN,0925098871,376832,1
3368,1684,shipping,Hải,Bùi,99 Hai Bà Trưng,Hà Nội,VN,0929836833,133415,1
3369,1685,billing,Thu,Đỗ,123 Nguyễn Huệ,TP HCM,VN,0967355841,776872,1
3370,1685,shipping,Thu,Đỗ,78 Lê Lợi,TP HCM,VN,0974322770,542674,1
3371,1686,billing,Đức,Bùi,45 Đinh Tiên Hoàng,TP HCM,VN,0977371632,833779,1
3372,1686,shipping,Đức,Bùi,78 Lê Lợi,TP HCM,VN,0975759170,885068,1
3373,1687,billing,Thành,Lê,22 Trần Hưng Đạo,TP HCM,VN,0969899757,839222,1
3374,1687,shipping,Thành,Lê,45 Đinh Tiên Hoàng,TP HCM,VN,0984449280,844085,1
3375,1688,billing,Linh,Hồ,123 Nguyễn Huệ,TP HCM,VN,0998517369,331026,1
3376,1688,shipping,Linh,Hồ,78 Lê Lợi,TP HCM,VN,0926000011,532279,1
3377,1689,billing,Thành,Hồ,78 Lê Lợi,Hà Nội,VN,0934526757,617351,1
3378,1689,shipping,Thành,Hồ,123 Nguyễn Huệ,Hà Nội,VN,0964989910,905121,1
3379,1690,billing,Long,Hồ,78 Lê Lợi,TP HCM,VN,0996699185,601830,1
3380,1690,shipping,Long,Hồ,123 Nguyễn Huệ,TP HCM,VN,0992500387,303798,1
3381,1691,billing,Quang,Đặng,45 Đinh Tiên Hoàng,TP HCM,VN,0981814794,799955,1
3382,1691,shipping,Quang,Đặng,78 Lê Lợi,TP HCM,VN,0949343418,310155,1
3383,1692,billing,Ngọc,Đặng,99 Hai Bà Trưng,Bình Dương,VN,0927964695,573075,1
3384,1692,shipping,Ngọc,Đặng,99 Hai Bà Trưng,Bình Dương,VN,0958863133,803612,1
3385,1693,billing,Thảo,Đặng,99 Hai Bà Trưng,Hà Nội,VN,0960676149,640030,1
3386,1693,shipping,Thảo,Đặng,45 Đinh Tiên Hoàng,Hà Nội,VN,0919560957,594202,1
3387,1694,billing,Thảo,Phạm,78 Lê Lợi,TP HCM,VN,0983189520,268288,1
3388,1694,shipping,Thảo,Phạm,22 Trần Hưng Đạo,TP HCM,VN,0960721922,824413,1
3389,1695,billing,Trang,Phạm,99 Hai Bà Trưng,Hà Nội,VN,0926250081,914833,1
3390,1695,shipping,Trang,Phạm,123 Nguyễn Huệ,Hà Nội,VN,0919595435,409874,1
3391,1696,billing,Đức,Phan,99 Hai Bà Trưng,Khánh Hòa,VN,0982984937,922494,1
3392,1696,shipping,Đức,Phan,45 Đinh Tiên Hoàng,Khánh Hòa,VN,0910667335,254536,1
3393,1697,billing,Hà,Hồ,45 Đinh Tiên Hoàng,Bình Dương,VN,0955786015,758241,1
3394,1697,shipping,Hà,Hồ,123 Nguyễn Huệ,Bình Dương,VN,0969328443,653882,1
3395,1698,billing,Lan,Trần,99 Hai Bà Trưng,Đà Nẵng,VN,0954122684,527298,1
3396,1698,shipping,Lan,Trần,78 Lê Lợi,Đà Nẵng,VN,0924004702,932898,1
3397,1699,billing,Ánh,Bùi,99 Hai Bà Trưng,Hà Nội,VN,0959965979,181075,1
3398,1699,shipping,Ánh,Bùi,22 Trần Hưng Đạo,Hà Nội,VN,0960876985,959662,1
3399,1700,billing,Trang,Đỗ,45 Đinh Tiên Hoàng,Hà Nội,VN,0943893647,793834,1
3400,1700,shipping,Trang,Đỗ,45 Đinh Tiên Hoàng,Hà Nội,VN,0958428849,443189,1
3401,1701,billing,Mai,Dương,78 Lê Lợi,Hà Nội,VN,0936208986,710815,1
3402,1701,shipping,Mai,Dương,78 Lê Lợi,Hà Nội,VN,0919654185,611822,1
3403,1702,billing,Long,Phạm,123 Nguyễn Huệ,TP HCM,VN,0955556032,289321,1
3404,1702,shipping,Long,Phạm,99 Hai Bà Trưng,TP HCM,VN,0976440893,318392,1
3405,1703,billing,Mai,Nguyễn,123 Nguyễn Huệ,Hà Nội,VN,0920906918,944888,1
3406,1703,shipping,Mai,Nguyễn,78 Lê Lợi,Hà Nội,VN,0961539837,679208,1
3407,1704,billing,Yến,Vũ,45 Đinh Tiên Hoàng,Hà Nội,VN,0918985092,249946,1
3408,1704,shipping,Yến,Vũ,78 Lê Lợi,Hà Nội,VN,0995571465,784039,1
3409,1705,billing,Lan,Nguyễn,45 Đinh Tiên Hoàng,Hà Nội,VN,0998975348,880969,1
3410,1705,shipping,Lan,Nguyễn,45 Đinh Tiên Hoàng,Hà Nội,VN,0912459183,716916,1
3411,1706,billing,Trung,Vũ,45 Đinh Tiên Hoàng,Đà Nẵng,VN,0919107768,836986,1
3412,1706,shipping,Trung,Vũ,22 Trần Hưng Đạo,Đà Nẵng,VN,0939072842,666027,1
3413,1707,billing,Ngọc,Ngô,99 Hai Bà Trưng,Đà Nẵng,VN,0913206974,241569,1
3414,1707,shipping,Ngọc,Ngô,45 Đinh Tiên Hoàng,Đà Nẵng,VN,0929097649,927521,1
3415,1708,billing,Bình,Nguyễn,22 Trần Hưng Đạo,Hà Nội,VN,0978363687,518400,1
3416,1708,shipping,Bình,Nguyễn,99 Hai Bà Trưng,Hà Nội,VN,0926796133,255847,1
3417,1709,billing,Tuấn,Phan,99 Hai Bà Trưng,TP HCM,VN,0931540916,337704,1
3418,1709,shipping,Tuấn,Phan,123 Nguyễn Huệ,TP HCM,VN,0915544557,360819,1
3419,1710,billing,Long,Hoàng,123 Nguyễn Huệ,Hải Phòng,VN,0991718218,185436,1
3420,1710,shipping,Long,Hoàng,123 Nguyễn Huệ,Hải Phòng,VN,0931109377,545956,1
3421,1711,billing,Linh,Trần,78 Lê Lợi,TP HCM,VN,0948191448,231184,1
3422,1711,shipping,Linh,Trần,123 Nguyễn Huệ,TP HCM,VN,0950827718,499495,1
3423,1712,billing,Yến,Đỗ,22 Trần Hưng Đạo,Hà Nội,VN,0967499704,208594,1
3424,1712,shipping,Yến,Đỗ,22 Trần Hưng Đạo,Hà Nội,VN,0998060759,369719,1
3425,1713,billing,Quang,Dương,22 Trần Hưng Đạo,Quảng Ninh,VN,0929884531,935385,1
3426,1713,shipping,Quang,Dương,99 Hai Bà Trưng,Quảng Ninh,VN,0955590296,359433,1
3427,1714,billing,Thu,Phạm,99 Hai Bà Trưng,Quảng Ninh,VN,0941696951,685433,1
3428,1714,shipping,Thu,Phạm,78 Lê Lợi,Quảng Ninh,VN,0933262536,493897,1
3429,1715,billing,Thành,Hồ,78 Lê Lợi,Quảng Ninh,VN,0917494926,140292,1
3430,1715,shipping,Thành,Hồ,99 Hai Bà Trưng,Quảng Ninh,VN,0979970753,914776,1
3431,1716,billing,Hằng,Nguyễn,22 Trần Hưng Đạo,TP HCM,VN,0991928896,185631,1
3432,1716,shipping,Hằng,Nguyễn,22 Trần Hưng Đạo,TP HCM,VN,0950326175,294440,1
3433,1717,billing,Lan,Đặng,123 Nguyễn Huệ,Hà Nội,VN,0972975536,483007,1
3434,1717,shipping,Lan,Đặng,45 Đinh Tiên Hoàng,Hà Nội,VN,0953822108,493301,1
3435,1718,billing,Tuấn,Trần,45 Đinh Tiên Hoàng,Đà Nẵng,VN,0963001172,308604,1
3436,1718,shipping,Tuấn,Trần,99 Hai Bà Trưng,Đà Nẵng,VN,0999840855,111412,1
3437,1719,billing,Minh,Nguyễn,45 Đinh Tiên Hoàng,Hà Nội,VN,0919160135,119818,1
3438,1719,shipping,Minh,Nguyễn,22 Trần Hưng Đạo,Hà Nội,VN,0935153212,965492,1
3439,1720,billing,Thành,Bùi,123 Nguyễn Huệ,Hà Nội,VN,0939401270,830504,1
3440,1720,shipping,Thành,Bùi,123 Nguyễn Huệ,Hà Nội,VN,0986158990,737078,1
3441,1721,billing,Anh,Lê,22 Trần Hưng Đạo,Hà Nội,VN,0962497958,271782,1
3442,1721,shipping,Anh,Lê,45 Đinh Tiên Hoàng,Hà Nội,VN,0989383024,104791,1
3443,1722,billing,Hà,Bùi,22 Trần Hưng Đạo,Khánh Hòa,VN,0941155097,802342,1
3444,1722,shipping,Hà,Bùi,78 Lê Lợi,Khánh Hòa,VN,0974695308,834819,1
3445,1723,billing,Thành,Đỗ,123 Nguyễn Huệ,TP HCM,VN,0925914178,796092,1
3446,1723,shipping,Thành,Đỗ,45 Đinh Tiên Hoàng,TP HCM,VN,0963889666,345342,1
3447,1724,billing,Anh,Trần,78 Lê Lợi,TP HCM,VN,0931023797,618943,1
3448,1724,shipping,Anh,Trần,22 Trần Hưng Đạo,TP HCM,VN,0965316210,389833,1
3449,1725,billing,Đức,Phan,45 Đinh Tiên Hoàng,Đà Nẵng,VN,0968424153,387528,1
3450,1725,shipping,Đức,Phan,99 Hai Bà Trưng,Đà Nẵng,VN,0936631902,697538,1
3451,1726,billing,Trang,Đỗ,123 Nguyễn Huệ,Bình Dương,VN,0996322281,562329,1
3452,1726,shipping,Trang,Đỗ,123 Nguyễn Huệ,Bình Dương,VN,0940155523,235793,1
3453,1727,billing,Việt,Ngô,99 Hai Bà Trưng,TP HCM,VN,0974663913,454358,1
3454,1727,shipping,Việt,Ngô,45 Đinh Tiên Hoàng,TP HCM,VN,0940837908,456017,1
3455,1728,billing,Hằng,Lê,22 Trần Hưng Đạo,Hà Nội,VN,0938205392,810992,1
3456,1728,shipping,Hằng,Lê,22 Trần Hưng Đạo,Hà Nội,VN,0926031863,149612,1
3457,1729,billing,Nga,Dương,78 Lê Lợi,TP HCM,VN,0910384812,661304,1
3458,1729,shipping,Nga,Dương,78 Lê Lợi,TP HCM,VN,0944850297,149279,1
3459,1730,billing,Thành,Dương,22 Trần Hưng Đạo,TP HCM,VN,0979830726,422573,1
3460,1730,shipping,Thành,Dương,78 Lê Lợi,TP HCM,VN,0937819862,467489,1
3461,1731,billing,Lan,Đỗ,123 Nguyễn Huệ,TP HCM,VN,0915108775,683856,1
3462,1731,shipping,Lan,Đỗ,22 Trần Hưng Đạo,TP HCM,VN,0984372252,355752,1
3463,1732,billing,Quang,Vũ,99 Hai Bà Trưng,Hà Nội,VN,0956999173,676258,1
3464,1732,shipping,Quang,Vũ,78 Lê Lợi,Hà Nội,VN,0923439001,265313,1
3465,1733,billing,Trung,Lê,99 Hai Bà Trưng,Hà Nội,VN,0992225734,123286,1
3466,1733,shipping,Trung,Lê,22 Trần Hưng Đạo,Hà Nội,VN,0957325673,148694,1
3467,1734,billing,Nga,Dương,123 Nguyễn Huệ,Khánh Hòa,VN,0921953893,450748,1
3468,1734,shipping,Nga,Dương,99 Hai Bà Trưng,Khánh Hòa,VN,0954755652,683260,1
3469,1735,billing,Thu,Lê,99 Hai Bà Trưng,Quảng Ninh,VN,0932232071,759124,1
3470,1735,shipping,Thu,Lê,99 Hai Bà Trưng,Quảng Ninh,VN,0980304100,555536,1
3471,1736,billing,Khánh,Đặng,22 Trần Hưng Đạo,Khánh Hòa,VN,0917867328,727153,1
3472,1736,shipping,Khánh,Đặng,78 Lê Lợi,Khánh Hòa,VN,0960419434,280772,1
3473,1737,billing,Thành,Vũ,78 Lê Lợi,Hà Nội,VN,0986380569,641199,1
3474,1737,shipping,Thành,Vũ,45 Đinh Tiên Hoàng,Hà Nội,VN,0997884762,402776,1
3475,1738,billing,Quang,Vũ,99 Hai Bà Trưng,Khánh Hòa,VN,0992885311,809001,1
3476,1738,shipping,Quang,Vũ,78 Lê Lợi,Khánh Hòa,VN,0963554144,538421,1
3477,1739,billing,Thu,Bùi,22 Trần Hưng Đạo,Hải Phòng,VN,0938924804,604146,1
3478,1739,shipping,Thu,Bùi,45 Đinh Tiên Hoàng,Hải Phòng,VN,0947786712,342818,1
3479,1740,billing,Hằng,Nguyễn,99 Hai Bà Trưng,Hải Phòng,VN,0916417642,857841,1
3480,1740,shipping,Hằng,Nguyễn,78 Lê Lợi,Hải Phòng,VN,0998235991,797916,1
3481,1741,billing,Lan,Hoàng,99 Hai Bà Trưng,Đà Nẵng,VN,0914643233,775476,1
3482,1741,shipping,Lan,Hoàng,45 Đinh Tiên Hoàng,Đà Nẵng,VN,0969980123,533720,1
3483,1742,billing,Trang,Đỗ,22 Trần Hưng Đạo,Hà Nội,VN,0959359909,769135,1
3484,1742,shipping,Trang,Đỗ,123 Nguyễn Huệ,Hà Nội,VN,0974840261,636332,1
3485,1743,billing,Hoa,Dương,45 Đinh Tiên Hoàng,TP HCM,VN,0950901735,355896,1
3486,1743,shipping,Hoa,Dương,78 Lê Lợi,TP HCM,VN,0984717916,308322,1
3487,1744,billing,Linh,Hoàng,99 Hai Bà Trưng,TP HCM,VN,0938170008,394058,1
3488,1744,shipping,Linh,Hoàng,99 Hai Bà Trưng,TP HCM,VN,0939065811,100817,1
3489,1745,billing,Hằng,Nguyễn,45 Đinh Tiên Hoàng,Hà Nội,VN,0969381612,210977,1
3490,1745,shipping,Hằng,Nguyễn,45 Đinh Tiên Hoàng,Hà Nội,VN,0954837580,926326,1
3491,1746,billing,Ánh,Phạm,99 Hai Bà Trưng,Hà Nội,VN,0948427699,826083,1
3492,1746,shipping,Ánh,Phạm,78 Lê Lợi,Hà Nội,VN,0949459647,861139,1
3493,1747,billing,Thu,Phạm,45 Đinh Tiên Hoàng,Hà Nội,VN,0919807350,912517,1
3494,1747,shipping,Thu,Phạm,45 Đinh Tiên Hoàng,Hà Nội,VN,0975533443,907310,1
3495,1748,billing,Bình,Đỗ,78 Lê Lợi,Hà Nội,VN,0934935614,933605,1
3496,1748,shipping,Bình,Đỗ,123 Nguyễn Huệ,Hà Nội,VN,0927001604,799158,1
3497,1749,billing,Khánh,Dương,99 Hai Bà Trưng,Đà Nẵng,VN,0927824034,637019,1
3498,1749,shipping,Khánh,Dương,123 Nguyễn Huệ,Đà Nẵng,VN,0994068150,858546,1
3499,1750,billing,Nga,Dương,123 Nguyễn Huệ,Đà Nẵng,VN,0978829175,818174,1
3500,1750,shipping,Nga,Dương,99 Hai Bà Trưng,Đà Nẵng,VN,0995172085,890398,1
3501,1751,billing,Đức,Trần,78 Lê Lợi,TP HCM,VN,0941848780,968156,1
3502,1751,shipping,Đức,Trần,99 Hai Bà Trưng,TP HCM,VN,0942612934,283949,1
3503,1752,billing,Lan,Ngô,123 Nguyễn Huệ,Hà Nội,VN,0935620701,247756,1
3504,1752,shipping,Lan,Ngô,123 Nguyễn Huệ,Hà Nội,VN,0942840608,783240,1
3505,1753,billing,Thành,Ngô,123 Nguyễn Huệ,Đà Nẵng,VN,0987296049,171960,1
3506,1753,shipping,Thành,Ngô,123 Nguyễn Huệ,Đà Nẵng,VN,0995053456,899911,1
3507,1754,billing,Thu,Đặng,22 Trần Hưng Đạo,TP HCM,VN,0958689638,295690,1
3508,1754,shipping,Thu,Đặng,22 Trần Hưng Đạo,TP HCM,VN,0985113527,747312,1
3509,1755,billing,Long,Dương,22 Trần Hưng Đạo,TP HCM,VN,0929827951,654693,1
3510,1755,shipping,Long,Dương,99 Hai Bà Trưng,TP HCM,VN,0947896245,602641,1
3511,1756,billing,Ngọc,Phạm,99 Hai Bà Trưng,Hà Nội,VN,0926400870,832419,1
3512,1756,shipping,Ngọc,Phạm,78 Lê Lợi,Hà Nội,VN,0980600793,719416,1
3513,1757,billing,Ngọc,Hồ,22 Trần Hưng Đạo,TP HCM,VN,0984509197,467854,1
3514,1757,shipping,Ngọc,Hồ,99 Hai Bà Trưng,TP HCM,VN,0943712975,263392,1
3515,1758,billing,Phương,Vũ,123 Nguyễn Huệ,Hà Nội,VN,0975043457,832630,1
3516,1758,shipping,Phương,Vũ,45 Đinh Tiên Hoàng,Hà Nội,VN,0966474243,842144,1
3517,1759,billing,Tuấn,Hoàng,123 Nguyễn Huệ,Hà Nội,VN,0978696856,264652,1
3518,1759,shipping,Tuấn,Hoàng,123 Nguyễn Huệ,Hà Nội,VN,0938302314,759364,1
3519,1760,billing,Hà,Hoàng,78 Lê Lợi,Đà Nẵng,VN,0991751673,186897,1
3520,1760,shipping,Hà,Hoàng,45 Đinh Tiên Hoàng,Đà Nẵng,VN,0985971008,942711,1
3521,1761,billing,Linh,Trần,45 Đinh Tiên Hoàng,Hà Nội,VN,0940746697,227156,1
3522,1761,shipping,Linh,Trần,123 Nguyễn Huệ,Hà Nội,VN,0971696408,997712,1
3523,1762,billing,Quang,Trần,99 Hai Bà Trưng,Đà Nẵng,VN,0948642240,527994,1
3524,1762,shipping,Quang,Trần,22 Trần Hưng Đạo,Đà Nẵng,VN,0991064561,763877,1
3525,1763,billing,Long,Phạm,78 Lê Lợi,Hà Nội,VN,0961000822,842380,1
3526,1763,shipping,Long,Phạm,123 Nguyễn Huệ,Hà Nội,VN,0969348679,845827,1
3527,1764,billing,Việt,Bùi,123 Nguyễn Huệ,Bình Dương,VN,0982308514,270803,1
3528,1764,shipping,Việt,Bùi,45 Đinh Tiên Hoàng,Bình Dương,VN,0932606013,619574,1
3529,1765,billing,Hải,Đặng,45 Đinh Tiên Hoàng,Hà Nội,VN,0983466425,684834,1
3530,1765,shipping,Hải,Đặng,45 Đinh Tiên Hoàng,Hà Nội,VN,0997911032,594249,1
3531,1766,billing,Minh,Hồ,99 Hai Bà Trưng,Hà Nội,VN,0973258351,871733,1
3532,1766,shipping,Minh,Hồ,78 Lê Lợi,Hà Nội,VN,0921236602,357586,1
3533,1767,billing,Mai,Đặng,99 Hai Bà Trưng,TP HCM,VN,0997518826,795342,1
3534,1767,shipping,Mai,Đặng,22 Trần Hưng Đạo,TP HCM,VN,0940821429,966137,1
3535,1768,billing,Ánh,Dương,123 Nguyễn Huệ,TP HCM,VN,0994572982,981701,1
3536,1768,shipping,Ánh,Dương,22 Trần Hưng Đạo,TP HCM,VN,0976354281,107795,1
3537,1769,billing,Việt,Nguyễn,22 Trần Hưng Đạo,Bình Dương,VN,0969734456,441887,1
3538,1769,shipping,Việt,Nguyễn,22 Trần Hưng Đạo,Bình Dương,VN,0924464524,419730,1
3539,1770,billing,Tuấn,Nguyễn,99 Hai Bà Trưng,TP HCM,VN,0914888594,397734,1
3540,1770,shipping,Tuấn,Nguyễn,99 Hai Bà Trưng,TP HCM,VN,0952187307,672183,1
3541,1771,billing,Hằng,Đặng,78 Lê Lợi,Hà Nội,VN,0959251595,795007,1
3542,1771,shipping,Hằng,Đặng,45 Đinh Tiên Hoàng,Hà Nội,VN,0925239735,173296,1
3543,1772,billing,Khánh,Phạm,45 Đinh Tiên Hoàng,TP HCM,VN,0992992760,967362,1
3544,1772,shipping,Khánh,Phạm,78 Lê Lợi,TP HCM,VN,0947120978,315216,1
3545,1773,billing,Hằng,Nguyễn,78 Lê Lợi,Hải Phòng,VN,0945797297,127052,1
3546,1773,shipping,Hằng,Nguyễn,123 Nguyễn Huệ,Hải Phòng,VN,0968597453,267781,1
3547,1774,billing,Linh,Dương,123 Nguyễn Huệ,Hà Nội,VN,0995555484,828299,1
3548,1774,shipping,Linh,Dương,22 Trần Hưng Đạo,Hà Nội,VN,0947367649,896372,1
3549,1775,billing,Bình,Đỗ,99 Hai Bà Trưng,Khánh Hòa,VN,0980421431,195161,1
3550,1775,shipping,Bình,Đỗ,99 Hai Bà Trưng,Khánh Hòa,VN,0912844470,948559,1
3551,1776,billing,Nga,Ngô,99 Hai Bà Trưng,Hà Nội,VN,0961879293,128677,1
3552,1776,shipping,Nga,Ngô,22 Trần Hưng Đạo,Hà Nội,VN,0963247016,909879,1
3553,1777,billing,Quang,Phạm,123 Nguyễn Huệ,TP HCM,VN,0948888348,965570,1
3554,1777,shipping,Quang,Phạm,78 Lê Lợi,TP HCM,VN,0966112207,473593,1
3555,1778,billing,Hải,Đặng,123 Nguyễn Huệ,TP HCM,VN,0925050335,505786,1
3556,1778,shipping,Hải,Đặng,45 Đinh Tiên Hoàng,TP HCM,VN,0983736986,877425,1
3557,1779,billing,Thảo,Hoàng,78 Lê Lợi,TP HCM,VN,0973331654,361243,1
3558,1779,shipping,Thảo,Hoàng,123 Nguyễn Huệ,TP HCM,VN,0992058113,758612,1
3559,1780,billing,Tuấn,Nguyễn,22 Trần Hưng Đạo,Quảng Ninh,VN,0981684028,901271,1
3560,1780,shipping,Tuấn,Nguyễn,78 Lê Lợi,Quảng Ninh,VN,0971708900,823196,1
3561,1781,billing,Lan,Trần,123 Nguyễn Huệ,TP HCM,VN,0983988457,208002,1
3562,1781,shipping,Lan,Trần,78 Lê Lợi,TP HCM,VN,0958033577,139355,1
3563,1782,billing,Ánh,Phan,99 Hai Bà Trưng,Khánh Hòa,VN,0928203101,798841,1
3564,1782,shipping,Ánh,Phan,45 Đinh Tiên Hoàng,Khánh Hòa,VN,0969916610,847828,1
3565,1783,billing,Linh,Đỗ,99 Hai Bà Trưng,Bình Dương,VN,0942122395,628068,1
3566,1783,shipping,Linh,Đỗ,78 Lê Lợi,Bình Dương,VN,0932522668,919408,1
3567,1784,billing,Khánh,Nguyễn,22 Trần Hưng Đạo,Đà Nẵng,VN,0937355929,828229,1
3568,1784,shipping,Khánh,Nguyễn,78 Lê Lợi,Đà Nẵng,VN,0936526101,268671,1
3569,1785,billing,Phương,Ngô,78 Lê Lợi,Đà Nẵng,VN,0968297347,979534,1
3570,1785,shipping,Phương,Ngô,78 Lê Lợi,Đà Nẵng,VN,0982832665,916670,1
3571,1786,billing,Quang,Trần,99 Hai Bà Trưng,TP HCM,VN,0987521952,323654,1
3572,1786,shipping,Quang,Trần,123 Nguyễn Huệ,TP HCM,VN,0968976223,320950,1
3573,1787,billing,Nga,Hồ,123 Nguyễn Huệ,TP HCM,VN,0989584925,104187,1
3574,1787,shipping,Nga,Hồ,123 Nguyễn Huệ,TP HCM,VN,0993776526,880588,1
3575,1788,billing,Trang,Đặng,123 Nguyễn Huệ,TP HCM,VN,0940122258,968563,1
3576,1788,shipping,Trang,Đặng,78 Lê Lợi,TP HCM,VN,0968405475,669216,1
3577,1789,billing,Lan,Lê,123 Nguyễn Huệ,TP HCM,VN,0916892188,812737,1
3578,1789,shipping,Lan,Lê,45 Đinh Tiên Hoàng,TP HCM,VN,0965542038,753898,1
3579,1790,billing,Long,Dương,123 Nguyễn Huệ,TP HCM,VN,0958862203,456879,1
3580,1790,shipping,Long,Dương,78 Lê Lợi,TP HCM,VN,0929790915,917531,1
3581,1791,billing,Linh,Phạm,22 Trần Hưng Đạo,Hà Nội,VN,0917581003,265237,1
3582,1791,shipping,Linh,Phạm,22 Trần Hưng Đạo,Hà Nội,VN,0975922258,514877,1
3583,1792,billing,Phương,Trần,123 Nguyễn Huệ,Quảng Ninh,VN,0955404171,190720,1
3584,1792,shipping,Phương,Trần,99 Hai Bà Trưng,Quảng Ninh,VN,0998709677,167503,1
3585,1793,billing,Linh,Đỗ,99 Hai Bà Trưng,Hà Nội,VN,0942631931,358219,1
3586,1793,shipping,Linh,Đỗ,123 Nguyễn Huệ,Hà Nội,VN,0999231189,149466,1
3587,1794,billing,Khánh,Đỗ,78 Lê Lợi,Hà Nội,VN,0941046495,942812,1
3588,1794,shipping,Khánh,Đỗ,78 Lê Lợi,Hà Nội,VN,0971560611,389073,1
3589,1795,billing,Nga,Vũ,22 Trần Hưng Đạo,Khánh Hòa,VN,0953983093,750051,1
3590,1795,shipping,Nga,Vũ,123 Nguyễn Huệ,Khánh Hòa,VN,0938822104,197517,1
3591,1796,billing,Thảo,Phan,22 Trần Hưng Đạo,Hà Nội,VN,0935975441,633005,1
3592,1796,shipping,Thảo,Phan,123 Nguyễn Huệ,Hà Nội,VN,0933906663,994540,1
3593,1797,billing,Mai,Đỗ,99 Hai Bà Trưng,TP HCM,VN,0998703037,668081,1
3594,1797,shipping,Mai,Đỗ,22 Trần Hưng Đạo,TP HCM,VN,0919879307,917065,1
3595,1798,billing,Nga,Đặng,78 Lê Lợi,TP HCM,VN,0988688067,661855,1
3596,1798,shipping,Nga,Đặng,123 Nguyễn Huệ,TP HCM,VN,0988404387,262880,1
3597,1799,billing,Ngọc,Đặng,78 Lê Lợi,Hà Nội,VN,0984055316,729506,1
3598,1799,shipping,Ngọc,Đặng,99 Hai Bà Trưng,Hà Nội,VN,0955130661,976371,1
3599,1800,billing,Hải,Trần,78 Lê Lợi,Bình Dương,VN,0957520675,616885,1
3600,1800,shipping,Hải,Trần,78 Lê Lợi,Bình Dương,VN,0986866771,718502,1
3601,1801,billing,Anh,Phạm,99 Hai Bà Trưng,TP HCM,VN,0993820945,380281,1
3602,1801,shipping,Anh,Phạm,22 Trần Hưng Đạo,TP HCM,VN,0942303041,675657,1
3603,1802,billing,Khánh,Ngô,99 Hai Bà Trưng,Bình Dương,VN,0918072453,794567,1
3604,1802,shipping,Khánh,Ngô,45 Đinh Tiên Hoàng,Bình Dương,VN,0957879486,419288,1
3605,1803,billing,Khánh,Lê,78 Lê Lợi,Hà Nội,VN,0946381390,119588,1
3606,1803,shipping,Khánh,Lê,99 Hai Bà Trưng,Hà Nội,VN,0966007866,751516,1
3607,1804,billing,Việt,Phạm,99 Hai Bà Trưng,TP HCM,VN,0922130126,732778,1
3608,1804,shipping,Việt,Phạm,22 Trần Hưng Đạo,TP HCM,VN,0968908885,999277,1
3609,1805,billing,Thảo,Hồ,78 Lê Lợi,Hà Nội,VN,0959279866,937135,1
3610,1805,shipping,Thảo,Hồ,78 Lê Lợi,Hà Nội,VN,0960805162,891443,1
3611,1806,billing,Quang,Ngô,22 Trần Hưng Đạo,Hà Nội,VN,0973712790,735141,1
3612,1806,shipping,Quang,Ngô,78 Lê Lợi,Hà Nội,VN,0928567930,132486,1
3613,1807,billing,Đức,Hoàng,78 Lê Lợi,Đà Nẵng,VN,0986406292,124785,1
3614,1807,shipping,Đức,Hoàng,99 Hai Bà Trưng,Đà Nẵng,VN,0911328157,961573,1
3615,1808,billing,Hoa,Dương,99 Hai Bà Trưng,TP HCM,VN,0959713682,702609,1
3616,1808,shipping,Hoa,Dương,78 Lê Lợi,TP HCM,VN,0996516455,404770,1
3617,1809,billing,Ngọc,Đỗ,78 Lê Lợi,Bình Dương,VN,0951010682,959878,1
3618,1809,shipping,Ngọc,Đỗ,123 Nguyễn Huệ,Bình Dương,VN,0958275387,552974,1
3619,1810,billing,Việt,Nguyễn,78 Lê Lợi,TP HCM,VN,0958967886,813292,1
3620,1810,shipping,Việt,Nguyễn,78 Lê Lợi,TP HCM,VN,0919362330,745685,1
3621,1811,billing,Phương,Nguyễn,22 Trần Hưng Đạo,TP HCM,VN,0925014179,968889,1
3622,1811,shipping,Phương,Nguyễn,22 Trần Hưng Đạo,TP HCM,VN,0922586522,664306,1
3623,1812,billing,Đức,Đỗ,45 Đinh Tiên Hoàng,TP HCM,VN,0940668467,873241,1
3624,1812,shipping,Đức,Đỗ,123 Nguyễn Huệ,TP HCM,VN,0935964441,802302,1
3625,1813,billing,Khánh,Nguyễn,123 Nguyễn Huệ,TP HCM,VN,0915305409,615818,1
3626,1813,shipping,Khánh,Nguyễn,99 Hai Bà Trưng,TP HCM,VN,0926725170,873698,1
3627,1814,billing,Ánh,Trần,78 Lê Lợi,Hải Phòng,VN,0928730064,611048,1
3628,1814,shipping,Ánh,Trần,22 Trần Hưng Đạo,Hải Phòng,VN,0998397000,669754,1
3629,1815,billing,Phương,Nguyễn,22 Trần Hưng Đạo,Hà Nội,VN,0916295930,277146,1
3630,1815,shipping,Phương,Nguyễn,45 Đinh Tiên Hoàng,Hà Nội,VN,0960877703,774554,1
3631,1816,billing,Đức,Phạm,99 Hai Bà Trưng,Hà Nội,VN,0997433251,471041,1
3632,1816,shipping,Đức,Phạm,78 Lê Lợi,Hà Nội,VN,0917613181,235180,1
3633,1817,billing,Trang,Phạm,22 Trần Hưng Đạo,TP HCM,VN,0973271381,236941,1
3634,1817,shipping,Trang,Phạm,45 Đinh Tiên Hoàng,TP HCM,VN,0945954584,634182,1
3635,1818,billing,Thu,Phan,99 Hai Bà Trưng,Đồng Nai,VN,0918387463,836058,1
3636,1818,shipping,Thu,Phan,45 Đinh Tiên Hoàng,Đồng Nai,VN,0961309149,797217,1
3637,1819,billing,Việt,Vũ,45 Đinh Tiên Hoàng,TP HCM,VN,0924193631,688796,1
3638,1819,shipping,Việt,Vũ,123 Nguyễn Huệ,TP HCM,VN,0990606454,914768,1
3639,1820,billing,Khánh,Hoàng,99 Hai Bà Trưng,Hà Nội,VN,0989494599,264349,1
3640,1820,shipping,Khánh,Hoàng,78 Lê Lợi,Hà Nội,VN,0913686298,783687,1
3641,1821,billing,Thảo,Phạm,22 Trần Hưng Đạo,TP HCM,VN,0976103412,665844,1
3642,1821,shipping,Thảo,Phạm,22 Trần Hưng Đạo,TP HCM,VN,0953861749,805771,1
3643,1822,billing,Long,Phan,45 Đinh Tiên Hoàng,Đà Nẵng,VN,0984367744,924733,1
3644,1822,shipping,Long,Phan,22 Trần Hưng Đạo,Đà Nẵng,VN,0996158378,346841,1
3645,1823,billing,Yến,Phạm,22 Trần Hưng Đạo,Đà Nẵng,VN,0951454976,428304,1
3646,1823,shipping,Yến,Phạm,99 Hai Bà Trưng,Đà Nẵng,VN,0999266001,948061,1
3647,1824,billing,Trang,Đặng,99 Hai Bà Trưng,Hà Nội,VN,0952149209,993333,1
3648,1824,shipping,Trang,Đặng,78 Lê Lợi,Hà Nội,VN,0993447625,927073,1
3649,1825,billing,Đức,Dương,22 Trần Hưng Đạo,TP HCM,VN,0973667601,217072,1
3650,1825,shipping,Đức,Dương,22 Trần Hưng Đạo,TP HCM,VN,0912509548,656034,1
3651,1826,billing,Bình,Phạm,99 Hai Bà Trưng,Hà Nội,VN,0912752823,525067,1
3652,1826,shipping,Bình,Phạm,78 Lê Lợi,Hà Nội,VN,0973532924,954457,1
3653,1827,billing,Hằng,Hoàng,45 Đinh Tiên Hoàng,Hà Nội,VN,0950464124,792538,1
3654,1827,shipping,Hằng,Hoàng,45 Đinh Tiên Hoàng,Hà Nội,VN,0927066650,825839,1
3655,1828,billing,Thành,Phan,123 Nguyễn Huệ,Khánh Hòa,VN,0939407505,901757,1
3656,1828,shipping,Thành,Phan,123 Nguyễn Huệ,Khánh Hòa,VN,0952690391,448206,1
3657,1829,billing,Trang,Nguyễn,123 Nguyễn Huệ,TP HCM,VN,0986002581,149714,1
3658,1829,shipping,Trang,Nguyễn,45 Đinh Tiên Hoàng,TP HCM,VN,0935377109,893497,1
3659,1830,billing,Lan,Phan,123 Nguyễn Huệ,Đà Nẵng,VN,0970600309,905533,1
3660,1830,shipping,Lan,Phan,78 Lê Lợi,Đà Nẵng,VN,0910513940,938745,1
3661,1831,billing,Hà,Nguyễn,78 Lê Lợi,TP HCM,VN,0990976963,217937,1
3662,1831,shipping,Hà,Nguyễn,22 Trần Hưng Đạo,TP HCM,VN,0983401408,404000,1
3663,1832,billing,Thảo,Hồ,45 Đinh Tiên Hoàng,TP HCM,VN,0967610675,153851,1
3664,1832,shipping,Thảo,Hồ,78 Lê Lợi,TP HCM,VN,0910090908,657170,1
3665,1833,billing,Việt,Đặng,99 Hai Bà Trưng,TP HCM,VN,0992525109,763095,1
3666,1833,shipping,Việt,Đặng,22 Trần Hưng Đạo,TP HCM,VN,0958013114,346063,1
3667,1834,billing,Trang,Nguyễn,45 Đinh Tiên Hoàng,Hải Phòng,VN,0965090155,461890,1
3668,1834,shipping,Trang,Nguyễn,99 Hai Bà Trưng,Hải Phòng,VN,0984557272,745523,1
3669,1835,billing,Ánh,Hoàng,22 Trần Hưng Đạo,Đà Nẵng,VN,0950792457,826811,1
3670,1835,shipping,Ánh,Hoàng,45 Đinh Tiên Hoàng,Đà Nẵng,VN,0931836932,272384,1
3671,1836,billing,Hùng,Dương,78 Lê Lợi,Đà Nẵng,VN,0985889234,153597,1
3672,1836,shipping,Hùng,Dương,123 Nguyễn Huệ,Đà Nẵng,VN,0971030346,963211,1
3673,1837,billing,Tuấn,Bùi,99 Hai Bà Trưng,Hà Nội,VN,0938130422,495161,1
3674,1837,shipping,Tuấn,Bùi,45 Đinh Tiên Hoàng,Hà Nội,VN,0955187890,905087,1
3675,1838,billing,Long,Vũ,78 Lê Lợi,Hà Nội,VN,0972400326,145050,1
3676,1838,shipping,Long,Vũ,78 Lê Lợi,Hà Nội,VN,0918037265,648253,1
3677,1839,billing,Việt,Hồ,123 Nguyễn Huệ,Khánh Hòa,VN,0964687805,349125,1
3678,1839,shipping,Việt,Hồ,99 Hai Bà Trưng,Khánh Hòa,VN,0928494885,795759,1
3679,1840,billing,Hằng,Nguyễn,99 Hai Bà Trưng,Hà Nội,VN,0932433662,353294,1
3680,1840,shipping,Hằng,Nguyễn,99 Hai Bà Trưng,Hà Nội,VN,0934967737,946651,1
3681,1841,billing,Thành,Phạm,22 Trần Hưng Đạo,TP HCM,VN,0968123736,909646,1
3682,1841,shipping,Thành,Phạm,78 Lê Lợi,TP HCM,VN,0964118809,264953,1
3683,1842,billing,Hằng,Nguyễn,123 Nguyễn Huệ,Khánh Hòa,VN,0934675932,749241,1
3684,1842,shipping,Hằng,Nguyễn,99 Hai Bà Trưng,Khánh Hòa,VN,0994638531,690326,1
3685,1843,billing,Anh,Vũ,78 Lê Lợi,Bình Dương,VN,0945281469,441407,1
3686,1843,shipping,Anh,Vũ,123 Nguyễn Huệ,Bình Dương,VN,0973764173,884975,1
3687,1844,billing,Thu,Trần,99 Hai Bà Trưng,Khánh Hòa,VN,0945175460,793629,1
3688,1844,shipping,Thu,Trần,99 Hai Bà Trưng,Khánh Hòa,VN,0910333555,241239,1
3689,1845,billing,Hùng,Hồ,99 Hai Bà Trưng,Hà Nội,VN,0964370549,480432,1
3690,1845,shipping,Hùng,Hồ,99 Hai Bà Trưng,Hà Nội,VN,0920962889,603957,1
3691,1846,billing,Nga,Bùi,22 Trần Hưng Đạo,TP HCM,VN,0920836802,897323,1
3692,1846,shipping,Nga,Bùi,45 Đinh Tiên Hoàng,TP HCM,VN,0922980770,413647,1
3693,1847,billing,Hằng,Trần,45 Đinh Tiên Hoàng,TP HCM,VN,0918185531,105454,1
3694,1847,shipping,Hằng,Trần,45 Đinh Tiên Hoàng,TP HCM,VN,0977528882,871984,1
3695,1848,billing,Minh,Bùi,45 Đinh Tiên Hoàng,Bình Dương,VN,0916091462,502741,1
3696,1848,shipping,Minh,Bùi,22 Trần Hưng Đạo,Bình Dương,VN,0995166398,644122,1
3697,1849,billing,Linh,Hoàng,22 Trần Hưng Đạo,Hải Phòng,VN,0932217591,824329,1
3698,1849,shipping,Linh,Hoàng,45 Đinh Tiên Hoàng,Hải Phòng,VN,0978117399,212791,1
3699,1850,billing,Mai,Trần,45 Đinh Tiên Hoàng,Đà Nẵng,VN,0969868642,584403,1
3700,1850,shipping,Mai,Trần,78 Lê Lợi,Đà Nẵng,VN,0982047198,424135,1
3701,1851,billing,Minh,Đỗ,45 Đinh Tiên Hoàng,Khánh Hòa,VN,0913410464,756960,1
3702,1851,shipping,Minh,Đỗ,99 Hai Bà Trưng,Khánh Hòa,VN,0980088267,280379,1
3703,1852,billing,Hằng,Đặng,78 Lê Lợi,Hà Nội,VN,0924989540,388228,1
3704,1852,shipping,Hằng,Đặng,123 Nguyễn Huệ,Hà Nội,VN,0940773947,546630,1
3705,1853,billing,Trang,Dương,99 Hai Bà Trưng,Hà Nội,VN,0987027893,631200,1
3706,1853,shipping,Trang,Dương,22 Trần Hưng Đạo,Hà Nội,VN,0989296245,129986,1
3707,1854,billing,Thảo,Dương,78 Lê Lợi,Quảng Ninh,VN,0958621585,853064,1
3708,1854,shipping,Thảo,Dương,78 Lê Lợi,Quảng Ninh,VN,0967208425,405525,1
3709,1855,billing,Yến,Phạm,45 Đinh Tiên Hoàng,Hà Nội,VN,0976421797,879970,1
3710,1855,shipping,Yến,Phạm,45 Đinh Tiên Hoàng,Hà Nội,VN,0980967477,834824,1
3711,1856,billing,Ngọc,Đỗ,123 Nguyễn Huệ,Hà Nội,VN,0964338468,613305,1
3712,1856,shipping,Ngọc,Đỗ,78 Lê Lợi,Hà Nội,VN,0976294834,755935,1
3713,1857,billing,Tuấn,Hoàng,78 Lê Lợi,Hà Nội,VN,0931852936,620734,1
3714,1857,shipping,Tuấn,Hoàng,22 Trần Hưng Đạo,Hà Nội,VN,0982621959,487401,1
3715,1858,billing,Hằng,Đỗ,78 Lê Lợi,Hà Nội,VN,0921169415,411341,1
3716,1858,shipping,Hằng,Đỗ,22 Trần Hưng Đạo,Hà Nội,VN,0923002408,261419,1
3717,1859,billing,Việt,Phan,78 Lê Lợi,Bình Dương,VN,0949517079,947433,1
3718,1859,shipping,Việt,Phan,22 Trần Hưng Đạo,Bình Dương,VN,0957657350,628221,1
3719,1860,billing,Hoa,Hoàng,123 Nguyễn Huệ,Hà Nội,VN,0977985374,937498,1
3720,1860,shipping,Hoa,Hoàng,22 Trần Hưng Đạo,Hà Nội,VN,0983432354,262282,1
3721,1861,billing,Tuấn,Trần,123 Nguyễn Huệ,TP HCM,VN,0962524230,756108,1
3722,1861,shipping,Tuấn,Trần,123 Nguyễn Huệ,TP HCM,VN,0935445507,967848,1
3723,1862,billing,Hà,Lê,78 Lê Lợi,Khánh Hòa,VN,0931352001,933829,1
3724,1862,shipping,Hà,Lê,22 Trần Hưng Đạo,Khánh Hòa,VN,0951350740,255841,1
3725,1863,billing,Linh,Nguyễn,78 Lê Lợi,TP HCM,VN,0992312249,208073,1
3726,1863,shipping,Linh,Nguyễn,78 Lê Lợi,TP HCM,VN,0998823310,403697,1
3727,1864,billing,Hằng,Hồ,45 Đinh Tiên Hoàng,Hà Nội,VN,0936270426,708665,1
3728,1864,shipping,Hằng,Hồ,22 Trần Hưng Đạo,Hà Nội,VN,0944911459,993431,1
3729,1865,billing,Tuấn,Bùi,99 Hai Bà Trưng,TP HCM,VN,0913905766,663879,1
3730,1865,shipping,Tuấn,Bùi,22 Trần Hưng Đạo,TP HCM,VN,0969123781,994446,1
3731,1866,billing,Trung,Bùi,123 Nguyễn Huệ,Hà Nội,VN,0914790272,523768,1
3732,1866,shipping,Trung,Bùi,99 Hai Bà Trưng,Hà Nội,VN,0919788485,803098,1
3733,1867,billing,Anh,Đặng,99 Hai Bà Trưng,Hà Nội,VN,0946636880,907805,1
3734,1867,shipping,Anh,Đặng,45 Đinh Tiên Hoàng,Hà Nội,VN,0949554318,957456,1
3735,1868,billing,Ngọc,Lê,78 Lê Lợi,Bình Dương,VN,0921783846,615421,1
3736,1868,shipping,Ngọc,Lê,99 Hai Bà Trưng,Bình Dương,VN,0999465981,893546,1
3737,1869,billing,Ánh,Trần,45 Đinh Tiên Hoàng,TP HCM,VN,0986382059,530786,1
3738,1869,shipping,Ánh,Trần,99 Hai Bà Trưng,TP HCM,VN,0975092095,565698,1
3739,1870,billing,Bình,Trần,45 Đinh Tiên Hoàng,Hà Nội,VN,0985921753,166485,1
3740,1870,shipping,Bình,Trần,99 Hai Bà Trưng,Hà Nội,VN,0980279135,409176,1
3741,1871,billing,Thành,Phạm,78 Lê Lợi,Hà Nội,VN,0935981346,982655,1
3742,1871,shipping,Thành,Phạm,22 Trần Hưng Đạo,Hà Nội,VN,0961579893,497720,1
3743,1872,billing,Lan,Đỗ,45 Đinh Tiên Hoàng,TP HCM,VN,0971960646,589469,1
3744,1872,shipping,Lan,Đỗ,45 Đinh Tiên Hoàng,TP HCM,VN,0978290711,509538,1
3745,1873,billing,Hải,Vũ,78 Lê Lợi,Đà Nẵng,VN,0912879979,764017,1
3746,1873,shipping,Hải,Vũ,99 Hai Bà Trưng,Đà Nẵng,VN,0938533956,966617,1
3747,1874,billing,Trung,Bùi,45 Đinh Tiên Hoàng,Hà Nội,VN,0931730379,347102,1
3748,1874,shipping,Trung,Bùi,78 Lê Lợi,Hà Nội,VN,0992996427,886732,1
3749,1875,billing,Nga,Nguyễn,45 Đinh Tiên Hoàng,TP HCM,VN,0966661581,949122,1
3750,1875,shipping,Nga,Nguyễn,99 Hai Bà Trưng,TP HCM,VN,0924217027,926164,1
3751,1876,billing,Phương,Phạm,45 Đinh Tiên Hoàng,Đồng Nai,VN,0929373605,265881,1
3752,1876,shipping,Phương,Phạm,78 Lê Lợi,Đồng Nai,VN,0922048865,214120,1
3753,1877,billing,Long,Ngô,99 Hai Bà Trưng,Đồng Nai,VN,0998551659,633910,1
3754,1877,shipping,Long,Ngô,45 Đinh Tiên Hoàng,Đồng Nai,VN,0929080291,405272,1
3755,1878,billing,Thành,Dương,78 Lê Lợi,TP HCM,VN,0928940318,767237,1
3756,1878,shipping,Thành,Dương,22 Trần Hưng Đạo,TP HCM,VN,0955276836,501234,1
3757,1879,billing,Trang,Hồ,45 Đinh Tiên Hoàng,TP HCM,VN,0980815391,421307,1
3758,1879,shipping,Trang,Hồ,123 Nguyễn Huệ,TP HCM,VN,0981068693,683452,1
3759,1880,billing,Khánh,Hoàng,22 Trần Hưng Đạo,Đà Nẵng,VN,0967523913,804153,1
3760,1880,shipping,Khánh,Hoàng,78 Lê Lợi,Đà Nẵng,VN,0975439182,412894,1
3761,1881,billing,Bình,Đỗ,99 Hai Bà Trưng,Hà Nội,VN,0949604732,543645,1
3762,1881,shipping,Bình,Đỗ,78 Lê Lợi,Hà Nội,VN,0990043735,920702,1
3763,1882,billing,Mai,Đỗ,78 Lê Lợi,Quảng Ninh,VN,0986642204,882377,1
3764,1882,shipping,Mai,Đỗ,45 Đinh Tiên Hoàng,Quảng Ninh,VN,0918192572,150990,1
3765,1883,billing,Hoa,Trần,22 Trần Hưng Đạo,TP HCM,VN,0991053730,649420,1
3766,1883,shipping,Hoa,Trần,78 Lê Lợi,TP HCM,VN,0985207110,876767,1
3767,1884,billing,Nga,Nguyễn,99 Hai Bà Trưng,Hải Phòng,VN,0968784479,949884,1
3768,1884,shipping,Nga,Nguyễn,123 Nguyễn Huệ,Hải Phòng,VN,0938633374,647012,1
3769,1885,billing,Lan,Lê,123 Nguyễn Huệ,Hà Nội,VN,0924678661,204566,1
3770,1885,shipping,Lan,Lê,99 Hai Bà Trưng,Hà Nội,VN,0949224229,392166,1
3771,1886,billing,Trang,Ngô,99 Hai Bà Trưng,Bình Dương,VN,0994476586,279858,1
3772,1886,shipping,Trang,Ngô,45 Đinh Tiên Hoàng,Bình Dương,VN,0940424352,549467,1
3773,1887,billing,Hoa,Ngô,78 Lê Lợi,Đà Nẵng,VN,0952735256,868994,1
3774,1887,shipping,Hoa,Ngô,123 Nguyễn Huệ,Đà Nẵng,VN,0978668906,215549,1
3775,1888,billing,Khánh,Phan,78 Lê Lợi,Đồng Nai,VN,0943489563,363638,1
3776,1888,shipping,Khánh,Phan,123 Nguyễn Huệ,Đồng Nai,VN,0938102738,132794,1
3777,1889,billing,Thành,Đặng,123 Nguyễn Huệ,Hà Nội,VN,0962879360,564209,1
3778,1889,shipping,Thành,Đặng,45 Đinh Tiên Hoàng,Hà Nội,VN,0954385743,147813,1
3779,1890,billing,Hằng,Phạm,22 Trần Hưng Đạo,TP HCM,VN,0940237986,764337,1
3780,1890,shipping,Hằng,Phạm,99 Hai Bà Trưng,TP HCM,VN,0936398278,176479,1
3781,1891,billing,Trung,Phạm,99 Hai Bà Trưng,TP HCM,VN,0935247280,556416,1
3782,1891,shipping,Trung,Phạm,78 Lê Lợi,TP HCM,VN,0922795253,884149,1
3783,1892,billing,Trang,Lê,78 Lê Lợi,Đà Nẵng,VN,0966704646,253241,1
3784,1892,shipping,Trang,Lê,45 Đinh Tiên Hoàng,Đà Nẵng,VN,0980910378,623304,1
3785,1893,billing,Minh,Nguyễn,123 Nguyễn Huệ,Hà Nội,VN,0974568364,800638,1
3786,1893,shipping,Minh,Nguyễn,123 Nguyễn Huệ,Hà Nội,VN,0938755511,313894,1
3787,1894,billing,Lan,Lê,22 Trần Hưng Đạo,Hà Nội,VN,0986273431,264528,1
3788,1894,shipping,Lan,Lê,45 Đinh Tiên Hoàng,Hà Nội,VN,0945670240,821900,1
3789,1895,billing,Khánh,Trần,99 Hai Bà Trưng,TP HCM,VN,0951691015,570312,1
3790,1895,shipping,Khánh,Trần,45 Đinh Tiên Hoàng,TP HCM,VN,0982492757,888109,1
3791,1896,billing,Anh,Dương,22 Trần Hưng Đạo,Hà Nội,VN,0959068652,891881,1
3792,1896,shipping,Anh,Dương,123 Nguyễn Huệ,Hà Nội,VN,0925173095,781969,1
3793,1897,billing,Hằng,Dương,99 Hai Bà Trưng,Hà Nội,VN,0982967460,459222,1
3794,1897,shipping,Hằng,Dương,123 Nguyễn Huệ,Hà Nội,VN,0959639971,359891,1
3795,1898,billing,Linh,Lê,78 Lê Lợi,Hải Phòng,VN,0946096189,483497,1
3796,1898,shipping,Linh,Lê,45 Đinh Tiên Hoàng,Hải Phòng,VN,0958585335,481671,1
3797,1899,billing,Anh,Phạm,45 Đinh Tiên Hoàng,TP HCM,VN,0963984545,284846,1
3798,1899,shipping,Anh,Phạm,45 Đinh Tiên Hoàng,TP HCM,VN,0985378929,130109,1
3799,1900,billing,Thảo,Lê,99 Hai Bà Trưng,Hà Nội,VN,0938441224,576285,1
3800,1900,shipping,Thảo,Lê,78 Lê Lợi,Hà Nội,VN,0921127954,371698,1
3801,1901,billing,Hoa,Phạm,123 Nguyễn Huệ,TP HCM,VN,0911351032,432910,1
3802,1901,shipping,Hoa,Phạm,99 Hai Bà Trưng,TP HCM,VN,0995169375,769066,1
3803,1902,billing,Trung,Hồ,22 Trần Hưng Đạo,TP HCM,VN,0931810732,483337,1
3804,1902,shipping,Trung,Hồ,78 Lê Lợi,TP HCM,VN,0933230622,710400,1
3805,1903,billing,Đức,Phạm,123 Nguyễn Huệ,Đà Nẵng,VN,0972663036,380368,1
3806,1903,shipping,Đức,Phạm,45 Đinh Tiên Hoàng,Đà Nẵng,VN,0939923412,872152,1
3807,1904,billing,Mai,Dương,99 Hai Bà Trưng,Quảng Ninh,VN,0994364189,938329,1
3808,1904,shipping,Mai,Dương,99 Hai Bà Trưng,Quảng Ninh,VN,0926823125,934089,1
3809,1905,billing,Tuấn,Lê,22 Trần Hưng Đạo,TP HCM,VN,0952543625,777788,1
3810,1905,shipping,Tuấn,Lê,22 Trần Hưng Đạo,TP HCM,VN,0933114215,302789,1
3811,1906,billing,Ánh,Dương,123 Nguyễn Huệ,Hà Nội,VN,0988202444,311203,1
3812,1906,shipping,Ánh,Dương,99 Hai Bà Trưng,Hà Nội,VN,0992830258,260383,1
3813,1907,billing,Mai,Dương,123 Nguyễn Huệ,Khánh Hòa,VN,0918918963,446754,1
3814,1907,shipping,Mai,Dương,123 Nguyễn Huệ,Khánh Hòa,VN,0995340813,831432,1
3815,1908,billing,Khánh,Phạm,78 Lê Lợi,TP HCM,VN,0921039496,242596,1
3816,1908,shipping,Khánh,Phạm,123 Nguyễn Huệ,TP HCM,VN,0955563722,123446,1
3817,1909,billing,Trung,Vũ,22 Trần Hưng Đạo,Hà Nội,VN,0983087244,397547,1
3818,1909,shipping,Trung,Vũ,99 Hai Bà Trưng,Hà Nội,VN,0985295927,265801,1
3819,1910,billing,Thành,Đỗ,123 Nguyễn Huệ,Bình Dương,VN,0951477204,709920,1
3820,1910,shipping,Thành,Đỗ,78 Lê Lợi,Bình Dương,VN,0925912469,963930,1
3821,1911,billing,Lan,Vũ,45 Đinh Tiên Hoàng,TP HCM,VN,0989601508,378043,1
3822,1911,shipping,Lan,Vũ,45 Đinh Tiên Hoàng,TP HCM,VN,0930951261,526673,1
3823,1912,billing,Long,Dương,22 Trần Hưng Đạo,Hà Nội,VN,0987089190,818366,1
3824,1912,shipping,Long,Dương,123 Nguyễn Huệ,Hà Nội,VN,0987729220,968733,1
3825,1913,billing,Hoa,Phạm,99 Hai Bà Trưng,Bình Dương,VN,0964111481,276327,1
3826,1913,shipping,Hoa,Phạm,22 Trần Hưng Đạo,Bình Dương,VN,0944485674,110382,1
3827,1914,billing,Yến,Phạm,78 Lê Lợi,Hà Nội,VN,0997814503,806993,1
3828,1914,shipping,Yến,Phạm,99 Hai Bà Trưng,Hà Nội,VN,0928304108,639165,1
3829,1915,billing,Khánh,Trần,45 Đinh Tiên Hoàng,TP HCM,VN,0964971367,446111,1
3830,1915,shipping,Khánh,Trần,78 Lê Lợi,TP HCM,VN,0915957224,995707,1
3831,1916,billing,Ngọc,Dương,99 Hai Bà Trưng,TP HCM,VN,0941839564,934643,1
3832,1916,shipping,Ngọc,Dương,78 Lê Lợi,TP HCM,VN,0979377586,986198,1
3833,1917,billing,Khánh,Phạm,99 Hai Bà Trưng,Hà Nội,VN,0929395298,602137,1
3834,1917,shipping,Khánh,Phạm,123 Nguyễn Huệ,Hà Nội,VN,0977998034,426905,1
3835,1918,billing,Phương,Phan,22 Trần Hưng Đạo,TP HCM,VN,0994399158,618643,1
3836,1918,shipping,Phương,Phan,123 Nguyễn Huệ,TP HCM,VN,0976357701,791522,1
3837,1919,billing,Hoa,Dương,45 Đinh Tiên Hoàng,TP HCM,VN,0969795702,258634,1
3838,1919,shipping,Hoa,Dương,99 Hai Bà Trưng,TP HCM,VN,0975210330,424238,1
3839,1920,billing,Việt,Vũ,78 Lê Lợi,Hà Nội,VN,0917493653,992602,1
3840,1920,shipping,Việt,Vũ,123 Nguyễn Huệ,Hà Nội,VN,0933572804,803651,1
3841,1921,billing,Trung,Phan,123 Nguyễn Huệ,TP HCM,VN,0968287879,166128,1
3842,1921,shipping,Trung,Phan,123 Nguyễn Huệ,TP HCM,VN,0963348986,118749,1
3843,1922,billing,Trung,Phạm,22 Trần Hưng Đạo,Khánh Hòa,VN,0955950930,460043,1
3844,1922,shipping,Trung,Phạm,99 Hai Bà Trưng,Khánh Hòa,VN,0989147353,813487,1
3845,1923,billing,Ngọc,Bùi,99 Hai Bà Trưng,Đồng Nai,VN,0978643040,865435,1
3846,1923,shipping,Ngọc,Bùi,78 Lê Lợi,Đồng Nai,VN,0910554679,880584,1
3847,1924,billing,Yến,Vũ,22 Trần Hưng Đạo,TP HCM,VN,0986908707,977375,1
3848,1924,shipping,Yến,Vũ,78 Lê Lợi,TP HCM,VN,0930890332,857037,1
3849,1925,billing,Yến,Đỗ,45 Đinh Tiên Hoàng,TP HCM,VN,0919971563,659695,1
3850,1925,shipping,Yến,Đỗ,123 Nguyễn Huệ,TP HCM,VN,0940193220,366448,1
3851,1926,billing,Yến,Hồ,123 Nguyễn Huệ,Quảng Ninh,VN,0911544315,439762,1
3852,1926,shipping,Yến,Hồ,99 Hai Bà Trưng,Quảng Ninh,VN,0975774701,127027,1
3853,1927,billing,Trung,Nguyễn,99 Hai Bà Trưng,TP HCM,VN,0980905558,181625,1
3854,1927,shipping,Trung,Nguyễn,45 Đinh Tiên Hoàng,TP HCM,VN,0939321196,766128,1
3855,1928,billing,Thảo,Vũ,22 Trần Hưng Đạo,TP HCM,VN,0934882361,914816,1
3856,1928,shipping,Thảo,Vũ,78 Lê Lợi,TP HCM,VN,0958417772,235944,1
3857,1929,billing,Thảo,Lê,22 Trần Hưng Đạo,TP HCM,VN,0968256229,171401,1
3858,1929,shipping,Thảo,Lê,123 Nguyễn Huệ,TP HCM,VN,0962965344,780704,1
3859,1930,billing,Minh,Hồ,78 Lê Lợi,Hà Nội,VN,0913948304,991960,1
3860,1930,shipping,Minh,Hồ,99 Hai Bà Trưng,Hà Nội,VN,0976171249,239372,1
3861,1931,billing,Yến,Dương,99 Hai Bà Trưng,Khánh Hòa,VN,0917655732,930190,1
3862,1931,shipping,Yến,Dương,123 Nguyễn Huệ,Khánh Hòa,VN,0985363967,649753,1
3863,1932,billing,Ngọc,Bùi,45 Đinh Tiên Hoàng,Hải Phòng,VN,0989296800,973737,1
3864,1932,shipping,Ngọc,Bùi,99 Hai Bà Trưng,Hải Phòng,VN,0936053133,407718,1
3865,1933,billing,Long,Dương,78 Lê Lợi,Đồng Nai,VN,0974158502,854112,1
3866,1933,shipping,Long,Dương,45 Đinh Tiên Hoàng,Đồng Nai,VN,0990521212,826809,1
3867,1934,billing,Việt,Đỗ,99 Hai Bà Trưng,Đà Nẵng,VN,0993091212,258334,1
3868,1934,shipping,Việt,Đỗ,45 Đinh Tiên Hoàng,Đà Nẵng,VN,0936927712,914316,1
3869,1935,billing,Hà,Đặng,78 Lê Lợi,Hà Nội,VN,0936720807,503775,1
3870,1935,shipping,Hà,Đặng,78 Lê Lợi,Hà Nội,VN,0941600457,645530,1
3871,1936,billing,Thảo,Nguyễn,22 Trần Hưng Đạo,Đồng Nai,VN,0921703867,957751,1
3872,1936,shipping,Thảo,Nguyễn,123 Nguyễn Huệ,Đồng Nai,VN,0942483284,270569,1
3873,1937,billing,Bình,Phan,45 Đinh Tiên Hoàng,TP HCM,VN,0953651991,529624,1
3874,1937,shipping,Bình,Phan,78 Lê Lợi,TP HCM,VN,0979430445,838667,1
3875,1938,billing,Ánh,Lê,45 Đinh Tiên Hoàng,Hải Phòng,VN,0963625980,656567,1
3876,1938,shipping,Ánh,Lê,78 Lê Lợi,Hải Phòng,VN,0939063366,602734,1
3877,1939,billing,Long,Phạm,123 Nguyễn Huệ,Hà Nội,VN,0967517255,402754,1
3878,1939,shipping,Long,Phạm,123 Nguyễn Huệ,Hà Nội,VN,0962688408,786933,1
3879,1940,billing,Ánh,Trần,123 Nguyễn Huệ,Hà Nội,VN,0926919703,703038,1
3880,1940,shipping,Ánh,Trần,78 Lê Lợi,Hà Nội,VN,0956910358,220191,1
3881,1941,billing,Việt,Phan,123 Nguyễn Huệ,TP HCM,VN,0957432687,455435,1
3882,1941,shipping,Việt,Phan,123 Nguyễn Huệ,TP HCM,VN,0972722987,867187,1
3883,1942,billing,Khánh,Nguyễn,22 Trần Hưng Đạo,Đà Nẵng,VN,0996784401,903168,1
3884,1942,shipping,Khánh,Nguyễn,78 Lê Lợi,Đà Nẵng,VN,0975877330,449321,1
3885,1943,billing,Hoa,Phạm,45 Đinh Tiên Hoàng,Hà Nội,VN,0957227878,215926,1
3886,1943,shipping,Hoa,Phạm,78 Lê Lợi,Hà Nội,VN,0968375370,490101,1
3887,1944,billing,Thành,Bùi,22 Trần Hưng Đạo,Hà Nội,VN,0918692240,650345,1
3888,1944,shipping,Thành,Bùi,45 Đinh Tiên Hoàng,Hà Nội,VN,0930823231,275877,1
3889,1945,billing,Đức,Lê,99 Hai Bà Trưng,TP HCM,VN,0923608804,108474,1
3890,1945,shipping,Đức,Lê,22 Trần Hưng Đạo,TP HCM,VN,0939480631,300509,1
3891,1946,billing,Đức,Lê,22 Trần Hưng Đạo,TP HCM,VN,0976748414,297039,1
3892,1946,shipping,Đức,Lê,45 Đinh Tiên Hoàng,TP HCM,VN,0935354925,728272,1
3893,1947,billing,Yến,Hồ,123 Nguyễn Huệ,Hải Phòng,VN,0928298154,285411,1
3894,1947,shipping,Yến,Hồ,45 Đinh Tiên Hoàng,Hải Phòng,VN,0950597837,500891,1
3895,1948,billing,Phương,Phạm,45 Đinh Tiên Hoàng,Quảng Ninh,VN,0973732538,224437,1
3896,1948,shipping,Phương,Phạm,99 Hai Bà Trưng,Quảng Ninh,VN,0925854266,960304,1
3897,1949,billing,Hùng,Đỗ,123 Nguyễn Huệ,TP HCM,VN,0910071311,159426,1
3898,1949,shipping,Hùng,Đỗ,22 Trần Hưng Đạo,TP HCM,VN,0923198023,821102,1
3899,1950,billing,Đức,Bùi,22 Trần Hưng Đạo,TP HCM,VN,0989008609,193116,1
3900,1950,shipping,Đức,Bùi,22 Trần Hưng Đạo,TP HCM,VN,0913213087,605777,1
3901,1951,billing,Trung,Phạm,99 Hai Bà Trưng,TP HCM,VN,0959853420,886026,1
3902,1951,shipping,Trung,Phạm,45 Đinh Tiên Hoàng,TP HCM,VN,0967586835,687578,1
3903,1952,billing,Anh,Đỗ,22 Trần Hưng Đạo,Bình Dương,VN,0912902329,238970,1
3904,1952,shipping,Anh,Đỗ,99 Hai Bà Trưng,Bình Dương,VN,0981392567,715343,1
3905,1953,billing,Ngọc,Ngô,22 Trần Hưng Đạo,Bình Dương,VN,0972276027,607205,1
3906,1953,shipping,Ngọc,Ngô,99 Hai Bà Trưng,Bình Dương,VN,0974713358,769283,1
3907,1954,billing,Linh,Đỗ,22 Trần Hưng Đạo,Hà Nội,VN,0973107736,480436,1
3908,1954,shipping,Linh,Đỗ,123 Nguyễn Huệ,Hà Nội,VN,0954553064,548175,1
3909,1955,billing,Quang,Nguyễn,22 Trần Hưng Đạo,TP HCM,VN,0953228796,832082,1
3910,1955,shipping,Quang,Nguyễn,45 Đinh Tiên Hoàng,TP HCM,VN,0995700149,736777,1
3911,1956,billing,Đức,Đặng,78 Lê Lợi,Đà Nẵng,VN,0927471093,613497,1
3912,1956,shipping,Đức,Đặng,78 Lê Lợi,Đà Nẵng,VN,0955507402,103144,1
3913,1957,billing,Anh,Đặng,45 Đinh Tiên Hoàng,TP HCM,VN,0961795809,323944,1
3914,1957,shipping,Anh,Đặng,78 Lê Lợi,TP HCM,VN,0936294400,291455,1
3915,1958,billing,Nga,Hoàng,78 Lê Lợi,Hà Nội,VN,0937251610,687172,1
3916,1958,shipping,Nga,Hoàng,78 Lê Lợi,Hà Nội,VN,0952981780,580172,1
3917,1959,billing,Việt,Hồ,123 Nguyễn Huệ,Bình Dương,VN,0922762988,968071,1
3918,1959,shipping,Việt,Hồ,22 Trần Hưng Đạo,Bình Dương,VN,0935471716,594181,1
3919,1960,billing,Anh,Đỗ,123 Nguyễn Huệ,Bình Dương,VN,0996958269,978090,1
3920,1960,shipping,Anh,Đỗ,45 Đinh Tiên Hoàng,Bình Dương,VN,0987088303,464860,1
3921,1961,billing,Yến,Vũ,78 Lê Lợi,Hà Nội,VN,0977289308,307490,1
3922,1961,shipping,Yến,Vũ,45 Đinh Tiên Hoàng,Hà Nội,VN,0995074009,425757,1
3923,1962,billing,Hoa,Nguyễn,99 Hai Bà Trưng,Hà Nội,VN,0930431113,315300,1
3924,1962,shipping,Hoa,Nguyễn,22 Trần Hưng Đạo,Hà Nội,VN,0970023226,701085,1
3925,1963,billing,Bình,Đỗ,123 Nguyễn Huệ,TP HCM,VN,0981313077,268798,1
3926,1963,shipping,Bình,Đỗ,123 Nguyễn Huệ,TP HCM,VN,0919447236,289836,1
3927,1964,billing,Trung,Lê,22 Trần Hưng Đạo,TP HCM,VN,0930005176,720917,1
3928,1964,shipping,Trung,Lê,45 Đinh Tiên Hoàng,TP HCM,VN,0986693269,364012,1
3929,1965,billing,Hải,Ngô,123 Nguyễn Huệ,TP HCM,VN,0950132362,501257,1
3930,1965,shipping,Hải,Ngô,45 Đinh Tiên Hoàng,TP HCM,VN,0970163302,526421,1
3931,1966,billing,Thảo,Hoàng,123 Nguyễn Huệ,Bình Dương,VN,0932428132,679387,1
3932,1966,shipping,Thảo,Hoàng,123 Nguyễn Huệ,Bình Dương,VN,0950823735,306977,1
3933,1967,billing,Thu,Hồ,123 Nguyễn Huệ,Đà Nẵng,VN,0962918091,873191,1
3934,1967,shipping,Thu,Hồ,22 Trần Hưng Đạo,Đà Nẵng,VN,0941592297,633502,1
3935,1968,billing,Thành,Trần,123 Nguyễn Huệ,TP HCM,VN,0976270454,577856,1
3936,1968,shipping,Thành,Trần,99 Hai Bà Trưng,TP HCM,VN,0918457887,598152,1
3937,1969,billing,Lan,Ngô,123 Nguyễn Huệ,Hải Phòng,VN,0937670353,814743,1
3938,1969,shipping,Lan,Ngô,123 Nguyễn Huệ,Hải Phòng,VN,0944486683,479757,1
3939,1970,billing,Long,Vũ,123 Nguyễn Huệ,Quảng Ninh,VN,0977353825,770927,1
3940,1970,shipping,Long,Vũ,99 Hai Bà Trưng,Quảng Ninh,VN,0921760303,546797,1
3941,1971,billing,Anh,Ngô,99 Hai Bà Trưng,Đà Nẵng,VN,0966543232,603564,1
3942,1971,shipping,Anh,Ngô,99 Hai Bà Trưng,Đà Nẵng,VN,0960986131,614614,1
3943,1972,billing,Hằng,Vũ,123 Nguyễn Huệ,Hà Nội,VN,0940699308,231469,1
3944,1972,shipping,Hằng,Vũ,78 Lê Lợi,Hà Nội,VN,0963849953,274727,1
3945,1973,billing,Khánh,Hồ,99 Hai Bà Trưng,Hà Nội,VN,0929532815,827162,1
3946,1973,shipping,Khánh,Hồ,99 Hai Bà Trưng,Hà Nội,VN,0988709355,923629,1
3947,1974,billing,Phương,Phan,45 Đinh Tiên Hoàng,Hà Nội,VN,0942191296,793660,1
3948,1974,shipping,Phương,Phan,22 Trần Hưng Đạo,Hà Nội,VN,0918647522,783883,1
3949,1975,billing,Thảo,Hoàng,123 Nguyễn Huệ,TP HCM,VN,0962792673,101914,1
3950,1975,shipping,Thảo,Hoàng,45 Đinh Tiên Hoàng,TP HCM,VN,0990945432,774697,1
3951,1976,billing,Mai,Hoàng,78 Lê Lợi,Hải Phòng,VN,0990031884,270856,1
3952,1976,shipping,Mai,Hoàng,78 Lê Lợi,Hải Phòng,VN,0984337676,326661,1
3953,1977,billing,Ánh,Đỗ,99 Hai Bà Trưng,TP HCM,VN,0926403727,646293,1
3954,1977,shipping,Ánh,Đỗ,123 Nguyễn Huệ,TP HCM,VN,0975069054,344483,1
3955,1978,billing,Lan,Nguyễn,45 Đinh Tiên Hoàng,Đồng Nai,VN,0916311956,730597,1
3956,1978,shipping,Lan,Nguyễn,99 Hai Bà Trưng,Đồng Nai,VN,0985411721,130843,1
3957,1979,billing,Long,Dương,22 Trần Hưng Đạo,Bình Dương,VN,0920832179,362199,1
3958,1979,shipping,Long,Dương,99 Hai Bà Trưng,Bình Dương,VN,0981503129,790059,1
3959,1980,billing,Long,Trần,78 Lê Lợi,Hà Nội,VN,0965566254,543362,1
3960,1980,shipping,Long,Trần,123 Nguyễn Huệ,Hà Nội,VN,0967241975,191888,1
3961,1981,billing,Hùng,Trần,45 Đinh Tiên Hoàng,TP HCM,VN,0946427511,840286,1
3962,1981,shipping,Hùng,Trần,123 Nguyễn Huệ,TP HCM,VN,0955188252,525766,1
3963,1982,billing,Trung,Nguyễn,99 Hai Bà Trưng,Hà Nội,VN,0972667243,495515,1
3964,1982,shipping,Trung,Nguyễn,123 Nguyễn Huệ,Hà Nội,VN,0992377385,367212,1
3965,1983,billing,Lan,Nguyễn,22 Trần Hưng Đạo,Đà Nẵng,VN,0951380828,267532,1
3966,1983,shipping,Lan,Nguyễn,45 Đinh Tiên Hoàng,Đà Nẵng,VN,0999364255,105797,1
3967,1984,billing,Đức,Hoàng,22 Trần Hưng Đạo,TP HCM,VN,0956735537,369871,1
3968,1984,shipping,Đức,Hoàng,22 Trần Hưng Đạo,TP HCM,VN,0939416584,884000,1
3969,1985,billing,Anh,Đỗ,99 Hai Bà Trưng,TP HCM,VN,0960445827,114100,1
3970,1985,shipping,Anh,Đỗ,99 Hai Bà Trưng,TP HCM,VN,0973766163,705976,1
3971,1986,billing,Trung,Vũ,78 Lê Lợi,Hà Nội,VN,0930960409,916240,1
3972,1986,shipping,Trung,Vũ,78 Lê Lợi,Hà Nội,VN,0957716501,291106,1
3973,1987,billing,Đức,Lê,123 Nguyễn Huệ,Hà Nội,VN,0951870843,999402,1
3974,1987,shipping,Đức,Lê,45 Đinh Tiên Hoàng,Hà Nội,VN,0971224369,632781,1
3975,1988,billing,Khánh,Hoàng,78 Lê Lợi,Hà Nội,VN,0926401026,262184,1
3976,1988,shipping,Khánh,Hoàng,78 Lê Lợi,Hà Nội,VN,0991764820,103613,1
3977,1989,billing,Phương,Ngô,123 Nguyễn Huệ,Hà Nội,VN,0974356100,221881,1
3978,1989,shipping,Phương,Ngô,123 Nguyễn Huệ,Hà Nội,VN,0989992767,763838,1
3979,1990,billing,Minh,Hoàng,22 Trần Hưng Đạo,Quảng Ninh,VN,0931528142,634997,1
3980,1990,shipping,Minh,Hoàng,78 Lê Lợi,Quảng Ninh,VN,0920752012,618161,1
3981,1991,billing,Lan,Hồ,45 Đinh Tiên Hoàng,Khánh Hòa,VN,0961465346,254054,1
3982,1991,shipping,Lan,Hồ,99 Hai Bà Trưng,Khánh Hòa,VN,0917174468,455768,1
3983,1992,billing,Hùng,Đỗ,45 Đinh Tiên Hoàng,Hà Nội,VN,0929061340,417010,1
3984,1992,shipping,Hùng,Đỗ,45 Đinh Tiên Hoàng,Hà Nội,VN,0978403503,143365,1
3985,1993,billing,Ánh,Vũ,123 Nguyễn Huệ,TP HCM,VN,0949017279,524022,1
3986,1993,shipping,Ánh,Vũ,123 Nguyễn Huệ,TP HCM,VN,0974094518,462241,1
3987,1994,billing,Trung,Hoàng,22 Trần Hưng Đạo,TP HCM,VN,0923469954,722094,1
3988,1994,shipping,Trung,Hoàng,22 Trần Hưng Đạo,TP HCM,VN,0982745590,538007,1
3989,1995,billing,Ánh,Hoàng,123 Nguyễn Huệ,Hà Nội,VN,0970026814,535393,1
3990,1995,shipping,Ánh,Hoàng,22 Trần Hưng Đạo,Hà Nội,VN,0914749779,392400,1
3991,1996,billing,Hà,Phan,45 Đinh Tiên Hoàng,TP HCM,VN,0992033272,759051,1
3992,1996,shipping,Hà,Phan,123 Nguyễn Huệ,TP HCM,VN,0938366466,240705,1
3993,1997,billing,Long,Vũ,78 Lê Lợi,Hà Nội,VN,0967241211,621990,1
3994,1997,shipping,Long,Vũ,22 Trần Hưng Đạo,Hà Nội,VN,0953708785,631918,1
3995,1998,billing,Thảo,Dương,123 Nguyễn Huệ,TP HCM,VN,0972506335,707599,1
3996,1998,shipping,Thảo,Dương,99 Hai Bà Trưng,TP HCM,VN,0948486650,625168,1
3997,1999,billing,Ánh,Dương,99 Hai Bà Trưng,Đà Nẵng,VN,0993257707,432326,1
3998,1999,shipping,Ánh,Dương,78 Lê Lợi,Đà Nẵng,VN,0956161094,759504,1
3999,2000,billing,Mai,Trần,78 Lê Lợi,Bình Dương,VN,0979730518,936806,1
4000,2000,shipping,Mai,Trần,22 Trần Hưng Đạo,Bình Dương,VN,0992193709,905686,1
4001,2001,billing,Nga,Bùi,45 Đinh Tiên Hoàng,Hà Nội,VN,0954321909,334078,1
4002,2001,shipping,Nga,Bùi,123 Nguyễn Huệ,Hà Nội,VN,0951693935,179460,1
4003,2002,billing,Linh,Hồ,123 Nguyễn Huệ,TP HCM,VN,0928581320,930203,1
4004,2002,shipping,Linh,Hồ,78 Lê Lợi,TP HCM,VN,0970133091,688424,1
4005,2003,billing,Linh,Nguyễn,99 Hai Bà Trưng,TP HCM,VN,0970248514,944350,1
4006,2003,shipping,Linh,Nguyễn,78 Lê Lợi,TP HCM,VN,0987360811,477829,1
4007,2004,billing,Thành,Hoàng,99 Hai Bà Trưng,Hải Phòng,VN,0962184072,561464,1
4008,2004,shipping,Thành,Hoàng,45 Đinh Tiên Hoàng,Hải Phòng,VN,0993976188,313113,1
4009,2005,billing,Hùng,Lê,22 Trần Hưng Đạo,TP HCM,VN,0980844351,173814,1
4010,2005,shipping,Hùng,Lê,123 Nguyễn Huệ,TP HCM,VN,0948532220,168950,1
4011,2006,billing,Tuấn,Hồ,123 Nguyễn Huệ,Bình Dương,VN,0922302665,461162,1
4012,2006,shipping,Tuấn,Hồ,123 Nguyễn Huệ,Bình Dương,VN,0979072876,993281,1
4013,2007,billing,Hằng,Phạm,78 Lê Lợi,TP HCM,VN,0917117472,497943,1
4014,2007,shipping,Hằng,Phạm,45 Đinh Tiên Hoàng,TP HCM,VN,0953646373,918618,1
4015,2008,billing,Thu,Đỗ,123 Nguyễn Huệ,TP HCM,VN,0994903611,629355,1
4016,2008,shipping,Thu,Đỗ,22 Trần Hưng Đạo,TP HCM,VN,0984759121,863744,1
4017,2009,billing,Quang,Trần,22 Trần Hưng Đạo,Hà Nội,VN,0985442703,559133,1
4018,2009,shipping,Quang,Trần,99 Hai Bà Trưng,Hà Nội,VN,0968291562,636306,1
4019,2010,billing,Ngọc,Nguyễn,99 Hai Bà Trưng,Hà Nội,VN,0956792984,332681,1
4020,2010,shipping,Ngọc,Nguyễn,78 Lê Lợi,Hà Nội,VN,0953163073,453115,1
4021,2011,billing,Việt,Bùi,22 Trần Hưng Đạo,Hà Nội,VN,0912785887,781598,1
4022,2011,shipping,Việt,Bùi,78 Lê Lợi,Hà Nội,VN,0990362996,899011,1
4023,2012,billing,Linh,Đỗ,45 Đinh Tiên Hoàng,Hà Nội,VN,0936324361,733378,1
4024,2012,shipping,Linh,Đỗ,45 Đinh Tiên Hoàng,Hà Nội,VN,0911264865,717424,1
4025,2013,billing,Long,Nguyễn,45 Đinh Tiên Hoàng,Đồng Nai,VN,0966026760,577753,1
4026,2013,shipping,Long,Nguyễn,22 Trần Hưng Đạo,Đồng Nai,VN,0913281659,567768,1
4027,2014,billing,Trung,Đỗ,99 Hai Bà Trưng,Hà Nội,VN,0941747856,554202,1
4028,2014,shipping,Trung,Đỗ,99 Hai Bà Trưng,Hà Nội,VN,0933745613,745977,1
4029,2015,billing,Linh,Nguyễn,78 Lê Lợi,Hà Nội,VN,0913428230,301157,1
4030,2015,shipping,Linh,Nguyễn,22 Trần Hưng Đạo,Hà Nội,VN,0984001205,783928,1
4031,2016,billing,Nga,Trần,45 Đinh Tiên Hoàng,Hà Nội,VN,0950171092,525324,1
4032,2016,shipping,Nga,Trần,99 Hai Bà Trưng,Hà Nội,VN,0923780381,528058,1
4033,2017,billing,Long,Hồ,45 Đinh Tiên Hoàng,Quảng Ninh,VN,0969940369,337542,1
4034,2017,shipping,Long,Hồ,123 Nguyễn Huệ,Quảng Ninh,VN,0984195073,311863,1
4035,2018,billing,Hùng,Trần,123 Nguyễn Huệ,Bình Dương,VN,0931383474,777879,1
4036,2018,shipping,Hùng,Trần,123 Nguyễn Huệ,Bình Dương,VN,0993235626,525269,1
4037,2019,billing,Thành,Đặng,22 Trần Hưng Đạo,TP HCM,VN,0918576772,376433,1
4038,2019,shipping,Thành,Đặng,78 Lê Lợi,TP HCM,VN,0927601028,565270,1
4039,2020,billing,Hoa,Đỗ,45 Đinh Tiên Hoàng,Hà Nội,VN,0927537149,799330,1
4040,2020,shipping,Hoa,Đỗ,22 Trần Hưng Đạo,Hà Nội,VN,0924085824,741461,1
4041,2021,billing,Đức,Ngô,78 Lê Lợi,Đồng Nai,VN,0920610943,182362,1
4042,2021,shipping,Đức,Ngô,45 Đinh Tiên Hoàng,Đồng Nai,VN,0942961673,554465,1
4043,2022,billing,Mai,Phan,45 Đinh Tiên Hoàng,Hà Nội,VN,0943877345,640281,1
4044,2022,shipping,Mai,Phan,45 Đinh Tiên Hoàng,Hà Nội,VN,0948439663,440775,1
4045,2023,billing,Thu,Ngô,45 Đinh Tiên Hoàng,TP HCM,VN,0974988916,154078,1
4046,2023,shipping,Thu,Ngô,22 Trần Hưng Đạo,TP HCM,VN,0930806895,883189,1
4047,2024,billing,Hải,Nguyễn,78 Lê Lợi,TP HCM,VN,0942945634,819031,1
4048,2024,shipping,Hải,Nguyễn,45 Đinh Tiên Hoàng,TP HCM,VN,0963838576,833277,1
4049,2025,billing,Việt,Phan,78 Lê Lợi,Bình Dương,VN,0941689036,326472,1
4050,2025,shipping,Việt,Phan,45 Đinh Tiên Hoàng,Bình Dương,VN,0990415818,115476,1
4051,2026,billing,Lan,Phan,45 Đinh Tiên Hoàng,TP HCM,VN,0990172048,912775,1
4052,2026,shipping,Lan,Phan,22 Trần Hưng Đạo,TP HCM,VN,0959287436,808437,1
4053,2027,billing,Quang,Nguyễn,123 Nguyễn Huệ,Bình Dương,VN,0950518315,551988,1
4054,2027,shipping,Quang,Nguyễn,45 Đinh Tiên Hoàng,Bình Dương,VN,0926132471,336733,1
4055,2028,billing,Phương,Bùi,99 Hai Bà Trưng,TP HCM,VN,0940803369,505345,1
4056,2028,shipping,Phương,Bùi,45 Đinh Tiên Hoàng,TP HCM,VN,0924707563,943820,1
4057,2029,billing,Linh,Lê,22 Trần Hưng Đạo,Hà Nội,VN,0986183484,466421,1
4058,2029,shipping,Linh,Lê,99 Hai Bà Trưng,Hà Nội,VN,0959553547,434050,1
4059,2030,billing,Long,Lê,22 Trần Hưng Đạo,TP HCM,VN,0940547289,696276,1
4060,2030,shipping,Long,Lê,123 Nguyễn Huệ,TP HCM,VN,0939635636,769840,1
4061,2031,billing,Hùng,Hoàng,45 Đinh Tiên Hoàng,Đà Nẵng,VN,0948579148,636560,1
4062,2031,shipping,Hùng,Hoàng,45 Đinh Tiên Hoàng,Đà Nẵng,VN,0965019561,369965,1
4063,2032,billing,Minh,Hồ,78 Lê Lợi,Hà Nội,VN,0933718666,387655,1
4064,2032,shipping,Minh,Hồ,123 Nguyễn Huệ,Hà Nội,VN,0913433507,455724,1
4065,2033,billing,Hùng,Hoàng,22 Trần Hưng Đạo,Khánh Hòa,VN,0938777963,834370,1
4066,2033,shipping,Hùng,Hoàng,78 Lê Lợi,Khánh Hòa,VN,0975783764,324132,1
4067,2034,billing,Long,Nguyễn,22 Trần Hưng Đạo,TP HCM,VN,0986360643,440363,1
4068,2034,shipping,Long,Nguyễn,45 Đinh Tiên Hoàng,TP HCM,VN,0971979843,128978,1
4069,2035,billing,Hùng,Dương,22 Trần Hưng Đạo,Hà Nội,VN,0993556813,453250,1
4070,2035,shipping,Hùng,Dương,123 Nguyễn Huệ,Hà Nội,VN,0953024133,274212,1
4071,2036,billing,Đức,Vũ,22 Trần Hưng Đạo,TP HCM,VN,0916363221,817087,1
4072,2036,shipping,Đức,Vũ,99 Hai Bà Trưng,TP HCM,VN,0978354353,277504,1
4073,2037,billing,Đức,Trần,45 Đinh Tiên Hoàng,Hà Nội,VN,0981161451,112743,1
4074,2037,shipping,Đức,Trần,22 Trần Hưng Đạo,Hà Nội,VN,0974894773,304217,1
4075,2038,billing,Nga,Phan,78 Lê Lợi,Hải Phòng,VN,0984485261,381477,1
4076,2038,shipping,Nga,Phan,22 Trần Hưng Đạo,Hải Phòng,VN,0995015941,595156,1
4077,2039,billing,Quang,Đỗ,22 Trần Hưng Đạo,TP HCM,VN,0958356589,591389,1
4078,2039,shipping,Quang,Đỗ,22 Trần Hưng Đạo,TP HCM,VN,0914751736,946301,1
4079,2040,billing,Thu,Vũ,123 Nguyễn Huệ,Hà Nội,VN,0979699018,688955,1
4080,2040,shipping,Thu,Vũ,22 Trần Hưng Đạo,Hà Nội,VN,0999946162,991185,1
4081,2041,billing,Hằng,Phạm,22 Trần Hưng Đạo,Hà Nội,VN,0984625049,284896,1
4082,2041,shipping,Hằng,Phạm,22 Trần Hưng Đạo,Hà Nội,VN,0954530613,175872,1
4083,2042,billing,Quang,Ngô,78 Lê Lợi,TP HCM,VN,0910447533,783223,1
4084,2042,shipping,Quang,Ngô,78 Lê Lợi,TP HCM,VN,0978215101,723086,1
4085,2043,billing,Anh,Hoàng,45 Đinh Tiên Hoàng,Hà Nội,VN,0956806089,161610,1
4086,2043,shipping,Anh,Hoàng,99 Hai Bà Trưng,Hà Nội,VN,0995123461,330399,1
4087,2044,billing,Trang,Đặng,99 Hai Bà Trưng,Hà Nội,VN,0972448386,959069,1
4088,2044,shipping,Trang,Đặng,123 Nguyễn Huệ,Hà Nội,VN,0924323405,926393,1
4089,2045,billing,Hà,Hoàng,78 Lê Lợi,TP HCM,VN,0970041049,584973,1
4090,2045,shipping,Hà,Hoàng,22 Trần Hưng Đạo,TP HCM,VN,0995830692,549971,1
4091,2046,billing,Ngọc,Phạm,99 Hai Bà Trưng,Hà Nội,VN,0949127966,458837,1
4092,2046,shipping,Ngọc,Phạm,78 Lê Lợi,Hà Nội,VN,0999937190,771712,1
4093,2047,billing,Mai,Dương,45 Đinh Tiên Hoàng,Hà Nội,VN,0976293578,590907,1
4094,2047,shipping,Mai,Dương,45 Đinh Tiên Hoàng,Hà Nội,VN,0935067822,186323,1
4095,2048,billing,Hùng,Lê,78 Lê Lợi,Hà Nội,VN,0946187710,427161,1
4096,2048,shipping,Hùng,Lê,45 Đinh Tiên Hoàng,Hà Nội,VN,0982357155,595279,1
4097,2049,billing,Anh,Phan,78 Lê Lợi,TP HCM,VN,0975909474,453964,1
4098,2049,shipping,Anh,Phan,123 Nguyễn Huệ,TP HCM,VN,0962411375,987236,1
4099,2050,billing,Minh,Dương,45 Đinh Tiên Hoàng,Hà Nội,VN,0957702720,420234,1
4100,2050,shipping,Minh,Dương,22 Trần Hưng Đạo,Hà Nội,VN,0995637665,208313,1
4101,2051,billing,Hùng,Vũ,45 Đinh Tiên Hoàng,Hà Nội,VN,0987970679,897240,1
4102,2051,shipping,Hùng,Vũ,99 Hai Bà Trưng,Hà Nội,VN,0937856033,237752,1
4103,2052,billing,Minh,Nguyễn,99 Hai Bà Trưng,TP HCM,VN,0992938677,691099,1
4104,2052,shipping,Minh,Nguyễn,99 Hai Bà Trưng,TP HCM,VN,0983138097,777511,1
4105,2053,billing,Trang,Ngô,123 Nguyễn Huệ,Đà Nẵng,VN,0951756031,716031,1
4106,2053,shipping,Trang,Ngô,78 Lê Lợi,Đà Nẵng,VN,0933747952,733875,1
4107,2054,billing,Long,Nguyễn,45 Đinh Tiên Hoàng,Đà Nẵng,VN,0947064393,604538,1
4108,2054,shipping,Long,Nguyễn,123 Nguyễn Huệ,Đà Nẵng,VN,0989514044,513747,1
4109,2055,billing,Hoa,Dương,123 Nguyễn Huệ,TP HCM,VN,0948418940,230613,1
4110,2055,shipping,Hoa,Dương,22 Trần Hưng Đạo,TP HCM,VN,0966467107,646009,1
4111,2056,billing,Phương,Hồ,78 Lê Lợi,Đồng Nai,VN,0924361134,449312,1
4112,2056,shipping,Phương,Hồ,123 Nguyễn Huệ,Đồng Nai,VN,0970186894,142848,1
4113,2057,billing,Thu,Hồ,123 Nguyễn Huệ,Hà Nội,VN,0912559800,537693,1
4114,2057,shipping,Thu,Hồ,99 Hai Bà Trưng,Hà Nội,VN,0962203828,828590,1
4115,2058,billing,Tuấn,Lê,45 Đinh Tiên Hoàng,Hà Nội,VN,0967376997,638177,1
4116,2058,shipping,Tuấn,Lê,78 Lê Lợi,Hà Nội,VN,0956467135,123155,1
4117,2059,billing,Linh,Phan,99 Hai Bà Trưng,Hà Nội,VN,0951325380,423269,1
4118,2059,shipping,Linh,Phan,123 Nguyễn Huệ,Hà Nội,VN,0911184911,217861,1
4119,2060,billing,Thảo,Ngô,22 Trần Hưng Đạo,TP HCM,VN,0976390844,275459,1
4120,2060,shipping,Thảo,Ngô,45 Đinh Tiên Hoàng,TP HCM,VN,0927570990,196507,1
4121,2061,billing,Đức,Ngô,22 Trần Hưng Đạo,Hải Phòng,VN,0968177785,457489,1
4122,2061,shipping,Đức,Ngô,78 Lê Lợi,Hải Phòng,VN,0980263761,589940,1
4123,2062,billing,Hải,Vũ,99 Hai Bà Trưng,TP HCM,VN,0964462845,813182,1
4124,2062,shipping,Hải,Vũ,78 Lê Lợi,TP HCM,VN,0993971549,523311,1
4125,2063,billing,Phương,Phan,78 Lê Lợi,Bình Dương,VN,0982742998,188338,1
4126,2063,shipping,Phương,Phan,78 Lê Lợi,Bình Dương,VN,0992550303,505464,1
4127,2064,billing,Hải,Dương,22 Trần Hưng Đạo,Đà Nẵng,VN,0985368280,398913,1
4128,2064,shipping,Hải,Dương,99 Hai Bà Trưng,Đà Nẵng,VN,0931084209,576305,1
4129,2065,billing,Nga,Hoàng,123 Nguyễn Huệ,Hà Nội,VN,0959756160,503132,1
4130,2065,shipping,Nga,Hoàng,45 Đinh Tiên Hoàng,Hà Nội,VN,0931210139,435704,1
4131,2066,billing,Thu,Bùi,78 Lê Lợi,TP HCM,VN,0972507052,138693,1
4132,2066,shipping,Thu,Bùi,22 Trần Hưng Đạo,TP HCM,VN,0958873429,691990,1
4133,2067,billing,Quang,Nguyễn,99 Hai Bà Trưng,Quảng Ninh,VN,0941382526,438152,1
4134,2067,shipping,Quang,Nguyễn,45 Đinh Tiên Hoàng,Quảng Ninh,VN,0952962711,588250,1
4135,2068,billing,Thu,Dương,99 Hai Bà Trưng,Đà Nẵng,VN,0989150850,110751,1
4136,2068,shipping,Thu,Dương,22 Trần Hưng Đạo,Đà Nẵng,VN,0966404004,803845,1
4137,2069,billing,Long,Hồ,45 Đinh Tiên Hoàng,Hà Nội,VN,0954679845,957916,1
4138,2069,shipping,Long,Hồ,99 Hai Bà Trưng,Hà Nội,VN,0997969547,446512,1
4139,2070,billing,Yến,Đặng,99 Hai Bà Trưng,Hà Nội,VN,0929540113,973663,1
4140,2070,shipping,Yến,Đặng,123 Nguyễn Huệ,Hà Nội,VN,0944431447,316263,1
4141,2071,billing,Lan,Đặng,123 Nguyễn Huệ,Hà Nội,VN,0977837337,880343,1
4142,2071,shipping,Lan,Đặng,22 Trần Hưng Đạo,Hà Nội,VN,0961819803,694687,1
4143,2072,billing,Bình,Phạm,45 Đinh Tiên Hoàng,TP HCM,VN,0950821915,198145,1
4144,2072,shipping,Bình,Phạm,22 Trần Hưng Đạo,TP HCM,VN,0946744092,947320,1
4145,2073,billing,Linh,Vũ,45 Đinh Tiên Hoàng,TP HCM,VN,0972177473,700454,1
4146,2073,shipping,Linh,Vũ,22 Trần Hưng Đạo,TP HCM,VN,0987728426,821277,1
4147,2074,billing,Minh,Nguyễn,45 Đinh Tiên Hoàng,TP HCM,VN,0957682583,208260,1
4148,2074,shipping,Minh,Nguyễn,99 Hai Bà Trưng,TP HCM,VN,0984142843,820596,1
4149,2075,billing,Anh,Đặng,22 Trần Hưng Đạo,Hà Nội,VN,0934480299,586490,1
4150,2075,shipping,Anh,Đặng,99 Hai Bà Trưng,Hà Nội,VN,0966194195,285797,1
4151,2076,billing,Hải,Nguyễn,99 Hai Bà Trưng,TP HCM,VN,0922358531,967584,1
4152,2076,shipping,Hải,Nguyễn,78 Lê Lợi,TP HCM,VN,0982358486,915460,1
4153,2077,billing,Hà,Ngô,123 Nguyễn Huệ,Hà Nội,VN,0948804525,619092,1
4154,2077,shipping,Hà,Ngô,78 Lê Lợi,Hà Nội,VN,0952748195,954284,1
4155,2078,billing,Hải,Trần,22 Trần Hưng Đạo,TP HCM,VN,0943102946,606869,1
4156,2078,shipping,Hải,Trần,78 Lê Lợi,TP HCM,VN,0948124483,267641,1
4157,2079,billing,Anh,Hoàng,22 Trần Hưng Đạo,Hà Nội,VN,0957276263,175083,1
4158,2079,shipping,Anh,Hoàng,45 Đinh Tiên Hoàng,Hà Nội,VN,0924488392,922788,1
4159,2080,billing,Thành,Phạm,123 Nguyễn Huệ,Hà Nội,VN,0922738504,929353,1
4160,2080,shipping,Thành,Phạm,123 Nguyễn Huệ,Hà Nội,VN,0925019012,157687,1
4161,2081,billing,Quang,Trần,123 Nguyễn Huệ,TP HCM,VN,0973442149,929336,1
4162,2081,shipping,Quang,Trần,123 Nguyễn Huệ,TP HCM,VN,0965996778,329533,1
4163,2082,billing,Việt,Đặng,123 Nguyễn Huệ,TP HCM,VN,0940548696,175793,1
4164,2082,shipping,Việt,Đặng,123 Nguyễn Huệ,TP HCM,VN,0936469524,465148,1
4165,2083,billing,Quang,Bùi,22 Trần Hưng Đạo,Quảng Ninh,VN,0971429359,580997,1
4166,2083,shipping,Quang,Bùi,22 Trần Hưng Đạo,Quảng Ninh,VN,0918399972,176444,1
4167,2084,billing,Phương,Phan,45 Đinh Tiên Hoàng,TP HCM,VN,0940193522,792923,1
4168,2084,shipping,Phương,Phan,45 Đinh Tiên Hoàng,TP HCM,VN,0917748495,371828,1
4169,2085,billing,Long,Phạm,45 Đinh Tiên Hoàng,TP HCM,VN,0985243440,563351,1
4170,2085,shipping,Long,Phạm,123 Nguyễn Huệ,TP HCM,VN,0940859695,700004,1
4171,2086,billing,Đức,Phạm,22 Trần Hưng Đạo,Hà Nội,VN,0997985796,972013,1
4172,2086,shipping,Đức,Phạm,22 Trần Hưng Đạo,Hà Nội,VN,0943277763,345015,1
4173,2087,billing,Hải,Hồ,45 Đinh Tiên Hoàng,Đồng Nai,VN,0963499833,530356,1
4174,2087,shipping,Hải,Hồ,45 Đinh Tiên Hoàng,Đồng Nai,VN,0912430368,488940,1
4175,2088,billing,Hà,Lê,45 Đinh Tiên Hoàng,Hà Nội,VN,0959193482,498099,1
4176,2088,shipping,Hà,Lê,45 Đinh Tiên Hoàng,Hà Nội,VN,0927055682,871897,1
4177,2089,billing,Tuấn,Phan,99 Hai Bà Trưng,Khánh Hòa,VN,0963357821,449260,1
4178,2089,shipping,Tuấn,Phan,123 Nguyễn Huệ,Khánh Hòa,VN,0955387350,348229,1
4179,2090,billing,Bình,Đỗ,99 Hai Bà Trưng,Bình Dương,VN,0975223627,248182,1
4180,2090,shipping,Bình,Đỗ,99 Hai Bà Trưng,Bình Dương,VN,0918030026,541025,1
4181,2091,billing,Trang,Đặng,123 Nguyễn Huệ,Hà Nội,VN,0957260607,698598,1
4182,2091,shipping,Trang,Đặng,123 Nguyễn Huệ,Hà Nội,VN,0961650578,687215,1
4183,2092,billing,Ngọc,Nguyễn,22 Trần Hưng Đạo,Hà Nội,VN,0965614779,219746,1
4184,2092,shipping,Ngọc,Nguyễn,45 Đinh Tiên Hoàng,Hà Nội,VN,0981748125,468166,1
4185,2093,billing,Linh,Đặng,78 Lê Lợi,TP HCM,VN,0917813893,268607,1
4186,2093,shipping,Linh,Đặng,99 Hai Bà Trưng,TP HCM,VN,0948968756,139498,1
4187,2094,billing,Phương,Hồ,22 Trần Hưng Đạo,Hà Nội,VN,0930354317,888037,1
4188,2094,shipping,Phương,Hồ,99 Hai Bà Trưng,Hà Nội,VN,0991626982,820088,1
4189,2095,billing,Khánh,Đỗ,99 Hai Bà Trưng,TP HCM,VN,0928824049,915049,1
4190,2095,shipping,Khánh,Đỗ,78 Lê Lợi,TP HCM,VN,0914476099,931038,1
4191,2096,billing,Tuấn,Hoàng,78 Lê Lợi,TP HCM,VN,0930244131,489568,1
4192,2096,shipping,Tuấn,Hoàng,123 Nguyễn Huệ,TP HCM,VN,0951118988,735778,1
4193,2097,billing,Trang,Đỗ,22 Trần Hưng Đạo,TP HCM,VN,0945616498,528792,1
4194,2097,shipping,Trang,Đỗ,45 Đinh Tiên Hoàng,TP HCM,VN,0945705349,701238,1
4195,2098,billing,Minh,Phan,22 Trần Hưng Đạo,Hà Nội,VN,0952016982,341309,1
4196,2098,shipping,Minh,Phan,78 Lê Lợi,Hà Nội,VN,0942592622,579367,1
4197,2099,billing,Thành,Phan,78 Lê Lợi,TP HCM,VN,0986178438,447608,1
4198,2099,shipping,Thành,Phan,45 Đinh Tiên Hoàng,TP HCM,VN,0960005794,295568,1
4199,2100,billing,Hùng,Đặng,78 Lê Lợi,Hà Nội,VN,0967835622,113458,1
4200,2100,shipping,Hùng,Đặng,99 Hai Bà Trưng,Hà Nội,VN,0978752393,408265,1
4201,2101,billing,Ánh,Hoàng,22 Trần Hưng Đạo,Hải Phòng,VN,0998444752,102876,1
4202,2101,shipping,Ánh,Hoàng,22 Trần Hưng Đạo,Hải Phòng,VN,0997164273,190786,1
4203,2102,billing,Long,Lê,123 Nguyễn Huệ,TP HCM,VN,0972209108,512998,1
4204,2102,shipping,Long,Lê,45 Đinh Tiên Hoàng,TP HCM,VN,0937523842,554188,1
4205,2103,billing,Khánh,Ngô,22 Trần Hưng Đạo,Hà Nội,VN,0923509280,679659,1
4206,2103,shipping,Khánh,Ngô,123 Nguyễn Huệ,Hà Nội,VN,0959409184,169377,1
4207,2104,billing,Hải,Dương,78 Lê Lợi,Hà Nội,VN,0988888876,408903,1
4208,2104,shipping,Hải,Dương,22 Trần Hưng Đạo,Hà Nội,VN,0929452714,674620,1
4209,2105,billing,Quang,Phan,78 Lê Lợi,TP HCM,VN,0922021729,289312,1
4210,2105,shipping,Quang,Phan,99 Hai Bà Trưng,TP HCM,VN,0952985065,641229,1
4211,2106,billing,Thành,Nguyễn,78 Lê Lợi,Hà Nội,VN,0954642795,936550,1
4212,2106,shipping,Thành,Nguyễn,45 Đinh Tiên Hoàng,Hà Nội,VN,0912679359,123733,1
4213,2107,billing,Long,Ngô,123 Nguyễn Huệ,TP HCM,VN,0986503412,677142,1
4214,2107,shipping,Long,Ngô,45 Đinh Tiên Hoàng,TP HCM,VN,0963950371,298442,1
4215,2108,billing,Khánh,Hoàng,22 Trần Hưng Đạo,TP HCM,VN,0962827060,955865,1
4216,2108,shipping,Khánh,Hoàng,123 Nguyễn Huệ,TP HCM,VN,0914426070,454573,1
4217,2109,billing,Việt,Dương,99 Hai Bà Trưng,Hà Nội,VN,0990133955,412404,1
4218,2109,shipping,Việt,Dương,78 Lê Lợi,Hà Nội,VN,0957085767,900382,1
4219,2110,billing,Hà,Nguyễn,123 Nguyễn Huệ,Đồng Nai,VN,0964802808,132564,1
4220,2110,shipping,Hà,Nguyễn,99 Hai Bà Trưng,Đồng Nai,VN,0919207579,186275,1
4221,2111,billing,Trung,Nguyễn,22 Trần Hưng Đạo,TP HCM,VN,0992679286,898805,1
4222,2111,shipping,Trung,Nguyễn,78 Lê Lợi,TP HCM,VN,0991845196,879333,1
4223,2112,billing,Anh,Lê,45 Đinh Tiên Hoàng,TP HCM,VN,0980282989,283557,1
4224,2112,shipping,Anh,Lê,45 Đinh Tiên Hoàng,TP HCM,VN,0931245243,837385,1
4225,2113,billing,Trang,Đặng,99 Hai Bà Trưng,TP HCM,VN,0970782940,198891,1
4226,2113,shipping,Trang,Đặng,78 Lê Lợi,TP HCM,VN,0991434053,870591,1
4227,2114,billing,Thành,Bùi,78 Lê Lợi,Hà Nội,VN,0957551178,369304,1
4228,2114,shipping,Thành,Bùi,22 Trần Hưng Đạo,Hà Nội,VN,0925124994,608298,1
4229,2115,billing,Quang,Vũ,78 Lê Lợi,TP HCM,VN,0981949896,416963,1
4230,2115,shipping,Quang,Vũ,22 Trần Hưng Đạo,TP HCM,VN,0916568808,178542,1
4231,2116,billing,Mai,Lê,99 Hai Bà Trưng,TP HCM,VN,0975699647,652393,1
4232,2116,shipping,Mai,Lê,99 Hai Bà Trưng,TP HCM,VN,0924034033,196961,1
4233,2117,billing,Thu,Đặng,123 Nguyễn Huệ,TP HCM,VN,0987665992,127429,1
4234,2117,shipping,Thu,Đặng,99 Hai Bà Trưng,TP HCM,VN,0911653594,901435,1
4235,2118,billing,Nga,Nguyễn,78 Lê Lợi,Đồng Nai,VN,0936936203,360735,1
4236,2118,shipping,Nga,Nguyễn,22 Trần Hưng Đạo,Đồng Nai,VN,0918102673,500538,1
4237,2119,billing,Yến,Đặng,123 Nguyễn Huệ,TP HCM,VN,0992143108,570175,1
4238,2119,shipping,Yến,Đặng,99 Hai Bà Trưng,TP HCM,VN,0969825684,293461,1
4239,2120,billing,Hoa,Hồ,99 Hai Bà Trưng,TP HCM,VN,0933245330,775651,1
4240,2120,shipping,Hoa,Hồ,123 Nguyễn Huệ,TP HCM,VN,0971255664,401778,1
4241,2121,billing,Ánh,Ngô,22 Trần Hưng Đạo,TP HCM,VN,0974576873,750284,1
4242,2121,shipping,Ánh,Ngô,45 Đinh Tiên Hoàng,TP HCM,VN,0939785024,513593,1
4243,2122,billing,Tuấn,Dương,22 Trần Hưng Đạo,Hà Nội,VN,0967801341,192342,1
4244,2122,shipping,Tuấn,Dương,123 Nguyễn Huệ,Hà Nội,VN,0977088792,715242,1
4245,2123,billing,Tuấn,Hoàng,22 Trần Hưng Đạo,TP HCM,VN,0925533491,527117,1
4246,2123,shipping,Tuấn,Hoàng,22 Trần Hưng Đạo,TP HCM,VN,0967771191,494584,1
4247,2124,billing,Thành,Hồ,22 Trần Hưng Đạo,TP HCM,VN,0924135292,474589,1
4248,2124,shipping,Thành,Hồ,22 Trần Hưng Đạo,TP HCM,VN,0924276778,945055,1
4249,2125,billing,Khánh,Hồ,99 Hai Bà Trưng,Hà Nội,VN,0971659429,225706,1
4250,2125,shipping,Khánh,Hồ,99 Hai Bà Trưng,Hà Nội,VN,0929049465,147751,1
4251,2126,billing,Việt,Đặng,123 Nguyễn Huệ,Hải Phòng,VN,0969265285,659309,1
4252,2126,shipping,Việt,Đặng,99 Hai Bà Trưng,Hải Phòng,VN,0941365353,609049,1
4253,2127,billing,Ngọc,Đặng,78 Lê Lợi,TP HCM,VN,0983551942,613676,1
4254,2127,shipping,Ngọc,Đặng,78 Lê Lợi,TP HCM,VN,0950387660,429701,1
4255,2128,billing,Ánh,Bùi,99 Hai Bà Trưng,TP HCM,VN,0960382046,189236,1
4256,2128,shipping,Ánh,Bùi,99 Hai Bà Trưng,TP HCM,VN,0916419761,265589,1
4257,2129,billing,Thành,Hồ,45 Đinh Tiên Hoàng,TP HCM,VN,0976400185,727867,1
4258,2129,shipping,Thành,Hồ,45 Đinh Tiên Hoàng,TP HCM,VN,0950060336,839361,1
4259,2130,billing,Anh,Nguyễn,22 Trần Hưng Đạo,TP HCM,VN,0973371229,417044,1
4260,2130,shipping,Anh,Nguyễn,99 Hai Bà Trưng,TP HCM,VN,0981236760,442528,1
4261,2131,billing,Đức,Hoàng,123 Nguyễn Huệ,Quảng Ninh,VN,0982975594,634662,1
4262,2131,shipping,Đức,Hoàng,78 Lê Lợi,Quảng Ninh,VN,0921777426,296696,1
4263,2132,billing,Minh,Ngô,22 Trần Hưng Đạo,TP HCM,VN,0939740809,541505,1
4264,2132,shipping,Minh,Ngô,45 Đinh Tiên Hoàng,TP HCM,VN,0920423747,324237,1
4265,2133,billing,Khánh,Nguyễn,22 Trần Hưng Đạo,TP HCM,VN,0992938466,512702,1
4266,2133,shipping,Khánh,Nguyễn,99 Hai Bà Trưng,TP HCM,VN,0937219553,205453,1
4267,2134,billing,Yến,Phạm,123 Nguyễn Huệ,Hà Nội,VN,0975875900,601955,1
4268,2134,shipping,Yến,Phạm,45 Đinh Tiên Hoàng,Hà Nội,VN,0952261032,459323,1
4269,2135,billing,Minh,Phan,78 Lê Lợi,Khánh Hòa,VN,0966585811,343707,1
4270,2135,shipping,Minh,Phan,22 Trần Hưng Đạo,Khánh Hòa,VN,0986541344,318483,1
4271,2136,billing,Bình,Dương,78 Lê Lợi,Hà Nội,VN,0974543562,840716,1
4272,2136,shipping,Bình,Dương,99 Hai Bà Trưng,Hà Nội,VN,0945663482,362218,1
4273,2137,billing,Quang,Lê,123 Nguyễn Huệ,Hà Nội,VN,0936075554,315293,1
4274,2137,shipping,Quang,Lê,45 Đinh Tiên Hoàng,Hà Nội,VN,0966068576,575635,1
4275,2138,billing,Bình,Phan,123 Nguyễn Huệ,TP HCM,VN,0932700931,503539,1
4276,2138,shipping,Bình,Phan,123 Nguyễn Huệ,TP HCM,VN,0937122255,998050,1
4277,2139,billing,Phương,Dương,22 Trần Hưng Đạo,TP HCM,VN,0963053161,171510,1
4278,2139,shipping,Phương,Dương,123 Nguyễn Huệ,TP HCM,VN,0940068024,437156,1
4279,2140,billing,Minh,Ngô,45 Đinh Tiên Hoàng,Hà Nội,VN,0935297964,756852,1
4280,2140,shipping,Minh,Ngô,45 Đinh Tiên Hoàng,Hà Nội,VN,0920944384,730624,1
4281,2141,billing,Hà,Lê,123 Nguyễn Huệ,TP HCM,VN,0976282851,834854,1
4282,2141,shipping,Hà,Lê,45 Đinh Tiên Hoàng,TP HCM,VN,0989367045,590865,1
4283,2142,billing,Thành,Nguyễn,123 Nguyễn Huệ,TP HCM,VN,0925721461,134004,1
4284,2142,shipping,Thành,Nguyễn,45 Đinh Tiên Hoàng,TP HCM,VN,0999159916,347611,1
4285,2143,billing,Đức,Đỗ,99 Hai Bà Trưng,TP HCM,VN,0986160883,419369,1
4286,2143,shipping,Đức,Đỗ,99 Hai Bà Trưng,TP HCM,VN,0913038672,349814,1
4287,2144,billing,Thảo,Nguyễn,22 Trần Hưng Đạo,Hà Nội,VN,0936336087,520672,1
4288,2144,shipping,Thảo,Nguyễn,123 Nguyễn Huệ,Hà Nội,VN,0910753855,183127,1
4289,2145,billing,Ngọc,Hồ,99 Hai Bà Trưng,Khánh Hòa,VN,0916646350,220908,1
4290,2145,shipping,Ngọc,Hồ,99 Hai Bà Trưng,Khánh Hòa,VN,0966988419,251227,1
4291,2146,billing,Hà,Phan,45 Đinh Tiên Hoàng,TP HCM,VN,0964816262,113121,1
4292,2146,shipping,Hà,Phan,99 Hai Bà Trưng,TP HCM,VN,0921441017,835915,1
4293,2147,billing,Tuấn,Bùi,99 Hai Bà Trưng,Hà Nội,VN,0955447266,822011,1
4294,2147,shipping,Tuấn,Bùi,99 Hai Bà Trưng,Hà Nội,VN,0984339096,484920,1
4295,2148,billing,Hải,Ngô,123 Nguyễn Huệ,TP HCM,VN,0979379754,558607,1
4296,2148,shipping,Hải,Ngô,22 Trần Hưng Đạo,TP HCM,VN,0962130489,523467,1
4297,2149,billing,Phương,Vũ,22 Trần Hưng Đạo,Hà Nội,VN,0950360884,698797,1
4298,2149,shipping,Phương,Vũ,78 Lê Lợi,Hà Nội,VN,0924872035,325330,1
4299,2150,billing,Quang,Nguyễn,78 Lê Lợi,TP HCM,VN,0991516563,687672,1
4300,2150,shipping,Quang,Nguyễn,78 Lê Lợi,TP HCM,VN,0993704683,660729,1
4301,2151,billing,Linh,Đặng,45 Đinh Tiên Hoàng,TP HCM,VN,0971534285,939261,1
4302,2151,shipping,Linh,Đặng,45 Đinh Tiên Hoàng,TP HCM,VN,0928003870,317910,1
4303,2152,billing,Trung,Trần,22 Trần Hưng Đạo,TP HCM,VN,0969787172,541449,1
4304,2152,shipping,Trung,Trần,99 Hai Bà Trưng,TP HCM,VN,0939364667,273043,1
4305,2153,billing,Lan,Dương,22 Trần Hưng Đạo,Hà Nội,VN,0982110991,677944,1
4306,2153,shipping,Lan,Dương,22 Trần Hưng Đạo,Hà Nội,VN,0933069742,227419,1
4307,2154,billing,Minh,Phạm,99 Hai Bà Trưng,Hà Nội,VN,0947705523,503525,1
4308,2154,shipping,Minh,Phạm,123 Nguyễn Huệ,Hà Nội,VN,0918582366,121804,1
4309,2155,billing,Thành,Đặng,22 Trần Hưng Đạo,Bình Dương,VN,0955873234,110083,1
4310,2155,shipping,Thành,Đặng,99 Hai Bà Trưng,Bình Dương,VN,0934109315,466530,1
4311,2156,billing,Hằng,Dương,22 Trần Hưng Đạo,Hà Nội,VN,0932608570,810247,1
4312,2156,shipping,Hằng,Dương,22 Trần Hưng Đạo,Hà Nội,VN,0991934791,542959,1
4313,2157,billing,Hoa,Hồ,22 Trần Hưng Đạo,Hà Nội,VN,0973406542,400539,1
4314,2157,shipping,Hoa,Hồ,78 Lê Lợi,Hà Nội,VN,0966333339,436694,1
4315,2158,billing,Lan,Trần,99 Hai Bà Trưng,Hà Nội,VN,0988718095,691856,1
4316,2158,shipping,Lan,Trần,22 Trần Hưng Đạo,Hà Nội,VN,0910368034,360817,1
4317,2159,billing,Anh,Bùi,45 Đinh Tiên Hoàng,TP HCM,VN,0956595980,555881,1
4318,2159,shipping,Anh,Bùi,45 Đinh Tiên Hoàng,TP HCM,VN,0943819562,677796,1
4319,2160,billing,Quang,Phạm,45 Đinh Tiên Hoàng,Hà Nội,VN,0969619357,901360,1
4320,2160,shipping,Quang,Phạm,99 Hai Bà Trưng,Hà Nội,VN,0960079791,274972,1
4321,2161,billing,Trang,Đỗ,45 Đinh Tiên Hoàng,TP HCM,VN,0935888715,545466,1
4322,2161,shipping,Trang,Đỗ,99 Hai Bà Trưng,TP HCM,VN,0991395922,574608,1
4323,2162,billing,Minh,Đặng,123 Nguyễn Huệ,Hà Nội,VN,0969984025,980472,1
4324,2162,shipping,Minh,Đặng,78 Lê Lợi,Hà Nội,VN,0959566282,104272,1
4325,2163,billing,Thành,Nguyễn,45 Đinh Tiên Hoàng,Hà Nội,VN,0939831482,453926,1
4326,2163,shipping,Thành,Nguyễn,22 Trần Hưng Đạo,Hà Nội,VN,0921058205,616153,1
4327,2164,billing,Phương,Vũ,22 Trần Hưng Đạo,Hà Nội,VN,0929849508,532538,1
4328,2164,shipping,Phương,Vũ,22 Trần Hưng Đạo,Hà Nội,VN,0992480684,201706,1
4329,2165,billing,Bình,Đặng,22 Trần Hưng Đạo,TP HCM,VN,0947826021,953762,1
4330,2165,shipping,Bình,Đặng,22 Trần Hưng Đạo,TP HCM,VN,0934240683,288512,1
4331,2166,billing,Quang,Ngô,123 Nguyễn Huệ,Đồng Nai,VN,0955728574,759437,1
4332,2166,shipping,Quang,Ngô,22 Trần Hưng Đạo,Đồng Nai,VN,0924972591,471678,1
4333,2167,billing,Thành,Bùi,99 Hai Bà Trưng,Đà Nẵng,VN,0988804185,626397,1
4334,2167,shipping,Thành,Bùi,123 Nguyễn Huệ,Đà Nẵng,VN,0996090286,959905,1
4335,2168,billing,Thảo,Trần,45 Đinh Tiên Hoàng,Hải Phòng,VN,0976107252,484846,1
4336,2168,shipping,Thảo,Trần,45 Đinh Tiên Hoàng,Hải Phòng,VN,0939710467,874574,1
4337,2169,billing,Bình,Dương,123 Nguyễn Huệ,Đà Nẵng,VN,0941208028,760599,1
4338,2169,shipping,Bình,Dương,99 Hai Bà Trưng,Đà Nẵng,VN,0937910530,892919,1
4339,2170,billing,Thành,Vũ,123 Nguyễn Huệ,Hà Nội,VN,0922641144,126482,1
4340,2170,shipping,Thành,Vũ,45 Đinh Tiên Hoàng,Hà Nội,VN,0961404585,947140,1
4341,2171,billing,Thu,Bùi,78 Lê Lợi,Hà Nội,VN,0936665268,214670,1
4342,2171,shipping,Thu,Bùi,22 Trần Hưng Đạo,Hà Nội,VN,0990839778,789267,1
4343,2172,billing,Linh,Hồ,78 Lê Lợi,Đà Nẵng,VN,0981537793,923998,1
4344,2172,shipping,Linh,Hồ,45 Đinh Tiên Hoàng,Đà Nẵng,VN,0956721660,250552,1
4345,2173,billing,Minh,Đặng,45 Đinh Tiên Hoàng,TP HCM,VN,0931528550,905557,1
4346,2173,shipping,Minh,Đặng,99 Hai Bà Trưng,TP HCM,VN,0985954462,170079,1
4347,2174,billing,Bình,Bùi,123 Nguyễn Huệ,Hà Nội,VN,0999593813,914104,1
4348,2174,shipping,Bình,Bùi,99 Hai Bà Trưng,Hà Nội,VN,0946084689,932986,1
4349,2175,billing,Nga,Đặng,123 Nguyễn Huệ,TP HCM,VN,0910615090,946311,1
4350,2175,shipping,Nga,Đặng,45 Đinh Tiên Hoàng,TP HCM,VN,0958350947,254583,1
4351,2176,billing,Nga,Nguyễn,123 Nguyễn Huệ,Đồng Nai,VN,0976295584,379972,1
4352,2176,shipping,Nga,Nguyễn,45 Đinh Tiên Hoàng,Đồng Nai,VN,0948338403,555731,1
4353,2177,billing,Trang,Bùi,78 Lê Lợi,TP HCM,VN,0981891082,780306,1
4354,2177,shipping,Trang,Bùi,123 Nguyễn Huệ,TP HCM,VN,0977643877,525679,1
4355,2178,billing,Hoa,Phạm,99 Hai Bà Trưng,Hà Nội,VN,0944462357,234475,1
4356,2178,shipping,Hoa,Phạm,78 Lê Lợi,Hà Nội,VN,0963351205,325753,1
4357,2179,billing,Phương,Vũ,22 Trần Hưng Đạo,TP HCM,VN,0988084880,716969,1
4358,2179,shipping,Phương,Vũ,22 Trần Hưng Đạo,TP HCM,VN,0941647603,664975,1
4359,2180,billing,Tuấn,Bùi,99 Hai Bà Trưng,Hà Nội,VN,0912807612,990010,1
4360,2180,shipping,Tuấn,Bùi,78 Lê Lợi,Hà Nội,VN,0932544927,678414,1
4361,2181,billing,Đức,Vũ,78 Lê Lợi,TP HCM,VN,0910785360,745484,1
4362,2181,shipping,Đức,Vũ,22 Trần Hưng Đạo,TP HCM,VN,0956701476,514477,1
4363,2182,billing,Khánh,Hoàng,99 Hai Bà Trưng,Hà Nội,VN,0960876572,431405,1
4364,2182,shipping,Khánh,Hoàng,123 Nguyễn Huệ,Hà Nội,VN,0982932385,753435,1
4365,2183,billing,Ánh,Phạm,123 Nguyễn Huệ,Hà Nội,VN,0926881289,915974,1
4366,2183,shipping,Ánh,Phạm,78 Lê Lợi,Hà Nội,VN,0969249783,277357,1
4367,2184,billing,Thu,Trần,45 Đinh Tiên Hoàng,Hà Nội,VN,0932173397,329654,1
4368,2184,shipping,Thu,Trần,99 Hai Bà Trưng,Hà Nội,VN,0981448962,968524,1
4369,2185,billing,Mai,Vũ,22 Trần Hưng Đạo,Hải Phòng,VN,0970088219,543016,1
4370,2185,shipping,Mai,Vũ,99 Hai Bà Trưng,Hải Phòng,VN,0941413271,718120,1
4371,2186,billing,Long,Đỗ,99 Hai Bà Trưng,Hà Nội,VN,0979246311,159574,1
4372,2186,shipping,Long,Đỗ,22 Trần Hưng Đạo,Hà Nội,VN,0979662901,240400,1
4373,2187,billing,Đức,Đỗ,123 Nguyễn Huệ,Đồng Nai,VN,0938827440,254721,1
4374,2187,shipping,Đức,Đỗ,78 Lê Lợi,Đồng Nai,VN,0954098486,178810,1
4375,2188,billing,Phương,Dương,22 Trần Hưng Đạo,Hà Nội,VN,0910680680,697354,1
4376,2188,shipping,Phương,Dương,123 Nguyễn Huệ,Hà Nội,VN,0958615236,704834,1
4377,2189,billing,Việt,Hồ,45 Đinh Tiên Hoàng,TP HCM,VN,0918895698,507094,1
4378,2189,shipping,Việt,Hồ,78 Lê Lợi,TP HCM,VN,0990979574,769837,1
4379,2190,billing,Thu,Nguyễn,45 Đinh Tiên Hoàng,Hà Nội,VN,0972169156,665887,1
4380,2190,shipping,Thu,Nguyễn,123 Nguyễn Huệ,Hà Nội,VN,0981256460,474956,1
4381,2191,billing,Khánh,Trần,123 Nguyễn Huệ,Hải Phòng,VN,0973009028,730439,1
4382,2191,shipping,Khánh,Trần,123 Nguyễn Huệ,Hải Phòng,VN,0997574339,131949,1
4383,2192,billing,Yến,Trần,99 Hai Bà Trưng,TP HCM,VN,0994893008,713735,1
4384,2192,shipping,Yến,Trần,78 Lê Lợi,TP HCM,VN,0919248369,442039,1
4385,2193,billing,Long,Ngô,22 Trần Hưng Đạo,Hải Phòng,VN,0934710700,251139,1
4386,2193,shipping,Long,Ngô,123 Nguyễn Huệ,Hải Phòng,VN,0993104029,541569,1
4387,2194,billing,Khánh,Hồ,99 Hai Bà Trưng,TP HCM,VN,0936092027,684559,1
4388,2194,shipping,Khánh,Hồ,123 Nguyễn Huệ,TP HCM,VN,0911405728,276425,1
4389,2195,billing,Linh,Phan,123 Nguyễn Huệ,Đồng Nai,VN,0913255360,271160,1
4390,2195,shipping,Linh,Phan,78 Lê Lợi,Đồng Nai,VN,0921866048,647192,1
4391,2196,billing,Quang,Lê,78 Lê Lợi,TP HCM,VN,0979549291,269461,1
4392,2196,shipping,Quang,Lê,45 Đinh Tiên Hoàng,TP HCM,VN,0973950670,731729,1
4393,2197,billing,Tuấn,Đỗ,123 Nguyễn Huệ,TP HCM,VN,0984130803,951684,1
4394,2197,shipping,Tuấn,Đỗ,78 Lê Lợi,TP HCM,VN,0985162577,373968,1
4395,2198,billing,Ngọc,Lê,22 Trần Hưng Đạo,TP HCM,VN,0971798674,642804,1
4396,2198,shipping,Ngọc,Lê,78 Lê Lợi,TP HCM,VN,0934126809,906875,1
4397,2199,billing,Minh,Hồ,22 Trần Hưng Đạo,Hải Phòng,VN,0931336041,184440,1
4398,2199,shipping,Minh,Hồ,22 Trần Hưng Đạo,Hải Phòng,VN,0995913802,732172,1
4399,2200,billing,Đức,Ngô,99 Hai Bà Trưng,TP HCM,VN,0930965105,458423,1
4400,2200,shipping,Đức,Ngô,123 Nguyễn Huệ,TP HCM,VN,0971998397,447442,1
4401,2201,billing,Quang,Vũ,45 Đinh Tiên Hoàng,Đà Nẵng,VN,0932518618,110292,1
4402,2201,shipping,Quang,Vũ,99 Hai Bà Trưng,Đà Nẵng,VN,0920536273,428415,1
4403,2202,billing,Tuấn,Đỗ,99 Hai Bà Trưng,TP HCM,VN,0939795300,764652,1
4404,2202,shipping,Tuấn,Đỗ,22 Trần Hưng Đạo,TP HCM,VN,0937890975,380655,1
4405,2203,billing,Thu,Hoàng,123 Nguyễn Huệ,Hà Nội,VN,0925962935,789716,1
4406,2203,shipping,Thu,Hoàng,45 Đinh Tiên Hoàng,Hà Nội,VN,0941285275,994404,1
4407,2204,billing,Hải,Vũ,78 Lê Lợi,Hà Nội,VN,0972077102,396025,1
4408,2204,shipping,Hải,Vũ,22 Trần Hưng Đạo,Hà Nội,VN,0954214027,318298,1
4409,2205,billing,Yến,Lê,22 Trần Hưng Đạo,Hà Nội,VN,0959551934,267227,1
4410,2205,shipping,Yến,Lê,123 Nguyễn Huệ,Hà Nội,VN,0956016931,885080,1
4411,2206,billing,Hằng,Nguyễn,45 Đinh Tiên Hoàng,TP HCM,VN,0986559682,139189,1
4412,2206,shipping,Hằng,Nguyễn,78 Lê Lợi,TP HCM,VN,0916182642,380634,1
4413,2207,billing,Lan,Trần,78 Lê Lợi,Hải Phòng,VN,0977939246,113015,1
4414,2207,shipping,Lan,Trần,78 Lê Lợi,Hải Phòng,VN,0970904371,129710,1
4415,2208,billing,Trang,Vũ,99 Hai Bà Trưng,Hà Nội,VN,0931408761,667245,1
4416,2208,shipping,Trang,Vũ,99 Hai Bà Trưng,Hà Nội,VN,0987907843,321049,1
4417,2209,billing,Trang,Đỗ,123 Nguyễn Huệ,Hà Nội,VN,0952619704,712446,1
4418,2209,shipping,Trang,Đỗ,99 Hai Bà Trưng,Hà Nội,VN,0969396598,477404,1
4419,2210,billing,Nga,Hoàng,78 Lê Lợi,TP HCM,VN,0989180240,473841,1
4420,2210,shipping,Nga,Hoàng,123 Nguyễn Huệ,TP HCM,VN,0927662529,179730,1
4421,2211,billing,Yến,Dương,45 Đinh Tiên Hoàng,Hà Nội,VN,0977172787,521092,1
4422,2211,shipping,Yến,Dương,99 Hai Bà Trưng,Hà Nội,VN,0983264656,965920,1
4423,2212,billing,Minh,Phan,45 Đinh Tiên Hoàng,TP HCM,VN,0915370317,962453,1
4424,2212,shipping,Minh,Phan,45 Đinh Tiên Hoàng,TP HCM,VN,0958510293,405397,1
4425,2213,billing,Hoa,Dương,45 Đinh Tiên Hoàng,Đà Nẵng,VN,0916236035,120067,1
4426,2213,shipping,Hoa,Dương,45 Đinh Tiên Hoàng,Đà Nẵng,VN,0921463534,456705,1
4427,2214,billing,Hải,Bùi,123 Nguyễn Huệ,Hà Nội,VN,0976495241,626398,1
4428,2214,shipping,Hải,Bùi,123 Nguyễn Huệ,Hà Nội,VN,0921625376,897980,1
4429,2215,billing,Phương,Dương,78 Lê Lợi,Hà Nội,VN,0963356855,187905,1
4430,2215,shipping,Phương,Dương,22 Trần Hưng Đạo,Hà Nội,VN,0943904224,789424,1
4431,2216,billing,Linh,Nguyễn,123 Nguyễn Huệ,TP HCM,VN,0937616254,182731,1
4432,2216,shipping,Linh,Nguyễn,99 Hai Bà Trưng,TP HCM,VN,0946909223,627778,1
4433,2217,billing,Quang,Hoàng,123 Nguyễn Huệ,Đà Nẵng,VN,0936879377,236112,1
4434,2217,shipping,Quang,Hoàng,99 Hai Bà Trưng,Đà Nẵng,VN,0929747206,230274,1
4435,2218,billing,Trang,Đặng,78 Lê Lợi,TP HCM,VN,0926921658,609418,1
4436,2218,shipping,Trang,Đặng,22 Trần Hưng Đạo,TP HCM,VN,0983191299,183095,1
4437,2219,billing,Hằng,Hồ,123 Nguyễn Huệ,TP HCM,VN,0977134568,396620,1
4438,2219,shipping,Hằng,Hồ,22 Trần Hưng Đạo,TP HCM,VN,0982457756,364586,1
4439,2220,billing,Ngọc,Hoàng,45 Đinh Tiên Hoàng,Khánh Hòa,VN,0954806376,213512,1
4440,2220,shipping,Ngọc,Hoàng,22 Trần Hưng Đạo,Khánh Hòa,VN,0982721526,324372,1
4441,2221,billing,Đức,Phan,123 Nguyễn Huệ,Đà Nẵng,VN,0912516338,674440,1
4442,2221,shipping,Đức,Phan,78 Lê Lợi,Đà Nẵng,VN,0963260725,461421,1
4443,2222,billing,Thảo,Nguyễn,22 Trần Hưng Đạo,Hà Nội,VN,0945633646,759277,1
4444,2222,shipping,Thảo,Nguyễn,45 Đinh Tiên Hoàng,Hà Nội,VN,0935929881,284990,1
4445,2223,billing,Hùng,Trần,78 Lê Lợi,Đà Nẵng,VN,0959597415,363481,1
4446,2223,shipping,Hùng,Trần,78 Lê Lợi,Đà Nẵng,VN,0944238966,190484,1
4447,2224,billing,Long,Đỗ,99 Hai Bà Trưng,Hải Phòng,VN,0921004721,317995,1
4448,2224,shipping,Long,Đỗ,78 Lê Lợi,Hải Phòng,VN,0949627869,487324,1
4449,2225,billing,Ngọc,Bùi,78 Lê Lợi,TP HCM,VN,0934735482,295839,1
4450,2225,shipping,Ngọc,Bùi,22 Trần Hưng Đạo,TP HCM,VN,0928990795,519997,1
4451,2226,billing,Ánh,Hồ,123 Nguyễn Huệ,Bình Dương,VN,0983577555,996853,1
4452,2226,shipping,Ánh,Hồ,45 Đinh Tiên Hoàng,Bình Dương,VN,0929120769,651621,1
4453,2227,billing,Hoa,Trần,78 Lê Lợi,Hải Phòng,VN,0984063174,693678,1
4454,2227,shipping,Hoa,Trần,45 Đinh Tiên Hoàng,Hải Phòng,VN,0957564589,693897,1
4455,2228,billing,Hằng,Vũ,99 Hai Bà Trưng,Hà Nội,VN,0997323783,627432,1
4456,2228,shipping,Hằng,Vũ,78 Lê Lợi,Hà Nội,VN,0925010509,163272,1
4457,2229,billing,Trang,Hoàng,123 Nguyễn Huệ,Đà Nẵng,VN,0971165897,591885,1
4458,2229,shipping,Trang,Hoàng,123 Nguyễn Huệ,Đà Nẵng,VN,0926533908,391731,1
4459,2230,billing,Hằng,Phan,22 Trần Hưng Đạo,Quảng Ninh,VN,0970137330,248381,1
4460,2230,shipping,Hằng,Phan,22 Trần Hưng Đạo,Quảng Ninh,VN,0952216375,863664,1
4461,2231,billing,Tuấn,Ngô,22 Trần Hưng Đạo,TP HCM,VN,0991054800,298883,1
4462,2231,shipping,Tuấn,Ngô,22 Trần Hưng Đạo,TP HCM,VN,0933741928,845878,1
4463,2232,billing,Hoa,Lê,123 Nguyễn Huệ,Hà Nội,VN,0984379074,872844,1
4464,2232,shipping,Hoa,Lê,22 Trần Hưng Đạo,Hà Nội,VN,0975091955,783652,1
4465,2233,billing,Yến,Phạm,45 Đinh Tiên Hoàng,Hà Nội,VN,0957073230,746499,1
4466,2233,shipping,Yến,Phạm,78 Lê Lợi,Hà Nội,VN,0911212888,631493,1
4467,2234,billing,Hải,Phạm,78 Lê Lợi,Hà Nội,VN,0990062752,334624,1
4468,2234,shipping,Hải,Phạm,22 Trần Hưng Đạo,Hà Nội,VN,0948675665,553409,1
4469,2235,billing,Trang,Bùi,22 Trần Hưng Đạo,TP HCM,VN,0992004482,525932,1
4470,2235,shipping,Trang,Bùi,123 Nguyễn Huệ,TP HCM,VN,0925344190,602659,1
4471,2236,billing,Thành,Trần,78 Lê Lợi,Hà Nội,VN,0910685155,693290,1
4472,2236,shipping,Thành,Trần,22 Trần Hưng Đạo,Hà Nội,VN,0960562850,544286,1
4473,2237,billing,Yến,Đỗ,45 Đinh Tiên Hoàng,TP HCM,VN,0930580319,361687,1
4474,2237,shipping,Yến,Đỗ,78 Lê Lợi,TP HCM,VN,0965759435,232658,1
4475,2238,billing,Yến,Lê,99 Hai Bà Trưng,TP HCM,VN,0970533765,724404,1
4476,2238,shipping,Yến,Lê,123 Nguyễn Huệ,TP HCM,VN,0954447877,223393,1
4477,2239,billing,Đức,Bùi,78 Lê Lợi,TP HCM,VN,0935880249,127568,1
4478,2239,shipping,Đức,Bùi,99 Hai Bà Trưng,TP HCM,VN,0920028486,620980,1
4479,2240,billing,Long,Trần,22 Trần Hưng Đạo,Hà Nội,VN,0994190545,676558,1
4480,2240,shipping,Long,Trần,99 Hai Bà Trưng,Hà Nội,VN,0965825600,840063,1
4481,2241,billing,Trang,Đặng,123 Nguyễn Huệ,Quảng Ninh,VN,0910890745,740277,1
4482,2241,shipping,Trang,Đặng,45 Đinh Tiên Hoàng,Quảng Ninh,VN,0991598567,184545,1
4483,2242,billing,Hoa,Hoàng,22 Trần Hưng Đạo,Hà Nội,VN,0926473559,619199,1
4484,2242,shipping,Hoa,Hoàng,99 Hai Bà Trưng,Hà Nội,VN,0967286190,210111,1
4485,2243,billing,Đức,Phan,123 Nguyễn Huệ,Hà Nội,VN,0966004126,852647,1
4486,2243,shipping,Đức,Phan,78 Lê Lợi,Hà Nội,VN,0989624334,475423,1
4487,2244,billing,Khánh,Đỗ,78 Lê Lợi,TP HCM,VN,0946351896,186689,1
4488,2244,shipping,Khánh,Đỗ,22 Trần Hưng Đạo,TP HCM,VN,0985987460,295967,1
4489,2245,billing,Ngọc,Ngô,45 Đinh Tiên Hoàng,TP HCM,VN,0998253732,648591,1
4490,2245,shipping,Ngọc,Ngô,123 Nguyễn Huệ,TP HCM,VN,0928015596,724626,1
4491,2246,billing,Lan,Lê,123 Nguyễn Huệ,Hà Nội,VN,0945345343,247435,1
4492,2246,shipping,Lan,Lê,123 Nguyễn Huệ,Hà Nội,VN,0947892060,848927,1
4493,2247,billing,Phương,Ngô,123 Nguyễn Huệ,Hà Nội,VN,0980291273,121896,1
4494,2247,shipping,Phương,Ngô,123 Nguyễn Huệ,Hà Nội,VN,0971704019,426376,1
4495,2248,billing,Tuấn,Bùi,99 Hai Bà Trưng,Hải Phòng,VN,0937894513,650902,1
4496,2248,shipping,Tuấn,Bùi,45 Đinh Tiên Hoàng,Hải Phòng,VN,0967140546,193635,1
4497,2249,billing,Hằng,Dương,45 Đinh Tiên Hoàng,Hà Nội,VN,0979283777,226234,1
4498,2249,shipping,Hằng,Dương,45 Đinh Tiên Hoàng,Hà Nội,VN,0928772752,582541,1
4499,2250,billing,Tuấn,Đặng,78 Lê Lợi,TP HCM,VN,0994117786,805978,1
4500,2250,shipping,Tuấn,Đặng,99 Hai Bà Trưng,TP HCM,VN,0917929138,619298,1
4501,2251,billing,Nga,Bùi,45 Đinh Tiên Hoàng,Đà Nẵng,VN,0910347838,397219,1
4502,2251,shipping,Nga,Bùi,22 Trần Hưng Đạo,Đà Nẵng,VN,0939408230,602602,1
4503,2252,billing,Trang,Lê,78 Lê Lợi,TP HCM,VN,0971540350,464266,1
4504,2252,shipping,Trang,Lê,45 Đinh Tiên Hoàng,TP HCM,VN,0945493924,804260,1
4505,2253,billing,Yến,Hoàng,45 Đinh Tiên Hoàng,Hà Nội,VN,0953150827,622940,1
4506,2253,shipping,Yến,Hoàng,22 Trần Hưng Đạo,Hà Nội,VN,0910990159,489188,1
4507,2254,billing,Hằng,Dương,78 Lê Lợi,Hà Nội,VN,0917345413,918576,1
4508,2254,shipping,Hằng,Dương,123 Nguyễn Huệ,Hà Nội,VN,0959963402,122493,1
4509,2255,billing,Thảo,Ngô,45 Đinh Tiên Hoàng,Hà Nội,VN,0959038958,358287,1
4510,2255,shipping,Thảo,Ngô,99 Hai Bà Trưng,Hà Nội,VN,0943622044,999229,1
4511,2256,billing,Yến,Bùi,45 Đinh Tiên Hoàng,Đà Nẵng,VN,0935988090,644976,1
4512,2256,shipping,Yến,Bùi,78 Lê Lợi,Đà Nẵng,VN,0925949661,886926,1
4513,2257,billing,Tuấn,Hồ,99 Hai Bà Trưng,Bình Dương,VN,0950454226,709516,1
4514,2257,shipping,Tuấn,Hồ,78 Lê Lợi,Bình Dương,VN,0965358372,325304,1
4515,2258,billing,Thảo,Đỗ,22 Trần Hưng Đạo,Đồng Nai,VN,0983643562,159870,1
4516,2258,shipping,Thảo,Đỗ,22 Trần Hưng Đạo,Đồng Nai,VN,0947793665,943504,1
4517,2259,billing,Trung,Bùi,78 Lê Lợi,Đà Nẵng,VN,0919048955,461298,1
4518,2259,shipping,Trung,Bùi,99 Hai Bà Trưng,Đà Nẵng,VN,0985346362,519135,1
4519,2260,billing,Việt,Đặng,78 Lê Lợi,Khánh Hòa,VN,0998375518,566087,1
4520,2260,shipping,Việt,Đặng,45 Đinh Tiên Hoàng,Khánh Hòa,VN,0920888230,586277,1
4521,2261,billing,Ánh,Phạm,99 Hai Bà Trưng,Hải Phòng,VN,0985725857,667077,1
4522,2261,shipping,Ánh,Phạm,78 Lê Lợi,Hải Phòng,VN,0923412790,409810,1
4523,2262,billing,Ngọc,Ngô,22 Trần Hưng Đạo,Hải Phòng,VN,0966865280,253855,1
4524,2262,shipping,Ngọc,Ngô,123 Nguyễn Huệ,Hải Phòng,VN,0932918884,286418,1
4525,2263,billing,Tuấn,Bùi,99 Hai Bà Trưng,Đà Nẵng,VN,0961955858,524477,1
4526,2263,shipping,Tuấn,Bùi,78 Lê Lợi,Đà Nẵng,VN,0920005009,553216,1
4527,2264,billing,Trang,Bùi,123 Nguyễn Huệ,TP HCM,VN,0965304435,530884,1
4528,2264,shipping,Trang,Bùi,123 Nguyễn Huệ,TP HCM,VN,0921816634,993499,1
4529,2265,billing,Ngọc,Phan,99 Hai Bà Trưng,TP HCM,VN,0935833725,163634,1
4530,2265,shipping,Ngọc,Phan,22 Trần Hưng Đạo,TP HCM,VN,0941596285,509783,1
4531,2266,billing,Đức,Hồ,123 Nguyễn Huệ,Khánh Hòa,VN,0935463398,151739,1
4532,2266,shipping,Đức,Hồ,78 Lê Lợi,Khánh Hòa,VN,0980358626,232741,1
4533,2267,billing,Trang,Bùi,123 Nguyễn Huệ,Khánh Hòa,VN,0911064099,245388,1
4534,2267,shipping,Trang,Bùi,45 Đinh Tiên Hoàng,Khánh Hòa,VN,0961272952,958608,1
4535,2268,billing,Hải,Đặng,99 Hai Bà Trưng,Hải Phòng,VN,0995396097,720489,1
4536,2268,shipping,Hải,Đặng,99 Hai Bà Trưng,Hải Phòng,VN,0922383692,657858,1
4537,2269,billing,Nga,Dương,99 Hai Bà Trưng,Đà Nẵng,VN,0932434885,760370,1
4538,2269,shipping,Nga,Dương,22 Trần Hưng Đạo,Đà Nẵng,VN,0975249851,470988,1
4539,2270,billing,Lan,Ngô,22 Trần Hưng Đạo,TP HCM,VN,0989607586,114247,1
4540,2270,shipping,Lan,Ngô,22 Trần Hưng Đạo,TP HCM,VN,0910892679,920096,1
4541,2271,billing,Khánh,Dương,45 Đinh Tiên Hoàng,TP HCM,VN,0929545624,118524,1
4542,2271,shipping,Khánh,Dương,99 Hai Bà Trưng,TP HCM,VN,0991318108,193861,1
4543,2272,billing,Anh,Dương,78 Lê Lợi,TP HCM,VN,0931368251,183312,1
4544,2272,shipping,Anh,Dương,78 Lê Lợi,TP HCM,VN,0987295449,456774,1
4545,2273,billing,Long,Nguyễn,22 Trần Hưng Đạo,Hải Phòng,VN,0945508199,498293,1
4546,2273,shipping,Long,Nguyễn,123 Nguyễn Huệ,Hải Phòng,VN,0988630491,965041,1
4547,2274,billing,Thành,Dương,45 Đinh Tiên Hoàng,TP HCM,VN,0941645863,654931,1
4548,2274,shipping,Thành,Dương,78 Lê Lợi,TP HCM,VN,0957276359,301618,1
4549,2275,billing,Trung,Phạm,45 Đinh Tiên Hoàng,Đồng Nai,VN,0982579397,819991,1
4550,2275,shipping,Trung,Phạm,45 Đinh Tiên Hoàng,Đồng Nai,VN,0934137556,627581,1
4551,2276,billing,Minh,Lê,22 Trần Hưng Đạo,Đà Nẵng,VN,0944256713,376840,1
4552,2276,shipping,Minh,Lê,123 Nguyễn Huệ,Đà Nẵng,VN,0945061277,204269,1
4553,2277,billing,Quang,Phan,99 Hai Bà Trưng,Đà Nẵng,VN,0937242771,695756,1
4554,2277,shipping,Quang,Phan,78 Lê Lợi,Đà Nẵng,VN,0964026434,551024,1
4555,2278,billing,Hà,Ngô,99 Hai Bà Trưng,TP HCM,VN,0955032666,927628,1
4556,2278,shipping,Hà,Ngô,123 Nguyễn Huệ,TP HCM,VN,0977989802,398862,1
4557,2279,billing,Quang,Lê,123 Nguyễn Huệ,Hà Nội,VN,0982368429,421325,1
4558,2279,shipping,Quang,Lê,45 Đinh Tiên Hoàng,Hà Nội,VN,0961606951,839413,1
4559,2280,billing,Hùng,Phan,123 Nguyễn Huệ,TP HCM,VN,0960877145,893527,1
4560,2280,shipping,Hùng,Phan,78 Lê Lợi,TP HCM,VN,0935444912,676390,1
4561,2281,billing,Ngọc,Trần,123 Nguyễn Huệ,TP HCM,VN,0990071345,302801,1
4562,2281,shipping,Ngọc,Trần,45 Đinh Tiên Hoàng,TP HCM,VN,0968877886,427560,1
4563,2282,billing,Anh,Dương,45 Đinh Tiên Hoàng,TP HCM,VN,0958410187,126078,1
4564,2282,shipping,Anh,Dương,99 Hai Bà Trưng,TP HCM,VN,0937363670,406524,1
4565,2283,billing,Hải,Nguyễn,123 Nguyễn Huệ,Hà Nội,VN,0911151378,897050,1
4566,2283,shipping,Hải,Nguyễn,45 Đinh Tiên Hoàng,Hà Nội,VN,0913319244,669263,1
4567,2284,billing,Hà,Phan,45 Đinh Tiên Hoàng,Hải Phòng,VN,0911316044,164337,1
4568,2284,shipping,Hà,Phan,78 Lê Lợi,Hải Phòng,VN,0916649756,732072,1
4569,2285,billing,Khánh,Vũ,99 Hai Bà Trưng,Hà Nội,VN,0989979050,884652,1
4570,2285,shipping,Khánh,Vũ,78 Lê Lợi,Hà Nội,VN,0967113299,240666,1
4571,2286,billing,Anh,Phan,78 Lê Lợi,TP HCM,VN,0980530375,752483,1
4572,2286,shipping,Anh,Phan,78 Lê Lợi,TP HCM,VN,0945600555,902348,1
4573,2287,billing,Mai,Đặng,78 Lê Lợi,TP HCM,VN,0955210793,965786,1
4574,2287,shipping,Mai,Đặng,78 Lê Lợi,TP HCM,VN,0937137840,197045,1
4575,2288,billing,Hoa,Hoàng,99 Hai Bà Trưng,TP HCM,VN,0916145580,487288,1
4576,2288,shipping,Hoa,Hoàng,78 Lê Lợi,TP HCM,VN,0992288808,818007,1
4577,2289,billing,Hải,Phan,99 Hai Bà Trưng,TP HCM,VN,0981978270,186153,1
4578,2289,shipping,Hải,Phan,99 Hai Bà Trưng,TP HCM,VN,0977886464,473725,1
4579,2290,billing,Hoa,Bùi,45 Đinh Tiên Hoàng,TP HCM,VN,0951469915,366362,1
4580,2290,shipping,Hoa,Bùi,78 Lê Lợi,TP HCM,VN,0985491397,892397,1
4581,2291,billing,Minh,Đặng,78 Lê Lợi,Hà Nội,VN,0991202743,126181,1
4582,2291,shipping,Minh,Đặng,123 Nguyễn Huệ,Hà Nội,VN,0972388263,233033,1
4583,2292,billing,Hoa,Hoàng,22 Trần Hưng Đạo,Đà Nẵng,VN,0995335656,388366,1
4584,2292,shipping,Hoa,Hoàng,99 Hai Bà Trưng,Đà Nẵng,VN,0957041004,695495,1
4585,2293,billing,Thu,Trần,123 Nguyễn Huệ,Hà Nội,VN,0964933324,707528,1
4586,2293,shipping,Thu,Trần,22 Trần Hưng Đạo,Hà Nội,VN,0911406301,776710,1
4587,2294,billing,Khánh,Đặng,99 Hai Bà Trưng,Khánh Hòa,VN,0951367885,205552,1
4588,2294,shipping,Khánh,Đặng,123 Nguyễn Huệ,Khánh Hòa,VN,0923667165,889926,1
4589,2295,billing,Hải,Phan,78 Lê Lợi,TP HCM,VN,0947307188,786908,1
4590,2295,shipping,Hải,Phan,123 Nguyễn Huệ,TP HCM,VN,0973882695,425860,1
4591,2296,billing,Ánh,Vũ,123 Nguyễn Huệ,TP HCM,VN,0954524641,281783,1
4592,2296,shipping,Ánh,Vũ,45 Đinh Tiên Hoàng,TP HCM,VN,0957964992,562544,1
4593,2297,billing,Lan,Đặng,45 Đinh Tiên Hoàng,Hà Nội,VN,0958068073,717588,1
4594,2297,shipping,Lan,Đặng,123 Nguyễn Huệ,Hà Nội,VN,0942132516,919996,1
4595,2298,billing,Long,Trần,123 Nguyễn Huệ,Hà Nội,VN,0911403312,117269,1
4596,2298,shipping,Long,Trần,45 Đinh Tiên Hoàng,Hà Nội,VN,0998293945,851256,1
4597,2299,billing,Anh,Vũ,22 Trần Hưng Đạo,Hà Nội,VN,0954592933,285070,1
4598,2299,shipping,Anh,Vũ,99 Hai Bà Trưng,Hà Nội,VN,0990787026,404160,1
4599,2300,billing,Việt,Ngô,78 Lê Lợi,TP HCM,VN,0954573507,649407,1
4600,2300,shipping,Việt,Ngô,45 Đinh Tiên Hoàng,TP HCM,VN,0970410246,439154,1
4601,2301,billing,Thành,Nguyễn,45 Đinh Tiên Hoàng,Quảng Ninh,VN,0929606263,906785,1
4602,2301,shipping,Thành,Nguyễn,22 Trần Hưng Đạo,Quảng Ninh,VN,0931230067,335267,1
4603,2302,billing,Yến,Lê,22 Trần Hưng Đạo,TP HCM,VN,0918671627,292258,1
4604,2302,shipping,Yến,Lê,22 Trần Hưng Đạo,TP HCM,VN,0952910376,224404,1
4605,2303,billing,Việt,Lê,99 Hai Bà Trưng,Hà Nội,VN,0988184431,752072,1
4606,2303,shipping,Việt,Lê,45 Đinh Tiên Hoàng,Hà Nội,VN,0967903020,741463,1
4607,2304,billing,Ánh,Hoàng,78 Lê Lợi,TP HCM,VN,0977786255,826001,1
4608,2304,shipping,Ánh,Hoàng,78 Lê Lợi,TP HCM,VN,0923390395,543910,1
4609,2305,billing,Việt,Trần,45 Đinh Tiên Hoàng,Hà Nội,VN,0952468305,705319,1
4610,2305,shipping,Việt,Trần,22 Trần Hưng Đạo,Hà Nội,VN,0974387968,969628,1
4611,2306,billing,Bình,Phạm,99 Hai Bà Trưng,TP HCM,VN,0960166494,959456,1
4612,2306,shipping,Bình,Phạm,22 Trần Hưng Đạo,TP HCM,VN,0920002903,463887,1
4613,2307,billing,Hùng,Nguyễn,123 Nguyễn Huệ,TP HCM,VN,0915836626,738820,1
4614,2307,shipping,Hùng,Nguyễn,123 Nguyễn Huệ,TP HCM,VN,0919004605,138785,1
4615,2308,billing,Quang,Phạm,45 Đinh Tiên Hoàng,Hà Nội,VN,0928760153,908211,1
4616,2308,shipping,Quang,Phạm,99 Hai Bà Trưng,Hà Nội,VN,0944550062,681843,1
4617,2309,billing,Anh,Hồ,22 Trần Hưng Đạo,TP HCM,VN,0992514516,351884,1
4618,2309,shipping,Anh,Hồ,123 Nguyễn Huệ,TP HCM,VN,0974651075,389475,1
4619,2310,billing,Thu,Hồ,99 Hai Bà Trưng,TP HCM,VN,0938697310,600052,1
4620,2310,shipping,Thu,Hồ,22 Trần Hưng Đạo,TP HCM,VN,0961506288,674867,1
4621,2311,billing,Ánh,Nguyễn,123 Nguyễn Huệ,Hà Nội,VN,0914249379,352022,1
4622,2311,shipping,Ánh,Nguyễn,45 Đinh Tiên Hoàng,Hà Nội,VN,0947533549,600782,1
4623,2312,billing,Hằng,Dương,123 Nguyễn Huệ,TP HCM,VN,0970558881,330580,1
4624,2312,shipping,Hằng,Dương,78 Lê Lợi,TP HCM,VN,0963905342,440204,1
4625,2313,billing,Minh,Hồ,99 Hai Bà Trưng,Hải Phòng,VN,0966570995,971981,1
4626,2313,shipping,Minh,Hồ,123 Nguyễn Huệ,Hải Phòng,VN,0979506534,983579,1
4627,2314,billing,Tuấn,Hoàng,99 Hai Bà Trưng,Hải Phòng,VN,0934577296,252365,1
4628,2314,shipping,Tuấn,Hoàng,45 Đinh Tiên Hoàng,Hải Phòng,VN,0955019426,219663,1
4629,2315,billing,Hoa,Đỗ,22 Trần Hưng Đạo,TP HCM,VN,0976082177,153079,1
4630,2315,shipping,Hoa,Đỗ,99 Hai Bà Trưng,TP HCM,VN,0931837049,474789,1
4631,2316,billing,Phương,Trần,22 Trần Hưng Đạo,TP HCM,VN,0969622426,927456,1
4632,2316,shipping,Phương,Trần,45 Đinh Tiên Hoàng,TP HCM,VN,0950901860,622746,1
4633,2317,billing,Khánh,Đỗ,78 Lê Lợi,TP HCM,VN,0980963215,728963,1
4634,2317,shipping,Khánh,Đỗ,123 Nguyễn Huệ,TP HCM,VN,0963415522,230794,1
4635,2318,billing,Hải,Dương,99 Hai Bà Trưng,Đà Nẵng,VN,0976079718,270192,1
4636,2318,shipping,Hải,Dương,45 Đinh Tiên Hoàng,Đà Nẵng,VN,0996214905,623064,1
4637,2319,billing,Thảo,Đặng,123 Nguyễn Huệ,Đồng Nai,VN,0978273728,333464,1
4638,2319,shipping,Thảo,Đặng,45 Đinh Tiên Hoàng,Đồng Nai,VN,0952228124,294902,1
4639,2320,billing,Ngọc,Dương,99 Hai Bà Trưng,Hà Nội,VN,0912795105,697805,1
4640,2320,shipping,Ngọc,Dương,99 Hai Bà Trưng,Hà Nội,VN,0972937165,534421,1
4641,2321,billing,Lan,Đỗ,99 Hai Bà Trưng,TP HCM,VN,0926744610,560689,1
4642,2321,shipping,Lan,Đỗ,78 Lê Lợi,TP HCM,VN,0990658461,570506,1
4643,2322,billing,Hải,Nguyễn,123 Nguyễn Huệ,TP HCM,VN,0961806716,486508,1
4644,2322,shipping,Hải,Nguyễn,45 Đinh Tiên Hoàng,TP HCM,VN,0969068969,729465,1
4645,2323,billing,Hoa,Phan,22 Trần Hưng Đạo,Hà Nội,VN,0924091559,261415,1
4646,2323,shipping,Hoa,Phan,78 Lê Lợi,Hà Nội,VN,0994988735,887495,1
4647,2324,billing,Yến,Dương,45 Đinh Tiên Hoàng,Đà Nẵng,VN,0929791576,850466,1
4648,2324,shipping,Yến,Dương,123 Nguyễn Huệ,Đà Nẵng,VN,0936540225,847241,1
4649,2325,billing,Hà,Hồ,99 Hai Bà Trưng,TP HCM,VN,0928685751,196794,1
4650,2325,shipping,Hà,Hồ,123 Nguyễn Huệ,TP HCM,VN,0923369913,802637,1
4651,2326,billing,Việt,Đỗ,22 Trần Hưng Đạo,Đà Nẵng,VN,0921722009,423699,1
4652,2326,shipping,Việt,Đỗ,99 Hai Bà Trưng,Đà Nẵng,VN,0921531702,230571,1
4653,2327,billing,Yến,Hoàng,22 Trần Hưng Đạo,TP HCM,VN,0963614448,692298,1
4654,2327,shipping,Yến,Hoàng,78 Lê Lợi,TP HCM,VN,0952293423,798320,1
4655,2328,billing,Hà,Phan,45 Đinh Tiên Hoàng,Hà Nội,VN,0976423462,519561,1
4656,2328,shipping,Hà,Phan,45 Đinh Tiên Hoàng,Hà Nội,VN,0911837593,740618,1
4657,2329,billing,Hoa,Trần,22 Trần Hưng Đạo,TP HCM,VN,0959851383,141728,1
4658,2329,shipping,Hoa,Trần,123 Nguyễn Huệ,TP HCM,VN,0950395641,906807,1
4659,2330,billing,Thu,Phan,123 Nguyễn Huệ,TP HCM,VN,0924323804,189281,1
4660,2330,shipping,Thu,Phan,22 Trần Hưng Đạo,TP HCM,VN,0949780463,468502,1
4661,2331,billing,Linh,Dương,99 Hai Bà Trưng,TP HCM,VN,0922873784,939015,1
4662,2331,shipping,Linh,Dương,22 Trần Hưng Đạo,TP HCM,VN,0994695835,864199,1
4663,2332,billing,Đức,Trần,99 Hai Bà Trưng,Khánh Hòa,VN,0970590118,966480,1
4664,2332,shipping,Đức,Trần,99 Hai Bà Trưng,Khánh Hòa,VN,0927375125,234169,1
4665,2333,billing,Ánh,Dương,99 Hai Bà Trưng,TP HCM,VN,0946676307,844462,1
4666,2333,shipping,Ánh,Dương,123 Nguyễn Huệ,TP HCM,VN,0946926988,120394,1
4667,2334,billing,Ngọc,Hồ,22 Trần Hưng Đạo,Hà Nội,VN,0921488708,920234,1
4668,2334,shipping,Ngọc,Hồ,45 Đinh Tiên Hoàng,Hà Nội,VN,0937267009,761046,1
4669,2335,billing,Việt,Hồ,123 Nguyễn Huệ,TP HCM,VN,0946371285,842145,1
4670,2335,shipping,Việt,Hồ,45 Đinh Tiên Hoàng,TP HCM,VN,0944693852,193532,1
4671,2336,billing,Tuấn,Dương,45 Đinh Tiên Hoàng,TP HCM,VN,0912977309,350469,1
4672,2336,shipping,Tuấn,Dương,99 Hai Bà Trưng,TP HCM,VN,0987945279,600940,1
4673,2337,billing,Trang,Hoàng,22 Trần Hưng Đạo,TP HCM,VN,0940328814,920378,1
4674,2337,shipping,Trang,Hoàng,123 Nguyễn Huệ,TP HCM,VN,0931690146,504286,1
4675,2338,billing,Mai,Dương,78 Lê Lợi,Hà Nội,VN,0913266549,158597,1
4676,2338,shipping,Mai,Dương,22 Trần Hưng Đạo,Hà Nội,VN,0954139066,408534,1
4677,2339,billing,Thu,Bùi,123 Nguyễn Huệ,Hà Nội,VN,0966058749,856681,1
4678,2339,shipping,Thu,Bùi,45 Đinh Tiên Hoàng,Hà Nội,VN,0924527112,235030,1
4679,2340,billing,Ngọc,Bùi,45 Đinh Tiên Hoàng,TP HCM,VN,0953949648,461664,1
4680,2340,shipping,Ngọc,Bùi,78 Lê Lợi,TP HCM,VN,0922961590,228759,1
4681,2341,billing,Yến,Vũ,99 Hai Bà Trưng,TP HCM,VN,0972379162,279066,1
4682,2341,shipping,Yến,Vũ,22 Trần Hưng Đạo,TP HCM,VN,0938801449,204106,1
4683,2342,billing,Hùng,Nguyễn,22 Trần Hưng Đạo,TP HCM,VN,0999606407,280576,1
4684,2342,shipping,Hùng,Nguyễn,22 Trần Hưng Đạo,TP HCM,VN,0928580342,115087,1
4685,2343,billing,Thu,Bùi,22 Trần Hưng Đạo,Hải Phòng,VN,0959214813,772014,1
4686,2343,shipping,Thu,Bùi,78 Lê Lợi,Hải Phòng,VN,0926150689,864903,1
4687,2344,billing,Bình,Trần,99 Hai Bà Trưng,Hà Nội,VN,0949772794,708683,1
4688,2344,shipping,Bình,Trần,22 Trần Hưng Đạo,Hà Nội,VN,0938173315,630126,1
4689,2345,billing,Nga,Nguyễn,22 Trần Hưng Đạo,Đà Nẵng,VN,0936178247,545269,1
4690,2345,shipping,Nga,Nguyễn,45 Đinh Tiên Hoàng,Đà Nẵng,VN,0917180116,266824,1
4691,2346,billing,Khánh,Trần,22 Trần Hưng Đạo,TP HCM,VN,0922645451,308968,1
4692,2346,shipping,Khánh,Trần,99 Hai Bà Trưng,TP HCM,VN,0963492695,599646,1
4693,2347,billing,Quang,Hoàng,45 Đinh Tiên Hoàng,Hà Nội,VN,0953482138,290062,1
4694,2347,shipping,Quang,Hoàng,99 Hai Bà Trưng,Hà Nội,VN,0935460230,216865,1
4695,2348,billing,Mai,Hoàng,99 Hai Bà Trưng,Hà Nội,VN,0969632140,975135,1
4696,2348,shipping,Mai,Hoàng,123 Nguyễn Huệ,Hà Nội,VN,0948412273,489464,1
4697,2349,billing,Trung,Nguyễn,123 Nguyễn Huệ,TP HCM,VN,0936239691,926645,1
4698,2349,shipping,Trung,Nguyễn,22 Trần Hưng Đạo,TP HCM,VN,0949256041,912007,1
4699,2350,billing,Hoa,Dương,123 Nguyễn Huệ,TP HCM,VN,0940629307,915196,1
4700,2350,shipping,Hoa,Dương,78 Lê Lợi,TP HCM,VN,0974178893,496557,1
4701,2351,billing,Hoa,Ngô,45 Đinh Tiên Hoàng,Hà Nội,VN,0936025254,882272,1
4702,2351,shipping,Hoa,Ngô,78 Lê Lợi,Hà Nội,VN,0971076313,965009,1
4703,2352,billing,Hùng,Phan,78 Lê Lợi,Hà Nội,VN,0990108513,792012,1
4704,2352,shipping,Hùng,Phan,78 Lê Lợi,Hà Nội,VN,0990099762,317869,1
4705,2353,billing,Phương,Hoàng,45 Đinh Tiên Hoàng,Đà Nẵng,VN,0939739784,170330,1
4706,2353,shipping,Phương,Hoàng,22 Trần Hưng Đạo,Đà Nẵng,VN,0990919762,529429,1
4707,2354,billing,Hằng,Trần,78 Lê Lợi,Hải Phòng,VN,0913405341,918163,1
4708,2354,shipping,Hằng,Trần,45 Đinh Tiên Hoàng,Hải Phòng,VN,0985006217,977909,1
4709,2355,billing,Hà,Ngô,45 Đinh Tiên Hoàng,Quảng Ninh,VN,0998637192,118656,1
4710,2355,shipping,Hà,Ngô,78 Lê Lợi,Quảng Ninh,VN,0930747983,620933,1
4711,2356,billing,Hải,Lê,123 Nguyễn Huệ,TP HCM,VN,0911183260,800724,1
4712,2356,shipping,Hải,Lê,123 Nguyễn Huệ,TP HCM,VN,0982707838,517044,1
4713,2357,billing,Ngọc,Phạm,22 Trần Hưng Đạo,Đà Nẵng,VN,0964258247,829775,1
4714,2357,shipping,Ngọc,Phạm,78 Lê Lợi,Đà Nẵng,VN,0941751724,533886,1
4715,2358,billing,Thu,Đỗ,99 Hai Bà Trưng,Hà Nội,VN,0947087244,863477,1
4716,2358,shipping,Thu,Đỗ,99 Hai Bà Trưng,Hà Nội,VN,0981099850,294507,1
4717,2359,billing,Hà,Bùi,78 Lê Lợi,Hải Phòng,VN,0986259693,463898,1
4718,2359,shipping,Hà,Bùi,123 Nguyễn Huệ,Hải Phòng,VN,0986541767,212036,1
4719,2360,billing,Thu,Hoàng,123 Nguyễn Huệ,Khánh Hòa,VN,0912042799,523250,1
4720,2360,shipping,Thu,Hoàng,99 Hai Bà Trưng,Khánh Hòa,VN,0998070096,699164,1
4721,2361,billing,Thu,Phạm,123 Nguyễn Huệ,Hà Nội,VN,0925236198,143597,1
4722,2361,shipping,Thu,Phạm,78 Lê Lợi,Hà Nội,VN,0986886423,964163,1
4723,2362,billing,Việt,Vũ,45 Đinh Tiên Hoàng,Hà Nội,VN,0916308953,964138,1
4724,2362,shipping,Việt,Vũ,22 Trần Hưng Đạo,Hà Nội,VN,0978384136,929193,1
4725,2363,billing,Trang,Trần,45 Đinh Tiên Hoàng,Đà Nẵng,VN,0913609907,213837,1
4726,2363,shipping,Trang,Trần,22 Trần Hưng Đạo,Đà Nẵng,VN,0933469857,723898,1
4727,2364,billing,Ngọc,Đỗ,99 Hai Bà Trưng,Bình Dương,VN,0979641403,443792,1
4728,2364,shipping,Ngọc,Đỗ,22 Trần Hưng Đạo,Bình Dương,VN,0974415533,388694,1
4729,2365,billing,Thảo,Dương,78 Lê Lợi,Hà Nội,VN,0981975393,859906,1
4730,2365,shipping,Thảo,Dương,45 Đinh Tiên Hoàng,Hà Nội,VN,0912514274,985018,1
4731,2366,billing,Hoa,Dương,22 Trần Hưng Đạo,Hà Nội,VN,0957342798,821266,1
4732,2366,shipping,Hoa,Dương,78 Lê Lợi,Hà Nội,VN,0981279754,922928,1
4733,2367,billing,Minh,Phan,78 Lê Lợi,Đà Nẵng,VN,0998705556,626816,1
4734,2367,shipping,Minh,Phan,78 Lê Lợi,Đà Nẵng,VN,0985506329,296495,1
4735,2368,billing,Thảo,Hồ,45 Đinh Tiên Hoàng,Hà Nội,VN,0926063943,350826,1
4736,2368,shipping,Thảo,Hồ,99 Hai Bà Trưng,Hà Nội,VN,0972567890,118940,1
4737,2369,billing,Linh,Hồ,78 Lê Lợi,TP HCM,VN,0995317928,291046,1
4738,2369,shipping,Linh,Hồ,78 Lê Lợi,TP HCM,VN,0926772846,885033,1
4739,2370,billing,Phương,Phạm,78 Lê Lợi,Hà Nội,VN,0982137502,612271,1
4740,2370,shipping,Phương,Phạm,123 Nguyễn Huệ,Hà Nội,VN,0990616969,564924,1
4741,2371,billing,Thành,Lê,99 Hai Bà Trưng,TP HCM,VN,0969296592,237361,1
4742,2371,shipping,Thành,Lê,45 Đinh Tiên Hoàng,TP HCM,VN,0938765483,441437,1
4743,2372,billing,Nga,Hoàng,99 Hai Bà Trưng,TP HCM,VN,0986132377,228948,1
4744,2372,shipping,Nga,Hoàng,78 Lê Lợi,TP HCM,VN,0916148031,749272,1
4745,2373,billing,Việt,Hoàng,45 Đinh Tiên Hoàng,Khánh Hòa,VN,0994324614,526785,1
4746,2373,shipping,Việt,Hoàng,78 Lê Lợi,Khánh Hòa,VN,0920529412,178626,1
4747,2374,billing,Minh,Phan,99 Hai Bà Trưng,Đồng Nai,VN,0928485908,956828,1
4748,2374,shipping,Minh,Phan,123 Nguyễn Huệ,Đồng Nai,VN,0951672120,477966,1
4749,2375,billing,Hải,Phan,45 Đinh Tiên Hoàng,Hà Nội,VN,0922329693,459522,1
4750,2375,shipping,Hải,Phan,22 Trần Hưng Đạo,Hà Nội,VN,0996038830,943233,1
4751,2376,billing,Thảo,Vũ,123 Nguyễn Huệ,Hà Nội,VN,0935526491,903226,1
4752,2376,shipping,Thảo,Vũ,45 Đinh Tiên Hoàng,Hà Nội,VN,0987920126,827675,1
4753,2377,billing,Thành,Dương,123 Nguyễn Huệ,TP HCM,VN,0917106655,381229,1
4754,2377,shipping,Thành,Dương,22 Trần Hưng Đạo,TP HCM,VN,0944402025,452521,1
4755,2378,billing,Hoa,Dương,22 Trần Hưng Đạo,Hà Nội,VN,0973968509,678771,1
4756,2378,shipping,Hoa,Dương,99 Hai Bà Trưng,Hà Nội,VN,0976422604,470638,1
4757,2379,billing,Linh,Dương,78 Lê Lợi,Khánh Hòa,VN,0963088604,412548,1
4758,2379,shipping,Linh,Dương,123 Nguyễn Huệ,Khánh Hòa,VN,0939087099,789575,1
4759,2380,billing,Hằng,Ngô,123 Nguyễn Huệ,Bình Dương,VN,0942805079,585397,1
4760,2380,shipping,Hằng,Ngô,45 Đinh Tiên Hoàng,Bình Dương,VN,0968784003,532973,1
4761,2381,billing,Hùng,Vũ,22 Trần Hưng Đạo,Hà Nội,VN,0939162533,707484,1
4762,2381,shipping,Hùng,Vũ,22 Trần Hưng Đạo,Hà Nội,VN,0956066172,743363,1
4763,2382,billing,Thảo,Trần,99 Hai Bà Trưng,TP HCM,VN,0982097940,421424,1
4764,2382,shipping,Thảo,Trần,45 Đinh Tiên Hoàng,TP HCM,VN,0934137330,819421,1
4765,2383,billing,Hoa,Ngô,123 Nguyễn Huệ,Đà Nẵng,VN,0965814630,680855,1
4766,2383,shipping,Hoa,Ngô,99 Hai Bà Trưng,Đà Nẵng,VN,0948576471,571623,1
4767,2384,billing,Linh,Vũ,99 Hai Bà Trưng,TP HCM,VN,0915455353,656291,1
4768,2384,shipping,Linh,Vũ,78 Lê Lợi,TP HCM,VN,0911501489,431338,1
4769,2385,billing,Nga,Nguyễn,99 Hai Bà Trưng,TP HCM,VN,0997179523,604567,1
4770,2385,shipping,Nga,Nguyễn,22 Trần Hưng Đạo,TP HCM,VN,0937916260,578329,1
4771,2386,billing,Khánh,Lê,78 Lê Lợi,Hà Nội,VN,0999583483,763984,1
4772,2386,shipping,Khánh,Lê,78 Lê Lợi,Hà Nội,VN,0993617602,221450,1
4773,2387,billing,Hằng,Phan,45 Đinh Tiên Hoàng,Hà Nội,VN,0914366945,790383,1
4774,2387,shipping,Hằng,Phan,45 Đinh Tiên Hoàng,Hà Nội,VN,0921956820,104085,1
4775,2388,billing,Phương,Dương,99 Hai Bà Trưng,Hà Nội,VN,0925994946,391506,1
4776,2388,shipping,Phương,Dương,99 Hai Bà Trưng,Hà Nội,VN,0919632593,525032,1
4777,2389,billing,Lan,Đỗ,99 Hai Bà Trưng,TP HCM,VN,0977095969,437426,1
4778,2389,shipping,Lan,Đỗ,22 Trần Hưng Đạo,TP HCM,VN,0945416888,868492,1
4779,2390,billing,Long,Vũ,99 Hai Bà Trưng,TP HCM,VN,0932344617,256394,1
4780,2390,shipping,Long,Vũ,45 Đinh Tiên Hoàng,TP HCM,VN,0915610894,107948,1
4781,2391,billing,Anh,Nguyễn,99 Hai Bà Trưng,Hà Nội,VN,0945313812,370676,1
4782,2391,shipping,Anh,Nguyễn,123 Nguyễn Huệ,Hà Nội,VN,0961256022,688090,1
4783,2392,billing,Ngọc,Phan,22 Trần Hưng Đạo,Hà Nội,VN,0946250284,492091,1
4784,2392,shipping,Ngọc,Phan,22 Trần Hưng Đạo,Hà Nội,VN,0944935940,787123,1
4785,2393,billing,Hoa,Đặng,22 Trần Hưng Đạo,Hải Phòng,VN,0966580065,595909,1
4786,2393,shipping,Hoa,Đặng,45 Đinh Tiên Hoàng,Hải Phòng,VN,0986312819,168379,1
4787,2394,billing,Long,Phan,78 Lê Lợi,TP HCM,VN,0958647688,393692,1
4788,2394,shipping,Long,Phan,99 Hai Bà Trưng,TP HCM,VN,0974029083,240736,1
4789,2395,billing,Thành,Đỗ,99 Hai Bà Trưng,TP HCM,VN,0991642099,285221,1
4790,2395,shipping,Thành,Đỗ,78 Lê Lợi,TP HCM,VN,0999417313,549772,1
4791,2396,billing,Linh,Vũ,22 Trần Hưng Đạo,Hà Nội,VN,0940362401,861195,1
4792,2396,shipping,Linh,Vũ,22 Trần Hưng Đạo,Hà Nội,VN,0957318198,885656,1
4793,2397,billing,Mai,Phan,22 Trần Hưng Đạo,TP HCM,VN,0971193411,726197,1
4794,2397,shipping,Mai,Phan,99 Hai Bà Trưng,TP HCM,VN,0946613040,977049,1
4795,2398,billing,Hằng,Hoàng,22 Trần Hưng Đạo,Hà Nội,VN,0954559846,124894,1
4796,2398,shipping,Hằng,Hoàng,99 Hai Bà Trưng,Hà Nội,VN,0979269805,240988,1
4797,2399,billing,Tuấn,Phan,78 Lê Lợi,Đà Nẵng,VN,0960700333,296205,1
4798,2399,shipping,Tuấn,Phan,123 Nguyễn Huệ,Đà Nẵng,VN,0968264501,450110,1
4799,2400,billing,Hằng,Phan,22 Trần Hưng Đạo,TP HCM,VN,0914380282,153542,1
4800,2400,shipping,Hằng,Phan,99 Hai Bà Trưng,TP HCM,VN,0937997311,201685,1
4801,2401,billing,Thành,Trần,123 Nguyễn Huệ,Đà Nẵng,VN,0983594943,880894,1
4802,2401,shipping,Thành,Trần,45 Đinh Tiên Hoàng,Đà Nẵng,VN,0934406162,597373,1
4803,2402,billing,Trung,Phạm,45 Đinh Tiên Hoàng,TP HCM,VN,0935031818,353736,1
4804,2402,shipping,Trung,Phạm,123 Nguyễn Huệ,TP HCM,VN,0973309089,450523,1
4805,2403,billing,Hải,Trần,78 Lê Lợi,TP HCM,VN,0996288279,838517,1
4806,2403,shipping,Hải,Trần,123 Nguyễn Huệ,TP HCM,VN,0940360483,396145,1
4807,2404,billing,Thành,Ngô,99 Hai Bà Trưng,Hà Nội,VN,0932972874,619714,1
4808,2404,shipping,Thành,Ngô,22 Trần Hưng Đạo,Hà Nội,VN,0969410103,792435,1
4809,2405,billing,Linh,Nguyễn,22 Trần Hưng Đạo,Hải Phòng,VN,0987314299,769795,1
4810,2405,shipping,Linh,Nguyễn,99 Hai Bà Trưng,Hải Phòng,VN,0950081187,196185,1
4811,2406,billing,Hùng,Dương,22 Trần Hưng Đạo,TP HCM,VN,0911079253,603282,1
4812,2406,shipping,Hùng,Dương,123 Nguyễn Huệ,TP HCM,VN,0990439731,548342,1
4813,2407,billing,Việt,Đỗ,45 Đinh Tiên Hoàng,Đà Nẵng,VN,0989619183,972618,1
4814,2407,shipping,Việt,Đỗ,22 Trần Hưng Đạo,Đà Nẵng,VN,0965624425,392085,1
4815,2408,billing,Minh,Trần,123 Nguyễn Huệ,Hà Nội,VN,0975635192,624939,1
4816,2408,shipping,Minh,Trần,45 Đinh Tiên Hoàng,Hà Nội,VN,0986282946,721877,1
4817,2409,billing,Hải,Nguyễn,45 Đinh Tiên Hoàng,TP HCM,VN,0962606149,518073,1
4818,2409,shipping,Hải,Nguyễn,22 Trần Hưng Đạo,TP HCM,VN,0918561737,348437,1
4819,2410,billing,Yến,Nguyễn,78 Lê Lợi,TP HCM,VN,0915526955,752245,1
4820,2410,shipping,Yến,Nguyễn,78 Lê Lợi,TP HCM,VN,0915901608,250601,1
4821,2411,billing,Hoa,Phạm,22 Trần Hưng Đạo,Hà Nội,VN,0947443271,816892,1
4822,2411,shipping,Hoa,Phạm,123 Nguyễn Huệ,Hà Nội,VN,0982607212,563941,1
4823,2412,billing,Anh,Phan,45 Đinh Tiên Hoàng,TP HCM,VN,0939399336,659529,1
4824,2412,shipping,Anh,Phan,99 Hai Bà Trưng,TP HCM,VN,0961155213,831305,1
4825,2413,billing,Phương,Hoàng,99 Hai Bà Trưng,Hà Nội,VN,0967391773,802387,1
4826,2413,shipping,Phương,Hoàng,99 Hai Bà Trưng,Hà Nội,VN,0964834818,174965,1
4827,2414,billing,Hùng,Hoàng,78 Lê Lợi,Hải Phòng,VN,0990510250,277426,1
4828,2414,shipping,Hùng,Hoàng,123 Nguyễn Huệ,Hải Phòng,VN,0965475795,953869,1
4829,2415,billing,Quang,Đặng,78 Lê Lợi,Hà Nội,VN,0932620460,304426,1
4830,2415,shipping,Quang,Đặng,45 Đinh Tiên Hoàng,Hà Nội,VN,0925817514,683975,1
4831,2416,billing,Quang,Phạm,123 Nguyễn Huệ,TP HCM,VN,0983925828,215710,1
4832,2416,shipping,Quang,Phạm,123 Nguyễn Huệ,TP HCM,VN,0963955010,545077,1
4833,2417,billing,Ngọc,Vũ,99 Hai Bà Trưng,TP HCM,VN,0913911289,743302,1
4834,2417,shipping,Ngọc,Vũ,22 Trần Hưng Đạo,TP HCM,VN,0996823589,957943,1
4835,2418,billing,Ngọc,Nguyễn,78 Lê Lợi,TP HCM,VN,0979967681,524406,1
4836,2418,shipping,Ngọc,Nguyễn,123 Nguyễn Huệ,TP HCM,VN,0942488595,886968,1
4837,2419,billing,Bình,Nguyễn,99 Hai Bà Trưng,Hà Nội,VN,0939205847,258690,1
4838,2419,shipping,Bình,Nguyễn,45 Đinh Tiên Hoàng,Hà Nội,VN,0936038037,416889,1
4839,2420,billing,Long,Hoàng,99 Hai Bà Trưng,Hà Nội,VN,0970654856,839027,1
4840,2420,shipping,Long,Hoàng,45 Đinh Tiên Hoàng,Hà Nội,VN,0970460531,698937,1
4841,2421,billing,Hằng,Ngô,123 Nguyễn Huệ,TP HCM,VN,0978530387,913804,1
4842,2421,shipping,Hằng,Ngô,45 Đinh Tiên Hoàng,TP HCM,VN,0943886125,811119,1
4843,2422,billing,Minh,Phạm,22 Trần Hưng Đạo,Hà Nội,VN,0915535270,653031,1
4844,2422,shipping,Minh,Phạm,123 Nguyễn Huệ,Hà Nội,VN,0947815781,931754,1
4845,2423,billing,Hùng,Ngô,45 Đinh Tiên Hoàng,TP HCM,VN,0992019148,666315,1
4846,2423,shipping,Hùng,Ngô,22 Trần Hưng Đạo,TP HCM,VN,0916161041,291290,1
4847,2424,billing,Bình,Bùi,123 Nguyễn Huệ,Đồng Nai,VN,0943186756,993665,1
4848,2424,shipping,Bình,Bùi,78 Lê Lợi,Đồng Nai,VN,0990549737,361977,1
4849,2425,billing,Anh,Đặng,78 Lê Lợi,TP HCM,VN,0934539023,358268,1
4850,2425,shipping,Anh,Đặng,45 Đinh Tiên Hoàng,TP HCM,VN,0915869242,437801,1
4851,2426,billing,Quang,Đỗ,22 Trần Hưng Đạo,Khánh Hòa,VN,0977139419,865968,1
4852,2426,shipping,Quang,Đỗ,45 Đinh Tiên Hoàng,Khánh Hòa,VN,0926559128,766605,1
4853,2427,billing,Hùng,Ngô,123 Nguyễn Huệ,Hà Nội,VN,0917861418,951751,1
4854,2427,shipping,Hùng,Ngô,45 Đinh Tiên Hoàng,Hà Nội,VN,0937680536,168823,1
4855,2428,billing,Yến,Đỗ,123 Nguyễn Huệ,Hà Nội,VN,0941532299,814219,1
4856,2428,shipping,Yến,Đỗ,99 Hai Bà Trưng,Hà Nội,VN,0910922992,625206,1
4857,2429,billing,Đức,Ngô,22 Trần Hưng Đạo,TP HCM,VN,0990995694,170643,1
4858,2429,shipping,Đức,Ngô,99 Hai Bà Trưng,TP HCM,VN,0936395218,542590,1
4859,2430,billing,Tuấn,Phan,78 Lê Lợi,TP HCM,VN,0988500024,227370,1
4860,2430,shipping,Tuấn,Phan,45 Đinh Tiên Hoàng,TP HCM,VN,0935840990,885088,1
4861,2431,billing,Hải,Trần,22 Trần Hưng Đạo,Hà Nội,VN,0950860975,149331,1
4862,2431,shipping,Hải,Trần,45 Đinh Tiên Hoàng,Hà Nội,VN,0931745600,163432,1
4863,2432,billing,Đức,Trần,99 Hai Bà Trưng,Hà Nội,VN,0931034087,457043,1
4864,2432,shipping,Đức,Trần,22 Trần Hưng Đạo,Hà Nội,VN,0992267951,191940,1
4865,2433,billing,Bình,Vũ,123 Nguyễn Huệ,Hà Nội,VN,0916375022,775787,1
4866,2433,shipping,Bình,Vũ,45 Đinh Tiên Hoàng,Hà Nội,VN,0966320919,282842,1
4867,2434,billing,Hằng,Hồ,45 Đinh Tiên Hoàng,Khánh Hòa,VN,0921850648,232922,1
4868,2434,shipping,Hằng,Hồ,22 Trần Hưng Đạo,Khánh Hòa,VN,0976222127,926307,1
4869,2435,billing,Đức,Vũ,78 Lê Lợi,TP HCM,VN,0995744016,348886,1
4870,2435,shipping,Đức,Vũ,22 Trần Hưng Đạo,TP HCM,VN,0928515896,423091,1
4871,2436,billing,Đức,Lê,99 Hai Bà Trưng,Hà Nội,VN,0969035583,625819,1
4872,2436,shipping,Đức,Lê,78 Lê Lợi,Hà Nội,VN,0978183648,482505,1
4873,2437,billing,Quang,Đặng,22 Trần Hưng Đạo,Hà Nội,VN,0926572812,266901,1
4874,2437,shipping,Quang,Đặng,99 Hai Bà Trưng,Hà Nội,VN,0969418869,409525,1
4875,2438,billing,Yến,Dương,99 Hai Bà Trưng,Bình Dương,VN,0991465228,193544,1
4876,2438,shipping,Yến,Dương,22 Trần Hưng Đạo,Bình Dương,VN,0962950068,145451,1
4877,2439,billing,Long,Đỗ,22 Trần Hưng Đạo,Bình Dương,VN,0967921894,299471,1
4878,2439,shipping,Long,Đỗ,78 Lê Lợi,Bình Dương,VN,0957705689,371341,1
4879,2440,billing,Trang,Dương,45 Đinh Tiên Hoàng,Đà Nẵng,VN,0913385229,902933,1
4880,2440,shipping,Trang,Dương,123 Nguyễn Huệ,Đà Nẵng,VN,0925221592,596000,1
4881,2441,billing,Quang,Nguyễn,45 Đinh Tiên Hoàng,Hà Nội,VN,0983226985,724337,1
4882,2441,shipping,Quang,Nguyễn,99 Hai Bà Trưng,Hà Nội,VN,0926878712,195347,1
4883,2442,billing,Ánh,Hồ,78 Lê Lợi,Đà Nẵng,VN,0965639780,230972,1
4884,2442,shipping,Ánh,Hồ,123 Nguyễn Huệ,Đà Nẵng,VN,0988277696,229597,1
4885,2443,billing,Trung,Phan,99 Hai Bà Trưng,TP HCM,VN,0978635189,312790,1
4886,2443,shipping,Trung,Phan,99 Hai Bà Trưng,TP HCM,VN,0925631139,327557,1
4887,2444,billing,Khánh,Vũ,78 Lê Lợi,Hà Nội,VN,0932517077,789818,1
4888,2444,shipping,Khánh,Vũ,45 Đinh Tiên Hoàng,Hà Nội,VN,0925818195,442663,1
4889,2445,billing,Thu,Đỗ,45 Đinh Tiên Hoàng,Đà Nẵng,VN,0914790761,550466,1
4890,2445,shipping,Thu,Đỗ,123 Nguyễn Huệ,Đà Nẵng,VN,0910306218,655948,1
4891,2446,billing,Phương,Trần,78 Lê Lợi,Hà Nội,VN,0994259008,881604,1
4892,2446,shipping,Phương,Trần,45 Đinh Tiên Hoàng,Hà Nội,VN,0931308910,356358,1
4893,2447,billing,Linh,Nguyễn,123 Nguyễn Huệ,Hà Nội,VN,0999689104,264138,1
4894,2447,shipping,Linh,Nguyễn,123 Nguyễn Huệ,Hà Nội,VN,0920594797,416230,1
4895,2448,billing,Linh,Phạm,99 Hai Bà Trưng,Hải Phòng,VN,0972599278,903390,1
4896,2448,shipping,Linh,Phạm,45 Đinh Tiên Hoàng,Hải Phòng,VN,0957148145,404517,1
4897,2449,billing,Thành,Hồ,78 Lê Lợi,TP HCM,VN,0961465431,248647,1
4898,2449,shipping,Thành,Hồ,78 Lê Lợi,TP HCM,VN,0992694969,571130,1
4899,2450,billing,Anh,Lê,78 Lê Lợi,Hà Nội,VN,0912243598,226475,1
4900,2450,shipping,Anh,Lê,78 Lê Lợi,Hà Nội,VN,0923803328,615441,1
4901,2451,billing,Hoa,Nguyễn,123 Nguyễn Huệ,Bình Dương,VN,0949749834,829636,1
4902,2451,shipping,Hoa,Nguyễn,45 Đinh Tiên Hoàng,Bình Dương,VN,0958171779,517564,1
4903,2452,billing,Khánh,Đỗ,45 Đinh Tiên Hoàng,Đà Nẵng,VN,0977265378,271402,1
4904,2452,shipping,Khánh,Đỗ,78 Lê Lợi,Đà Nẵng,VN,0918940494,480275,1
4905,2453,billing,Hải,Nguyễn,78 Lê Lợi,Hà Nội,VN,0912580320,687267,1
4906,2453,shipping,Hải,Nguyễn,45 Đinh Tiên Hoàng,Hà Nội,VN,0955900789,554435,1
4907,2454,billing,Đức,Nguyễn,45 Đinh Tiên Hoàng,Hà Nội,VN,0915775825,879399,1
4908,2454,shipping,Đức,Nguyễn,123 Nguyễn Huệ,Hà Nội,VN,0948088822,761039,1
4909,2455,billing,Long,Hồ,78 Lê Lợi,Bình Dương,VN,0923691458,523410,1
4910,2455,shipping,Long,Hồ,78 Lê Lợi,Bình Dương,VN,0992140977,664538,1
4911,2456,billing,Hà,Lê,22 Trần Hưng Đạo,Bình Dương,VN,0965793993,576395,1
4912,2456,shipping,Hà,Lê,78 Lê Lợi,Bình Dương,VN,0967853714,635737,1
4913,2457,billing,Thu,Bùi,78 Lê Lợi,Hà Nội,VN,0970958265,784565,1
4914,2457,shipping,Thu,Bùi,99 Hai Bà Trưng,Hà Nội,VN,0992822367,152932,1
4915,2458,billing,Hằng,Vũ,22 Trần Hưng Đạo,TP HCM,VN,0927575690,491570,1
4916,2458,shipping,Hằng,Vũ,123 Nguyễn Huệ,TP HCM,VN,0949068424,479616,1
4917,2459,billing,Anh,Ngô,99 Hai Bà Trưng,TP HCM,VN,0939129678,875650,1
4918,2459,shipping,Anh,Ngô,123 Nguyễn Huệ,TP HCM,VN,0993840019,179034,1
4919,2460,billing,Nga,Trần,99 Hai Bà Trưng,Hà Nội,VN,0947965972,995137,1
4920,2460,shipping,Nga,Trần,99 Hai Bà Trưng,Hà Nội,VN,0979171605,267485,1
4921,2461,billing,Tuấn,Phan,78 Lê Lợi,TP HCM,VN,0930105697,168922,1
4922,2461,shipping,Tuấn,Phan,123 Nguyễn Huệ,TP HCM,VN,0913056063,616624,1
4923,2462,billing,Bình,Hồ,123 Nguyễn Huệ,Hà Nội,VN,0927906483,668262,1
4924,2462,shipping,Bình,Hồ,99 Hai Bà Trưng,Hà Nội,VN,0941582750,536317,1
4925,2463,billing,Minh,Phan,123 Nguyễn Huệ,Hà Nội,VN,0988058015,433286,1
4926,2463,shipping,Minh,Phan,22 Trần Hưng Đạo,Hà Nội,VN,0936642929,336165,1
4927,2464,billing,Khánh,Đặng,22 Trần Hưng Đạo,TP HCM,VN,0945750149,442944,1
4928,2464,shipping,Khánh,Đặng,78 Lê Lợi,TP HCM,VN,0993282326,921076,1
4929,2465,billing,Việt,Phan,78 Lê Lợi,Đà Nẵng,VN,0912411383,934619,1
4930,2465,shipping,Việt,Phan,99 Hai Bà Trưng,Đà Nẵng,VN,0928085325,403325,1
4931,2466,billing,Hải,Ngô,45 Đinh Tiên Hoàng,TP HCM,VN,0923601024,422845,1
4932,2466,shipping,Hải,Ngô,99 Hai Bà Trưng,TP HCM,VN,0920798549,675525,1
4933,2467,billing,Thu,Đặng,22 Trần Hưng Đạo,Hà Nội,VN,0944749921,448617,1
4934,2467,shipping,Thu,Đặng,123 Nguyễn Huệ,Hà Nội,VN,0998993355,514086,1
4935,2468,billing,Thu,Lê,45 Đinh Tiên Hoàng,TP HCM,VN,0960218507,169233,1
4936,2468,shipping,Thu,Lê,123 Nguyễn Huệ,TP HCM,VN,0945175273,166684,1
4937,2469,billing,Thu,Đỗ,45 Đinh Tiên Hoàng,Hải Phòng,VN,0929837013,590358,1
4938,2469,shipping,Thu,Đỗ,22 Trần Hưng Đạo,Hải Phòng,VN,0951499808,199751,1
4939,2470,billing,Yến,Nguyễn,78 Lê Lợi,Hà Nội,VN,0947926478,101300,1
4940,2470,shipping,Yến,Nguyễn,45 Đinh Tiên Hoàng,Hà Nội,VN,0932064927,222094,1
4941,2471,billing,Bình,Hồ,123 Nguyễn Huệ,TP HCM,VN,0918234630,634755,1
4942,2471,shipping,Bình,Hồ,123 Nguyễn Huệ,TP HCM,VN,0925893871,226082,1
4943,2472,billing,Anh,Trần,99 Hai Bà Trưng,TP HCM,VN,0927987539,821335,1
4944,2472,shipping,Anh,Trần,123 Nguyễn Huệ,TP HCM,VN,0958611992,255937,1
4945,2473,billing,Nga,Bùi,123 Nguyễn Huệ,TP HCM,VN,0910422148,114836,1
4946,2473,shipping,Nga,Bùi,99 Hai Bà Trưng,TP HCM,VN,0925278223,872047,1
4947,2474,billing,Trung,Ngô,99 Hai Bà Trưng,TP HCM,VN,0968112251,463053,1
4948,2474,shipping,Trung,Ngô,22 Trần Hưng Đạo,TP HCM,VN,0978593915,436084,1
4949,2475,billing,Thu,Phan,78 Lê Lợi,Bình Dương,VN,0960883685,868446,1
4950,2475,shipping,Thu,Phan,99 Hai Bà Trưng,Bình Dương,VN,0936699816,421331,1
4951,2476,billing,Quang,Lê,78 Lê Lợi,Hà Nội,VN,0973394985,638737,1
4952,2476,shipping,Quang,Lê,99 Hai Bà Trưng,Hà Nội,VN,0973315800,227212,1
4953,2477,billing,Phương,Phan,45 Đinh Tiên Hoàng,Đồng Nai,VN,0974386347,561807,1
4954,2477,shipping,Phương,Phan,22 Trần Hưng Đạo,Đồng Nai,VN,0972692521,290324,1
4955,2478,billing,Hà,Bùi,22 Trần Hưng Đạo,TP HCM,VN,0918733161,842227,1
4956,2478,shipping,Hà,Bùi,123 Nguyễn Huệ,TP HCM,VN,0994098845,546092,1
4957,2479,billing,Thành,Đặng,22 Trần Hưng Đạo,Quảng Ninh,VN,0979123512,628013,1
4958,2479,shipping,Thành,Đặng,78 Lê Lợi,Quảng Ninh,VN,0936619143,565078,1
4959,2480,billing,Ánh,Dương,22 Trần Hưng Đạo,TP HCM,VN,0983292949,297603,1
4960,2480,shipping,Ánh,Dương,22 Trần Hưng Đạo,TP HCM,VN,0920007994,507895,1
4961,2481,billing,Thành,Bùi,99 Hai Bà Trưng,TP HCM,VN,0977803388,426162,1
4962,2481,shipping,Thành,Bùi,22 Trần Hưng Đạo,TP HCM,VN,0930858111,292445,1
4963,2482,billing,Phương,Đỗ,123 Nguyễn Huệ,Hà Nội,VN,0973495901,772025,1
4964,2482,shipping,Phương,Đỗ,22 Trần Hưng Đạo,Hà Nội,VN,0989183503,316873,1
4965,2483,billing,Đức,Phan,22 Trần Hưng Đạo,TP HCM,VN,0972188506,372536,1
4966,2483,shipping,Đức,Phan,78 Lê Lợi,TP HCM,VN,0949696423,883761,1
4967,2484,billing,Lan,Ngô,45 Đinh Tiên Hoàng,Hà Nội,VN,0913649903,721522,1
4968,2484,shipping,Lan,Ngô,99 Hai Bà Trưng,Hà Nội,VN,0999098793,597850,1
4969,2485,billing,Linh,Đỗ,45 Đinh Tiên Hoàng,Hà Nội,VN,0939745681,796712,1
4970,2485,shipping,Linh,Đỗ,22 Trần Hưng Đạo,Hà Nội,VN,0952446023,625899,1
4971,2486,billing,Linh,Trần,22 Trần Hưng Đạo,Quảng Ninh,VN,0982805732,389673,1
4972,2486,shipping,Linh,Trần,22 Trần Hưng Đạo,Quảng Ninh,VN,0972703533,659502,1
4973,2487,billing,Thành,Trần,22 Trần Hưng Đạo,Đồng Nai,VN,0989582533,207466,1
4974,2487,shipping,Thành,Trần,45 Đinh Tiên Hoàng,Đồng Nai,VN,0945096744,132822,1
4975,2488,billing,Trang,Đặng,99 Hai Bà Trưng,Hà Nội,VN,0994718678,975481,1
4976,2488,shipping,Trang,Đặng,45 Đinh Tiên Hoàng,Hà Nội,VN,0929531269,419210,1
4977,2489,billing,Nga,Ngô,123 Nguyễn Huệ,TP HCM,VN,0913525450,702805,1
4978,2489,shipping,Nga,Ngô,123 Nguyễn Huệ,TP HCM,VN,0928356093,187738,1
4979,2490,billing,Nga,Ngô,123 Nguyễn Huệ,Hà Nội,VN,0941198127,555036,1
4980,2490,shipping,Nga,Ngô,123 Nguyễn Huệ,Hà Nội,VN,0917812604,453819,1
4981,2491,billing,Trang,Đỗ,22 Trần Hưng Đạo,Hà Nội,VN,0978081616,642466,1
4982,2491,shipping,Trang,Đỗ,45 Đinh Tiên Hoàng,Hà Nội,VN,0984693321,979309,1
4983,2492,billing,Minh,Đỗ,78 Lê Lợi,Khánh Hòa,VN,0915096084,260364,1
4984,2492,shipping,Minh,Đỗ,22 Trần Hưng Đạo,Khánh Hòa,VN,0950622896,792924,1
4985,2493,billing,Trung,Dương,123 Nguyễn Huệ,TP HCM,VN,0986703978,814685,1
4986,2493,shipping,Trung,Dương,78 Lê Lợi,TP HCM,VN,0911661382,667501,1
4987,2494,billing,Đức,Đỗ,22 Trần Hưng Đạo,Hà Nội,VN,0930770110,161371,1
4988,2494,shipping,Đức,Đỗ,78 Lê Lợi,Hà Nội,VN,0975839053,887197,1
4989,2495,billing,Đức,Hồ,22 Trần Hưng Đạo,Đà Nẵng,VN,0995262055,478648,1
4990,2495,shipping,Đức,Hồ,99 Hai Bà Trưng,Đà Nẵng,VN,0912440969,685050,1
4991,2496,billing,Hải,Nguyễn,99 Hai Bà Trưng,Hà Nội,VN,0984363871,287584,1
4992,2496,shipping,Hải,Nguyễn,78 Lê Lợi,Hà Nội,VN,0917362637,553891,1
4993,2497,billing,Anh,Phạm,22 Trần Hưng Đạo,TP HCM,VN,0916153499,907918,1
4994,2497,shipping,Anh,Phạm,99 Hai Bà Trưng,TP HCM,VN,0967507368,396275,1
4995,2498,billing,Thu,Bùi,22 Trần Hưng Đạo,Đồng Nai,VN,0976996065,668449,1
4996,2498,shipping,Thu,Bùi,45 Đinh Tiên Hoàng,Đồng Nai,VN,0963490965,631783,1
4997,2499,billing,Quang,Lê,123 Nguyễn Huệ,Đồng Nai,VN,0937379852,832968,1
4998,2499,shipping,Quang,Lê,22 Trần Hưng Đạo,Đồng Nai,VN,0989223120,390832,1
4999,2500,billing,Lan,Vũ,123 Nguyễn Huệ,Hải Phòng,VN,0969631768,897787,1
5000,2500,shipping,Lan,Vũ,78 Lê Lợi,Hải Phòng,VN,0954284323,482212,1
5001,2501,billing,Thu,Phan,45 Đinh Tiên Hoàng,TP HCM,VN,0985846670,313833,1
5002,2501,shipping,Thu,Phan,78 Lê Lợi,TP HCM,VN,0959071277,624475,1
5003,2502,billing,Quang,Hoàng,99 Hai Bà Trưng,TP HCM,VN,0922490560,396120,1
5004,2502,shipping,Quang,Hoàng,45 Đinh Tiên Hoàng,TP HCM,VN,0939101593,948956,1
5005,2503,billing,Thảo,Bùi,22 Trần Hưng Đạo,TP HCM,VN,0947221410,170795,1
5006,2503,shipping,Thảo,Bùi,78 Lê Lợi,TP HCM,VN,0996243137,567529,1
5007,2504,billing,Thu,Trần,45 Đinh Tiên Hoàng,Hà Nội,VN,0981112159,212231,1
5008,2504,shipping,Thu,Trần,45 Đinh Tiên Hoàng,Hà Nội,VN,0928966982,529278,1
5009,2505,billing,Lan,Bùi,78 Lê Lợi,Hà Nội,VN,0971865736,647559,1
5010,2505,shipping,Lan,Bùi,22 Trần Hưng Đạo,Hà Nội,VN,0951326956,653257,1
5011,2506,billing,Trung,Đặng,22 Trần Hưng Đạo,Đồng Nai,VN,0960554126,300090,1
5012,2506,shipping,Trung,Đặng,45 Đinh Tiên Hoàng,Đồng Nai,VN,0991796542,373220,1
5013,2507,billing,Hà,Trần,45 Đinh Tiên Hoàng,Hải Phòng,VN,0947138369,613225,1
5014,2507,shipping,Hà,Trần,78 Lê Lợi,Hải Phòng,VN,0992485544,352960,1
5015,2508,billing,Khánh,Nguyễn,99 Hai Bà Trưng,TP HCM,VN,0985456516,263577,1
5016,2508,shipping,Khánh,Nguyễn,22 Trần Hưng Đạo,TP HCM,VN,0987384658,549277,1
5017,2509,billing,Minh,Hoàng,45 Đinh Tiên Hoàng,Hà Nội,VN,0919014285,101918,1
5018,2509,shipping,Minh,Hoàng,123 Nguyễn Huệ,Hà Nội,VN,0931295060,336469,1
5019,2510,billing,Hùng,Vũ,78 Lê Lợi,TP HCM,VN,0938527947,901257,1
5020,2510,shipping,Hùng,Vũ,78 Lê Lợi,TP HCM,VN,0951145108,293380,1
5021,2511,billing,Khánh,Bùi,78 Lê Lợi,Hà Nội,VN,0993884458,467365,1
5022,2511,shipping,Khánh,Bùi,78 Lê Lợi,Hà Nội,VN,0993856155,259053,1
5023,2512,billing,Anh,Ngô,22 Trần Hưng Đạo,Hà Nội,VN,0996635178,716329,1
5024,2512,shipping,Anh,Ngô,78 Lê Lợi,Hà Nội,VN,0965945301,721683,1
5025,2513,billing,Linh,Hồ,78 Lê Lợi,TP HCM,VN,0966607206,672771,1
5026,2513,shipping,Linh,Hồ,45 Đinh Tiên Hoàng,TP HCM,VN,0939916134,922959,1
5027,2514,billing,Thảo,Nguyễn,99 Hai Bà Trưng,TP HCM,VN,0977073710,872817,1
5028,2514,shipping,Thảo,Nguyễn,123 Nguyễn Huệ,TP HCM,VN,0936604210,207506,1
5029,2515,billing,Linh,Phạm,123 Nguyễn Huệ,Khánh Hòa,VN,0966023158,736525,1
5030,2515,shipping,Linh,Phạm,123 Nguyễn Huệ,Khánh Hòa,VN,0943470555,456131,1
5031,2516,billing,Hoa,Bùi,99 Hai Bà Trưng,Đà Nẵng,VN,0983932752,189963,1
5032,2516,shipping,Hoa,Bùi,22 Trần Hưng Đạo,Đà Nẵng,VN,0965061577,463776,1
5033,2517,billing,Long,Bùi,99 Hai Bà Trưng,TP HCM,VN,0982500928,193587,1
5034,2517,shipping,Long,Bùi,99 Hai Bà Trưng,TP HCM,VN,0949559644,578707,1
5035,2518,billing,Mai,Vũ,123 Nguyễn Huệ,Đà Nẵng,VN,0976043930,176394,1
5036,2518,shipping,Mai,Vũ,123 Nguyễn Huệ,Đà Nẵng,VN,0979328657,486212,1
5037,2519,billing,Thảo,Lê,78 Lê Lợi,Đà Nẵng,VN,0958204467,979967,1
5038,2519,shipping,Thảo,Lê,78 Lê Lợi,Đà Nẵng,VN,0917978187,922962,1
5039,2520,billing,Việt,Phan,22 Trần Hưng Đạo,Khánh Hòa,VN,0946568802,297177,1
5040,2520,shipping,Việt,Phan,78 Lê Lợi,Khánh Hòa,VN,0981899981,545579,1
5041,2521,billing,Hoa,Vũ,22 Trần Hưng Đạo,Hà Nội,VN,0992262122,173002,1
5042,2521,shipping,Hoa,Vũ,99 Hai Bà Trưng,Hà Nội,VN,0936986090,747863,1
5043,2522,billing,Anh,Lê,22 Trần Hưng Đạo,Hà Nội,VN,0943453401,908670,1
5044,2522,shipping,Anh,Lê,78 Lê Lợi,Hà Nội,VN,0918781799,996796,1
5045,2523,billing,Hà,Lê,22 Trần Hưng Đạo,Đồng Nai,VN,0930138606,984625,1
5046,2523,shipping,Hà,Lê,22 Trần Hưng Đạo,Đồng Nai,VN,0960918211,293435,1
5047,2524,billing,Yến,Ngô,45 Đinh Tiên Hoàng,TP HCM,VN,0961995430,622217,1
5048,2524,shipping,Yến,Ngô,99 Hai Bà Trưng,TP HCM,VN,0992415908,173765,1
5049,2525,billing,Mai,Dương,123 Nguyễn Huệ,Hà Nội,VN,0995702504,515758,1
5050,2525,shipping,Mai,Dương,22 Trần Hưng Đạo,Hà Nội,VN,0921645299,628905,1
5051,2526,billing,Bình,Vũ,99 Hai Bà Trưng,TP HCM,VN,0982514790,346637,1
5052,2526,shipping,Bình,Vũ,123 Nguyễn Huệ,TP HCM,VN,0922355118,561699,1
5053,2527,billing,Thảo,Hoàng,78 Lê Lợi,TP HCM,VN,0924399483,125308,1
5054,2527,shipping,Thảo,Hoàng,78 Lê Lợi,TP HCM,VN,0936523572,306405,1
5055,2528,billing,Đức,Ngô,99 Hai Bà Trưng,Quảng Ninh,VN,0927542838,528075,1
5056,2528,shipping,Đức,Ngô,123 Nguyễn Huệ,Quảng Ninh,VN,0977692351,526193,1
5057,2529,billing,Long,Phạm,45 Đinh Tiên Hoàng,Đồng Nai,VN,0930494550,537243,1
5058,2529,shipping,Long,Phạm,22 Trần Hưng Đạo,Đồng Nai,VN,0982750794,651236,1
5059,2530,billing,Hằng,Phạm,22 Trần Hưng Đạo,TP HCM,VN,0911088189,693398,1
5060,2530,shipping,Hằng,Phạm,123 Nguyễn Huệ,TP HCM,VN,0926277954,846386,1
5061,2531,billing,Việt,Nguyễn,123 Nguyễn Huệ,Hà Nội,VN,0984142675,185677,1
5062,2531,shipping,Việt,Nguyễn,22 Trần Hưng Đạo,Hà Nội,VN,0997249336,359144,1
5063,2532,billing,Anh,Đặng,22 Trần Hưng Đạo,Hà Nội,VN,0914531356,986645,1
5064,2532,shipping,Anh,Đặng,123 Nguyễn Huệ,Hà Nội,VN,0959069536,283304,1
5065,2533,billing,Bình,Hoàng,78 Lê Lợi,TP HCM,VN,0994749295,805877,1
5066,2533,shipping,Bình,Hoàng,99 Hai Bà Trưng,TP HCM,VN,0936295235,683230,1
5067,2534,billing,Tuấn,Bùi,45 Đinh Tiên Hoàng,TP HCM,VN,0958279154,149992,1
5068,2534,shipping,Tuấn,Bùi,99 Hai Bà Trưng,TP HCM,VN,0910132334,317557,1
5069,2535,billing,Yến,Phan,99 Hai Bà Trưng,TP HCM,VN,0932867755,195543,1
5070,2535,shipping,Yến,Phan,78 Lê Lợi,TP HCM,VN,0981169693,871362,1
5071,2536,billing,Hùng,Lê,22 Trần Hưng Đạo,Đồng Nai,VN,0932803980,803068,1
5072,2536,shipping,Hùng,Lê,78 Lê Lợi,Đồng Nai,VN,0923678339,163176,1
5073,2537,billing,Trang,Đỗ,123 Nguyễn Huệ,Hà Nội,VN,0940848031,275917,1
5074,2537,shipping,Trang,Đỗ,123 Nguyễn Huệ,Hà Nội,VN,0957596255,439167,1
5075,2538,billing,Đức,Hồ,22 Trần Hưng Đạo,Hải Phòng,VN,0994219917,306606,1
5076,2538,shipping,Đức,Hồ,45 Đinh Tiên Hoàng,Hải Phòng,VN,0973461822,730213,1
5077,2539,billing,Quang,Phạm,123 Nguyễn Huệ,TP HCM,VN,0994786799,594250,1
5078,2539,shipping,Quang,Phạm,123 Nguyễn Huệ,TP HCM,VN,0970809146,199979,1
5079,2540,billing,Mai,Đặng,78 Lê Lợi,Đà Nẵng,VN,0954240767,861353,1
5080,2540,shipping,Mai,Đặng,99 Hai Bà Trưng,Đà Nẵng,VN,0928109274,286252,1
5081,2541,billing,Hùng,Đặng,45 Đinh Tiên Hoàng,TP HCM,VN,0938736183,592974,1
5082,2541,shipping,Hùng,Đặng,123 Nguyễn Huệ,TP HCM,VN,0937896404,721553,1
5083,2542,billing,Nga,Phạm,123 Nguyễn Huệ,Hà Nội,VN,0990558057,481537,1
5084,2542,shipping,Nga,Phạm,123 Nguyễn Huệ,Hà Nội,VN,0982543849,102051,1
5085,2543,billing,Đức,Phan,22 Trần Hưng Đạo,TP HCM,VN,0923894819,996577,1
5086,2543,shipping,Đức,Phan,123 Nguyễn Huệ,TP HCM,VN,0925835955,965997,1
5087,2544,billing,Hải,Bùi,78 Lê Lợi,Đồng Nai,VN,0991595227,447255,1
5088,2544,shipping,Hải,Bùi,78 Lê Lợi,Đồng Nai,VN,0992435973,204064,1
5089,2545,billing,Yến,Vũ,99 Hai Bà Trưng,Quảng Ninh,VN,0983830671,903950,1
5090,2545,shipping,Yến,Vũ,78 Lê Lợi,Quảng Ninh,VN,0985966333,595571,1
5091,2546,billing,Hà,Bùi,123 Nguyễn Huệ,TP HCM,VN,0938799189,591066,1
5092,2546,shipping,Hà,Bùi,45 Đinh Tiên Hoàng,TP HCM,VN,0926414204,780077,1
5093,2547,billing,Phương,Vũ,78 Lê Lợi,Hà Nội,VN,0911081497,644348,1
5094,2547,shipping,Phương,Vũ,45 Đinh Tiên Hoàng,Hà Nội,VN,0991886123,475025,1
5095,2548,billing,Tuấn,Ngô,99 Hai Bà Trưng,TP HCM,VN,0948213528,541055,1
5096,2548,shipping,Tuấn,Ngô,123 Nguyễn Huệ,TP HCM,VN,0962355728,895177,1
5097,2549,billing,Trung,Hồ,78 Lê Lợi,Khánh Hòa,VN,0925661735,711182,1
5098,2549,shipping,Trung,Hồ,45 Đinh Tiên Hoàng,Khánh Hòa,VN,0939395954,908262,1
5099,2550,billing,Yến,Hồ,22 Trần Hưng Đạo,Hà Nội,VN,0954869293,450807,1
5100,2550,shipping,Yến,Hồ,45 Đinh Tiên Hoàng,Hà Nội,VN,0918516267,478513,1
5101,2551,billing,Thành,Ngô,78 Lê Lợi,Hà Nội,VN,0917570886,950184,1
5102,2551,shipping,Thành,Ngô,45 Đinh Tiên Hoàng,Hà Nội,VN,0969078772,573899,1
5103,2552,billing,Việt,Bùi,123 Nguyễn Huệ,Hà Nội,VN,0935172882,509564,1
5104,2552,shipping,Việt,Bùi,99 Hai Bà Trưng,Hà Nội,VN,0996036351,802913,1
5105,2553,billing,Bình,Vũ,22 Trần Hưng Đạo,Hà Nội,VN,0918888513,699923,1
5106,2553,shipping,Bình,Vũ,99 Hai Bà Trưng,Hà Nội,VN,0946488295,736367,1
5107,2554,billing,Trang,Đặng,78 Lê Lợi,TP HCM,VN,0919757057,321795,1
5108,2554,shipping,Trang,Đặng,78 Lê Lợi,TP HCM,VN,0922515239,332661,1
5109,2555,billing,Trung,Lê,123 Nguyễn Huệ,TP HCM,VN,0968497547,326073,1
5110,2555,shipping,Trung,Lê,45 Đinh Tiên Hoàng,TP HCM,VN,0964239656,907606,1
5111,2556,billing,Khánh,Lê,99 Hai Bà Trưng,Hà Nội,VN,0977562277,309660,1
5112,2556,shipping,Khánh,Lê,99 Hai Bà Trưng,Hà Nội,VN,0936352354,720616,1
5113,2557,billing,Long,Trần,22 Trần Hưng Đạo,TP HCM,VN,0999397616,344610,1
5114,2557,shipping,Long,Trần,123 Nguyễn Huệ,TP HCM,VN,0944272857,378052,1
5115,2558,billing,Linh,Đặng,22 Trần Hưng Đạo,TP HCM,VN,0918862427,488688,1
5116,2558,shipping,Linh,Đặng,78 Lê Lợi,TP HCM,VN,0994109436,496237,1
5117,2559,billing,Hùng,Ngô,45 Đinh Tiên Hoàng,Đà Nẵng,VN,0976791037,862251,1
5118,2559,shipping,Hùng,Ngô,123 Nguyễn Huệ,Đà Nẵng,VN,0932439954,582164,1
5119,2560,billing,Ánh,Hoàng,22 Trần Hưng Đạo,TP HCM,VN,0915396030,266957,1
5120,2560,shipping,Ánh,Hoàng,78 Lê Lợi,TP HCM,VN,0943499490,624325,1
5121,2561,billing,Trung,Đặng,123 Nguyễn Huệ,TP HCM,VN,0956893576,267170,1
5122,2561,shipping,Trung,Đặng,99 Hai Bà Trưng,TP HCM,VN,0986304402,579375,1
5123,2562,billing,Long,Phan,22 Trần Hưng Đạo,Hà Nội,VN,0924032139,640888,1
5124,2562,shipping,Long,Phan,78 Lê Lợi,Hà Nội,VN,0973891716,890186,1
5125,2563,billing,Linh,Trần,78 Lê Lợi,TP HCM,VN,0960695247,183987,1
5126,2563,shipping,Linh,Trần,45 Đinh Tiên Hoàng,TP HCM,VN,0968781295,448995,1
5127,2564,billing,Long,Phạm,123 Nguyễn Huệ,Hà Nội,VN,0955409286,128879,1
5128,2564,shipping,Long,Phạm,45 Đinh Tiên Hoàng,Hà Nội,VN,0966561389,159539,1
5129,2565,billing,Hùng,Nguyễn,99 Hai Bà Trưng,TP HCM,VN,0935584579,506381,1
5130,2565,shipping,Hùng,Nguyễn,123 Nguyễn Huệ,TP HCM,VN,0932955237,299824,1
5131,2566,billing,Anh,Vũ,123 Nguyễn Huệ,Hà Nội,VN,0920332730,611154,1
5132,2566,shipping,Anh,Vũ,22 Trần Hưng Đạo,Hà Nội,VN,0958351616,133167,1
5133,2567,billing,Hải,Phạm,123 Nguyễn Huệ,Khánh Hòa,VN,0933722925,654494,1
5134,2567,shipping,Hải,Phạm,123 Nguyễn Huệ,Khánh Hòa,VN,0995453342,581652,1
5135,2568,billing,Thảo,Nguyễn,22 Trần Hưng Đạo,Đồng Nai,VN,0931607467,194891,1
5136,2568,shipping,Thảo,Nguyễn,45 Đinh Tiên Hoàng,Đồng Nai,VN,0921378927,251137,1
5137,2569,billing,Nga,Nguyễn,45 Đinh Tiên Hoàng,Hà Nội,VN,0972958554,555419,1
5138,2569,shipping,Nga,Nguyễn,78 Lê Lợi,Hà Nội,VN,0930274299,459480,1
5139,2570,billing,Hoa,Đặng,123 Nguyễn Huệ,Đồng Nai,VN,0933483266,424087,1
5140,2570,shipping,Hoa,Đặng,45 Đinh Tiên Hoàng,Đồng Nai,VN,0967221858,563778,1
5141,2571,billing,Anh,Ngô,45 Đinh Tiên Hoàng,Hà Nội,VN,0986297996,120541,1
5142,2571,shipping,Anh,Ngô,78 Lê Lợi,Hà Nội,VN,0924890894,326279,1
5143,2572,billing,Hoa,Ngô,123 Nguyễn Huệ,TP HCM,VN,0933739918,241960,1
5144,2572,shipping,Hoa,Ngô,78 Lê Lợi,TP HCM,VN,0963025219,200349,1
5145,2573,billing,Trung,Dương,22 Trần Hưng Đạo,Bình Dương,VN,0948550150,856414,1
5146,2573,shipping,Trung,Dương,22 Trần Hưng Đạo,Bình Dương,VN,0992164492,859593,1
5147,2574,billing,Hà,Đỗ,22 Trần Hưng Đạo,TP HCM,VN,0973875265,195996,1
5148,2574,shipping,Hà,Đỗ,22 Trần Hưng Đạo,TP HCM,VN,0912027319,315465,1
5149,2575,billing,Khánh,Trần,78 Lê Lợi,TP HCM,VN,0967330983,714330,1
5150,2575,shipping,Khánh,Trần,22 Trần Hưng Đạo,TP HCM,VN,0964405896,189271,1
5151,2576,billing,Mai,Phạm,78 Lê Lợi,Hà Nội,VN,0948943183,517388,1
5152,2576,shipping,Mai,Phạm,45 Đinh Tiên Hoàng,Hà Nội,VN,0932143869,641456,1
5153,2577,billing,Bình,Phạm,99 Hai Bà Trưng,TP HCM,VN,0955300705,822684,1
5154,2577,shipping,Bình,Phạm,123 Nguyễn Huệ,TP HCM,VN,0951181925,912350,1
5155,2578,billing,Hải,Bùi,123 Nguyễn Huệ,TP HCM,VN,0932495580,735993,1
5156,2578,shipping,Hải,Bùi,45 Đinh Tiên Hoàng,TP HCM,VN,0971912142,947540,1
5157,2579,billing,Ngọc,Lê,78 Lê Lợi,TP HCM,VN,0961114787,489405,1
5158,2579,shipping,Ngọc,Lê,22 Trần Hưng Đạo,TP HCM,VN,0923516477,959952,1
5159,2580,billing,Thành,Phạm,123 Nguyễn Huệ,Hà Nội,VN,0993297123,957714,1
5160,2580,shipping,Thành,Phạm,99 Hai Bà Trưng,Hà Nội,VN,0957209189,664280,1
5161,2581,billing,Trang,Vũ,22 Trần Hưng Đạo,Khánh Hòa,VN,0999607102,721607,1
5162,2581,shipping,Trang,Vũ,123 Nguyễn Huệ,Khánh Hòa,VN,0920978986,313776,1
5163,2582,billing,Hải,Phan,45 Đinh Tiên Hoàng,TP HCM,VN,0994797240,466342,1
5164,2582,shipping,Hải,Phan,123 Nguyễn Huệ,TP HCM,VN,0963764452,592006,1
5165,2583,billing,Việt,Ngô,99 Hai Bà Trưng,Hà Nội,VN,0963318146,389053,1
5166,2583,shipping,Việt,Ngô,45 Đinh Tiên Hoàng,Hà Nội,VN,0935907532,918133,1
5167,2584,billing,Thành,Vũ,78 Lê Lợi,Hà Nội,VN,0992737428,174012,1
5168,2584,shipping,Thành,Vũ,45 Đinh Tiên Hoàng,Hà Nội,VN,0958523464,524937,1
5169,2585,billing,Khánh,Ngô,22 Trần Hưng Đạo,Hải Phòng,VN,0984071569,595808,1
5170,2585,shipping,Khánh,Ngô,22 Trần Hưng Đạo,Hải Phòng,VN,0919594573,417441,1
5171,2586,billing,Hằng,Phạm,45 Đinh Tiên Hoàng,Đồng Nai,VN,0972436414,729489,1
5172,2586,shipping,Hằng,Phạm,22 Trần Hưng Đạo,Đồng Nai,VN,0939676588,149443,1
5173,2587,billing,Việt,Hoàng,22 Trần Hưng Đạo,TP HCM,VN,0918740555,434625,1
5174,2587,shipping,Việt,Hoàng,22 Trần Hưng Đạo,TP HCM,VN,0946410317,232255,1
5175,2588,billing,Trung,Trần,22 Trần Hưng Đạo,TP HCM,VN,0990258953,811936,1
5176,2588,shipping,Trung,Trần,22 Trần Hưng Đạo,TP HCM,VN,0990916112,308653,1
5177,2589,billing,Mai,Hồ,78 Lê Lợi,TP HCM,VN,0950344789,466052,1
5178,2589,shipping,Mai,Hồ,45 Đinh Tiên Hoàng,TP HCM,VN,0961947506,866073,1
5179,2590,billing,Anh,Phan,123 Nguyễn Huệ,Hà Nội,VN,0913797184,430215,1
5180,2590,shipping,Anh,Phan,123 Nguyễn Huệ,Hà Nội,VN,0936034736,672191,1
5181,2591,billing,Hoa,Bùi,123 Nguyễn Huệ,Hà Nội,VN,0913880210,207516,1
5182,2591,shipping,Hoa,Bùi,78 Lê Lợi,Hà Nội,VN,0956376192,217106,1
5183,2592,billing,Thu,Ngô,22 Trần Hưng Đạo,Hà Nội,VN,0941706983,425655,1
5184,2592,shipping,Thu,Ngô,123 Nguyễn Huệ,Hà Nội,VN,0994568186,450766,1
5185,2593,billing,Ngọc,Hoàng,78 Lê Lợi,TP HCM,VN,0954334725,225378,1
5186,2593,shipping,Ngọc,Hoàng,45 Đinh Tiên Hoàng,TP HCM,VN,0936811346,909610,1
5187,2594,billing,Khánh,Ngô,78 Lê Lợi,Bình Dương,VN,0932225346,944129,1
5188,2594,shipping,Khánh,Ngô,45 Đinh Tiên Hoàng,Bình Dương,VN,0987152524,930039,1
5189,2595,billing,Long,Phạm,22 Trần Hưng Đạo,TP HCM,VN,0946723339,271393,1
5190,2595,shipping,Long,Phạm,99 Hai Bà Trưng,TP HCM,VN,0990245284,275972,1
5191,2596,billing,Đức,Ngô,123 Nguyễn Huệ,Hải Phòng,VN,0966568315,449052,1
5192,2596,shipping,Đức,Ngô,123 Nguyễn Huệ,Hải Phòng,VN,0967482938,122636,1
5193,2597,billing,Minh,Đặng,78 Lê Lợi,TP HCM,VN,0910746967,572298,1
5194,2597,shipping,Minh,Đặng,78 Lê Lợi,TP HCM,VN,0921842089,853523,1
5195,2598,billing,Việt,Hoàng,78 Lê Lợi,TP HCM,VN,0910529439,583341,1
5196,2598,shipping,Việt,Hoàng,45 Đinh Tiên Hoàng,TP HCM,VN,0940148399,648660,1
5197,2599,billing,Hải,Ngô,99 Hai Bà Trưng,Hải Phòng,VN,0955409250,405931,1
5198,2599,shipping,Hải,Ngô,45 Đinh Tiên Hoàng,Hải Phòng,VN,0983103758,563100,1
5199,2600,billing,Ánh,Vũ,78 Lê Lợi,TP HCM,VN,0977459592,247243,1
5200,2600,shipping,Ánh,Vũ,99 Hai Bà Trưng,TP HCM,VN,0943066855,872793,1
5201,2601,billing,Hà,Trần,123 Nguyễn Huệ,TP HCM,VN,0948725148,826943,1
5202,2601,shipping,Hà,Trần,45 Đinh Tiên Hoàng,TP HCM,VN,0996463198,134471,1
5203,2602,billing,Lan,Ngô,22 Trần Hưng Đạo,Đà Nẵng,VN,0920744270,112640,1
5204,2602,shipping,Lan,Ngô,45 Đinh Tiên Hoàng,Đà Nẵng,VN,0926286100,384546,1
5205,2603,billing,Phương,Trần,45 Đinh Tiên Hoàng,Hà Nội,VN,0926680101,134429,1
5206,2603,shipping,Phương,Trần,22 Trần Hưng Đạo,Hà Nội,VN,0956552724,331476,1
5207,2604,billing,Hà,Ngô,99 Hai Bà Trưng,Quảng Ninh,VN,0914359286,341770,1
5208,2604,shipping,Hà,Ngô,99 Hai Bà Trưng,Quảng Ninh,VN,0920425766,440226,1
5209,2605,billing,Lan,Nguyễn,99 Hai Bà Trưng,TP HCM,VN,0954149603,748694,1
5210,2605,shipping,Lan,Nguyễn,22 Trần Hưng Đạo,TP HCM,VN,0917159696,770061,1
5211,2606,billing,Anh,Dương,45 Đinh Tiên Hoàng,TP HCM,VN,0982332551,396546,1
5212,2606,shipping,Anh,Dương,78 Lê Lợi,TP HCM,VN,0957075059,613867,1
5213,2607,billing,Lan,Ngô,123 Nguyễn Huệ,TP HCM,VN,0952020304,428113,1
5214,2607,shipping,Lan,Ngô,99 Hai Bà Trưng,TP HCM,VN,0998794468,747430,1
5215,2608,billing,Hằng,Trần,45 Đinh Tiên Hoàng,TP HCM,VN,0957207679,177856,1
5216,2608,shipping,Hằng,Trần,22 Trần Hưng Đạo,TP HCM,VN,0972010105,460235,1
5217,2609,billing,Trang,Dương,123 Nguyễn Huệ,TP HCM,VN,0916494888,399582,1
5218,2609,shipping,Trang,Dương,78 Lê Lợi,TP HCM,VN,0964823318,187825,1
5219,2610,billing,Ngọc,Dương,22 Trần Hưng Đạo,Hà Nội,VN,0960392688,391600,1
5220,2610,shipping,Ngọc,Dương,99 Hai Bà Trưng,Hà Nội,VN,0971786773,321604,1
5221,2611,billing,Ánh,Lê,78 Lê Lợi,TP HCM,VN,0939302025,242106,1
5222,2611,shipping,Ánh,Lê,78 Lê Lợi,TP HCM,VN,0990999210,290260,1
5223,2612,billing,Hà,Hồ,45 Đinh Tiên Hoàng,Hải Phòng,VN,0982663566,642895,1
5224,2612,shipping,Hà,Hồ,99 Hai Bà Trưng,Hải Phòng,VN,0932181448,475801,1
5225,2613,billing,Tuấn,Bùi,123 Nguyễn Huệ,TP HCM,VN,0912581850,831506,1
5226,2613,shipping,Tuấn,Bùi,123 Nguyễn Huệ,TP HCM,VN,0911382248,416638,1
5227,2614,billing,Tuấn,Nguyễn,22 Trần Hưng Đạo,Quảng Ninh,VN,0938672993,529635,1
5228,2614,shipping,Tuấn,Nguyễn,22 Trần Hưng Đạo,Quảng Ninh,VN,0920612629,820424,1
5229,2615,billing,Mai,Phan,78 Lê Lợi,Khánh Hòa,VN,0955396362,999500,1
5230,2615,shipping,Mai,Phan,22 Trần Hưng Đạo,Khánh Hòa,VN,0978264140,759645,1
5231,2616,billing,Hải,Phạm,99 Hai Bà Trưng,TP HCM,VN,0963342251,339105,1
5232,2616,shipping,Hải,Phạm,45 Đinh Tiên Hoàng,TP HCM,VN,0916737580,547343,1
5233,2617,billing,Thành,Ngô,22 Trần Hưng Đạo,TP HCM,VN,0974282632,201926,1
5234,2617,shipping,Thành,Ngô,78 Lê Lợi,TP HCM,VN,0912723619,387031,1
5235,2618,billing,Việt,Ngô,123 Nguyễn Huệ,TP HCM,VN,0966057893,847148,1
5236,2618,shipping,Việt,Ngô,45 Đinh Tiên Hoàng,TP HCM,VN,0963168464,735799,1
5237,2619,billing,Ngọc,Lê,45 Đinh Tiên Hoàng,TP HCM,VN,0932339814,269098,1
5238,2619,shipping,Ngọc,Lê,78 Lê Lợi,TP HCM,VN,0953777693,297277,1
5239,2620,billing,Đức,Nguyễn,99 Hai Bà Trưng,Đà Nẵng,VN,0979090283,334493,1
5240,2620,shipping,Đức,Nguyễn,123 Nguyễn Huệ,Đà Nẵng,VN,0957152329,108324,1
5241,2621,billing,Minh,Hoàng,123 Nguyễn Huệ,Đà Nẵng,VN,0972951937,896470,1
5242,2621,shipping,Minh,Hoàng,22 Trần Hưng Đạo,Đà Nẵng,VN,0961395293,324240,1
5243,2622,billing,Hải,Hoàng,123 Nguyễn Huệ,TP HCM,VN,0931798862,127566,1
5244,2622,shipping,Hải,Hoàng,78 Lê Lợi,TP HCM,VN,0934512138,498738,1
5245,2623,billing,Trung,Trần,45 Đinh Tiên Hoàng,Đà Nẵng,VN,0981003207,466362,1
5246,2623,shipping,Trung,Trần,22 Trần Hưng Đạo,Đà Nẵng,VN,0941721502,569381,1
5247,2624,billing,Hà,Phan,78 Lê Lợi,Hà Nội,VN,0962688520,636772,1
5248,2624,shipping,Hà,Phan,78 Lê Lợi,Hà Nội,VN,0965001241,737599,1
5249,2625,billing,Anh,Đỗ,22 Trần Hưng Đạo,TP HCM,VN,0928280449,475420,1
5250,2625,shipping,Anh,Đỗ,123 Nguyễn Huệ,TP HCM,VN,0934919119,166177,1
5251,2626,billing,Nga,Bùi,99 Hai Bà Trưng,Hà Nội,VN,0996504662,161116,1
5252,2626,shipping,Nga,Bùi,45 Đinh Tiên Hoàng,Hà Nội,VN,0949234083,102036,1
5253,2627,billing,Ánh,Phạm,78 Lê Lợi,Hà Nội,VN,0997954669,819939,1
5254,2627,shipping,Ánh,Phạm,123 Nguyễn Huệ,Hà Nội,VN,0966681530,267436,1
5255,2628,billing,Nga,Dương,78 Lê Lợi,TP HCM,VN,0942302036,963036,1
5256,2628,shipping,Nga,Dương,45 Đinh Tiên Hoàng,TP HCM,VN,0971936687,893628,1
5257,2629,billing,Ánh,Vũ,123 Nguyễn Huệ,Hà Nội,VN,0989858878,488787,1
5258,2629,shipping,Ánh,Vũ,99 Hai Bà Trưng,Hà Nội,VN,0936262963,231743,1
5259,2630,billing,Yến,Lê,99 Hai Bà Trưng,Đà Nẵng,VN,0926276972,700440,1
5260,2630,shipping,Yến,Lê,123 Nguyễn Huệ,Đà Nẵng,VN,0946304788,510583,1
5261,2631,billing,Mai,Lê,22 Trần Hưng Đạo,TP HCM,VN,0917023497,260412,1
5262,2631,shipping,Mai,Lê,99 Hai Bà Trưng,TP HCM,VN,0998270930,593269,1
5263,2632,billing,Phương,Đỗ,99 Hai Bà Trưng,TP HCM,VN,0913101944,253018,1
5264,2632,shipping,Phương,Đỗ,45 Đinh Tiên Hoàng,TP HCM,VN,0926389373,372772,1
5265,2633,billing,Hằng,Phan,99 Hai Bà Trưng,Hà Nội,VN,0990098862,486219,1
5266,2633,shipping,Hằng,Phan,123 Nguyễn Huệ,Hà Nội,VN,0971906971,598452,1
5267,2634,billing,Tuấn,Hồ,78 Lê Lợi,Khánh Hòa,VN,0961995631,492098,1
5268,2634,shipping,Tuấn,Hồ,22 Trần Hưng Đạo,Khánh Hòa,VN,0913871543,231554,1
5269,2635,billing,Trang,Ngô,45 Đinh Tiên Hoàng,Hà Nội,VN,0921199693,516664,1
5270,2635,shipping,Trang,Ngô,45 Đinh Tiên Hoàng,Hà Nội,VN,0982517705,332119,1
5271,2636,billing,Quang,Hồ,45 Đinh Tiên Hoàng,Hải Phòng,VN,0993516420,659913,1
5272,2636,shipping,Quang,Hồ,45 Đinh Tiên Hoàng,Hải Phòng,VN,0924410560,832431,1
5273,2637,billing,Khánh,Phạm,45 Đinh Tiên Hoàng,TP HCM,VN,0942945919,453957,1
5274,2637,shipping,Khánh,Phạm,99 Hai Bà Trưng,TP HCM,VN,0957948625,242571,1
5275,2638,billing,Hằng,Đặng,123 Nguyễn Huệ,Hải Phòng,VN,0982828420,794536,1
5276,2638,shipping,Hằng,Đặng,123 Nguyễn Huệ,Hải Phòng,VN,0919286978,722508,1
5277,2639,billing,Lan,Trần,22 Trần Hưng Đạo,TP HCM,VN,0992424549,598447,1
5278,2639,shipping,Lan,Trần,78 Lê Lợi,TP HCM,VN,0913054793,614174,1
5279,2640,billing,Linh,Dương,78 Lê Lợi,TP HCM,VN,0983808547,913294,1
5280,2640,shipping,Linh,Dương,123 Nguyễn Huệ,TP HCM,VN,0978083435,485579,1
5281,2641,billing,Nga,Vũ,99 Hai Bà Trưng,TP HCM,VN,0989762957,607789,1
5282,2641,shipping,Nga,Vũ,45 Đinh Tiên Hoàng,TP HCM,VN,0959268413,965608,1
5283,2642,billing,Đức,Hoàng,99 Hai Bà Trưng,TP HCM,VN,0979915399,978468,1
5284,2642,shipping,Đức,Hoàng,45 Đinh Tiên Hoàng,TP HCM,VN,0947266284,771311,1
5285,2643,billing,Tuấn,Nguyễn,78 Lê Lợi,Hà Nội,VN,0996538705,213431,1
5286,2643,shipping,Tuấn,Nguyễn,22 Trần Hưng Đạo,Hà Nội,VN,0974287853,882202,1
5287,2644,billing,Long,Phạm,45 Đinh Tiên Hoàng,TP HCM,VN,0989199729,772822,1
5288,2644,shipping,Long,Phạm,99 Hai Bà Trưng,TP HCM,VN,0919141751,337816,1
5289,2645,billing,Yến,Phạm,99 Hai Bà Trưng,Hà Nội,VN,0946129594,140474,1
5290,2645,shipping,Yến,Phạm,78 Lê Lợi,Hà Nội,VN,0940507293,469523,1
5291,2646,billing,Phương,Hoàng,22 Trần Hưng Đạo,Hà Nội,VN,0934368305,232487,1
5292,2646,shipping,Phương,Hoàng,78 Lê Lợi,Hà Nội,VN,0970257323,937019,1
5293,2647,billing,Tuấn,Trần,78 Lê Lợi,Hà Nội,VN,0929397123,309553,1
5294,2647,shipping,Tuấn,Trần,22 Trần Hưng Đạo,Hà Nội,VN,0969639339,482645,1
5295,2648,billing,Hằng,Dương,99 Hai Bà Trưng,TP HCM,VN,0998093294,120918,1
5296,2648,shipping,Hằng,Dương,78 Lê Lợi,TP HCM,VN,0952930399,276524,1
5297,2649,billing,Tuấn,Phan,123 Nguyễn Huệ,Đà Nẵng,VN,0997074129,814979,1
5298,2649,shipping,Tuấn,Phan,78 Lê Lợi,Đà Nẵng,VN,0922892776,951433,1
5299,2650,billing,Hải,Đỗ,99 Hai Bà Trưng,Hà Nội,VN,0971052050,708303,1
5300,2650,shipping,Hải,Đỗ,22 Trần Hưng Đạo,Hà Nội,VN,0952516076,589789,1
5301,2651,billing,Hoa,Bùi,22 Trần Hưng Đạo,TP HCM,VN,0911779333,216069,1
5302,2651,shipping,Hoa,Bùi,123 Nguyễn Huệ,TP HCM,VN,0997739105,109435,1
5303,2652,billing,Anh,Vũ,99 Hai Bà Trưng,Hà Nội,VN,0959130762,257438,1
5304,2652,shipping,Anh,Vũ,99 Hai Bà Trưng,Hà Nội,VN,0919214123,699854,1
5305,2653,billing,Hằng,Bùi,78 Lê Lợi,Hà Nội,VN,0961653564,767452,1
5306,2653,shipping,Hằng,Bùi,78 Lê Lợi,Hà Nội,VN,0990720294,422974,1
5307,2654,billing,Việt,Ngô,123 Nguyễn Huệ,Hà Nội,VN,0929120821,869187,1
5308,2654,shipping,Việt,Ngô,123 Nguyễn Huệ,Hà Nội,VN,0960947636,982845,1
5309,2655,billing,Đức,Dương,123 Nguyễn Huệ,TP HCM,VN,0947017416,755509,1
5310,2655,shipping,Đức,Dương,45 Đinh Tiên Hoàng,TP HCM,VN,0973273769,944223,1
5311,2656,billing,Hùng,Hồ,123 Nguyễn Huệ,TP HCM,VN,0987433579,203855,1
5312,2656,shipping,Hùng,Hồ,45 Đinh Tiên Hoàng,TP HCM,VN,0959728288,504523,1
5313,2657,billing,Trang,Trần,99 Hai Bà Trưng,Đồng Nai,VN,0997213911,485961,1
5314,2657,shipping,Trang,Trần,45 Đinh Tiên Hoàng,Đồng Nai,VN,0952173127,755218,1
5315,2658,billing,Nga,Vũ,22 Trần Hưng Đạo,TP HCM,VN,0938603407,807842,1
5316,2658,shipping,Nga,Vũ,123 Nguyễn Huệ,TP HCM,VN,0976313318,532500,1
5317,2659,billing,Khánh,Hồ,123 Nguyễn Huệ,Bình Dương,VN,0963323817,616628,1
5318,2659,shipping,Khánh,Hồ,78 Lê Lợi,Bình Dương,VN,0921981719,886305,1
5319,2660,billing,Mai,Ngô,78 Lê Lợi,TP HCM,VN,0979646634,343979,1
5320,2660,shipping,Mai,Ngô,123 Nguyễn Huệ,TP HCM,VN,0954875492,582572,1
5321,2661,billing,Khánh,Đỗ,99 Hai Bà Trưng,TP HCM,VN,0921303504,964670,1
5322,2661,shipping,Khánh,Đỗ,78 Lê Lợi,TP HCM,VN,0928388580,536812,1
5323,2662,billing,Việt,Lê,123 Nguyễn Huệ,Bình Dương,VN,0963089420,427434,1
5324,2662,shipping,Việt,Lê,78 Lê Lợi,Bình Dương,VN,0991727083,135947,1
5325,2663,billing,Khánh,Hoàng,123 Nguyễn Huệ,Hải Phòng,VN,0940038107,928699,1
5326,2663,shipping,Khánh,Hoàng,99 Hai Bà Trưng,Hải Phòng,VN,0992260070,217967,1
5327,2664,billing,Trung,Vũ,123 Nguyễn Huệ,Hà Nội,VN,0970324211,754338,1
5328,2664,shipping,Trung,Vũ,78 Lê Lợi,Hà Nội,VN,0944873253,494592,1
5329,2665,billing,Hằng,Nguyễn,22 Trần Hưng Đạo,TP HCM,VN,0992821345,481628,1
5330,2665,shipping,Hằng,Nguyễn,99 Hai Bà Trưng,TP HCM,VN,0968531872,185066,1
5331,2666,billing,Lan,Hồ,78 Lê Lợi,Hà Nội,VN,0976032497,761551,1
5332,2666,shipping,Lan,Hồ,22 Trần Hưng Đạo,Hà Nội,VN,0982535505,193267,1
5333,2667,billing,Hà,Đặng,78 Lê Lợi,Đồng Nai,VN,0968086964,909525,1
5334,2667,shipping,Hà,Đặng,99 Hai Bà Trưng,Đồng Nai,VN,0997695915,101094,1
5335,2668,billing,Hoa,Nguyễn,45 Đinh Tiên Hoàng,Khánh Hòa,VN,0943417548,360000,1
5336,2668,shipping,Hoa,Nguyễn,123 Nguyễn Huệ,Khánh Hòa,VN,0956296183,275195,1
5337,2669,billing,Phương,Phan,123 Nguyễn Huệ,Hà Nội,VN,0974795098,689984,1
5338,2669,shipping,Phương,Phan,78 Lê Lợi,Hà Nội,VN,0995094876,671655,1
5339,2670,billing,Ngọc,Lê,45 Đinh Tiên Hoàng,TP HCM,VN,0930610018,246179,1
5340,2670,shipping,Ngọc,Lê,123 Nguyễn Huệ,TP HCM,VN,0972561094,770381,1
5341,2671,billing,Lan,Hồ,22 Trần Hưng Đạo,TP HCM,VN,0970534512,867652,1
5342,2671,shipping,Lan,Hồ,78 Lê Lợi,TP HCM,VN,0978986527,792685,1
5343,2672,billing,Linh,Lê,45 Đinh Tiên Hoàng,Đà Nẵng,VN,0919627735,811531,1
5344,2672,shipping,Linh,Lê,45 Đinh Tiên Hoàng,Đà Nẵng,VN,0960258823,617220,1
5345,2673,billing,Yến,Nguyễn,123 Nguyễn Huệ,Đà Nẵng,VN,0930980460,505438,1
5346,2673,shipping,Yến,Nguyễn,78 Lê Lợi,Đà Nẵng,VN,0984981899,122529,1
5347,2674,billing,Tuấn,Dương,123 Nguyễn Huệ,TP HCM,VN,0970881371,425125,1
5348,2674,shipping,Tuấn,Dương,99 Hai Bà Trưng,TP HCM,VN,0964965403,317566,1
5349,2675,billing,Lan,Vũ,99 Hai Bà Trưng,TP HCM,VN,0969131176,650493,1
5350,2675,shipping,Lan,Vũ,78 Lê Lợi,TP HCM,VN,0935279912,730645,1
5351,2676,billing,Hùng,Đỗ,99 Hai Bà Trưng,Đồng Nai,VN,0994149821,148759,1
5352,2676,shipping,Hùng,Đỗ,22 Trần Hưng Đạo,Đồng Nai,VN,0972348974,974051,1
5353,2677,billing,Việt,Nguyễn,99 Hai Bà Trưng,TP HCM,VN,0927917819,925424,1
5354,2677,shipping,Việt,Nguyễn,78 Lê Lợi,TP HCM,VN,0982455135,221916,1
5355,2678,billing,Việt,Nguyễn,99 Hai Bà Trưng,Hà Nội,VN,0966316862,530498,1
5356,2678,shipping,Việt,Nguyễn,99 Hai Bà Trưng,Hà Nội,VN,0951028717,851896,1
5357,2679,billing,Anh,Trần,45 Đinh Tiên Hoàng,Khánh Hòa,VN,0990277976,253260,1
5358,2679,shipping,Anh,Trần,45 Đinh Tiên Hoàng,Khánh Hòa,VN,0985537454,903967,1
5359,2680,billing,Phương,Dương,123 Nguyễn Huệ,Hải Phòng,VN,0933240495,278357,1
5360,2680,shipping,Phương,Dương,45 Đinh Tiên Hoàng,Hải Phòng,VN,0954127097,525946,1
5361,2681,billing,Trang,Dương,45 Đinh Tiên Hoàng,TP HCM,VN,0917618192,751323,1
5362,2681,shipping,Trang,Dương,22 Trần Hưng Đạo,TP HCM,VN,0957981198,796892,1
5363,2682,billing,Hải,Hồ,78 Lê Lợi,TP HCM,VN,0990200915,958886,1
5364,2682,shipping,Hải,Hồ,22 Trần Hưng Đạo,TP HCM,VN,0989654819,131910,1
5365,2683,billing,Hải,Phan,22 Trần Hưng Đạo,TP HCM,VN,0938075731,633349,1
5366,2683,shipping,Hải,Phan,123 Nguyễn Huệ,TP HCM,VN,0964025024,884732,1
5367,2684,billing,Hằng,Vũ,123 Nguyễn Huệ,TP HCM,VN,0969842066,341574,1
5368,2684,shipping,Hằng,Vũ,45 Đinh Tiên Hoàng,TP HCM,VN,0986857338,198102,1
5369,2685,billing,Ánh,Ngô,123 Nguyễn Huệ,Hà Nội,VN,0986557434,640111,1
5370,2685,shipping,Ánh,Ngô,45 Đinh Tiên Hoàng,Hà Nội,VN,0940193335,285783,1
5371,2686,billing,Việt,Dương,78 Lê Lợi,TP HCM,VN,0996374113,644813,1
5372,2686,shipping,Việt,Dương,45 Đinh Tiên Hoàng,TP HCM,VN,0939885238,556122,1
5373,2687,billing,Ánh,Nguyễn,99 Hai Bà Trưng,Hà Nội,VN,0980057092,925757,1
5374,2687,shipping,Ánh,Nguyễn,45 Đinh Tiên Hoàng,Hà Nội,VN,0919236459,254160,1
5375,2688,billing,Trang,Phan,99 Hai Bà Trưng,Hà Nội,VN,0977801016,287474,1
5376,2688,shipping,Trang,Phan,99 Hai Bà Trưng,Hà Nội,VN,0980560257,357020,1
5377,2689,billing,Long,Phạm,45 Đinh Tiên Hoàng,Hà Nội,VN,0911653976,381977,1
5378,2689,shipping,Long,Phạm,78 Lê Lợi,Hà Nội,VN,0914308533,640686,1
5379,2690,billing,Thảo,Hoàng,45 Đinh Tiên Hoàng,TP HCM,VN,0950171936,420603,1
5380,2690,shipping,Thảo,Hoàng,22 Trần Hưng Đạo,TP HCM,VN,0948631173,368654,1
5381,2691,billing,Quang,Bùi,99 Hai Bà Trưng,Khánh Hòa,VN,0968564536,664333,1
5382,2691,shipping,Quang,Bùi,99 Hai Bà Trưng,Khánh Hòa,VN,0997528674,543174,1
5383,2692,billing,Linh,Hoàng,99 Hai Bà Trưng,TP HCM,VN,0940254115,947259,1
5384,2692,shipping,Linh,Hoàng,99 Hai Bà Trưng,TP HCM,VN,0933019364,700862,1
5385,2693,billing,Tuấn,Trần,45 Đinh Tiên Hoàng,Hà Nội,VN,0962337712,832235,1
5386,2693,shipping,Tuấn,Trần,22 Trần Hưng Đạo,Hà Nội,VN,0926173838,843601,1
5387,2694,billing,Khánh,Ngô,45 Đinh Tiên Hoàng,Hải Phòng,VN,0945056327,630928,1
5388,2694,shipping,Khánh,Ngô,99 Hai Bà Trưng,Hải Phòng,VN,0923738012,925515,1
5389,2695,billing,Quang,Vũ,78 Lê Lợi,TP HCM,VN,0979998322,843824,1
5390,2695,shipping,Quang,Vũ,78 Lê Lợi,TP HCM,VN,0946801864,283536,1
5391,2696,billing,Anh,Dương,45 Đinh Tiên Hoàng,Hà Nội,VN,0945421318,819690,1
5392,2696,shipping,Anh,Dương,45 Đinh Tiên Hoàng,Hà Nội,VN,0929805164,945261,1
5393,2697,billing,Hằng,Lê,45 Đinh Tiên Hoàng,Đà Nẵng,VN,0981499543,718544,1
5394,2697,shipping,Hằng,Lê,45 Đinh Tiên Hoàng,Đà Nẵng,VN,0965584160,607632,1
5395,2698,billing,Ánh,Lê,123 Nguyễn Huệ,Đồng Nai,VN,0910513587,304774,1
5396,2698,shipping,Ánh,Lê,22 Trần Hưng Đạo,Đồng Nai,VN,0986619955,121882,1
5397,2699,billing,Long,Phạm,78 Lê Lợi,Hà Nội,VN,0932681656,497423,1
5398,2699,shipping,Long,Phạm,123 Nguyễn Huệ,Hà Nội,VN,0954116520,139102,1
5399,2700,billing,Hoa,Phan,78 Lê Lợi,Khánh Hòa,VN,0973044458,273815,1
5400,2700,shipping,Hoa,Phan,78 Lê Lợi,Khánh Hòa,VN,0921290620,927556,1
5401,2701,billing,Yến,Hoàng,22 Trần Hưng Đạo,Hải Phòng,VN,0977316355,386760,1
5402,2701,shipping,Yến,Hoàng,78 Lê Lợi,Hải Phòng,VN,0970893185,789878,1
5403,2702,billing,Hà,Ngô,45 Đinh Tiên Hoàng,TP HCM,VN,0920103891,362443,1
5404,2702,shipping,Hà,Ngô,22 Trần Hưng Đạo,TP HCM,VN,0984793912,275201,1
5405,2703,billing,Khánh,Phạm,78 Lê Lợi,TP HCM,VN,0976989116,917786,1
5406,2703,shipping,Khánh,Phạm,123 Nguyễn Huệ,TP HCM,VN,0967655032,436589,1
5407,2704,billing,Nga,Phạm,22 Trần Hưng Đạo,Hà Nội,VN,0942683060,282326,1
5408,2704,shipping,Nga,Phạm,123 Nguyễn Huệ,Hà Nội,VN,0913323695,327283,1
5409,2705,billing,Thành,Nguyễn,22 Trần Hưng Đạo,Hà Nội,VN,0949362687,471551,1
5410,2705,shipping,Thành,Nguyễn,45 Đinh Tiên Hoàng,Hà Nội,VN,0918181039,820529,1
5411,2706,billing,Nga,Trần,99 Hai Bà Trưng,Hà Nội,VN,0995065461,959957,1
5412,2706,shipping,Nga,Trần,123 Nguyễn Huệ,Hà Nội,VN,0947317502,615595,1
5413,2707,billing,Trang,Lê,99 Hai Bà Trưng,TP HCM,VN,0916689436,682487,1
5414,2707,shipping,Trang,Lê,123 Nguyễn Huệ,TP HCM,VN,0956369615,633266,1
5415,2708,billing,Hùng,Vũ,99 Hai Bà Trưng,Đà Nẵng,VN,0939034714,940801,1
5416,2708,shipping,Hùng,Vũ,99 Hai Bà Trưng,Đà Nẵng,VN,0928845876,812661,1
5417,2709,billing,Đức,Đặng,123 Nguyễn Huệ,TP HCM,VN,0990672769,277295,1
5418,2709,shipping,Đức,Đặng,45 Đinh Tiên Hoàng,TP HCM,VN,0971628802,185028,1
5419,2710,billing,Quang,Hồ,22 Trần Hưng Đạo,Hà Nội,VN,0932654756,419231,1
5420,2710,shipping,Quang,Hồ,78 Lê Lợi,Hà Nội,VN,0930563496,242167,1
5421,2711,billing,Việt,Bùi,45 Đinh Tiên Hoàng,TP HCM,VN,0927230096,792797,1
5422,2711,shipping,Việt,Bùi,45 Đinh Tiên Hoàng,TP HCM,VN,0959511031,968367,1
5423,2712,billing,Thu,Hồ,99 Hai Bà Trưng,Hà Nội,VN,0932766385,569477,1
5424,2712,shipping,Thu,Hồ,99 Hai Bà Trưng,Hà Nội,VN,0918887231,503970,1
5425,2713,billing,Bình,Hồ,123 Nguyễn Huệ,TP HCM,VN,0916848817,462029,1
5426,2713,shipping,Bình,Hồ,45 Đinh Tiên Hoàng,TP HCM,VN,0935587171,159642,1
5427,2714,billing,Trang,Bùi,123 Nguyễn Huệ,Đà Nẵng,VN,0958740555,460299,1
5428,2714,shipping,Trang,Bùi,22 Trần Hưng Đạo,Đà Nẵng,VN,0941413903,805579,1
5429,2715,billing,Thảo,Đỗ,123 Nguyễn Huệ,Khánh Hòa,VN,0934280142,297897,1
5430,2715,shipping,Thảo,Đỗ,99 Hai Bà Trưng,Khánh Hòa,VN,0952801386,791565,1
5431,2716,billing,Thu,Lê,123 Nguyễn Huệ,Hải Phòng,VN,0988773724,711151,1
5432,2716,shipping,Thu,Lê,45 Đinh Tiên Hoàng,Hải Phòng,VN,0987575493,986681,1
5433,2717,billing,Phương,Vũ,123 Nguyễn Huệ,Hải Phòng,VN,0919535149,100932,1
5434,2717,shipping,Phương,Vũ,78 Lê Lợi,Hải Phòng,VN,0988287825,984992,1
5435,2718,billing,Long,Đặng,22 Trần Hưng Đạo,TP HCM,VN,0998156750,898937,1
5436,2718,shipping,Long,Đặng,22 Trần Hưng Đạo,TP HCM,VN,0981857038,686874,1
5437,2719,billing,Long,Ngô,123 Nguyễn Huệ,Hà Nội,VN,0968133688,251094,1
5438,2719,shipping,Long,Ngô,78 Lê Lợi,Hà Nội,VN,0933490403,696589,1
5439,2720,billing,Hà,Bùi,123 Nguyễn Huệ,Đà Nẵng,VN,0978099136,565303,1
5440,2720,shipping,Hà,Bùi,22 Trần Hưng Đạo,Đà Nẵng,VN,0938265187,377324,1
5441,2721,billing,Linh,Đỗ,45 Đinh Tiên Hoàng,Đà Nẵng,VN,0928919276,941250,1
5442,2721,shipping,Linh,Đỗ,123 Nguyễn Huệ,Đà Nẵng,VN,0939045041,602889,1
5443,2722,billing,Linh,Đặng,22 Trần Hưng Đạo,Hà Nội,VN,0914926819,361056,1
5444,2722,shipping,Linh,Đặng,45 Đinh Tiên Hoàng,Hà Nội,VN,0986939500,475585,1
5445,2723,billing,Hoa,Phan,123 Nguyễn Huệ,Hải Phòng,VN,0973872052,997630,1
5446,2723,shipping,Hoa,Phan,123 Nguyễn Huệ,Hải Phòng,VN,0973621862,799457,1
5447,2724,billing,Quang,Hoàng,22 Trần Hưng Đạo,Hà Nội,VN,0969266057,843870,1
5448,2724,shipping,Quang,Hoàng,22 Trần Hưng Đạo,Hà Nội,VN,0957057430,701054,1
5449,2725,billing,Việt,Phạm,78 Lê Lợi,Hà Nội,VN,0976997530,587386,1
5450,2725,shipping,Việt,Phạm,123 Nguyễn Huệ,Hà Nội,VN,0951857724,651561,1
5451,2726,billing,Anh,Lê,45 Đinh Tiên Hoàng,TP HCM,VN,0932671186,199189,1
5452,2726,shipping,Anh,Lê,78 Lê Lợi,TP HCM,VN,0994839493,545192,1
5453,2727,billing,Thu,Đặng,45 Đinh Tiên Hoàng,Hà Nội,VN,0928703261,848070,1
5454,2727,shipping,Thu,Đặng,45 Đinh Tiên Hoàng,Hà Nội,VN,0969743598,355339,1
5455,2728,billing,Nga,Hồ,99 Hai Bà Trưng,Đà Nẵng,VN,0918910331,284217,1
5456,2728,shipping,Nga,Hồ,22 Trần Hưng Đạo,Đà Nẵng,VN,0968572775,256793,1
5457,2729,billing,Tuấn,Nguyễn,22 Trần Hưng Đạo,Hà Nội,VN,0995202867,983365,1
5458,2729,shipping,Tuấn,Nguyễn,99 Hai Bà Trưng,Hà Nội,VN,0915310102,606382,1
5459,2730,billing,Hùng,Hồ,45 Đinh Tiên Hoàng,TP HCM,VN,0960450231,915155,1
5460,2730,shipping,Hùng,Hồ,45 Đinh Tiên Hoàng,TP HCM,VN,0925466962,161887,1
5461,2731,billing,Nga,Hoàng,22 Trần Hưng Đạo,Khánh Hòa,VN,0977348991,230546,1
5462,2731,shipping,Nga,Hoàng,78 Lê Lợi,Khánh Hòa,VN,0951713223,970811,1
5463,2732,billing,Trang,Phan,78 Lê Lợi,TP HCM,VN,0999421442,399980,1
5464,2732,shipping,Trang,Phan,78 Lê Lợi,TP HCM,VN,0945660218,795597,1
5465,2733,billing,Lan,Đặng,78 Lê Lợi,TP HCM,VN,0998458787,249772,1
5466,2733,shipping,Lan,Đặng,45 Đinh Tiên Hoàng,TP HCM,VN,0969142294,962360,1
5467,2734,billing,Long,Phạm,22 Trần Hưng Đạo,TP HCM,VN,0951047981,510301,1
5468,2734,shipping,Long,Phạm,99 Hai Bà Trưng,TP HCM,VN,0940473365,211733,1
5469,2735,billing,Lan,Bùi,99 Hai Bà Trưng,Hà Nội,VN,0989318476,619766,1
5470,2735,shipping,Lan,Bùi,123 Nguyễn Huệ,Hà Nội,VN,0928960073,466377,1
5471,2736,billing,Khánh,Đặng,123 Nguyễn Huệ,Đà Nẵng,VN,0962705299,967444,1
5472,2736,shipping,Khánh,Đặng,78 Lê Lợi,Đà Nẵng,VN,0967122318,465133,1
5473,2737,billing,Lan,Phạm,45 Đinh Tiên Hoàng,Quảng Ninh,VN,0950622411,947539,1
5474,2737,shipping,Lan,Phạm,78 Lê Lợi,Quảng Ninh,VN,0945254689,146552,1
5475,2738,billing,Trung,Đỗ,99 Hai Bà Trưng,Hà Nội,VN,0930363336,923930,1
5476,2738,shipping,Trung,Đỗ,45 Đinh Tiên Hoàng,Hà Nội,VN,0911484889,223029,1
5477,2739,billing,Linh,Phạm,45 Đinh Tiên Hoàng,Khánh Hòa,VN,0932102215,838243,1
5478,2739,shipping,Linh,Phạm,22 Trần Hưng Đạo,Khánh Hòa,VN,0911713670,625824,1
5479,2740,billing,Bình,Nguyễn,99 Hai Bà Trưng,Hải Phòng,VN,0995189182,326118,1
5480,2740,shipping,Bình,Nguyễn,123 Nguyễn Huệ,Hải Phòng,VN,0916138389,568344,1
5481,2741,billing,Tuấn,Trần,123 Nguyễn Huệ,Hà Nội,VN,0948757970,255567,1
5482,2741,shipping,Tuấn,Trần,78 Lê Lợi,Hà Nội,VN,0951066159,914089,1
5483,2742,billing,Khánh,Dương,22 Trần Hưng Đạo,Khánh Hòa,VN,0962653798,202748,1
5484,2742,shipping,Khánh,Dương,22 Trần Hưng Đạo,Khánh Hòa,VN,0972487128,122743,1
5485,2743,billing,Long,Phan,78 Lê Lợi,Đà Nẵng,VN,0952913429,658860,1
5486,2743,shipping,Long,Phan,22 Trần Hưng Đạo,Đà Nẵng,VN,0959674633,752376,1
5487,2744,billing,Hải,Ngô,45 Đinh Tiên Hoàng,Hà Nội,VN,0944547131,762013,1
5488,2744,shipping,Hải,Ngô,78 Lê Lợi,Hà Nội,VN,0961841012,156584,1
5489,2745,billing,Quang,Lê,45 Đinh Tiên Hoàng,Bình Dương,VN,0964020478,129808,1
5490,2745,shipping,Quang,Lê,99 Hai Bà Trưng,Bình Dương,VN,0937706616,107893,1
5491,2746,billing,Hằng,Hồ,78 Lê Lợi,TP HCM,VN,0980690567,275708,1
5492,2746,shipping,Hằng,Hồ,123 Nguyễn Huệ,TP HCM,VN,0935866264,313956,1
5493,2747,billing,Trang,Hoàng,78 Lê Lợi,TP HCM,VN,0973679321,104669,1
5494,2747,shipping,Trang,Hoàng,99 Hai Bà Trưng,TP HCM,VN,0947961057,601553,1
5495,2748,billing,Minh,Ngô,78 Lê Lợi,TP HCM,VN,0985164445,896760,1
5496,2748,shipping,Minh,Ngô,45 Đinh Tiên Hoàng,TP HCM,VN,0950736010,695847,1
5497,2749,billing,Nga,Phan,123 Nguyễn Huệ,TP HCM,VN,0978315646,681677,1
5498,2749,shipping,Nga,Phan,22 Trần Hưng Đạo,TP HCM,VN,0944320441,860398,1
5499,2750,billing,Khánh,Dương,22 Trần Hưng Đạo,TP HCM,VN,0947011996,918433,1
5500,2750,shipping,Khánh,Dương,22 Trần Hưng Đạo,TP HCM,VN,0945698670,961209,1
5501,2751,billing,Phương,Phan,99 Hai Bà Trưng,TP HCM,VN,0933189059,556467,1
5502,2751,shipping,Phương,Phan,22 Trần Hưng Đạo,TP HCM,VN,0924896273,772489,1
5503,2752,billing,Bình,Đỗ,45 Đinh Tiên Hoàng,Hà Nội,VN,0934053694,754784,1
5504,2752,shipping,Bình,Đỗ,123 Nguyễn Huệ,Hà Nội,VN,0980535664,705123,1
5505,2753,billing,Trang,Ngô,99 Hai Bà Trưng,TP HCM,VN,0944873408,224681,1
5506,2753,shipping,Trang,Ngô,78 Lê Lợi,TP HCM,VN,0973999064,179464,1
5507,2754,billing,Hà,Hồ,99 Hai Bà Trưng,Hà Nội,VN,0939672658,421739,1
5508,2754,shipping,Hà,Hồ,45 Đinh Tiên Hoàng,Hà Nội,VN,0950930804,193544,1
5509,2755,billing,Thảo,Vũ,123 Nguyễn Huệ,Hải Phòng,VN,0916093245,922462,1
5510,2755,shipping,Thảo,Vũ,78 Lê Lợi,Hải Phòng,VN,0983715972,656960,1
5511,2756,billing,Hải,Hoàng,99 Hai Bà Trưng,TP HCM,VN,0981897954,286326,1
5512,2756,shipping,Hải,Hoàng,99 Hai Bà Trưng,TP HCM,VN,0983978757,922814,1
5513,2757,billing,Ngọc,Phạm,22 Trần Hưng Đạo,TP HCM,VN,0928957222,371772,1
5514,2757,shipping,Ngọc,Phạm,99 Hai Bà Trưng,TP HCM,VN,0912360869,965087,1
5515,2758,billing,Việt,Phan,22 Trần Hưng Đạo,TP HCM,VN,0999566241,462961,1
5516,2758,shipping,Việt,Phan,22 Trần Hưng Đạo,TP HCM,VN,0998738289,527271,1
5517,2759,billing,Lan,Trần,22 Trần Hưng Đạo,Đà Nẵng,VN,0964717502,676397,1
5518,2759,shipping,Lan,Trần,78 Lê Lợi,Đà Nẵng,VN,0913521388,696734,1
5519,2760,billing,Ánh,Trần,45 Đinh Tiên Hoàng,TP HCM,VN,0982680353,115432,1
5520,2760,shipping,Ánh,Trần,123 Nguyễn Huệ,TP HCM,VN,0934344312,553819,1
5521,2761,billing,Phương,Bùi,22 Trần Hưng Đạo,TP HCM,VN,0912042543,885079,1
5522,2761,shipping,Phương,Bùi,123 Nguyễn Huệ,TP HCM,VN,0977817925,321626,1
5523,2762,billing,Đức,Phan,78 Lê Lợi,Hà Nội,VN,0950665556,162021,1
5524,2762,shipping,Đức,Phan,99 Hai Bà Trưng,Hà Nội,VN,0937050466,269819,1
5525,2763,billing,Phương,Đặng,78 Lê Lợi,Hà Nội,VN,0919322206,397563,1
5526,2763,shipping,Phương,Đặng,78 Lê Lợi,Hà Nội,VN,0997371323,843595,1
5527,2764,billing,Thành,Bùi,123 Nguyễn Huệ,TP HCM,VN,0928061779,159732,1
5528,2764,shipping,Thành,Bùi,99 Hai Bà Trưng,TP HCM,VN,0914081691,804768,1
5529,2765,billing,Lan,Ngô,78 Lê Lợi,Hà Nội,VN,0947860686,290250,1
5530,2765,shipping,Lan,Ngô,78 Lê Lợi,Hà Nội,VN,0941907008,218930,1
5531,2766,billing,Long,Hoàng,123 Nguyễn Huệ,Hà Nội,VN,0971462800,163459,1
5532,2766,shipping,Long,Hoàng,123 Nguyễn Huệ,Hà Nội,VN,0945304966,862953,1
5533,2767,billing,Ánh,Dương,123 Nguyễn Huệ,TP HCM,VN,0927584682,782869,1
5534,2767,shipping,Ánh,Dương,22 Trần Hưng Đạo,TP HCM,VN,0977912003,127360,1
5535,2768,billing,Thu,Bùi,99 Hai Bà Trưng,Hà Nội,VN,0974091339,269222,1
5536,2768,shipping,Thu,Bùi,99 Hai Bà Trưng,Hà Nội,VN,0923469448,136169,1
5537,2769,billing,Việt,Phan,99 Hai Bà Trưng,TP HCM,VN,0917238793,914008,1
5538,2769,shipping,Việt,Phan,22 Trần Hưng Đạo,TP HCM,VN,0934156559,102166,1
5539,2770,billing,Việt,Đỗ,45 Đinh Tiên Hoàng,Hà Nội,VN,0931090856,599834,1
5540,2770,shipping,Việt,Đỗ,45 Đinh Tiên Hoàng,Hà Nội,VN,0916774344,557194,1
5541,2771,billing,Việt,Đỗ,45 Đinh Tiên Hoàng,Hà Nội,VN,0943863359,911680,1
5542,2771,shipping,Việt,Đỗ,78 Lê Lợi,Hà Nội,VN,0942721192,547074,1
5543,2772,billing,Bình,Phạm,45 Đinh Tiên Hoàng,Hà Nội,VN,0986193470,712426,1
5544,2772,shipping,Bình,Phạm,123 Nguyễn Huệ,Hà Nội,VN,0935530167,877247,1
5545,2773,billing,Trang,Hoàng,99 Hai Bà Trưng,TP HCM,VN,0949599138,667556,1
5546,2773,shipping,Trang,Hoàng,123 Nguyễn Huệ,TP HCM,VN,0923058341,790925,1
5547,2774,billing,Hằng,Hồ,123 Nguyễn Huệ,Hải Phòng,VN,0931178944,702185,1
5548,2774,shipping,Hằng,Hồ,22 Trần Hưng Đạo,Hải Phòng,VN,0966657802,365341,1
5549,2775,billing,Khánh,Hồ,123 Nguyễn Huệ,TP HCM,VN,0972432923,235605,1
5550,2775,shipping,Khánh,Hồ,123 Nguyễn Huệ,TP HCM,VN,0997440102,454391,1
5551,2776,billing,Hùng,Vũ,123 Nguyễn Huệ,Khánh Hòa,VN,0954482526,660885,1
5552,2776,shipping,Hùng,Vũ,78 Lê Lợi,Khánh Hòa,VN,0940780033,324342,1
5553,2777,billing,Bình,Vũ,123 Nguyễn Huệ,TP HCM,VN,0952602135,400775,1
5554,2777,shipping,Bình,Vũ,123 Nguyễn Huệ,TP HCM,VN,0986124569,365584,1
5555,2778,billing,Hải,Bùi,78 Lê Lợi,Hải Phòng,VN,0964788284,675533,1
5556,2778,shipping,Hải,Bùi,99 Hai Bà Trưng,Hải Phòng,VN,0921244539,306719,1
5557,2779,billing,Tuấn,Phạm,123 Nguyễn Huệ,Đà Nẵng,VN,0923791122,108862,1
5558,2779,shipping,Tuấn,Phạm,123 Nguyễn Huệ,Đà Nẵng,VN,0980468635,334745,1
5559,2780,billing,Trang,Ngô,123 Nguyễn Huệ,Đà Nẵng,VN,0981003951,540107,1
5560,2780,shipping,Trang,Ngô,99 Hai Bà Trưng,Đà Nẵng,VN,0990378827,800388,1
5561,2781,billing,Minh,Nguyễn,99 Hai Bà Trưng,Hà Nội,VN,0917411545,347567,1
5562,2781,shipping,Minh,Nguyễn,22 Trần Hưng Đạo,Hà Nội,VN,0937329080,767845,1
5563,2782,billing,Phương,Đỗ,22 Trần Hưng Đạo,TP HCM,VN,0913737571,327730,1
5564,2782,shipping,Phương,Đỗ,22 Trần Hưng Đạo,TP HCM,VN,0922081549,550692,1
5565,2783,billing,Hải,Phạm,45 Đinh Tiên Hoàng,Hà Nội,VN,0929006982,341382,1
5566,2783,shipping,Hải,Phạm,78 Lê Lợi,Hà Nội,VN,0987409722,357623,1
5567,2784,billing,Minh,Trần,22 Trần Hưng Đạo,Đồng Nai,VN,0962738666,263429,1
5568,2784,shipping,Minh,Trần,99 Hai Bà Trưng,Đồng Nai,VN,0937796076,698055,1
5569,2785,billing,Đức,Đặng,99 Hai Bà Trưng,Hà Nội,VN,0993889830,676307,1
5570,2785,shipping,Đức,Đặng,22 Trần Hưng Đạo,Hà Nội,VN,0945764365,109875,1
5571,2786,billing,Hằng,Phan,99 Hai Bà Trưng,Hà Nội,VN,0912715756,235154,1
5572,2786,shipping,Hằng,Phan,123 Nguyễn Huệ,Hà Nội,VN,0978244169,997078,1
5573,2787,billing,Hải,Đặng,78 Lê Lợi,TP HCM,VN,0997524585,284392,1
5574,2787,shipping,Hải,Đặng,78 Lê Lợi,TP HCM,VN,0949679562,430486,1
5575,2788,billing,Khánh,Đặng,22 Trần Hưng Đạo,Hà Nội,VN,0980854588,407604,1
5576,2788,shipping,Khánh,Đặng,22 Trần Hưng Đạo,Hà Nội,VN,0989713606,729511,1
5577,2789,billing,Hùng,Đặng,123 Nguyễn Huệ,Quảng Ninh,VN,0974622961,270045,1
5578,2789,shipping,Hùng,Đặng,22 Trần Hưng Đạo,Quảng Ninh,VN,0979324573,839429,1
5579,2790,billing,Việt,Phan,123 Nguyễn Huệ,TP HCM,VN,0933882175,916515,1
5580,2790,shipping,Việt,Phan,22 Trần Hưng Đạo,TP HCM,VN,0932038433,364702,1
5581,2791,billing,Nga,Ngô,123 Nguyễn Huệ,Bình Dương,VN,0988173329,650490,1
5582,2791,shipping,Nga,Ngô,22 Trần Hưng Đạo,Bình Dương,VN,0959372095,496058,1
5583,2792,billing,Minh,Phạm,45 Đinh Tiên Hoàng,Hà Nội,VN,0930507490,455918,1
5584,2792,shipping,Minh,Phạm,22 Trần Hưng Đạo,Hà Nội,VN,0973571810,969749,1
5585,2793,billing,Hùng,Hoàng,45 Đinh Tiên Hoàng,TP HCM,VN,0951026425,245153,1
5586,2793,shipping,Hùng,Hoàng,123 Nguyễn Huệ,TP HCM,VN,0946394602,263164,1
5587,2794,billing,Nga,Dương,22 Trần Hưng Đạo,Hà Nội,VN,0974019700,620230,1
5588,2794,shipping,Nga,Dương,78 Lê Lợi,Hà Nội,VN,0980607828,793419,1
5589,2795,billing,Trang,Đặng,22 Trần Hưng Đạo,Hà Nội,VN,0923783801,898200,1
5590,2795,shipping,Trang,Đặng,123 Nguyễn Huệ,Hà Nội,VN,0998952394,127522,1
5591,2796,billing,Ánh,Hồ,78 Lê Lợi,Hà Nội,VN,0974461670,562402,1
5592,2796,shipping,Ánh,Hồ,45 Đinh Tiên Hoàng,Hà Nội,VN,0912551982,860221,1
5593,2797,billing,Ánh,Bùi,99 Hai Bà Trưng,Bình Dương,VN,0996070079,484054,1
5594,2797,shipping,Ánh,Bùi,99 Hai Bà Trưng,Bình Dương,VN,0932043319,381185,1
5595,2798,billing,Hoa,Bùi,45 Đinh Tiên Hoàng,TP HCM,VN,0916110556,430027,1
5596,2798,shipping,Hoa,Bùi,78 Lê Lợi,TP HCM,VN,0977536686,184735,1
5597,2799,billing,Khánh,Dương,99 Hai Bà Trưng,Quảng Ninh,VN,0962545526,302035,1
5598,2799,shipping,Khánh,Dương,99 Hai Bà Trưng,Quảng Ninh,VN,0927410719,491817,1
5599,2800,billing,Đức,Đỗ,78 Lê Lợi,Hà Nội,VN,0936923826,514686,1
5600,2800,shipping,Đức,Đỗ,78 Lê Lợi,Hà Nội,VN,0986459261,603546,1
5601,2801,billing,Trang,Lê,78 Lê Lợi,TP HCM,VN,0925014486,105279,1
5602,2801,shipping,Trang,Lê,22 Trần Hưng Đạo,TP HCM,VN,0959440966,505847,1
5603,2802,billing,Hà,Lê,45 Đinh Tiên Hoàng,TP HCM,VN,0963190029,741841,1
5604,2802,shipping,Hà,Lê,45 Đinh Tiên Hoàng,TP HCM,VN,0927545285,506202,1
5605,2803,billing,Việt,Nguyễn,99 Hai Bà Trưng,Quảng Ninh,VN,0951697394,261914,1
5606,2803,shipping,Việt,Nguyễn,123 Nguyễn Huệ,Quảng Ninh,VN,0989764703,989388,1
5607,2804,billing,Trung,Nguyễn,45 Đinh Tiên Hoàng,TP HCM,VN,0933653710,941835,1
5608,2804,shipping,Trung,Nguyễn,123 Nguyễn Huệ,TP HCM,VN,0940708893,548896,1
5609,2805,billing,Hà,Nguyễn,123 Nguyễn Huệ,Quảng Ninh,VN,0955250311,599132,1
5610,2805,shipping,Hà,Nguyễn,99 Hai Bà Trưng,Quảng Ninh,VN,0970979593,741262,1
5611,2806,billing,Hà,Đặng,45 Đinh Tiên Hoàng,Hải Phòng,VN,0974247872,151666,1
5612,2806,shipping,Hà,Đặng,45 Đinh Tiên Hoàng,Hải Phòng,VN,0941122863,619305,1
5613,2807,billing,Hải,Đỗ,45 Đinh Tiên Hoàng,TP HCM,VN,0993805627,443281,1
5614,2807,shipping,Hải,Đỗ,45 Đinh Tiên Hoàng,TP HCM,VN,0945174886,969588,1
5615,2808,billing,Nga,Hồ,45 Đinh Tiên Hoàng,TP HCM,VN,0931561596,250300,1
5616,2808,shipping,Nga,Hồ,123 Nguyễn Huệ,TP HCM,VN,0944790127,590319,1
5617,2809,billing,Quang,Phan,22 Trần Hưng Đạo,Bình Dương,VN,0939617336,740936,1
5618,2809,shipping,Quang,Phan,78 Lê Lợi,Bình Dương,VN,0947341624,490822,1
5619,2810,billing,Minh,Nguyễn,22 Trần Hưng Đạo,TP HCM,VN,0930031413,952543,1
5620,2810,shipping,Minh,Nguyễn,99 Hai Bà Trưng,TP HCM,VN,0931249162,506902,1
5621,2811,billing,Khánh,Đặng,123 Nguyễn Huệ,Hà Nội,VN,0978149099,531015,1
5622,2811,shipping,Khánh,Đặng,22 Trần Hưng Đạo,Hà Nội,VN,0988497480,523901,1
5623,2812,billing,Linh,Hoàng,22 Trần Hưng Đạo,TP HCM,VN,0993701573,278639,1
5624,2812,shipping,Linh,Hoàng,22 Trần Hưng Đạo,TP HCM,VN,0927348602,460857,1
5625,2813,billing,Khánh,Nguyễn,99 Hai Bà Trưng,Đồng Nai,VN,0985889403,994875,1
5626,2813,shipping,Khánh,Nguyễn,99 Hai Bà Trưng,Đồng Nai,VN,0948035277,731326,1
5627,2814,billing,Linh,Đỗ,99 Hai Bà Trưng,TP HCM,VN,0961032310,103767,1
5628,2814,shipping,Linh,Đỗ,123 Nguyễn Huệ,TP HCM,VN,0977090076,597600,1
5629,2815,billing,Quang,Hồ,78 Lê Lợi,TP HCM,VN,0997974211,891708,1
5630,2815,shipping,Quang,Hồ,78 Lê Lợi,TP HCM,VN,0968373360,257687,1
5631,2816,billing,Tuấn,Ngô,45 Đinh Tiên Hoàng,Hà Nội,VN,0926629789,835211,1
5632,2816,shipping,Tuấn,Ngô,22 Trần Hưng Đạo,Hà Nội,VN,0919497216,410284,1
5633,2817,billing,Quang,Lê,22 Trần Hưng Đạo,Hà Nội,VN,0976695481,375435,1
5634,2817,shipping,Quang,Lê,123 Nguyễn Huệ,Hà Nội,VN,0982480237,667034,1
5635,2818,billing,Hằng,Bùi,123 Nguyễn Huệ,Đồng Nai,VN,0952084587,130890,1
5636,2818,shipping,Hằng,Bùi,78 Lê Lợi,Đồng Nai,VN,0981273415,308084,1
5637,2819,billing,Trang,Đặng,99 Hai Bà Trưng,Đà Nẵng,VN,0990707264,226228,1
5638,2819,shipping,Trang,Đặng,78 Lê Lợi,Đà Nẵng,VN,0964354456,266073,1
5639,2820,billing,Ánh,Hoàng,123 Nguyễn Huệ,Hà Nội,VN,0997930543,634208,1
5640,2820,shipping,Ánh,Hoàng,99 Hai Bà Trưng,Hà Nội,VN,0948569678,203177,1
5641,2821,billing,Bình,Lê,22 Trần Hưng Đạo,Hà Nội,VN,0986184574,466393,1
5642,2821,shipping,Bình,Lê,22 Trần Hưng Đạo,Hà Nội,VN,0959788806,649711,1
5643,2822,billing,Mai,Vũ,123 Nguyễn Huệ,Hà Nội,VN,0995861627,208011,1
5644,2822,shipping,Mai,Vũ,99 Hai Bà Trưng,Hà Nội,VN,0963327692,332891,1
5645,2823,billing,Phương,Vũ,22 Trần Hưng Đạo,Hà Nội,VN,0990961756,791581,1
5646,2823,shipping,Phương,Vũ,123 Nguyễn Huệ,Hà Nội,VN,0971579226,517435,1
5647,2824,billing,Tuấn,Hoàng,22 Trần Hưng Đạo,Đà Nẵng,VN,0996187441,694815,1
5648,2824,shipping,Tuấn,Hoàng,99 Hai Bà Trưng,Đà Nẵng,VN,0936609297,798603,1
5649,2825,billing,Việt,Bùi,22 Trần Hưng Đạo,TP HCM,VN,0924828968,910275,1
5650,2825,shipping,Việt,Bùi,22 Trần Hưng Đạo,TP HCM,VN,0936987466,254296,1
5651,2826,billing,Linh,Phan,22 Trần Hưng Đạo,Hải Phòng,VN,0923591279,417437,1
5652,2826,shipping,Linh,Phan,78 Lê Lợi,Hải Phòng,VN,0982618673,925291,1
5653,2827,billing,Hải,Đặng,45 Đinh Tiên Hoàng,Hà Nội,VN,0986290553,952900,1
5654,2827,shipping,Hải,Đặng,123 Nguyễn Huệ,Hà Nội,VN,0982556746,796129,1
5655,2828,billing,Thảo,Phan,22 Trần Hưng Đạo,Quảng Ninh,VN,0941168570,259170,1
5656,2828,shipping,Thảo,Phan,78 Lê Lợi,Quảng Ninh,VN,0919609403,382336,1
5657,2829,billing,Ánh,Lê,78 Lê Lợi,TP HCM,VN,0948259065,537740,1
5658,2829,shipping,Ánh,Lê,123 Nguyễn Huệ,TP HCM,VN,0967627224,799860,1
5659,2830,billing,Lan,Vũ,123 Nguyễn Huệ,Hải Phòng,VN,0972557996,919496,1
5660,2830,shipping,Lan,Vũ,22 Trần Hưng Đạo,Hải Phòng,VN,0945598439,773481,1
5661,2831,billing,Trung,Đặng,99 Hai Bà Trưng,Hà Nội,VN,0913340428,332262,1
5662,2831,shipping,Trung,Đặng,22 Trần Hưng Đạo,Hà Nội,VN,0986031232,956358,1
5663,2832,billing,Anh,Hoàng,123 Nguyễn Huệ,TP HCM,VN,0979432256,737371,1
5664,2832,shipping,Anh,Hoàng,78 Lê Lợi,TP HCM,VN,0950691109,729204,1
5665,2833,billing,Hải,Ngô,99 Hai Bà Trưng,Hà Nội,VN,0976475481,138988,1
5666,2833,shipping,Hải,Ngô,22 Trần Hưng Đạo,Hà Nội,VN,0913427198,424413,1
5667,2834,billing,Hoa,Dương,78 Lê Lợi,Đồng Nai,VN,0947019071,685810,1
5668,2834,shipping,Hoa,Dương,45 Đinh Tiên Hoàng,Đồng Nai,VN,0926451186,346632,1
5669,2835,billing,Mai,Bùi,78 Lê Lợi,Đà Nẵng,VN,0999592722,396638,1
5670,2835,shipping,Mai,Bùi,99 Hai Bà Trưng,Đà Nẵng,VN,0973833714,918281,1
5671,2836,billing,Trung,Lê,78 Lê Lợi,TP HCM,VN,0985704351,842202,1
5672,2836,shipping,Trung,Lê,99 Hai Bà Trưng,TP HCM,VN,0935647348,490653,1
5673,2837,billing,Linh,Đỗ,45 Đinh Tiên Hoàng,Hà Nội,VN,0977157508,422585,1
5674,2837,shipping,Linh,Đỗ,99 Hai Bà Trưng,Hà Nội,VN,0966353502,894938,1
5675,2838,billing,Mai,Nguyễn,123 Nguyễn Huệ,TP HCM,VN,0933377425,907203,1
5676,2838,shipping,Mai,Nguyễn,78 Lê Lợi,TP HCM,VN,0954000575,457736,1
5677,2839,billing,Phương,Phan,99 Hai Bà Trưng,TP HCM,VN,0934004297,295317,1
5678,2839,shipping,Phương,Phan,123 Nguyễn Huệ,TP HCM,VN,0950406026,518116,1
5679,2840,billing,Hoa,Đỗ,45 Đinh Tiên Hoàng,Hà Nội,VN,0996143249,893397,1
5680,2840,shipping,Hoa,Đỗ,45 Đinh Tiên Hoàng,Hà Nội,VN,0981967615,592289,1
5681,2841,billing,Đức,Trần,99 Hai Bà Trưng,TP HCM,VN,0926555620,178389,1
5682,2841,shipping,Đức,Trần,22 Trần Hưng Đạo,TP HCM,VN,0927432053,439546,1
5683,2842,billing,Thành,Lê,99 Hai Bà Trưng,Khánh Hòa,VN,0982701890,779536,1
5684,2842,shipping,Thành,Lê,45 Đinh Tiên Hoàng,Khánh Hòa,VN,0997403099,901445,1
5685,2843,billing,Linh,Hồ,99 Hai Bà Trưng,Hà Nội,VN,0923869513,328955,1
5686,2843,shipping,Linh,Hồ,78 Lê Lợi,Hà Nội,VN,0917701404,629263,1
5687,2844,billing,Quang,Đặng,45 Đinh Tiên Hoàng,Hà Nội,VN,0931022624,772615,1
5688,2844,shipping,Quang,Đặng,45 Đinh Tiên Hoàng,Hà Nội,VN,0929615406,338951,1
5689,2845,billing,Thảo,Đặng,78 Lê Lợi,Quảng Ninh,VN,0989378157,182810,1
5690,2845,shipping,Thảo,Đặng,22 Trần Hưng Đạo,Quảng Ninh,VN,0995355368,504569,1
5691,2846,billing,Thảo,Dương,123 Nguyễn Huệ,Hà Nội,VN,0917346088,589637,1
5692,2846,shipping,Thảo,Dương,78 Lê Lợi,Hà Nội,VN,0961400089,403543,1
5693,2847,billing,Ngọc,Hoàng,78 Lê Lợi,Hải Phòng,VN,0938335059,743483,1
5694,2847,shipping,Ngọc,Hoàng,99 Hai Bà Trưng,Hải Phòng,VN,0928635550,110893,1
5695,2848,billing,Bình,Lê,22 Trần Hưng Đạo,Đà Nẵng,VN,0926368055,934544,1
5696,2848,shipping,Bình,Lê,123 Nguyễn Huệ,Đà Nẵng,VN,0917488338,381956,1
5697,2849,billing,Hùng,Hồ,99 Hai Bà Trưng,Hải Phòng,VN,0964429428,437799,1
5698,2849,shipping,Hùng,Hồ,22 Trần Hưng Đạo,Hải Phòng,VN,0981888319,287715,1
5699,2850,billing,Hằng,Hồ,99 Hai Bà Trưng,TP HCM,VN,0952195533,578618,1
5700,2850,shipping,Hằng,Hồ,99 Hai Bà Trưng,TP HCM,VN,0975282191,602628,1
5701,2851,billing,Yến,Trần,78 Lê Lợi,TP HCM,VN,0953791758,107204,1
5702,2851,shipping,Yến,Trần,22 Trần Hưng Đạo,TP HCM,VN,0924102817,639682,1
5703,2852,billing,Long,Phạm,123 Nguyễn Huệ,Đà Nẵng,VN,0912058671,286396,1
5704,2852,shipping,Long,Phạm,78 Lê Lợi,Đà Nẵng,VN,0955844263,779292,1
5705,2853,billing,Ánh,Hoàng,123 Nguyễn Huệ,Hà Nội,VN,0982783791,414665,1
5706,2853,shipping,Ánh,Hoàng,45 Đinh Tiên Hoàng,Hà Nội,VN,0931967647,307615,1
5707,2854,billing,Hải,Đỗ,78 Lê Lợi,TP HCM,VN,0946519755,707129,1
5708,2854,shipping,Hải,Đỗ,22 Trần Hưng Đạo,TP HCM,VN,0931038031,614657,1
5709,2855,billing,Nga,Phan,78 Lê Lợi,Hà Nội,VN,0996465773,485536,1
5710,2855,shipping,Nga,Phan,78 Lê Lợi,Hà Nội,VN,0967676140,575002,1
5711,2856,billing,Đức,Vũ,123 Nguyễn Huệ,Hà Nội,VN,0974884204,941296,1
5712,2856,shipping,Đức,Vũ,123 Nguyễn Huệ,Hà Nội,VN,0988740159,188449,1
5713,2857,billing,Linh,Hồ,22 Trần Hưng Đạo,Hà Nội,VN,0920206954,605566,1
5714,2857,shipping,Linh,Hồ,123 Nguyễn Huệ,Hà Nội,VN,0981542023,949661,1
5715,2858,billing,Mai,Đặng,78 Lê Lợi,Hà Nội,VN,0968456287,131567,1
5716,2858,shipping,Mai,Đặng,99 Hai Bà Trưng,Hà Nội,VN,0949773707,914324,1
5717,2859,billing,Anh,Phạm,78 Lê Lợi,Hà Nội,VN,0963076311,609090,1
5718,2859,shipping,Anh,Phạm,78 Lê Lợi,Hà Nội,VN,0984660945,120920,1
5719,2860,billing,Hoa,Trần,99 Hai Bà Trưng,TP HCM,VN,0951841640,672521,1
5720,2860,shipping,Hoa,Trần,45 Đinh Tiên Hoàng,TP HCM,VN,0913100710,169404,1
5721,2861,billing,Minh,Trần,45 Đinh Tiên Hoàng,Hà Nội,VN,0936925970,727094,1
5722,2861,shipping,Minh,Trần,78 Lê Lợi,Hà Nội,VN,0986891858,143108,1
5723,2862,billing,Hùng,Bùi,22 Trần Hưng Đạo,Hà Nội,VN,0955156325,410302,1
5724,2862,shipping,Hùng,Bùi,123 Nguyễn Huệ,Hà Nội,VN,0919825291,686389,1
5725,2863,billing,Tuấn,Bùi,45 Đinh Tiên Hoàng,Hà Nội,VN,0930688886,397598,1
5726,2863,shipping,Tuấn,Bùi,123 Nguyễn Huệ,Hà Nội,VN,0912710073,842756,1
5727,2864,billing,Ánh,Vũ,45 Đinh Tiên Hoàng,TP HCM,VN,0946635216,543212,1
5728,2864,shipping,Ánh,Vũ,78 Lê Lợi,TP HCM,VN,0911361002,496444,1
5729,2865,billing,Ánh,Phạm,45 Đinh Tiên Hoàng,Khánh Hòa,VN,0949155880,742580,1
5730,2865,shipping,Ánh,Phạm,99 Hai Bà Trưng,Khánh Hòa,VN,0995363004,767590,1
5731,2866,billing,Quang,Nguyễn,99 Hai Bà Trưng,Hà Nội,VN,0916936265,780372,1
5732,2866,shipping,Quang,Nguyễn,78 Lê Lợi,Hà Nội,VN,0918565781,737126,1
5733,2867,billing,Đức,Trần,123 Nguyễn Huệ,TP HCM,VN,0928827745,479820,1
5734,2867,shipping,Đức,Trần,123 Nguyễn Huệ,TP HCM,VN,0923403229,695241,1
5735,2868,billing,Đức,Hồ,123 Nguyễn Huệ,TP HCM,VN,0928903846,410129,1
5736,2868,shipping,Đức,Hồ,78 Lê Lợi,TP HCM,VN,0920697974,298075,1
5737,2869,billing,Việt,Dương,22 Trần Hưng Đạo,Đà Nẵng,VN,0920856544,541678,1
5738,2869,shipping,Việt,Dương,22 Trần Hưng Đạo,Đà Nẵng,VN,0928435911,552482,1
5739,2870,billing,Bình,Bùi,99 Hai Bà Trưng,TP HCM,VN,0997720504,600105,1
5740,2870,shipping,Bình,Bùi,22 Trần Hưng Đạo,TP HCM,VN,0934432874,100309,1
5741,2871,billing,Thành,Hoàng,22 Trần Hưng Đạo,Hà Nội,VN,0985245005,931761,1
5742,2871,shipping,Thành,Hoàng,45 Đinh Tiên Hoàng,Hà Nội,VN,0994825662,234468,1
5743,2872,billing,Đức,Ngô,78 Lê Lợi,Hà Nội,VN,0982486699,328359,1
5744,2872,shipping,Đức,Ngô,78 Lê Lợi,Hà Nội,VN,0964860307,947965,1
5745,2873,billing,Anh,Hồ,123 Nguyễn Huệ,TP HCM,VN,0923455620,507254,1
5746,2873,shipping,Anh,Hồ,123 Nguyễn Huệ,TP HCM,VN,0970369159,332491,1
5747,2874,billing,Hằng,Hồ,45 Đinh Tiên Hoàng,Hà Nội,VN,0997010451,637772,1
5748,2874,shipping,Hằng,Hồ,22 Trần Hưng Đạo,Hà Nội,VN,0922144088,692016,1
5749,2875,billing,Hằng,Nguyễn,123 Nguyễn Huệ,TP HCM,VN,0979301992,903392,1
5750,2875,shipping,Hằng,Nguyễn,45 Đinh Tiên Hoàng,TP HCM,VN,0977927596,588501,1
5751,2876,billing,Bình,Phạm,99 Hai Bà Trưng,Hà Nội,VN,0942516502,296732,1
5752,2876,shipping,Bình,Phạm,45 Đinh Tiên Hoàng,Hà Nội,VN,0968562106,635322,1
5753,2877,billing,Hà,Dương,22 Trần Hưng Đạo,TP HCM,VN,0964947799,941453,1
5754,2877,shipping,Hà,Dương,45 Đinh Tiên Hoàng,TP HCM,VN,0970438960,588038,1
5755,2878,billing,Hùng,Dương,45 Đinh Tiên Hoàng,Đà Nẵng,VN,0917767178,517455,1
5756,2878,shipping,Hùng,Dương,123 Nguyễn Huệ,Đà Nẵng,VN,0936050252,515613,1
5757,2879,billing,Tuấn,Dương,123 Nguyễn Huệ,TP HCM,VN,0974846654,690228,1
5758,2879,shipping,Tuấn,Dương,45 Đinh Tiên Hoàng,TP HCM,VN,0979613146,542206,1
5759,2880,billing,Trang,Nguyễn,123 Nguyễn Huệ,TP HCM,VN,0951407097,567962,1
5760,2880,shipping,Trang,Nguyễn,22 Trần Hưng Đạo,TP HCM,VN,0941916793,235378,1
5761,2881,billing,Bình,Hoàng,22 Trần Hưng Đạo,TP HCM,VN,0957097073,288839,1
5762,2881,shipping,Bình,Hoàng,99 Hai Bà Trưng,TP HCM,VN,0994851431,863856,1
5763,2882,billing,Linh,Phạm,99 Hai Bà Trưng,TP HCM,VN,0930790816,909836,1
5764,2882,shipping,Linh,Phạm,123 Nguyễn Huệ,TP HCM,VN,0989652682,462339,1
5765,2883,billing,Anh,Vũ,123 Nguyễn Huệ,Đà Nẵng,VN,0993273988,588197,1
5766,2883,shipping,Anh,Vũ,78 Lê Lợi,Đà Nẵng,VN,0989571567,739135,1
5767,2884,billing,Việt,Hoàng,123 Nguyễn Huệ,TP HCM,VN,0954302884,631458,1
5768,2884,shipping,Việt,Hoàng,123 Nguyễn Huệ,TP HCM,VN,0986149970,684984,1
5769,2885,billing,Hà,Hoàng,22 Trần Hưng Đạo,Hà Nội,VN,0917968711,766965,1
5770,2885,shipping,Hà,Hoàng,22 Trần Hưng Đạo,Hà Nội,VN,0989892399,172409,1
5771,2886,billing,Hải,Hoàng,99 Hai Bà Trưng,Hải Phòng,VN,0922107613,900400,1
5772,2886,shipping,Hải,Hoàng,78 Lê Lợi,Hải Phòng,VN,0980683716,680624,1
5773,2887,billing,Linh,Nguyễn,45 Đinh Tiên Hoàng,Hà Nội,VN,0944088224,475184,1
5774,2887,shipping,Linh,Nguyễn,45 Đinh Tiên Hoàng,Hà Nội,VN,0944951627,976983,1
5775,2888,billing,Quang,Phạm,78 Lê Lợi,Hà Nội,VN,0947182227,527029,1
5776,2888,shipping,Quang,Phạm,22 Trần Hưng Đạo,Hà Nội,VN,0975346919,452275,1
5777,2889,billing,Minh,Đỗ,45 Đinh Tiên Hoàng,Hà Nội,VN,0922435759,115713,1
5778,2889,shipping,Minh,Đỗ,99 Hai Bà Trưng,Hà Nội,VN,0934363830,932074,1
5779,2890,billing,Hoa,Lê,123 Nguyễn Huệ,Hà Nội,VN,0989158952,208169,1
5780,2890,shipping,Hoa,Lê,78 Lê Lợi,Hà Nội,VN,0938815827,926078,1
5781,2891,billing,Ngọc,Phan,99 Hai Bà Trưng,Hà Nội,VN,0996048635,120467,1
5782,2891,shipping,Ngọc,Phan,45 Đinh Tiên Hoàng,Hà Nội,VN,0913389602,657499,1
5783,2892,billing,Khánh,Dương,99 Hai Bà Trưng,TP HCM,VN,0965467484,605571,1
5784,2892,shipping,Khánh,Dương,123 Nguyễn Huệ,TP HCM,VN,0992870817,200844,1
5785,2893,billing,Trang,Lê,99 Hai Bà Trưng,Hà Nội,VN,0924237732,527489,1
5786,2893,shipping,Trang,Lê,123 Nguyễn Huệ,Hà Nội,VN,0989230162,221616,1
5787,2894,billing,Phương,Phan,45 Đinh Tiên Hoàng,Hải Phòng,VN,0962069564,684169,1
5788,2894,shipping,Phương,Phan,99 Hai Bà Trưng,Hải Phòng,VN,0968751036,930783,1
5789,2895,billing,Minh,Phan,78 Lê Lợi,Đà Nẵng,VN,0942306720,710162,1
5790,2895,shipping,Minh,Phan,78 Lê Lợi,Đà Nẵng,VN,0939182362,237942,1
5791,2896,billing,Mai,Phan,45 Đinh Tiên Hoàng,Đà Nẵng,VN,0974889139,126310,1
5792,2896,shipping,Mai,Phan,99 Hai Bà Trưng,Đà Nẵng,VN,0968157867,965691,1
5793,2897,billing,Quang,Hoàng,78 Lê Lợi,Hải Phòng,VN,0977972581,279057,1
5794,2897,shipping,Quang,Hoàng,22 Trần Hưng Đạo,Hải Phòng,VN,0920879063,858699,1
5795,2898,billing,Nga,Dương,45 Đinh Tiên Hoàng,TP HCM,VN,0941782083,533931,1
5796,2898,shipping,Nga,Dương,22 Trần Hưng Đạo,TP HCM,VN,0967825716,952870,1
5797,2899,billing,Minh,Trần,99 Hai Bà Trưng,Hà Nội,VN,0958893724,231026,1
5798,2899,shipping,Minh,Trần,99 Hai Bà Trưng,Hà Nội,VN,0950371551,747295,1
5799,2900,billing,Hà,Đỗ,123 Nguyễn Huệ,Hà Nội,VN,0986982244,959406,1
5800,2900,shipping,Hà,Đỗ,99 Hai Bà Trưng,Hà Nội,VN,0993756484,540586,1
5801,2901,billing,Việt,Hồ,78 Lê Lợi,Đà Nẵng,VN,0995643690,647033,1
5802,2901,shipping,Việt,Hồ,123 Nguyễn Huệ,Đà Nẵng,VN,0992287524,223791,1
5803,2902,billing,Đức,Hoàng,78 Lê Lợi,Khánh Hòa,VN,0990903348,616171,1
5804,2902,shipping,Đức,Hoàng,22 Trần Hưng Đạo,Khánh Hòa,VN,0978954319,184960,1
5805,2903,billing,Phương,Hoàng,78 Lê Lợi,Đà Nẵng,VN,0963137983,490578,1
5806,2903,shipping,Phương,Hoàng,99 Hai Bà Trưng,Đà Nẵng,VN,0992805303,579325,1
5807,2904,billing,Khánh,Đặng,45 Đinh Tiên Hoàng,Đà Nẵng,VN,0971150310,476646,1
5808,2904,shipping,Khánh,Đặng,123 Nguyễn Huệ,Đà Nẵng,VN,0971506729,120568,1
5809,2905,billing,Long,Hồ,123 Nguyễn Huệ,Hà Nội,VN,0974695177,838498,1
5810,2905,shipping,Long,Hồ,99 Hai Bà Trưng,Hà Nội,VN,0933290778,645124,1
5811,2906,billing,Ánh,Dương,123 Nguyễn Huệ,Quảng Ninh,VN,0989064021,863003,1
5812,2906,shipping,Ánh,Dương,22 Trần Hưng Đạo,Quảng Ninh,VN,0954638719,730466,1
5813,2907,billing,Hoa,Bùi,99 Hai Bà Trưng,Khánh Hòa,VN,0927471651,765249,1
5814,2907,shipping,Hoa,Bùi,45 Đinh Tiên Hoàng,Khánh Hòa,VN,0911782962,362340,1
5815,2908,billing,Ánh,Hồ,22 Trần Hưng Đạo,TP HCM,VN,0956127372,880250,1
5816,2908,shipping,Ánh,Hồ,99 Hai Bà Trưng,TP HCM,VN,0977791993,550974,1
5817,2909,billing,Phương,Phạm,45 Đinh Tiên Hoàng,Hà Nội,VN,0987314299,359333,1
5818,2909,shipping,Phương,Phạm,123 Nguyễn Huệ,Hà Nội,VN,0934307814,977216,1
5819,2910,billing,Việt,Vũ,78 Lê Lợi,Hà Nội,VN,0982543139,567811,1
5820,2910,shipping,Việt,Vũ,123 Nguyễn Huệ,Hà Nội,VN,0993479754,594216,1
5821,2911,billing,Đức,Hoàng,45 Đinh Tiên Hoàng,Khánh Hòa,VN,0914714612,905380,1
5822,2911,shipping,Đức,Hoàng,22 Trần Hưng Đạo,Khánh Hòa,VN,0980545626,660046,1
5823,2912,billing,Hoa,Phạm,123 Nguyễn Huệ,TP HCM,VN,0999921078,410037,1
5824,2912,shipping,Hoa,Phạm,22 Trần Hưng Đạo,TP HCM,VN,0990576340,630958,1
5825,2913,billing,Phương,Đặng,78 Lê Lợi,Bình Dương,VN,0935404056,966106,1
5826,2913,shipping,Phương,Đặng,123 Nguyễn Huệ,Bình Dương,VN,0997751089,287570,1
5827,2914,billing,Khánh,Trần,22 Trần Hưng Đạo,TP HCM,VN,0949140035,604361,1
5828,2914,shipping,Khánh,Trần,45 Đinh Tiên Hoàng,TP HCM,VN,0984718663,806036,1
5829,2915,billing,Quang,Lê,22 Trần Hưng Đạo,Hà Nội,VN,0980249744,638214,1
5830,2915,shipping,Quang,Lê,123 Nguyễn Huệ,Hà Nội,VN,0985289282,208579,1
5831,2916,billing,Trung,Bùi,45 Đinh Tiên Hoàng,TP HCM,VN,0964870883,882928,1
5832,2916,shipping,Trung,Bùi,123 Nguyễn Huệ,TP HCM,VN,0979712352,954197,1
5833,2917,billing,Việt,Phan,123 Nguyễn Huệ,Khánh Hòa,VN,0971767184,692488,1
5834,2917,shipping,Việt,Phan,123 Nguyễn Huệ,Khánh Hòa,VN,0916104107,562386,1
5835,2918,billing,Trung,Nguyễn,22 Trần Hưng Đạo,Khánh Hòa,VN,0950068267,643704,1
5836,2918,shipping,Trung,Nguyễn,78 Lê Lợi,Khánh Hòa,VN,0924226871,951489,1
5837,2919,billing,Nga,Hồ,123 Nguyễn Huệ,TP HCM,VN,0920285427,574977,1
5838,2919,shipping,Nga,Hồ,78 Lê Lợi,TP HCM,VN,0924400694,555543,1
5839,2920,billing,Thảo,Nguyễn,22 Trần Hưng Đạo,Hà Nội,VN,0961455371,920891,1
5840,2920,shipping,Thảo,Nguyễn,99 Hai Bà Trưng,Hà Nội,VN,0943203680,407737,1
5841,2921,billing,Yến,Trần,45 Đinh Tiên Hoàng,Hà Nội,VN,0960973675,745487,1
5842,2921,shipping,Yến,Trần,123 Nguyễn Huệ,Hà Nội,VN,0942760906,482502,1
5843,2922,billing,Tuấn,Vũ,99 Hai Bà Trưng,TP HCM,VN,0921340508,179413,1
5844,2922,shipping,Tuấn,Vũ,123 Nguyễn Huệ,TP HCM,VN,0922286180,393897,1
5845,2923,billing,Khánh,Dương,123 Nguyễn Huệ,TP HCM,VN,0953186602,277659,1
5846,2923,shipping,Khánh,Dương,123 Nguyễn Huệ,TP HCM,VN,0940334679,636176,1
5847,2924,billing,Thu,Phan,99 Hai Bà Trưng,TP HCM,VN,0930044860,697372,1
5848,2924,shipping,Thu,Phan,45 Đinh Tiên Hoàng,TP HCM,VN,0965055566,445876,1
5849,2925,billing,Yến,Trần,22 Trần Hưng Đạo,TP HCM,VN,0926224963,521601,1
5850,2925,shipping,Yến,Trần,45 Đinh Tiên Hoàng,TP HCM,VN,0920431024,324256,1
5851,2926,billing,Đức,Đỗ,123 Nguyễn Huệ,TP HCM,VN,0945093954,895313,1
5852,2926,shipping,Đức,Đỗ,78 Lê Lợi,TP HCM,VN,0917628405,397350,1
5853,2927,billing,Thảo,Nguyễn,99 Hai Bà Trưng,TP HCM,VN,0984289407,770924,1
5854,2927,shipping,Thảo,Nguyễn,22 Trần Hưng Đạo,TP HCM,VN,0948965454,511131,1
5855,2928,billing,Trung,Ngô,99 Hai Bà Trưng,Đà Nẵng,VN,0968028442,202424,1
5856,2928,shipping,Trung,Ngô,123 Nguyễn Huệ,Đà Nẵng,VN,0997159637,437379,1
5857,2929,billing,Nga,Lê,99 Hai Bà Trưng,Đồng Nai,VN,0993311362,169566,1
5858,2929,shipping,Nga,Lê,45 Đinh Tiên Hoàng,Đồng Nai,VN,0942654613,615038,1
5859,2930,billing,Yến,Hồ,22 Trần Hưng Đạo,Hải Phòng,VN,0973003961,598154,1
5860,2930,shipping,Yến,Hồ,45 Đinh Tiên Hoàng,Hải Phòng,VN,0976906663,853540,1
5861,2931,billing,Việt,Bùi,123 Nguyễn Huệ,Bình Dương,VN,0953701349,575809,1
5862,2931,shipping,Việt,Bùi,99 Hai Bà Trưng,Bình Dương,VN,0968604193,462580,1
5863,2932,billing,Long,Phạm,78 Lê Lợi,Hải Phòng,VN,0930676420,104562,1
5864,2932,shipping,Long,Phạm,78 Lê Lợi,Hải Phòng,VN,0946169684,683691,1
5865,2933,billing,Yến,Ngô,45 Đinh Tiên Hoàng,TP HCM,VN,0971650341,944826,1
5866,2933,shipping,Yến,Ngô,78 Lê Lợi,TP HCM,VN,0963702580,735778,1
5867,2934,billing,Thu,Nguyễn,123 Nguyễn Huệ,Khánh Hòa,VN,0967045186,892657,1
5868,2934,shipping,Thu,Nguyễn,78 Lê Lợi,Khánh Hòa,VN,0976726733,912156,1
5869,2935,billing,Trang,Trần,22 Trần Hưng Đạo,Quảng Ninh,VN,0943800028,163208,1
5870,2935,shipping,Trang,Trần,78 Lê Lợi,Quảng Ninh,VN,0992795511,100966,1
5871,2936,billing,Trang,Bùi,78 Lê Lợi,TP HCM,VN,0945438500,113707,1
5872,2936,shipping,Trang,Bùi,99 Hai Bà Trưng,TP HCM,VN,0943432879,297666,1
5873,2937,billing,Hằng,Bùi,22 Trần Hưng Đạo,Hà Nội,VN,0988508930,255350,1
5874,2937,shipping,Hằng,Bùi,123 Nguyễn Huệ,Hà Nội,VN,0954612467,980127,1
5875,2938,billing,Hoa,Hồ,45 Đinh Tiên Hoàng,Hà Nội,VN,0964891392,142767,1
5876,2938,shipping,Hoa,Hồ,22 Trần Hưng Đạo,Hà Nội,VN,0950061361,423059,1
5877,2939,billing,Tuấn,Hồ,123 Nguyễn Huệ,Hà Nội,VN,0966847167,246190,1
5878,2939,shipping,Tuấn,Hồ,45 Đinh Tiên Hoàng,Hà Nội,VN,0911472610,303392,1
5879,2940,billing,Hùng,Ngô,78 Lê Lợi,Bình Dương,VN,0960367726,665140,1
5880,2940,shipping,Hùng,Ngô,78 Lê Lợi,Bình Dương,VN,0940831120,969284,1
5881,2941,billing,Ngọc,Đặng,99 Hai Bà Trưng,Hà Nội,VN,0999774441,990622,1
5882,2941,shipping,Ngọc,Đặng,99 Hai Bà Trưng,Hà Nội,VN,0955353974,363945,1
5883,2942,billing,Quang,Phan,22 Trần Hưng Đạo,TP HCM,VN,0969997438,857163,1
5884,2942,shipping,Quang,Phan,123 Nguyễn Huệ,TP HCM,VN,0996510228,503893,1
5885,2943,billing,Hà,Phan,123 Nguyễn Huệ,Đà Nẵng,VN,0945248730,652626,1
5886,2943,shipping,Hà,Phan,123 Nguyễn Huệ,Đà Nẵng,VN,0959295734,591013,1
5887,2944,billing,Khánh,Hồ,45 Đinh Tiên Hoàng,Bình Dương,VN,0953926483,670678,1
5888,2944,shipping,Khánh,Hồ,99 Hai Bà Trưng,Bình Dương,VN,0945134769,377731,1
5889,2945,billing,Trung,Đỗ,78 Lê Lợi,TP HCM,VN,0945547502,683195,1
5890,2945,shipping,Trung,Đỗ,123 Nguyễn Huệ,TP HCM,VN,0926912666,426680,1
5891,2946,billing,Quang,Nguyễn,22 Trần Hưng Đạo,TP HCM,VN,0922644996,803943,1
5892,2946,shipping,Quang,Nguyễn,78 Lê Lợi,TP HCM,VN,0971623620,147358,1
5893,2947,billing,Yến,Hồ,99 Hai Bà Trưng,Hải Phòng,VN,0981584798,237948,1
5894,2947,shipping,Yến,Hồ,22 Trần Hưng Đạo,Hải Phòng,VN,0927680042,695214,1
5895,2948,billing,Lan,Đỗ,123 Nguyễn Huệ,Hà Nội,VN,0980674851,695359,1
5896,2948,shipping,Lan,Đỗ,45 Đinh Tiên Hoàng,Hà Nội,VN,0988927468,131514,1
5897,2949,billing,Hùng,Nguyễn,45 Đinh Tiên Hoàng,Đồng Nai,VN,0926059928,890719,1
5898,2949,shipping,Hùng,Nguyễn,99 Hai Bà Trưng,Đồng Nai,VN,0981964897,211511,1
5899,2950,billing,Thu,Bùi,45 Đinh Tiên Hoàng,TP HCM,VN,0958385379,482302,1
5900,2950,shipping,Thu,Bùi,99 Hai Bà Trưng,TP HCM,VN,0997550608,982322,1
5901,2951,billing,Thảo,Đặng,123 Nguyễn Huệ,TP HCM,VN,0912701972,819055,1
5902,2951,shipping,Thảo,Đặng,45 Đinh Tiên Hoàng,TP HCM,VN,0986297800,158282,1
5903,2952,billing,Linh,Hồ,99 Hai Bà Trưng,TP HCM,VN,0981897718,655124,1
5904,2952,shipping,Linh,Hồ,123 Nguyễn Huệ,TP HCM,VN,0941048482,279059,1
5905,2953,billing,Ánh,Vũ,78 Lê Lợi,Hà Nội,VN,0949643681,273436,1
5906,2953,shipping,Ánh,Vũ,99 Hai Bà Trưng,Hà Nội,VN,0967466190,898661,1
5907,2954,billing,Long,Lê,78 Lê Lợi,Khánh Hòa,VN,0995759961,815134,1
5908,2954,shipping,Long,Lê,78 Lê Lợi,Khánh Hòa,VN,0944332969,739107,1
5909,2955,billing,Yến,Vũ,78 Lê Lợi,Hải Phòng,VN,0974814047,916070,1
5910,2955,shipping,Yến,Vũ,22 Trần Hưng Đạo,Hải Phòng,VN,0998705862,801626,1
5911,2956,billing,Tuấn,Nguyễn,22 Trần Hưng Đạo,Hải Phòng,VN,0998076074,193972,1
5912,2956,shipping,Tuấn,Nguyễn,78 Lê Lợi,Hải Phòng,VN,0934462918,447805,1
5913,2957,billing,Mai,Trần,99 Hai Bà Trưng,Đà Nẵng,VN,0954539985,608853,1
5914,2957,shipping,Mai,Trần,99 Hai Bà Trưng,Đà Nẵng,VN,0942376898,417605,1
5915,2958,billing,Trang,Vũ,22 Trần Hưng Đạo,Hà Nội,VN,0917089230,704370,1
5916,2958,shipping,Trang,Vũ,22 Trần Hưng Đạo,Hà Nội,VN,0956918478,197029,1
5917,2959,billing,Mai,Bùi,45 Đinh Tiên Hoàng,Hà Nội,VN,0944285546,177323,1
5918,2959,shipping,Mai,Bùi,22 Trần Hưng Đạo,Hà Nội,VN,0991409723,423941,1
5919,2960,billing,Hải,Phan,45 Đinh Tiên Hoàng,Hà Nội,VN,0948574689,448394,1
5920,2960,shipping,Hải,Phan,123 Nguyễn Huệ,Hà Nội,VN,0989001978,245992,1
5921,2961,billing,Thảo,Đặng,123 Nguyễn Huệ,Hà Nội,VN,0942162006,164303,1
5922,2961,shipping,Thảo,Đặng,123 Nguyễn Huệ,Hà Nội,VN,0993757954,467431,1
5923,2962,billing,Thảo,Lê,45 Đinh Tiên Hoàng,Hà Nội,VN,0928557682,666121,1
5924,2962,shipping,Thảo,Lê,78 Lê Lợi,Hà Nội,VN,0910090013,866372,1
5925,2963,billing,Hải,Hồ,45 Đinh Tiên Hoàng,Khánh Hòa,VN,0950337810,580733,1
5926,2963,shipping,Hải,Hồ,123 Nguyễn Huệ,Khánh Hòa,VN,0958701833,275423,1
5927,2964,billing,Hoa,Vũ,22 Trần Hưng Đạo,Hà Nội,VN,0960607464,356288,1
5928,2964,shipping,Hoa,Vũ,22 Trần Hưng Đạo,Hà Nội,VN,0960935155,650385,1
5929,2965,billing,Mai,Trần,22 Trần Hưng Đạo,TP HCM,VN,0913300775,714366,1
5930,2965,shipping,Mai,Trần,99 Hai Bà Trưng,TP HCM,VN,0988447808,111271,1
5931,2966,billing,Tuấn,Hoàng,78 Lê Lợi,Đà Nẵng,VN,0957696647,143903,1
5932,2966,shipping,Tuấn,Hoàng,99 Hai Bà Trưng,Đà Nẵng,VN,0936313084,950949,1
5933,2967,billing,Linh,Hồ,99 Hai Bà Trưng,TP HCM,VN,0943736332,967039,1
5934,2967,shipping,Linh,Hồ,22 Trần Hưng Đạo,TP HCM,VN,0934220304,960312,1
5935,2968,billing,Trang,Phạm,123 Nguyễn Huệ,Hải Phòng,VN,0972146422,540978,1
5936,2968,shipping,Trang,Phạm,99 Hai Bà Trưng,Hải Phòng,VN,0958954675,988319,1
5937,2969,billing,Hải,Đặng,45 Đinh Tiên Hoàng,TP HCM,VN,0963489784,668692,1
5938,2969,shipping,Hải,Đặng,99 Hai Bà Trưng,TP HCM,VN,0930256261,295547,1
5939,2970,billing,Tuấn,Hồ,45 Đinh Tiên Hoàng,Hà Nội,VN,0980843594,698218,1
5940,2970,shipping,Tuấn,Hồ,99 Hai Bà Trưng,Hà Nội,VN,0972763775,648064,1
5941,2971,billing,Hằng,Phạm,45 Đinh Tiên Hoàng,Bình Dương,VN,0934334489,982270,1
5942,2971,shipping,Hằng,Phạm,22 Trần Hưng Đạo,Bình Dương,VN,0987716838,603739,1
5943,2972,billing,Thảo,Trần,123 Nguyễn Huệ,Hà Nội,VN,0939669003,923174,1
5944,2972,shipping,Thảo,Trần,22 Trần Hưng Đạo,Hà Nội,VN,0972597496,474192,1
5945,2973,billing,Yến,Ngô,99 Hai Bà Trưng,Hà Nội,VN,0980374407,167296,1
5946,2973,shipping,Yến,Ngô,45 Đinh Tiên Hoàng,Hà Nội,VN,0958884693,280897,1
5947,2974,billing,Đức,Phạm,99 Hai Bà Trưng,Hà Nội,VN,0957125277,749448,1
5948,2974,shipping,Đức,Phạm,123 Nguyễn Huệ,Hà Nội,VN,0974770693,537806,1
5949,2975,billing,Hà,Ngô,78 Lê Lợi,TP HCM,VN,0990091534,896875,1
5950,2975,shipping,Hà,Ngô,78 Lê Lợi,TP HCM,VN,0952533172,692466,1
5951,2976,billing,Thành,Lê,123 Nguyễn Huệ,Khánh Hòa,VN,0917614960,720557,1
5952,2976,shipping,Thành,Lê,78 Lê Lợi,Khánh Hòa,VN,0938762614,706821,1
5953,2977,billing,Ánh,Phan,99 Hai Bà Trưng,Bình Dương,VN,0949445801,773753,1
5954,2977,shipping,Ánh,Phan,99 Hai Bà Trưng,Bình Dương,VN,0974486005,108930,1
5955,2978,billing,Nga,Đặng,78 Lê Lợi,Hà Nội,VN,0973450260,165107,1
5956,2978,shipping,Nga,Đặng,45 Đinh Tiên Hoàng,Hà Nội,VN,0947831528,102071,1
5957,2979,billing,Hà,Ngô,78 Lê Lợi,Đồng Nai,VN,0928048804,818327,1
5958,2979,shipping,Hà,Ngô,99 Hai Bà Trưng,Đồng Nai,VN,0945734784,172489,1
5959,2980,billing,Mai,Lê,99 Hai Bà Trưng,Đà Nẵng,VN,0924913300,945344,1
5960,2980,shipping,Mai,Lê,78 Lê Lợi,Đà Nẵng,VN,0954771397,661928,1
5961,2981,billing,Khánh,Trần,99 Hai Bà Trưng,TP HCM,VN,0933431789,755175,1
5962,2981,shipping,Khánh,Trần,22 Trần Hưng Đạo,TP HCM,VN,0914010873,774619,1
5963,2982,billing,Lan,Vũ,99 Hai Bà Trưng,Hà Nội,VN,0932639280,774282,1
5964,2982,shipping,Lan,Vũ,123 Nguyễn Huệ,Hà Nội,VN,0964599545,919850,1
5965,2983,billing,Đức,Trần,99 Hai Bà Trưng,Hà Nội,VN,0914672359,643786,1
5966,2983,shipping,Đức,Trần,22 Trần Hưng Đạo,Hà Nội,VN,0938595879,509716,1
5967,2984,billing,Đức,Hồ,22 Trần Hưng Đạo,Hà Nội,VN,0931162911,846468,1
5968,2984,shipping,Đức,Hồ,123 Nguyễn Huệ,Hà Nội,VN,0940965791,840405,1
5969,2985,billing,Quang,Dương,123 Nguyễn Huệ,Hà Nội,VN,0940908098,142250,1
5970,2985,shipping,Quang,Dương,22 Trần Hưng Đạo,Hà Nội,VN,0920415298,883652,1
5971,2986,billing,Thành,Đặng,22 Trần Hưng Đạo,Hà Nội,VN,0989844103,473781,1
5972,2986,shipping,Thành,Đặng,45 Đinh Tiên Hoàng,Hà Nội,VN,0919442642,470549,1
5973,2987,billing,Phương,Hồ,22 Trần Hưng Đạo,Hà Nội,VN,0913364425,468218,1
5974,2987,shipping,Phương,Hồ,22 Trần Hưng Đạo,Hà Nội,VN,0987690973,660372,1
5975,2988,billing,Anh,Dương,22 Trần Hưng Đạo,Hà Nội,VN,0940902731,447947,1
5976,2988,shipping,Anh,Dương,45 Đinh Tiên Hoàng,Hà Nội,VN,0964938841,691495,1
5977,2989,billing,Khánh,Đặng,123 Nguyễn Huệ,TP HCM,VN,0985978289,143066,1
5978,2989,shipping,Khánh,Đặng,123 Nguyễn Huệ,TP HCM,VN,0950735715,629075,1
5979,2990,billing,Ánh,Ngô,99 Hai Bà Trưng,TP HCM,VN,0995159344,611509,1
5980,2990,shipping,Ánh,Ngô,78 Lê Lợi,TP HCM,VN,0949803020,628343,1
5981,2991,billing,Hoa,Vũ,78 Lê Lợi,TP HCM,VN,0921192146,214086,1
5982,2991,shipping,Hoa,Vũ,99 Hai Bà Trưng,TP HCM,VN,0986745940,399120,1
5983,2992,billing,Hà,Bùi,22 Trần Hưng Đạo,Đà Nẵng,VN,0954698246,930190,1
5984,2992,shipping,Hà,Bùi,22 Trần Hưng Đạo,Đà Nẵng,VN,0940855753,844903,1
5985,2993,billing,Linh,Dương,45 Đinh Tiên Hoàng,Hà Nội,VN,0979130972,565042,1
5986,2993,shipping,Linh,Dương,99 Hai Bà Trưng,Hà Nội,VN,0940455102,960451,1
5987,2994,billing,Yến,Bùi,45 Đinh Tiên Hoàng,TP HCM,VN,0934532741,336398,1
5988,2994,shipping,Yến,Bùi,78 Lê Lợi,TP HCM,VN,0964387677,745278,1
5989,2995,billing,Quang,Đặng,99 Hai Bà Trưng,Hải Phòng,VN,0922620583,867818,1
5990,2995,shipping,Quang,Đặng,123 Nguyễn Huệ,Hải Phòng,VN,0971035298,209798,1
5991,2996,billing,Minh,Dương,123 Nguyễn Huệ,Đà Nẵng,VN,0976663459,258665,1
5992,2996,shipping,Minh,Dương,22 Trần Hưng Đạo,Đà Nẵng,VN,0943905148,492498,1
5993,2997,billing,Lan,Nguyễn,22 Trần Hưng Đạo,Hà Nội,VN,0934893433,724307,1
5994,2997,shipping,Lan,Nguyễn,45 Đinh Tiên Hoàng,Hà Nội,VN,0922931995,243790,1
5995,2998,billing,Việt,Hoàng,45 Đinh Tiên Hoàng,TP HCM,VN,0921006156,160431,1
5996,2998,shipping,Việt,Hoàng,22 Trần Hưng Đạo,TP HCM,VN,0992867781,410761,1
5997,2999,billing,Lan,Lê,45 Đinh Tiên Hoàng,Hà Nội,VN,0972008702,742681,1
5998,2999,shipping,Lan,Lê,22 Trần Hưng Đạo,Hà Nội,VN,0928751846,559053,1
5999,3000,billing,Trang,Đỗ,123 Nguyễn Huệ,Hà Nội,VN,0943663908,530008,1
6000,3000,shipping,Trang,Đỗ,78 Lê Lợi,Hà Nội,VN,0979812638,612814,1
6001,3001,billing,Long,Hoàng,99 Hai Bà Trưng,Hà Nội,VN,0928780765,581305,1
6002,3001,shipping,Long,Hoàng,99 Hai Bà Trưng,Hà Nội,VN,0969806109,342470,1
6003,3002,billing,Phương,Vũ,78 Lê Lợi,Hà Nội,VN,0982798702,813664,1
6004,3002,shipping,Phương,Vũ,22 Trần Hưng Đạo,Hà Nội,VN,0957773645,832384,1
6005,3003,billing,Minh,Hoàng,99 Hai Bà Trưng,TP HCM,VN,0934210566,319879,1
6006,3003,shipping,Minh,Hoàng,22 Trần Hưng Đạo,TP HCM,VN,0935642123,958154,1
6007,3004,billing,Tuấn,Phạm,123 Nguyễn Huệ,TP HCM,VN,0965836101,237147,1
6008,3004,shipping,Tuấn,Phạm,22 Trần Hưng Đạo,TP HCM,VN,0971071653,575519,1
6009,3005,billing,Khánh,Hồ,99 Hai Bà Trưng,Hà Nội,VN,0990466999,290445,1
6010,3005,shipping,Khánh,Hồ,99 Hai Bà Trưng,Hà Nội,VN,0936279625,689426,1
6011,3006,billing,Trung,Đặng,99 Hai Bà Trưng,Đà Nẵng,VN,0923227845,260810,1
6012,3006,shipping,Trung,Đặng,99 Hai Bà Trưng,Đà Nẵng,VN,0981845463,430735,1
6013,3007,billing,Bình,Vũ,22 Trần Hưng Đạo,Hà Nội,VN,0928676877,351066,1
6014,3007,shipping,Bình,Vũ,123 Nguyễn Huệ,Hà Nội,VN,0921004987,494051,1
6015,3008,billing,Thành,Phạm,78 Lê Lợi,Bình Dương,VN,0967833089,978896,1
6016,3008,shipping,Thành,Phạm,99 Hai Bà Trưng,Bình Dương,VN,0959359474,158160,1
6017,3009,billing,Ánh,Đặng,45 Đinh Tiên Hoàng,Hà Nội,VN,0927389968,963674,1
6018,3009,shipping,Ánh,Đặng,22 Trần Hưng Đạo,Hà Nội,VN,0975325657,691894,1
6019,3010,billing,Ánh,Nguyễn,22 Trần Hưng Đạo,Hà Nội,VN,0994383395,783675,1
6020,3010,shipping,Ánh,Nguyễn,99 Hai Bà Trưng,Hà Nội,VN,0986405650,926867,1
6021,3011,billing,Lan,Đặng,123 Nguyễn Huệ,Hải Phòng,VN,0970373822,694322,1
6022,3011,shipping,Lan,Đặng,123 Nguyễn Huệ,Hải Phòng,VN,0961703085,868437,1
6023,3012,billing,Bình,Hồ,78 Lê Lợi,Hà Nội,VN,0964070883,730877,1
6024,3012,shipping,Bình,Hồ,78 Lê Lợi,Hà Nội,VN,0982166237,607911,1
6025,3013,billing,Bình,Lê,123 Nguyễn Huệ,Hà Nội,VN,0921790150,285760,1
6026,3013,shipping,Bình,Lê,78 Lê Lợi,Hà Nội,VN,0963760900,940751,1
6027,3014,billing,Hùng,Phan,22 Trần Hưng Đạo,Đà Nẵng,VN,0941718737,778125,1
6028,3014,shipping,Hùng,Phan,99 Hai Bà Trưng,Đà Nẵng,VN,0960441681,235631,1
6029,3015,billing,Hải,Nguyễn,22 Trần Hưng Đạo,Hà Nội,VN,0975020288,411906,1
6030,3015,shipping,Hải,Nguyễn,45 Đinh Tiên Hoàng,Hà Nội,VN,0956904452,984508,1
6031,3016,billing,Hoa,Ngô,22 Trần Hưng Đạo,Hà Nội,VN,0968299168,459272,1
6032,3016,shipping,Hoa,Ngô,99 Hai Bà Trưng,Hà Nội,VN,0939715299,695632,1
6033,3017,billing,Việt,Lê,22 Trần Hưng Đạo,Hải Phòng,VN,0930399027,183532,1
6034,3017,shipping,Việt,Lê,99 Hai Bà Trưng,Hải Phòng,VN,0940369117,457668,1
6035,3018,billing,Anh,Bùi,99 Hai Bà Trưng,TP HCM,VN,0929362344,875847,1
6036,3018,shipping,Anh,Bùi,78 Lê Lợi,TP HCM,VN,0987666361,179973,1
6037,3019,billing,Hằng,Đặng,22 Trần Hưng Đạo,TP HCM,VN,0924091235,504881,1
6038,3019,shipping,Hằng,Đặng,123 Nguyễn Huệ,TP HCM,VN,0934989421,959878,1
6039,3020,billing,Quang,Đặng,22 Trần Hưng Đạo,TP HCM,VN,0965829906,646461,1
6040,3020,shipping,Quang,Đặng,123 Nguyễn Huệ,TP HCM,VN,0979306091,236191,1
6041,3021,billing,Hải,Ngô,45 Đinh Tiên Hoàng,Hà Nội,VN,0991832054,281929,1
6042,3021,shipping,Hải,Ngô,78 Lê Lợi,Hà Nội,VN,0957507047,585684,1
6043,3022,billing,Trung,Hồ,22 Trần Hưng Đạo,TP HCM,VN,0950037549,911247,1
6044,3022,shipping,Trung,Hồ,99 Hai Bà Trưng,TP HCM,VN,0932293813,771833,1
6045,3023,billing,Phương,Đỗ,45 Đinh Tiên Hoàng,Hà Nội,VN,0991434448,281214,1
6046,3023,shipping,Phương,Đỗ,123 Nguyễn Huệ,Hà Nội,VN,0961684947,564881,1
6047,3024,billing,Quang,Bùi,99 Hai Bà Trưng,Hà Nội,VN,0943117754,672865,1
6048,3024,shipping,Quang,Bùi,78 Lê Lợi,Hà Nội,VN,0976862349,306419,1
6049,3025,billing,Yến,Đỗ,78 Lê Lợi,Hà Nội,VN,0990767890,784799,1
6050,3025,shipping,Yến,Đỗ,78 Lê Lợi,Hà Nội,VN,0914656587,433445,1
6051,3026,billing,Mai,Vũ,45 Đinh Tiên Hoàng,TP HCM,VN,0985536707,988236,1
6052,3026,shipping,Mai,Vũ,99 Hai Bà Trưng,TP HCM,VN,0998126683,826900,1
6053,3027,billing,Quang,Trần,22 Trần Hưng Đạo,Hà Nội,VN,0954412270,475392,1
6054,3027,shipping,Quang,Trần,78 Lê Lợi,Hà Nội,VN,0925886955,114838,1
6055,3028,billing,Hải,Ngô,22 Trần Hưng Đạo,Quảng Ninh,VN,0922840989,176282,1
6056,3028,shipping,Hải,Ngô,22 Trần Hưng Đạo,Quảng Ninh,VN,0941888019,689552,1
6057,3029,billing,Long,Hoàng,99 Hai Bà Trưng,TP HCM,VN,0948438523,963220,1
6058,3029,shipping,Long,Hoàng,78 Lê Lợi,TP HCM,VN,0987607416,935036,1
6059,3030,billing,Bình,Trần,78 Lê Lợi,Hà Nội,VN,0925589612,357193,1
6060,3030,shipping,Bình,Trần,123 Nguyễn Huệ,Hà Nội,VN,0933747796,401941,1
6061,3031,billing,Khánh,Bùi,99 Hai Bà Trưng,Hà Nội,VN,0937365254,583838,1
6062,3031,shipping,Khánh,Bùi,45 Đinh Tiên Hoàng,Hà Nội,VN,0966952269,202632,1
6063,3032,billing,Long,Vũ,45 Đinh Tiên Hoàng,TP HCM,VN,0996439623,684610,1
6064,3032,shipping,Long,Vũ,99 Hai Bà Trưng,TP HCM,VN,0928697069,270377,1
6065,3033,billing,Thu,Hoàng,22 Trần Hưng Đạo,TP HCM,VN,0953413332,322461,1
6066,3033,shipping,Thu,Hoàng,45 Đinh Tiên Hoàng,TP HCM,VN,0999377633,995878,1
6067,3034,billing,Lan,Nguyễn,22 Trần Hưng Đạo,Hà Nội,VN,0931659100,512722,1
6068,3034,shipping,Lan,Nguyễn,123 Nguyễn Huệ,Hà Nội,VN,0935150726,132992,1
6069,3035,billing,Hải,Nguyễn,78 Lê Lợi,Hải Phòng,VN,0968368971,707747,1
6070,3035,shipping,Hải,Nguyễn,123 Nguyễn Huệ,Hải Phòng,VN,0969680131,517128,1
6071,3036,billing,Linh,Hoàng,78 Lê Lợi,TP HCM,VN,0972226818,507246,1
6072,3036,shipping,Linh,Hoàng,22 Trần Hưng Đạo,TP HCM,VN,0927843221,763131,1
6073,3037,billing,Quang,Hồ,45 Đinh Tiên Hoàng,TP HCM,VN,0951013189,462575,1
6074,3037,shipping,Quang,Hồ,78 Lê Lợi,TP HCM,VN,0979926318,426843,1
6075,3038,billing,Trung,Hoàng,22 Trần Hưng Đạo,Bình Dương,VN,0967110942,301203,1
6076,3038,shipping,Trung,Hoàng,123 Nguyễn Huệ,Bình Dương,VN,0982515802,420045,1
6077,3039,billing,Minh,Phan,99 Hai Bà Trưng,Hà Nội,VN,0940117295,140953,1
6078,3039,shipping,Minh,Phan,123 Nguyễn Huệ,Hà Nội,VN,0936351828,253761,1
6079,3040,billing,Tuấn,Nguyễn,123 Nguyễn Huệ,Hà Nội,VN,0946061601,253154,1
6080,3040,shipping,Tuấn,Nguyễn,45 Đinh Tiên Hoàng,Hà Nội,VN,0941758740,377350,1
6081,3041,billing,Ánh,Phạm,78 Lê Lợi,Hà Nội,VN,0999937401,922065,1
6082,3041,shipping,Ánh,Phạm,45 Đinh Tiên Hoàng,Hà Nội,VN,0975017875,932036,1
6083,3042,billing,Lan,Phan,78 Lê Lợi,TP HCM,VN,0911821321,256812,1
6084,3042,shipping,Lan,Phan,123 Nguyễn Huệ,TP HCM,VN,0993561554,100857,1
6085,3043,billing,Hùng,Hoàng,45 Đinh Tiên Hoàng,Hải Phòng,VN,0929837711,378064,1
6086,3043,shipping,Hùng,Hoàng,78 Lê Lợi,Hải Phòng,VN,0922947762,978615,1
6087,3044,billing,Nga,Ngô,45 Đinh Tiên Hoàng,Hà Nội,VN,0940828571,255057,1
6088,3044,shipping,Nga,Ngô,45 Đinh Tiên Hoàng,Hà Nội,VN,0945127334,890088,1
6089,3045,billing,Thu,Dương,78 Lê Lợi,TP HCM,VN,0973206724,606174,1
6090,3045,shipping,Thu,Dương,99 Hai Bà Trưng,TP HCM,VN,0938560125,321948,1
6091,3046,billing,Quang,Đặng,22 Trần Hưng Đạo,TP HCM,VN,0989431862,359530,1
6092,3046,shipping,Quang,Đặng,22 Trần Hưng Đạo,TP HCM,VN,0910481211,659380,1
6093,3047,billing,Việt,Nguyễn,22 Trần Hưng Đạo,Hải Phòng,VN,0936558007,637095,1
6094,3047,shipping,Việt,Nguyễn,45 Đinh Tiên Hoàng,Hải Phòng,VN,0988589558,975399,1
6095,3048,billing,Hằng,Hồ,99 Hai Bà Trưng,TP HCM,VN,0983232169,467121,1
6096,3048,shipping,Hằng,Hồ,45 Đinh Tiên Hoàng,TP HCM,VN,0947762450,778718,1
6097,3049,billing,Nga,Đặng,99 Hai Bà Trưng,Hải Phòng,VN,0963423773,972845,1
6098,3049,shipping,Nga,Đặng,22 Trần Hưng Đạo,Hải Phòng,VN,0933731220,192553,1
6099,3050,billing,Thảo,Hồ,123 Nguyễn Huệ,TP HCM,VN,0922661881,312773,1
6100,3050,shipping,Thảo,Hồ,45 Đinh Tiên Hoàng,TP HCM,VN,0910210929,677129,1
6101,3051,billing,Linh,Hồ,123 Nguyễn Huệ,TP HCM,VN,0953466800,364853,1
6102,3051,shipping,Linh,Hồ,45 Đinh Tiên Hoàng,TP HCM,VN,0963807156,707047,1
6103,3052,billing,Trang,Đặng,78 Lê Lợi,Đồng Nai,VN,0912630311,116049,1
6104,3052,shipping,Trang,Đặng,123 Nguyễn Huệ,Đồng Nai,VN,0993684884,823756,1
6105,3053,billing,Trang,Dương,22 Trần Hưng Đạo,Đà Nẵng,VN,0978981594,418351,1
6106,3053,shipping,Trang,Dương,22 Trần Hưng Đạo,Đà Nẵng,VN,0982531214,600770,1
6107,3054,billing,Phương,Dương,45 Đinh Tiên Hoàng,Hà Nội,VN,0969318942,887597,1
6108,3054,shipping,Phương,Dương,78 Lê Lợi,Hà Nội,VN,0967606219,966209,1
6109,3055,billing,Anh,Đỗ,123 Nguyễn Huệ,TP HCM,VN,0966225231,684175,1
6110,3055,shipping,Anh,Đỗ,123 Nguyễn Huệ,TP HCM,VN,0951481259,833722,1
6111,3056,billing,Đức,Nguyễn,45 Đinh Tiên Hoàng,Hà Nội,VN,0995049275,587155,1
6112,3056,shipping,Đức,Nguyễn,78 Lê Lợi,Hà Nội,VN,0943937653,897351,1
6113,3057,billing,Quang,Lê,22 Trần Hưng Đạo,TP HCM,VN,0946890160,105624,1
6114,3057,shipping,Quang,Lê,123 Nguyễn Huệ,TP HCM,VN,0950950656,151075,1
6115,3058,billing,Linh,Ngô,78 Lê Lợi,Hà Nội,VN,0996932849,813636,1
6116,3058,shipping,Linh,Ngô,45 Đinh Tiên Hoàng,Hà Nội,VN,0955400394,375840,1
6117,3059,billing,Tuấn,Phan,45 Đinh Tiên Hoàng,TP HCM,VN,0930763676,512680,1
6118,3059,shipping,Tuấn,Phan,45 Đinh Tiên Hoàng,TP HCM,VN,0959029051,989643,1
6119,3060,billing,Mai,Đặng,123 Nguyễn Huệ,TP HCM,VN,0992053689,281813,1
6120,3060,shipping,Mai,Đặng,22 Trần Hưng Đạo,TP HCM,VN,0937661106,522049,1
6121,3061,billing,Hùng,Đặng,99 Hai Bà Trưng,Hà Nội,VN,0917974966,979514,1
6122,3061,shipping,Hùng,Đặng,45 Đinh Tiên Hoàng,Hà Nội,VN,0960995185,673959,1
6123,3062,billing,Long,Hồ,123 Nguyễn Huệ,TP HCM,VN,0971141462,599944,1
6124,3062,shipping,Long,Hồ,22 Trần Hưng Đạo,TP HCM,VN,0941668964,128377,1
6125,3063,billing,Thành,Đặng,45 Đinh Tiên Hoàng,Đà Nẵng,VN,0933737601,617639,1
6126,3063,shipping,Thành,Đặng,123 Nguyễn Huệ,Đà Nẵng,VN,0980402337,839277,1
6127,3064,billing,Linh,Đặng,78 Lê Lợi,TP HCM,VN,0938522609,669881,1
6128,3064,shipping,Linh,Đặng,45 Đinh Tiên Hoàng,TP HCM,VN,0930145721,577835,1
6129,3065,billing,Thành,Hoàng,78 Lê Lợi,TP HCM,VN,0911109719,817321,1
6130,3065,shipping,Thành,Hoàng,22 Trần Hưng Đạo,TP HCM,VN,0997280737,143420,1
6131,3066,billing,Trung,Vũ,99 Hai Bà Trưng,TP HCM,VN,0965290087,117291,1
6132,3066,shipping,Trung,Vũ,78 Lê Lợi,TP HCM,VN,0948352857,272246,1
6133,3067,billing,Hùng,Hồ,99 Hai Bà Trưng,TP HCM,VN,0971921662,522224,1
6134,3067,shipping,Hùng,Hồ,123 Nguyễn Huệ,TP HCM,VN,0938681554,366319,1
6135,3068,billing,Minh,Hoàng,22 Trần Hưng Đạo,Hà Nội,VN,0923523698,793418,1
6136,3068,shipping,Minh,Hoàng,123 Nguyễn Huệ,Hà Nội,VN,0977089229,926970,1
6137,3069,billing,Thành,Hoàng,45 Đinh Tiên Hoàng,TP HCM,VN,0982916071,520629,1
6138,3069,shipping,Thành,Hoàng,45 Đinh Tiên Hoàng,TP HCM,VN,0957039522,452606,1
6139,3070,billing,Trang,Đặng,22 Trần Hưng Đạo,Hà Nội,VN,0937239988,200196,1
6140,3070,shipping,Trang,Đặng,78 Lê Lợi,Hà Nội,VN,0952486672,994067,1
6141,3071,billing,Lan,Hồ,99 Hai Bà Trưng,Hà Nội,VN,0935596741,127899,1
6142,3071,shipping,Lan,Hồ,78 Lê Lợi,Hà Nội,VN,0920417943,917889,1
6143,3072,billing,Thành,Hoàng,99 Hai Bà Trưng,TP HCM,VN,0961545276,194836,1
6144,3072,shipping,Thành,Hoàng,123 Nguyễn Huệ,TP HCM,VN,0974677491,787193,1
6145,3073,billing,Trang,Trần,22 Trần Hưng Đạo,Hà Nội,VN,0972037151,288389,1
6146,3073,shipping,Trang,Trần,99 Hai Bà Trưng,Hà Nội,VN,0918249819,742898,1
6147,3074,billing,Minh,Đỗ,78 Lê Lợi,Hà Nội,VN,0916574928,394889,1
6148,3074,shipping,Minh,Đỗ,99 Hai Bà Trưng,Hà Nội,VN,0940737701,574001,1
6149,3075,billing,Lan,Đặng,123 Nguyễn Huệ,TP HCM,VN,0919418438,812014,1
6150,3075,shipping,Lan,Đặng,45 Đinh Tiên Hoàng,TP HCM,VN,0989645320,134585,1
6151,3076,billing,Phương,Ngô,22 Trần Hưng Đạo,TP HCM,VN,0941720581,229726,1
6152,3076,shipping,Phương,Ngô,78 Lê Lợi,TP HCM,VN,0996047813,581584,1
6153,3077,billing,Khánh,Dương,99 Hai Bà Trưng,TP HCM,VN,0919066091,424275,1
6154,3077,shipping,Khánh,Dương,45 Đinh Tiên Hoàng,TP HCM,VN,0987704530,374665,1
6155,3078,billing,Linh,Hồ,45 Đinh Tiên Hoàng,TP HCM,VN,0954739374,872184,1
6156,3078,shipping,Linh,Hồ,22 Trần Hưng Đạo,TP HCM,VN,0976624309,786566,1
6157,3079,billing,Hải,Hoàng,78 Lê Lợi,TP HCM,VN,0921589281,327927,1
6158,3079,shipping,Hải,Hoàng,99 Hai Bà Trưng,TP HCM,VN,0995932306,852360,1
6159,3080,billing,Quang,Dương,45 Đinh Tiên Hoàng,TP HCM,VN,0948565395,400452,1
6160,3080,shipping,Quang,Dương,78 Lê Lợi,TP HCM,VN,0931649643,755254,1
6161,3081,billing,Khánh,Phan,45 Đinh Tiên Hoàng,Hà Nội,VN,0943644788,943067,1
6162,3081,shipping,Khánh,Phan,78 Lê Lợi,Hà Nội,VN,0945135108,935823,1
6163,3082,billing,Linh,Đỗ,22 Trần Hưng Đạo,Khánh Hòa,VN,0931946590,906106,1
6164,3082,shipping,Linh,Đỗ,22 Trần Hưng Đạo,Khánh Hòa,VN,0964698213,489302,1
6165,3083,billing,Linh,Trần,22 Trần Hưng Đạo,TP HCM,VN,0952489622,398430,1
6166,3083,shipping,Linh,Trần,123 Nguyễn Huệ,TP HCM,VN,0922242923,587168,1
6167,3084,billing,Hằng,Đỗ,45 Đinh Tiên Hoàng,TP HCM,VN,0915884201,736859,1
6168,3084,shipping,Hằng,Đỗ,78 Lê Lợi,TP HCM,VN,0948241391,104716,1
6169,3085,billing,Yến,Đặng,45 Đinh Tiên Hoàng,TP HCM,VN,0916445870,256713,1
6170,3085,shipping,Yến,Đặng,123 Nguyễn Huệ,TP HCM,VN,0953258121,471714,1
6171,3086,billing,Tuấn,Phan,99 Hai Bà Trưng,TP HCM,VN,0948152107,244201,1
6172,3086,shipping,Tuấn,Phan,123 Nguyễn Huệ,TP HCM,VN,0951807507,211025,1
6173,3087,billing,Linh,Lê,123 Nguyễn Huệ,Khánh Hòa,VN,0965688673,593394,1
6174,3087,shipping,Linh,Lê,99 Hai Bà Trưng,Khánh Hòa,VN,0944564627,337488,1
6175,3088,billing,Trung,Trần,45 Đinh Tiên Hoàng,Hà Nội,VN,0928124472,160421,1
6176,3088,shipping,Trung,Trần,45 Đinh Tiên Hoàng,Hà Nội,VN,0926404369,757836,1
6177,3089,billing,Minh,Phạm,123 Nguyễn Huệ,Hà Nội,VN,0912149496,862586,1
6178,3089,shipping,Minh,Phạm,22 Trần Hưng Đạo,Hà Nội,VN,0996272417,443239,1
6179,3090,billing,Phương,Dương,45 Đinh Tiên Hoàng,Hải Phòng,VN,0935852814,259803,1
6180,3090,shipping,Phương,Dương,123 Nguyễn Huệ,Hải Phòng,VN,0922860706,340270,1
6181,3091,billing,Tuấn,Dương,45 Đinh Tiên Hoàng,Đà Nẵng,VN,0943148263,114846,1
6182,3091,shipping,Tuấn,Dương,78 Lê Lợi,Đà Nẵng,VN,0932319519,420906,1
6183,3092,billing,Hùng,Vũ,78 Lê Lợi,TP HCM,VN,0919508617,392234,1
6184,3092,shipping,Hùng,Vũ,99 Hai Bà Trưng,TP HCM,VN,0923764355,574865,1
6185,3093,billing,Hằng,Hồ,123 Nguyễn Huệ,TP HCM,VN,0976568304,710298,1
6186,3093,shipping,Hằng,Hồ,45 Đinh Tiên Hoàng,TP HCM,VN,0994760356,312649,1
6187,3094,billing,Việt,Đặng,45 Đinh Tiên Hoàng,Hải Phòng,VN,0997343419,724627,1
6188,3094,shipping,Việt,Đặng,45 Đinh Tiên Hoàng,Hải Phòng,VN,0992546667,714555,1
6189,3095,billing,Yến,Lê,45 Đinh Tiên Hoàng,TP HCM,VN,0959751607,310806,1
6190,3095,shipping,Yến,Lê,78 Lê Lợi,TP HCM,VN,0983708942,210281,1
6191,3096,billing,Bình,Hồ,22 Trần Hưng Đạo,Đà Nẵng,VN,0923087463,954423,1
6192,3096,shipping,Bình,Hồ,99 Hai Bà Trưng,Đà Nẵng,VN,0932477639,982842,1
6193,3097,billing,Đức,Hồ,123 Nguyễn Huệ,Đà Nẵng,VN,0935872362,539402,1
6194,3097,shipping,Đức,Hồ,78 Lê Lợi,Đà Nẵng,VN,0984855898,387245,1
6195,3098,billing,Hà,Dương,123 Nguyễn Huệ,Hà Nội,VN,0917568441,581220,1
6196,3098,shipping,Hà,Dương,78 Lê Lợi,Hà Nội,VN,0927513984,647314,1
6197,3099,billing,Thảo,Lê,99 Hai Bà Trưng,Hải Phòng,VN,0921143565,869671,1
6198,3099,shipping,Thảo,Lê,123 Nguyễn Huệ,Hải Phòng,VN,0996203135,551515,1
6199,3100,billing,Hùng,Ngô,45 Đinh Tiên Hoàng,Hà Nội,VN,0964211005,218997,1
6200,3100,shipping,Hùng,Ngô,123 Nguyễn Huệ,Hà Nội,VN,0974702757,190406,1
6201,3101,billing,Bình,Phan,45 Đinh Tiên Hoàng,Hải Phòng,VN,0928795861,272175,1
6202,3101,shipping,Bình,Phan,45 Đinh Tiên Hoàng,Hải Phòng,VN,0937080904,852318,1
6203,3102,billing,Phương,Ngô,123 Nguyễn Huệ,Bình Dương,VN,0967190275,627220,1
6204,3102,shipping,Phương,Ngô,99 Hai Bà Trưng,Bình Dương,VN,0980055214,484874,1
6205,3103,billing,Thu,Đặng,123 Nguyễn Huệ,Bình Dương,VN,0926248638,520870,1
6206,3103,shipping,Thu,Đặng,45 Đinh Tiên Hoàng,Bình Dương,VN,0929776992,587624,1
6207,3104,billing,Khánh,Trần,123 Nguyễn Huệ,TP HCM,VN,0959237930,417721,1
6208,3104,shipping,Khánh,Trần,99 Hai Bà Trưng,TP HCM,VN,0928138528,968798,1
6209,3105,billing,Linh,Dương,22 Trần Hưng Đạo,Hải Phòng,VN,0964699329,756075,1
6210,3105,shipping,Linh,Dương,78 Lê Lợi,Hải Phòng,VN,0925309122,510847,1
6211,3106,billing,Yến,Trần,123 Nguyễn Huệ,TP HCM,VN,0938350417,474324,1
6212,3106,shipping,Yến,Trần,123 Nguyễn Huệ,TP HCM,VN,0917651606,639098,1
6213,3107,billing,Anh,Phạm,22 Trần Hưng Đạo,TP HCM,VN,0987498142,599349,1
6214,3107,shipping,Anh,Phạm,78 Lê Lợi,TP HCM,VN,0949953143,556491,1
6215,3108,billing,Thu,Phạm,45 Đinh Tiên Hoàng,Khánh Hòa,VN,0959785903,556180,1
6216,3108,shipping,Thu,Phạm,78 Lê Lợi,Khánh Hòa,VN,0935686615,240213,1
6217,3109,billing,Thu,Vũ,123 Nguyễn Huệ,TP HCM,VN,0939299287,641097,1
6218,3109,shipping,Thu,Vũ,78 Lê Lợi,TP HCM,VN,0938930504,797663,1
6219,3110,billing,Phương,Phạm,78 Lê Lợi,TP HCM,VN,0945917891,120393,1
6220,3110,shipping,Phương,Phạm,99 Hai Bà Trưng,TP HCM,VN,0969187927,385743,1
6221,3111,billing,Phương,Nguyễn,45 Đinh Tiên Hoàng,Hà Nội,VN,0948147496,418355,1
6222,3111,shipping,Phương,Nguyễn,123 Nguyễn Huệ,Hà Nội,VN,0971771465,971113,1
6223,3112,billing,Hằng,Bùi,99 Hai Bà Trưng,Hà Nội,VN,0977956233,884107,1
6224,3112,shipping,Hằng,Bùi,123 Nguyễn Huệ,Hà Nội,VN,0916429009,982052,1
6225,3113,billing,Thảo,Phan,22 Trần Hưng Đạo,Đà Nẵng,VN,0919403058,857499,1
6226,3113,shipping,Thảo,Phan,99 Hai Bà Trưng,Đà Nẵng,VN,0934647523,173225,1
6227,3114,billing,Hùng,Vũ,123 Nguyễn Huệ,TP HCM,VN,0970587197,207299,1
6228,3114,shipping,Hùng,Vũ,78 Lê Lợi,TP HCM,VN,0993392904,179968,1
6229,3115,billing,Thành,Phạm,99 Hai Bà Trưng,Hà Nội,VN,0930079786,853916,1
6230,3115,shipping,Thành,Phạm,45 Đinh Tiên Hoàng,Hà Nội,VN,0981638322,534198,1
6231,3116,billing,Hà,Phạm,123 Nguyễn Huệ,TP HCM,VN,0945287726,262763,1
6232,3116,shipping,Hà,Phạm,123 Nguyễn Huệ,TP HCM,VN,0919340071,855496,1
6233,3117,billing,Đức,Trần,99 Hai Bà Trưng,TP HCM,VN,0917154678,123979,1
6234,3117,shipping,Đức,Trần,22 Trần Hưng Đạo,TP HCM,VN,0991778204,439124,1
6235,3118,billing,Minh,Hồ,78 Lê Lợi,Đà Nẵng,VN,0976341925,923011,1
6236,3118,shipping,Minh,Hồ,45 Đinh Tiên Hoàng,Đà Nẵng,VN,0990075140,421236,1
6237,3119,billing,Nga,Lê,123 Nguyễn Huệ,TP HCM,VN,0961027144,192056,1
6238,3119,shipping,Nga,Lê,22 Trần Hưng Đạo,TP HCM,VN,0950402135,647106,1
6239,3120,billing,Hằng,Đặng,123 Nguyễn Huệ,Hà Nội,VN,0978717763,634634,1
6240,3120,shipping,Hằng,Đặng,99 Hai Bà Trưng,Hà Nội,VN,0977304586,881166,1
6241,3121,billing,Bình,Đỗ,22 Trần Hưng Đạo,TP HCM,VN,0946715711,336125,1
6242,3121,shipping,Bình,Đỗ,123 Nguyễn Huệ,TP HCM,VN,0951968102,594306,1
6243,3122,billing,Trang,Lê,22 Trần Hưng Đạo,TP HCM,VN,0998618089,769482,1
6244,3122,shipping,Trang,Lê,45 Đinh Tiên Hoàng,TP HCM,VN,0937239381,679429,1
6245,3123,billing,Hùng,Đặng,78 Lê Lợi,Khánh Hòa,VN,0928773713,889475,1
6246,3123,shipping,Hùng,Đặng,123 Nguyễn Huệ,Khánh Hòa,VN,0936643236,284537,1
6247,3124,billing,Lan,Vũ,99 Hai Bà Trưng,TP HCM,VN,0919352872,139625,1
6248,3124,shipping,Lan,Vũ,22 Trần Hưng Đạo,TP HCM,VN,0963673234,744098,1
6249,3125,billing,Minh,Phạm,99 Hai Bà Trưng,TP HCM,VN,0950422547,598218,1
6250,3125,shipping,Minh,Phạm,78 Lê Lợi,TP HCM,VN,0993403169,356123,1
6251,3126,billing,Minh,Hồ,22 Trần Hưng Đạo,TP HCM,VN,0973205762,781142,1
6252,3126,shipping,Minh,Hồ,22 Trần Hưng Đạo,TP HCM,VN,0956593191,578867,1
6253,3127,billing,Nga,Vũ,45 Đinh Tiên Hoàng,Đà Nẵng,VN,0917743008,480448,1
6254,3127,shipping,Nga,Vũ,99 Hai Bà Trưng,Đà Nẵng,VN,0961951768,908231,1
6255,3128,billing,Trang,Trần,45 Đinh Tiên Hoàng,Hà Nội,VN,0920107532,823474,1
6256,3128,shipping,Trang,Trần,123 Nguyễn Huệ,Hà Nội,VN,0944038595,605739,1
6257,3129,billing,Mai,Bùi,22 Trần Hưng Đạo,Hà Nội,VN,0924090880,549728,1
6258,3129,shipping,Mai,Bùi,22 Trần Hưng Đạo,Hà Nội,VN,0932426735,529051,1
6259,3130,billing,Khánh,Phan,45 Đinh Tiên Hoàng,TP HCM,VN,0942468135,244262,1
6260,3130,shipping,Khánh,Phan,78 Lê Lợi,TP HCM,VN,0982771064,269056,1
6261,3131,billing,Ánh,Nguyễn,22 Trần Hưng Đạo,Hà Nội,VN,0927524310,225512,1
6262,3131,shipping,Ánh,Nguyễn,123 Nguyễn Huệ,Hà Nội,VN,0954816346,648529,1
6263,3132,billing,Đức,Đỗ,22 Trần Hưng Đạo,TP HCM,VN,0982560542,302943,1
6264,3132,shipping,Đức,Đỗ,123 Nguyễn Huệ,TP HCM,VN,0977201931,234270,1
6265,3133,billing,Linh,Vũ,22 Trần Hưng Đạo,Bình Dương,VN,0914819181,203676,1
6266,3133,shipping,Linh,Vũ,78 Lê Lợi,Bình Dương,VN,0957028962,477971,1
6267,3134,billing,Nga,Nguyễn,123 Nguyễn Huệ,Hà Nội,VN,0921912562,480876,1
6268,3134,shipping,Nga,Nguyễn,78 Lê Lợi,Hà Nội,VN,0938428825,634846,1
6269,3135,billing,Tuấn,Dương,78 Lê Lợi,Quảng Ninh,VN,0937885600,216695,1
6270,3135,shipping,Tuấn,Dương,99 Hai Bà Trưng,Quảng Ninh,VN,0935725963,417912,1
6271,3136,billing,Trang,Ngô,99 Hai Bà Trưng,TP HCM,VN,0960595490,788954,1
6272,3136,shipping,Trang,Ngô,78 Lê Lợi,TP HCM,VN,0976044148,800063,1
6273,3137,billing,Đức,Nguyễn,22 Trần Hưng Đạo,TP HCM,VN,0992928925,525189,1
6274,3137,shipping,Đức,Nguyễn,45 Đinh Tiên Hoàng,TP HCM,VN,0946919018,838458,1
6275,3138,billing,Trung,Dương,123 Nguyễn Huệ,Hà Nội,VN,0969466865,293759,1
6276,3138,shipping,Trung,Dương,123 Nguyễn Huệ,Hà Nội,VN,0990834935,177058,1
6277,3139,billing,Hải,Lê,78 Lê Lợi,TP HCM,VN,0981642294,563378,1
6278,3139,shipping,Hải,Lê,99 Hai Bà Trưng,TP HCM,VN,0934323119,930068,1
6279,3140,billing,Thành,Bùi,123 Nguyễn Huệ,Hà Nội,VN,0911873643,681384,1
6280,3140,shipping,Thành,Bùi,22 Trần Hưng Đạo,Hà Nội,VN,0977317426,571954,1
6281,3141,billing,Quang,Lê,45 Đinh Tiên Hoàng,Hà Nội,VN,0962962054,363812,1
6282,3141,shipping,Quang,Lê,123 Nguyễn Huệ,Hà Nội,VN,0990646002,886252,1
6283,3142,billing,Hoa,Đặng,78 Lê Lợi,Hải Phòng,VN,0926160617,707005,1
6284,3142,shipping,Hoa,Đặng,22 Trần Hưng Đạo,Hải Phòng,VN,0951198247,325491,1
6285,3143,billing,Hằng,Bùi,22 Trần Hưng Đạo,Bình Dương,VN,0998125128,283277,1
6286,3143,shipping,Hằng,Bùi,22 Trần Hưng Đạo,Bình Dương,VN,0921248221,887578,1
6287,3144,billing,Ánh,Hồ,45 Đinh Tiên Hoàng,Hà Nội,VN,0919607939,349686,1
6288,3144,shipping,Ánh,Hồ,22 Trần Hưng Đạo,Hà Nội,VN,0923727922,412849,1
6289,3145,billing,Ánh,Đặng,78 Lê Lợi,TP HCM,VN,0990434981,853445,1
6290,3145,shipping,Ánh,Đặng,123 Nguyễn Huệ,TP HCM,VN,0992266588,310245,1
6291,3146,billing,Hằng,Ngô,45 Đinh Tiên Hoàng,TP HCM,VN,0934810809,580831,1
6292,3146,shipping,Hằng,Ngô,99 Hai Bà Trưng,TP HCM,VN,0977465532,429263,1
6293,3147,billing,Phương,Hoàng,99 Hai Bà Trưng,TP HCM,VN,0948242067,177742,1
6294,3147,shipping,Phương,Hoàng,22 Trần Hưng Đạo,TP HCM,VN,0964045338,992875,1
6295,3148,billing,Khánh,Ngô,123 Nguyễn Huệ,TP HCM,VN,0932791779,902849,1
6296,3148,shipping,Khánh,Ngô,123 Nguyễn Huệ,TP HCM,VN,0954599465,798730,1
6297,3149,billing,Thảo,Trần,22 Trần Hưng Đạo,TP HCM,VN,0988819878,888272,1
6298,3149,shipping,Thảo,Trần,123 Nguyễn Huệ,TP HCM,VN,0915844567,756286,1
6299,3150,billing,Long,Bùi,99 Hai Bà Trưng,Hà Nội,VN,0954943024,205884,1
6300,3150,shipping,Long,Bùi,123 Nguyễn Huệ,Hà Nội,VN,0992936591,564473,1
6301,3151,billing,Long,Nguyễn,22 Trần Hưng Đạo,TP HCM,VN,0997168005,530529,1
6302,3151,shipping,Long,Nguyễn,78 Lê Lợi,TP HCM,VN,0992136524,521659,1
6303,3152,billing,Thảo,Hoàng,22 Trần Hưng Đạo,Khánh Hòa,VN,0926046327,893299,1
6304,3152,shipping,Thảo,Hoàng,123 Nguyễn Huệ,Khánh Hòa,VN,0987101649,537628,1
6305,3153,billing,Hải,Vũ,123 Nguyễn Huệ,Bình Dương,VN,0949547422,140567,1
6306,3153,shipping,Hải,Vũ,123 Nguyễn Huệ,Bình Dương,VN,0950844877,435218,1
6307,3154,billing,Hoa,Đặng,22 Trần Hưng Đạo,TP HCM,VN,0978016026,929306,1
6308,3154,shipping,Hoa,Đặng,123 Nguyễn Huệ,TP HCM,VN,0955093489,563332,1
6309,3155,billing,Anh,Phan,78 Lê Lợi,Bình Dương,VN,0940869235,775768,1
6310,3155,shipping,Anh,Phan,22 Trần Hưng Đạo,Bình Dương,VN,0970949277,854555,1
6311,3156,billing,Hùng,Dương,123 Nguyễn Huệ,TP HCM,VN,0954538887,242328,1
6312,3156,shipping,Hùng,Dương,99 Hai Bà Trưng,TP HCM,VN,0937611965,773299,1
6313,3157,billing,Mai,Lê,45 Đinh Tiên Hoàng,Hải Phòng,VN,0967165705,397898,1
6314,3157,shipping,Mai,Lê,45 Đinh Tiên Hoàng,Hải Phòng,VN,0967941465,918580,1
6315,3158,billing,Hà,Trần,99 Hai Bà Trưng,Bình Dương,VN,0930554794,291669,1
6316,3158,shipping,Hà,Trần,22 Trần Hưng Đạo,Bình Dương,VN,0966075766,412637,1
6317,3159,billing,Minh,Dương,123 Nguyễn Huệ,Đà Nẵng,VN,0914363684,723839,1
6318,3159,shipping,Minh,Dương,123 Nguyễn Huệ,Đà Nẵng,VN,0945066955,207750,1
6319,3160,billing,Minh,Phan,22 Trần Hưng Đạo,TP HCM,VN,0964086960,283529,1
6320,3160,shipping,Minh,Phan,78 Lê Lợi,TP HCM,VN,0968152117,845710,1
6321,3161,billing,Ánh,Dương,45 Đinh Tiên Hoàng,TP HCM,VN,0930858324,103095,1
6322,3161,shipping,Ánh,Dương,123 Nguyễn Huệ,TP HCM,VN,0988798548,118344,1
6323,3162,billing,Minh,Phạm,123 Nguyễn Huệ,TP HCM,VN,0987754360,148110,1
6324,3162,shipping,Minh,Phạm,99 Hai Bà Trưng,TP HCM,VN,0997469046,390033,1
6325,3163,billing,Lan,Phan,78 Lê Lợi,Khánh Hòa,VN,0990647536,497768,1
6326,3163,shipping,Lan,Phan,22 Trần Hưng Đạo,Khánh Hòa,VN,0962138119,479596,1
6327,3164,billing,Đức,Lê,99 Hai Bà Trưng,TP HCM,VN,0930520907,744080,1
6328,3164,shipping,Đức,Lê,22 Trần Hưng Đạo,TP HCM,VN,0964283260,621345,1
6329,3165,billing,Khánh,Trần,123 Nguyễn Huệ,TP HCM,VN,0946263239,885180,1
6330,3165,shipping,Khánh,Trần,99 Hai Bà Trưng,TP HCM,VN,0962587179,298589,1
6331,3166,billing,Yến,Hồ,99 Hai Bà Trưng,Đồng Nai,VN,0969214673,555834,1
6332,3166,shipping,Yến,Hồ,99 Hai Bà Trưng,Đồng Nai,VN,0951198053,447173,1
6333,3167,billing,Lan,Vũ,22 Trần Hưng Đạo,Hà Nội,VN,0948172528,922449,1
6334,3167,shipping,Lan,Vũ,99 Hai Bà Trưng,Hà Nội,VN,0945110773,228626,1
6335,3168,billing,Đức,Nguyễn,45 Đinh Tiên Hoàng,TP HCM,VN,0956659975,216989,1
6336,3168,shipping,Đức,Nguyễn,22 Trần Hưng Đạo,TP HCM,VN,0939486096,110049,1
6337,3169,billing,Linh,Hoàng,22 Trần Hưng Đạo,Đà Nẵng,VN,0999766791,184730,1
6338,3169,shipping,Linh,Hoàng,22 Trần Hưng Đạo,Đà Nẵng,VN,0985134564,825776,1
6339,3170,billing,Trang,Lê,78 Lê Lợi,TP HCM,VN,0940198361,468223,1
6340,3170,shipping,Trang,Lê,22 Trần Hưng Đạo,TP HCM,VN,0942839844,314859,1
6341,3171,billing,Hoa,Bùi,123 Nguyễn Huệ,Hà Nội,VN,0990942890,630066,1
6342,3171,shipping,Hoa,Bùi,123 Nguyễn Huệ,Hà Nội,VN,0911872193,295162,1
6343,3172,billing,Hà,Đỗ,22 Trần Hưng Đạo,Đà Nẵng,VN,0958415548,136412,1
6344,3172,shipping,Hà,Đỗ,123 Nguyễn Huệ,Đà Nẵng,VN,0983522102,139723,1
6345,3173,billing,Ánh,Bùi,99 Hai Bà Trưng,Hà Nội,VN,0995078324,692963,1
6346,3173,shipping,Ánh,Bùi,123 Nguyễn Huệ,Hà Nội,VN,0953426749,804426,1
6347,3174,billing,Trung,Hoàng,78 Lê Lợi,Hải Phòng,VN,0985051708,811526,1
6348,3174,shipping,Trung,Hoàng,99 Hai Bà Trưng,Hải Phòng,VN,0953483604,754161,1
6349,3175,billing,Thảo,Nguyễn,22 Trần Hưng Đạo,TP HCM,VN,0939440016,947593,1
6350,3175,shipping,Thảo,Nguyễn,78 Lê Lợi,TP HCM,VN,0957402428,940289,1
6351,3176,billing,Hằng,Đỗ,45 Đinh Tiên Hoàng,Đà Nẵng,VN,0980565723,574802,1
6352,3176,shipping,Hằng,Đỗ,45 Đinh Tiên Hoàng,Đà Nẵng,VN,0922784933,398644,1
6353,3177,billing,Phương,Ngô,22 Trần Hưng Đạo,Đồng Nai,VN,0970412937,117475,1
6354,3177,shipping,Phương,Ngô,123 Nguyễn Huệ,Đồng Nai,VN,0978129540,240914,1
6355,3178,billing,Ánh,Đỗ,99 Hai Bà Trưng,Đồng Nai,VN,0964794678,324981,1
6356,3178,shipping,Ánh,Đỗ,99 Hai Bà Trưng,Đồng Nai,VN,0911594267,123581,1
6357,3179,billing,Hoa,Dương,123 Nguyễn Huệ,Khánh Hòa,VN,0937469313,529966,1
6358,3179,shipping,Hoa,Dương,22 Trần Hưng Đạo,Khánh Hòa,VN,0944053457,585049,1
6359,3180,billing,Hùng,Dương,78 Lê Lợi,Hà Nội,VN,0967828034,632839,1
6360,3180,shipping,Hùng,Dương,45 Đinh Tiên Hoàng,Hà Nội,VN,0920295343,245015,1
6361,3181,billing,Hà,Bùi,45 Đinh Tiên Hoàng,TP HCM,VN,0975577815,976018,1
6362,3181,shipping,Hà,Bùi,99 Hai Bà Trưng,TP HCM,VN,0972267241,544039,1
6363,3182,billing,Phương,Hoàng,78 Lê Lợi,TP HCM,VN,0937837020,140967,1
6364,3182,shipping,Phương,Hoàng,123 Nguyễn Huệ,TP HCM,VN,0975039514,596422,1
6365,3183,billing,Thu,Phạm,123 Nguyễn Huệ,Hà Nội,VN,0917642392,815879,1
6366,3183,shipping,Thu,Phạm,99 Hai Bà Trưng,Hà Nội,VN,0996629321,345090,1
6367,3184,billing,Thu,Nguyễn,78 Lê Lợi,TP HCM,VN,0958407630,860170,1
6368,3184,shipping,Thu,Nguyễn,22 Trần Hưng Đạo,TP HCM,VN,0946870656,962851,1
6369,3185,billing,Việt,Nguyễn,22 Trần Hưng Đạo,TP HCM,VN,0952652718,276368,1
6370,3185,shipping,Việt,Nguyễn,45 Đinh Tiên Hoàng,TP HCM,VN,0931267514,136913,1
6371,3186,billing,Trung,Dương,99 Hai Bà Trưng,Hà Nội,VN,0914632234,286350,1
6372,3186,shipping,Trung,Dương,78 Lê Lợi,Hà Nội,VN,0968307529,225329,1
6373,3187,billing,Linh,Đặng,45 Đinh Tiên Hoàng,Hà Nội,VN,0939420618,307436,1
6374,3187,shipping,Linh,Đặng,45 Đinh Tiên Hoàng,Hà Nội,VN,0961480741,487913,1
6375,3188,billing,Hằng,Dương,22 Trần Hưng Đạo,TP HCM,VN,0968418548,181662,1
6376,3188,shipping,Hằng,Dương,123 Nguyễn Huệ,TP HCM,VN,0946791589,131937,1
6377,3189,billing,Minh,Trần,78 Lê Lợi,Hà Nội,VN,0982414202,601566,1
6378,3189,shipping,Minh,Trần,123 Nguyễn Huệ,Hà Nội,VN,0956100071,787927,1
6379,3190,billing,Yến,Trần,123 Nguyễn Huệ,Hà Nội,VN,0939663597,699709,1
6380,3190,shipping,Yến,Trần,45 Đinh Tiên Hoàng,Hà Nội,VN,0936596149,415468,1
6381,3191,billing,Nga,Lê,123 Nguyễn Huệ,Khánh Hòa,VN,0978994955,545404,1
6382,3191,shipping,Nga,Lê,99 Hai Bà Trưng,Khánh Hòa,VN,0968426483,881062,1
6383,3192,billing,Mai,Phan,22 Trần Hưng Đạo,Đà Nẵng,VN,0946521316,989461,1
6384,3192,shipping,Mai,Phan,45 Đinh Tiên Hoàng,Đà Nẵng,VN,0944376443,441355,1
6385,3193,billing,Hằng,Đặng,99 Hai Bà Trưng,Đà Nẵng,VN,0918005150,429999,1
6386,3193,shipping,Hằng,Đặng,22 Trần Hưng Đạo,Đà Nẵng,VN,0994282661,407196,1
6387,3194,billing,Thành,Phạm,123 Nguyễn Huệ,TP HCM,VN,0968073720,905218,1
6388,3194,shipping,Thành,Phạm,78 Lê Lợi,TP HCM,VN,0917385875,478722,1
6389,3195,billing,Hoa,Phạm,22 Trần Hưng Đạo,TP HCM,VN,0918856475,780163,1
6390,3195,shipping,Hoa,Phạm,78 Lê Lợi,TP HCM,VN,0939896135,995450,1
6391,3196,billing,Hằng,Phan,22 Trần Hưng Đạo,Hải Phòng,VN,0944969607,640465,1
6392,3196,shipping,Hằng,Phan,45 Đinh Tiên Hoàng,Hải Phòng,VN,0933711691,263100,1
6393,3197,billing,Hùng,Ngô,78 Lê Lợi,Đà Nẵng,VN,0946806125,935549,1
6394,3197,shipping,Hùng,Ngô,78 Lê Lợi,Đà Nẵng,VN,0940466927,635260,1
6395,3198,billing,Hà,Trần,123 Nguyễn Huệ,Hà Nội,VN,0910756597,498893,1
6396,3198,shipping,Hà,Trần,99 Hai Bà Trưng,Hà Nội,VN,0950700747,530316,1
6397,3199,billing,Lan,Hồ,22 Trần Hưng Đạo,Hà Nội,VN,0964468611,609630,1
6398,3199,shipping,Lan,Hồ,123 Nguyễn Huệ,Hà Nội,VN,0950357712,113426,1
6399,3200,billing,Khánh,Bùi,78 Lê Lợi,Đồng Nai,VN,0970929755,190159,1
6400,3200,shipping,Khánh,Bùi,99 Hai Bà Trưng,Đồng Nai,VN,0980621144,542538,1
6401,3201,billing,Đức,Đặng,22 Trần Hưng Đạo,Hà Nội,VN,0979548531,727084,1
6402,3201,shipping,Đức,Đặng,45 Đinh Tiên Hoàng,Hà Nội,VN,0994694284,549610,1
6403,3202,billing,Hải,Trần,78 Lê Lợi,Hà Nội,VN,0978611397,731109,1
6404,3202,shipping,Hải,Trần,78 Lê Lợi,Hà Nội,VN,0922196306,614629,1
6405,3203,billing,Thành,Nguyễn,45 Đinh Tiên Hoàng,TP HCM,VN,0953268217,240088,1
6406,3203,shipping,Thành,Nguyễn,123 Nguyễn Huệ,TP HCM,VN,0934771921,300707,1
6407,3204,billing,Yến,Phan,22 Trần Hưng Đạo,TP HCM,VN,0967489951,206814,1
6408,3204,shipping,Yến,Phan,99 Hai Bà Trưng,TP HCM,VN,0923475069,812552,1
6409,3205,billing,Nga,Trần,45 Đinh Tiên Hoàng,TP HCM,VN,0929372444,988682,1
6410,3205,shipping,Nga,Trần,99 Hai Bà Trưng,TP HCM,VN,0996666709,557093,1
6411,3206,billing,Linh,Phan,22 Trần Hưng Đạo,Hải Phòng,VN,0990167151,984537,1
6412,3206,shipping,Linh,Phan,99 Hai Bà Trưng,Hải Phòng,VN,0982052143,280282,1
6413,3207,billing,Khánh,Vũ,22 Trần Hưng Đạo,Hà Nội,VN,0944864182,303167,1
6414,3207,shipping,Khánh,Vũ,123 Nguyễn Huệ,Hà Nội,VN,0995735903,277310,1
6415,3208,billing,Ngọc,Ngô,45 Đinh Tiên Hoàng,Đà Nẵng,VN,0975120387,234486,1
6416,3208,shipping,Ngọc,Ngô,123 Nguyễn Huệ,Đà Nẵng,VN,0973305165,801530,1
6417,3209,billing,Long,Trần,123 Nguyễn Huệ,Hà Nội,VN,0933193981,574705,1
6418,3209,shipping,Long,Trần,45 Đinh Tiên Hoàng,Hà Nội,VN,0936878004,508012,1
6419,3210,billing,Ngọc,Đặng,78 Lê Lợi,TP HCM,VN,0972385879,988759,1
6420,3210,shipping,Ngọc,Đặng,45 Đinh Tiên Hoàng,TP HCM,VN,0930139034,344501,1
6421,3211,billing,Minh,Ngô,78 Lê Lợi,TP HCM,VN,0936564951,999840,1
6422,3211,shipping,Minh,Ngô,45 Đinh Tiên Hoàng,TP HCM,VN,0991019199,266637,1
6423,3212,billing,Đức,Nguyễn,99 Hai Bà Trưng,Hà Nội,VN,0927341123,649275,1
6424,3212,shipping,Đức,Nguyễn,99 Hai Bà Trưng,Hà Nội,VN,0937385667,402068,1
6425,3213,billing,Khánh,Vũ,99 Hai Bà Trưng,TP HCM,VN,0953120175,842670,1
6426,3213,shipping,Khánh,Vũ,45 Đinh Tiên Hoàng,TP HCM,VN,0983148701,597893,1
6427,3214,billing,Hùng,Trần,22 Trần Hưng Đạo,Đà Nẵng,VN,0917508933,967103,1
6428,3214,shipping,Hùng,Trần,45 Đinh Tiên Hoàng,Đà Nẵng,VN,0928806402,753247,1
6429,3215,billing,Thảo,Dương,99 Hai Bà Trưng,TP HCM,VN,0924473841,368339,1
6430,3215,shipping,Thảo,Dương,99 Hai Bà Trưng,TP HCM,VN,0990027630,150666,1
6431,3216,billing,Việt,Đặng,45 Đinh Tiên Hoàng,TP HCM,VN,0947370213,258976,1
6432,3216,shipping,Việt,Đặng,45 Đinh Tiên Hoàng,TP HCM,VN,0993234721,983881,1
6433,3217,billing,Trung,Nguyễn,78 Lê Lợi,Hà Nội,VN,0934788547,625895,1
6434,3217,shipping,Trung,Nguyễn,99 Hai Bà Trưng,Hà Nội,VN,0961014330,504431,1
6435,3218,billing,Hà,Ngô,99 Hai Bà Trưng,Đà Nẵng,VN,0985701861,743966,1
6436,3218,shipping,Hà,Ngô,78 Lê Lợi,Đà Nẵng,VN,0959714573,651005,1
6437,3219,billing,Linh,Hoàng,123 Nguyễn Huệ,Hà Nội,VN,0937368085,255511,1
6438,3219,shipping,Linh,Hoàng,78 Lê Lợi,Hà Nội,VN,0940468898,339164,1
6439,3220,billing,Mai,Dương,22 Trần Hưng Đạo,Bình Dương,VN,0955215128,616247,1
6440,3220,shipping,Mai,Dương,123 Nguyễn Huệ,Bình Dương,VN,0963399847,833270,1
6441,3221,billing,Đức,Trần,22 Trần Hưng Đạo,Hải Phòng,VN,0938519243,139527,1
6442,3221,shipping,Đức,Trần,45 Đinh Tiên Hoàng,Hải Phòng,VN,0932823520,609577,1
6443,3222,billing,Đức,Bùi,45 Đinh Tiên Hoàng,Hà Nội,VN,0943039710,189705,1
6444,3222,shipping,Đức,Bùi,22 Trần Hưng Đạo,Hà Nội,VN,0981405000,842398,1
6445,3223,billing,Nga,Bùi,78 Lê Lợi,TP HCM,VN,0998365474,184950,1
6446,3223,shipping,Nga,Bùi,99 Hai Bà Trưng,TP HCM,VN,0934264377,515099,1
6447,3224,billing,Hằng,Đặng,123 Nguyễn Huệ,Hà Nội,VN,0950041433,780915,1
6448,3224,shipping,Hằng,Đặng,99 Hai Bà Trưng,Hà Nội,VN,0956092048,894131,1
6449,3225,billing,Trung,Phạm,99 Hai Bà Trưng,Khánh Hòa,VN,0924002509,818869,1
6450,3225,shipping,Trung,Phạm,45 Đinh Tiên Hoàng,Khánh Hòa,VN,0922828698,360183,1
6451,3226,billing,Ánh,Trần,123 Nguyễn Huệ,TP HCM,VN,0938565347,642531,1
6452,3226,shipping,Ánh,Trần,99 Hai Bà Trưng,TP HCM,VN,0990267009,729649,1
6453,3227,billing,Linh,Đặng,22 Trần Hưng Đạo,TP HCM,VN,0954290665,463376,1
6454,3227,shipping,Linh,Đặng,99 Hai Bà Trưng,TP HCM,VN,0989000890,575014,1
6455,3228,billing,Khánh,Phạm,22 Trần Hưng Đạo,Hải Phòng,VN,0969621212,726719,1
6456,3228,shipping,Khánh,Phạm,123 Nguyễn Huệ,Hải Phòng,VN,0915375064,501978,1
6457,3229,billing,Thu,Hồ,45 Đinh Tiên Hoàng,TP HCM,VN,0914111894,357958,1
6458,3229,shipping,Thu,Hồ,22 Trần Hưng Đạo,TP HCM,VN,0948415008,518924,1
6459,3230,billing,Linh,Bùi,123 Nguyễn Huệ,Hà Nội,VN,0914942078,931576,1
6460,3230,shipping,Linh,Bùi,99 Hai Bà Trưng,Hà Nội,VN,0983291724,585525,1
6461,3231,billing,Phương,Dương,22 Trần Hưng Đạo,TP HCM,VN,0971668661,349329,1
6462,3231,shipping,Phương,Dương,78 Lê Lợi,TP HCM,VN,0964540537,912187,1
6463,3232,billing,Long,Lê,78 Lê Lợi,TP HCM,VN,0944624800,686627,1
6464,3232,shipping,Long,Lê,78 Lê Lợi,TP HCM,VN,0996276056,681642,1
6465,3233,billing,Hoa,Lê,22 Trần Hưng Đạo,Hà Nội,VN,0994866045,670978,1
6466,3233,shipping,Hoa,Lê,99 Hai Bà Trưng,Hà Nội,VN,0987865734,739117,1
6467,3234,billing,Trung,Phạm,78 Lê Lợi,Đà Nẵng,VN,0977363752,800622,1
6468,3234,shipping,Trung,Phạm,99 Hai Bà Trưng,Đà Nẵng,VN,0965938493,158969,1
6469,3235,billing,Yến,Dương,45 Đinh Tiên Hoàng,TP HCM,VN,0986863134,837639,1
6470,3235,shipping,Yến,Dương,22 Trần Hưng Đạo,TP HCM,VN,0992872922,149014,1
6471,3236,billing,Thành,Lê,22 Trần Hưng Đạo,Hà Nội,VN,0946081754,812482,1
6472,3236,shipping,Thành,Lê,78 Lê Lợi,Hà Nội,VN,0997615716,859857,1
6473,3237,billing,Hằng,Hoàng,78 Lê Lợi,TP HCM,VN,0964268643,516621,1
6474,3237,shipping,Hằng,Hoàng,123 Nguyễn Huệ,TP HCM,VN,0987450361,552723,1
6475,3238,billing,Hải,Đỗ,78 Lê Lợi,Hải Phòng,VN,0980980088,364828,1
6476,3238,shipping,Hải,Đỗ,22 Trần Hưng Đạo,Hải Phòng,VN,0947455596,890911,1
6477,3239,billing,Ánh,Phạm,78 Lê Lợi,Khánh Hòa,VN,0926183514,493166,1
6478,3239,shipping,Ánh,Phạm,22 Trần Hưng Đạo,Khánh Hòa,VN,0965596477,862614,1
6479,3240,billing,Đức,Hồ,123 Nguyễn Huệ,Bình Dương,VN,0917835309,718768,1
6480,3240,shipping,Đức,Hồ,22 Trần Hưng Đạo,Bình Dương,VN,0977043770,431090,1
6481,3241,billing,Minh,Nguyễn,45 Đinh Tiên Hoàng,Hà Nội,VN,0971799203,775192,1
6482,3241,shipping,Minh,Nguyễn,45 Đinh Tiên Hoàng,Hà Nội,VN,0981567004,712932,1
6483,3242,billing,Hải,Lê,45 Đinh Tiên Hoàng,TP HCM,VN,0957591083,815241,1
6484,3242,shipping,Hải,Lê,123 Nguyễn Huệ,TP HCM,VN,0953097614,924756,1
6485,3243,billing,Ánh,Trần,22 Trần Hưng Đạo,TP HCM,VN,0984065413,494006,1
6486,3243,shipping,Ánh,Trần,78 Lê Lợi,TP HCM,VN,0982252220,229799,1
6487,3244,billing,Mai,Hồ,123 Nguyễn Huệ,Bình Dương,VN,0974630162,318101,1
6488,3244,shipping,Mai,Hồ,22 Trần Hưng Đạo,Bình Dương,VN,0999498542,668056,1
6489,3245,billing,Hà,Phạm,22 Trần Hưng Đạo,Khánh Hòa,VN,0941202816,862719,1
6490,3245,shipping,Hà,Phạm,99 Hai Bà Trưng,Khánh Hòa,VN,0961161382,718415,1
6491,3246,billing,Việt,Phạm,123 Nguyễn Huệ,TP HCM,VN,0912513626,137069,1
6492,3246,shipping,Việt,Phạm,78 Lê Lợi,TP HCM,VN,0971004993,736677,1
6493,3247,billing,Việt,Dương,22 Trần Hưng Đạo,TP HCM,VN,0949549073,671898,1
6494,3247,shipping,Việt,Dương,45 Đinh Tiên Hoàng,TP HCM,VN,0944877509,878760,1
6495,3248,billing,Thảo,Trần,78 Lê Lợi,TP HCM,VN,0919552977,221688,1
6496,3248,shipping,Thảo,Trần,78 Lê Lợi,TP HCM,VN,0940449688,345896,1
6497,3249,billing,Quang,Hoàng,22 Trần Hưng Đạo,Bình Dương,VN,0968706578,535423,1
6498,3249,shipping,Quang,Hoàng,22 Trần Hưng Đạo,Bình Dương,VN,0985895572,847723,1
6499,3250,billing,Việt,Trần,99 Hai Bà Trưng,Hà Nội,VN,0921617888,549366,1
6500,3250,shipping,Việt,Trần,22 Trần Hưng Đạo,Hà Nội,VN,0927971580,245897,1
6501,3251,billing,Hải,Đỗ,78 Lê Lợi,Bình Dương,VN,0935659514,745119,1
6502,3251,shipping,Hải,Đỗ,22 Trần Hưng Đạo,Bình Dương,VN,0964990589,269827,1
6503,3252,billing,Hoa,Dương,45 Đinh Tiên Hoàng,TP HCM,VN,0990334578,599346,1
6504,3252,shipping,Hoa,Dương,99 Hai Bà Trưng,TP HCM,VN,0942924169,184975,1
6505,3253,billing,Ánh,Lê,123 Nguyễn Huệ,Hà Nội,VN,0925453937,438514,1
6506,3253,shipping,Ánh,Lê,123 Nguyễn Huệ,Hà Nội,VN,0927964364,353959,1
6507,3254,billing,Nga,Đặng,99 Hai Bà Trưng,TP HCM,VN,0920780444,638627,1
6508,3254,shipping,Nga,Đặng,78 Lê Lợi,TP HCM,VN,0948842434,834066,1
6509,3255,billing,Linh,Vũ,22 Trần Hưng Đạo,Hà Nội,VN,0970499674,483750,1
6510,3255,shipping,Linh,Vũ,45 Đinh Tiên Hoàng,Hà Nội,VN,0937331116,363846,1
6511,3256,billing,Yến,Đặng,123 Nguyễn Huệ,Bình Dương,VN,0949546597,390673,1
6512,3256,shipping,Yến,Đặng,123 Nguyễn Huệ,Bình Dương,VN,0922762041,997037,1
6513,3257,billing,Trang,Ngô,123 Nguyễn Huệ,Đà Nẵng,VN,0932571433,805148,1
6514,3257,shipping,Trang,Ngô,99 Hai Bà Trưng,Đà Nẵng,VN,0953812299,148106,1
6515,3258,billing,Trung,Phan,22 Trần Hưng Đạo,TP HCM,VN,0985526300,762851,1
6516,3258,shipping,Trung,Phan,22 Trần Hưng Đạo,TP HCM,VN,0989267488,194969,1
6517,3259,billing,Tuấn,Trần,78 Lê Lợi,TP HCM,VN,0969797984,534229,1
6518,3259,shipping,Tuấn,Trần,123 Nguyễn Huệ,TP HCM,VN,0996529598,400329,1
6519,3260,billing,Đức,Phạm,99 Hai Bà Trưng,Hà Nội,VN,0934484635,795873,1
6520,3260,shipping,Đức,Phạm,99 Hai Bà Trưng,Hà Nội,VN,0948879526,495166,1
6521,3261,billing,Việt,Vũ,123 Nguyễn Huệ,Hà Nội,VN,0975035389,662693,1
6522,3261,shipping,Việt,Vũ,99 Hai Bà Trưng,Hà Nội,VN,0913686710,427413,1
6523,3262,billing,Phương,Ngô,123 Nguyễn Huệ,Hải Phòng,VN,0941902139,947960,1
6524,3262,shipping,Phương,Ngô,45 Đinh Tiên Hoàng,Hải Phòng,VN,0973464024,995571,1
6525,3263,billing,Tuấn,Phan,99 Hai Bà Trưng,TP HCM,VN,0916795208,217362,1
6526,3263,shipping,Tuấn,Phan,78 Lê Lợi,TP HCM,VN,0935541719,850282,1
6527,3264,billing,Khánh,Dương,78 Lê Lợi,TP HCM,VN,0954383300,450384,1
6528,3264,shipping,Khánh,Dương,123 Nguyễn Huệ,TP HCM,VN,0988919362,795086,1
6529,3265,billing,Đức,Ngô,78 Lê Lợi,Hải Phòng,VN,0946078356,418093,1
6530,3265,shipping,Đức,Ngô,78 Lê Lợi,Hải Phòng,VN,0950425591,697442,1
6531,3266,billing,Thảo,Vũ,99 Hai Bà Trưng,TP HCM,VN,0955004362,255316,1
6532,3266,shipping,Thảo,Vũ,78 Lê Lợi,TP HCM,VN,0987710268,658889,1
6533,3267,billing,Yến,Bùi,22 Trần Hưng Đạo,Khánh Hòa,VN,0948839106,854458,1
6534,3267,shipping,Yến,Bùi,99 Hai Bà Trưng,Khánh Hòa,VN,0927779144,391778,1
6535,3268,billing,Ánh,Trần,78 Lê Lợi,TP HCM,VN,0990403946,682354,1
6536,3268,shipping,Ánh,Trần,45 Đinh Tiên Hoàng,TP HCM,VN,0991534667,237234,1
6537,3269,billing,Hằng,Đặng,45 Đinh Tiên Hoàng,TP HCM,VN,0988191310,329302,1
6538,3269,shipping,Hằng,Đặng,22 Trần Hưng Đạo,TP HCM,VN,0945367657,519059,1
6539,3270,billing,Nga,Dương,22 Trần Hưng Đạo,Khánh Hòa,VN,0944988926,676941,1
6540,3270,shipping,Nga,Dương,22 Trần Hưng Đạo,Khánh Hòa,VN,0952437594,949902,1
6541,3271,billing,Trung,Đặng,123 Nguyễn Huệ,Hà Nội,VN,0936481281,847360,1
6542,3271,shipping,Trung,Đặng,45 Đinh Tiên Hoàng,Hà Nội,VN,0959208661,697894,1
6543,3272,billing,Linh,Lê,78 Lê Lợi,Hà Nội,VN,0925107381,962408,1
6544,3272,shipping,Linh,Lê,78 Lê Lợi,Hà Nội,VN,0915672908,940743,1
6545,3273,billing,Long,Đỗ,78 Lê Lợi,Hà Nội,VN,0973025649,465900,1
6546,3273,shipping,Long,Đỗ,99 Hai Bà Trưng,Hà Nội,VN,0988282829,465786,1
6547,3274,billing,Hoa,Đỗ,78 Lê Lợi,TP HCM,VN,0989765271,509717,1
6548,3274,shipping,Hoa,Đỗ,78 Lê Lợi,TP HCM,VN,0924299526,299228,1
6549,3275,billing,Phương,Trần,123 Nguyễn Huệ,TP HCM,VN,0933099035,958384,1
6550,3275,shipping,Phương,Trần,99 Hai Bà Trưng,TP HCM,VN,0914676815,198311,1
6551,3276,billing,Nga,Bùi,78 Lê Lợi,Hải Phòng,VN,0925004451,200633,1
6552,3276,shipping,Nga,Bùi,78 Lê Lợi,Hải Phòng,VN,0938247953,656192,1
6553,3277,billing,Ngọc,Hoàng,78 Lê Lợi,Hà Nội,VN,0935265416,513292,1
6554,3277,shipping,Ngọc,Hoàng,123 Nguyễn Huệ,Hà Nội,VN,0936643678,669146,1
6555,3278,billing,Linh,Hoàng,78 Lê Lợi,TP HCM,VN,0965832371,930669,1
6556,3278,shipping,Linh,Hoàng,22 Trần Hưng Đạo,TP HCM,VN,0959421323,784154,1
6557,3279,billing,Việt,Bùi,22 Trần Hưng Đạo,TP HCM,VN,0947013630,982212,1
6558,3279,shipping,Việt,Bùi,123 Nguyễn Huệ,TP HCM,VN,0987649250,955707,1
6559,3280,billing,Hải,Nguyễn,45 Đinh Tiên Hoàng,Hà Nội,VN,0945235296,500146,1
6560,3280,shipping,Hải,Nguyễn,78 Lê Lợi,Hà Nội,VN,0992115552,374509,1
6561,3281,billing,Trung,Ngô,123 Nguyễn Huệ,TP HCM,VN,0953710839,180718,1
6562,3281,shipping,Trung,Ngô,99 Hai Bà Trưng,TP HCM,VN,0920427863,251606,1
6563,3282,billing,Linh,Lê,45 Đinh Tiên Hoàng,Hà Nội,VN,0933053690,246601,1
6564,3282,shipping,Linh,Lê,99 Hai Bà Trưng,Hà Nội,VN,0918262573,733624,1
6565,3283,billing,Bình,Đỗ,78 Lê Lợi,Khánh Hòa,VN,0976500179,489071,1
6566,3283,shipping,Bình,Đỗ,123 Nguyễn Huệ,Khánh Hòa,VN,0932618054,269897,1
6567,3284,billing,Minh,Vũ,22 Trần Hưng Đạo,TP HCM,VN,0919752731,733585,1
6568,3284,shipping,Minh,Vũ,22 Trần Hưng Đạo,TP HCM,VN,0954076903,919413,1
6569,3285,billing,Hà,Đặng,22 Trần Hưng Đạo,Hà Nội,VN,0996435184,972262,1
6570,3285,shipping,Hà,Đặng,123 Nguyễn Huệ,Hà Nội,VN,0993451459,320991,1
6571,3286,billing,Lan,Vũ,45 Đinh Tiên Hoàng,TP HCM,VN,0970797588,569854,1
6572,3286,shipping,Lan,Vũ,45 Đinh Tiên Hoàng,TP HCM,VN,0933337767,627238,1
6573,3287,billing,Ánh,Phan,22 Trần Hưng Đạo,TP HCM,VN,0951050431,561087,1
6574,3287,shipping,Ánh,Phan,99 Hai Bà Trưng,TP HCM,VN,0994831960,493917,1
6575,3288,billing,Hải,Vũ,45 Đinh Tiên Hoàng,TP HCM,VN,0985805097,872098,1
6576,3288,shipping,Hải,Vũ,22 Trần Hưng Đạo,TP HCM,VN,0919671320,288350,1
6577,3289,billing,Bình,Vũ,99 Hai Bà Trưng,Hà Nội,VN,0944622923,121043,1
6578,3289,shipping,Bình,Vũ,78 Lê Lợi,Hà Nội,VN,0960093258,459592,1
6579,3290,billing,Thành,Dương,78 Lê Lợi,TP HCM,VN,0930694044,349717,1
6580,3290,shipping,Thành,Dương,45 Đinh Tiên Hoàng,TP HCM,VN,0973153634,264235,1
6581,3291,billing,Minh,Dương,99 Hai Bà Trưng,Hà Nội,VN,0973241368,111260,1
6582,3291,shipping,Minh,Dương,45 Đinh Tiên Hoàng,Hà Nội,VN,0973361990,658223,1
6583,3292,billing,Thu,Dương,22 Trần Hưng Đạo,TP HCM,VN,0946318806,707778,1
6584,3292,shipping,Thu,Dương,123 Nguyễn Huệ,TP HCM,VN,0940702668,792031,1
6585,3293,billing,Hải,Trần,45 Đinh Tiên Hoàng,TP HCM,VN,0925562500,913604,1
6586,3293,shipping,Hải,Trần,22 Trần Hưng Đạo,TP HCM,VN,0919612767,885240,1
6587,3294,billing,Khánh,Hoàng,78 Lê Lợi,Hà Nội,VN,0958129027,309849,1
6588,3294,shipping,Khánh,Hoàng,99 Hai Bà Trưng,Hà Nội,VN,0997231544,560418,1
6589,3295,billing,Thành,Phan,78 Lê Lợi,Hà Nội,VN,0975341007,215605,1
6590,3295,shipping,Thành,Phan,78 Lê Lợi,Hà Nội,VN,0954456982,626008,1
6591,3296,billing,Quang,Bùi,99 Hai Bà Trưng,TP HCM,VN,0987928112,887775,1
6592,3296,shipping,Quang,Bùi,45 Đinh Tiên Hoàng,TP HCM,VN,0957345647,388144,1
6593,3297,billing,Ngọc,Ngô,123 Nguyễn Huệ,Hà Nội,VN,0935010572,553226,1
6594,3297,shipping,Ngọc,Ngô,78 Lê Lợi,Hà Nội,VN,0929217197,582075,1
6595,3298,billing,Tuấn,Nguyễn,123 Nguyễn Huệ,TP HCM,VN,0977850411,544168,1
6596,3298,shipping,Tuấn,Nguyễn,78 Lê Lợi,TP HCM,VN,0924770251,396914,1
6597,3299,billing,Mai,Đặng,78 Lê Lợi,TP HCM,VN,0943372777,891491,1
6598,3299,shipping,Mai,Đặng,22 Trần Hưng Đạo,TP HCM,VN,0936118327,336591,1
6599,3300,billing,Ngọc,Nguyễn,22 Trần Hưng Đạo,Hà Nội,VN,0980833116,494880,1
6600,3300,shipping,Ngọc,Nguyễn,123 Nguyễn Huệ,Hà Nội,VN,0931183177,136274,1
6601,3301,billing,Hùng,Hồ,78 Lê Lợi,Đà Nẵng,VN,0910077060,877308,1
6602,3301,shipping,Hùng,Hồ,45 Đinh Tiên Hoàng,Đà Nẵng,VN,0957073718,173522,1
6603,3302,billing,Thảo,Ngô,45 Đinh Tiên Hoàng,TP HCM,VN,0946205454,461170,1
6604,3302,shipping,Thảo,Ngô,22 Trần Hưng Đạo,TP HCM,VN,0988087259,948199,1
6605,3303,billing,Bình,Hồ,22 Trần Hưng Đạo,TP HCM,VN,0947360959,669923,1
6606,3303,shipping,Bình,Hồ,99 Hai Bà Trưng,TP HCM,VN,0978411481,589647,1
6607,3304,billing,Anh,Vũ,123 Nguyễn Huệ,Đà Nẵng,VN,0993183088,736862,1
6608,3304,shipping,Anh,Vũ,123 Nguyễn Huệ,Đà Nẵng,VN,0992624137,942532,1
6609,3305,billing,Bình,Hoàng,78 Lê Lợi,Bình Dương,VN,0924768663,199897,1
6610,3305,shipping,Bình,Hoàng,123 Nguyễn Huệ,Bình Dương,VN,0922203219,888346,1
6611,3306,billing,Việt,Trần,78 Lê Lợi,Bình Dương,VN,0952798987,115015,1
6612,3306,shipping,Việt,Trần,22 Trần Hưng Đạo,Bình Dương,VN,0921137366,520457,1
6613,3307,billing,Minh,Ngô,123 Nguyễn Huệ,TP HCM,VN,0954479534,145446,1
6614,3307,shipping,Minh,Ngô,22 Trần Hưng Đạo,TP HCM,VN,0934727541,842809,1
6615,3308,billing,Mai,Hồ,99 Hai Bà Trưng,Hà Nội,VN,0923959017,734897,1
6616,3308,shipping,Mai,Hồ,22 Trần Hưng Đạo,Hà Nội,VN,0918303243,773146,1
6617,3309,billing,Thu,Trần,22 Trần Hưng Đạo,Khánh Hòa,VN,0924650649,382673,1
6618,3309,shipping,Thu,Trần,78 Lê Lợi,Khánh Hòa,VN,0991457024,405895,1
6619,3310,billing,Thành,Hồ,99 Hai Bà Trưng,TP HCM,VN,0928212474,253003,1
6620,3310,shipping,Thành,Hồ,123 Nguyễn Huệ,TP HCM,VN,0930608518,593951,1
6621,3311,billing,Hằng,Vũ,22 Trần Hưng Đạo,TP HCM,VN,0959119784,364293,1
6622,3311,shipping,Hằng,Vũ,78 Lê Lợi,TP HCM,VN,0923641855,957176,1
6623,3312,billing,Thu,Bùi,123 Nguyễn Huệ,Hà Nội,VN,0987605036,705296,1
6624,3312,shipping,Thu,Bùi,45 Đinh Tiên Hoàng,Hà Nội,VN,0955747920,649346,1
6625,3313,billing,Nga,Hoàng,78 Lê Lợi,TP HCM,VN,0930686875,237715,1
6626,3313,shipping,Nga,Hoàng,22 Trần Hưng Đạo,TP HCM,VN,0947605257,993867,1
6627,3314,billing,Bình,Dương,123 Nguyễn Huệ,Khánh Hòa,VN,0964293396,364020,1
6628,3314,shipping,Bình,Dương,22 Trần Hưng Đạo,Khánh Hòa,VN,0919251190,692513,1
6629,3315,billing,Hà,Nguyễn,99 Hai Bà Trưng,Hà Nội,VN,0933664080,184532,1
6630,3315,shipping,Hà,Nguyễn,45 Đinh Tiên Hoàng,Hà Nội,VN,0979145076,170912,1
6631,3316,billing,Quang,Dương,99 Hai Bà Trưng,Đà Nẵng,VN,0954659990,623765,1
6632,3316,shipping,Quang,Dương,123 Nguyễn Huệ,Đà Nẵng,VN,0961736576,338449,1
6633,3317,billing,Thu,Bùi,123 Nguyễn Huệ,Hà Nội,VN,0915690710,333371,1
6634,3317,shipping,Thu,Bùi,123 Nguyễn Huệ,Hà Nội,VN,0922679206,142943,1
6635,3318,billing,Mai,Hoàng,45 Đinh Tiên Hoàng,TP HCM,VN,0936057088,783463,1
6636,3318,shipping,Mai,Hoàng,99 Hai Bà Trưng,TP HCM,VN,0998055659,907327,1
6637,3319,billing,Mai,Dương,99 Hai Bà Trưng,TP HCM,VN,0975525131,101441,1
6638,3319,shipping,Mai,Dương,45 Đinh Tiên Hoàng,TP HCM,VN,0954150286,898056,1
6639,3320,billing,Khánh,Vũ,123 Nguyễn Huệ,Hải Phòng,VN,0960077215,483475,1
6640,3320,shipping,Khánh,Vũ,22 Trần Hưng Đạo,Hải Phòng,VN,0992682128,933133,1
6641,3321,billing,Hà,Lê,78 Lê Lợi,Đà Nẵng,VN,0941205661,823057,1
6642,3321,shipping,Hà,Lê,22 Trần Hưng Đạo,Đà Nẵng,VN,0945324381,873839,1
6643,3322,billing,Trang,Lê,45 Đinh Tiên Hoàng,TP HCM,VN,0919098679,865393,1
6644,3322,shipping,Trang,Lê,45 Đinh Tiên Hoàng,TP HCM,VN,0975364863,746658,1
6645,3323,billing,Thành,Đặng,123 Nguyễn Huệ,Đà Nẵng,VN,0924755416,862835,1
6646,3323,shipping,Thành,Đặng,78 Lê Lợi,Đà Nẵng,VN,0962224788,707782,1
6647,3324,billing,Thu,Đặng,99 Hai Bà Trưng,TP HCM,VN,0970322545,188259,1
6648,3324,shipping,Thu,Đặng,78 Lê Lợi,TP HCM,VN,0914629546,689119,1
6649,3325,billing,Thảo,Dương,78 Lê Lợi,Quảng Ninh,VN,0914510058,567712,1
6650,3325,shipping,Thảo,Dương,22 Trần Hưng Đạo,Quảng Ninh,VN,0966279011,955405,1
6651,3326,billing,Ngọc,Ngô,99 Hai Bà Trưng,TP HCM,VN,0972621473,736729,1
6652,3326,shipping,Ngọc,Ngô,123 Nguyễn Huệ,TP HCM,VN,0974192482,657026,1
6653,3327,billing,Ngọc,Phạm,45 Đinh Tiên Hoàng,Hà Nội,VN,0968784861,421377,1
6654,3327,shipping,Ngọc,Phạm,22 Trần Hưng Đạo,Hà Nội,VN,0999936961,930834,1
6655,3328,billing,Lan,Hoàng,78 Lê Lợi,TP HCM,VN,0942636812,626506,1
6656,3328,shipping,Lan,Hoàng,123 Nguyễn Huệ,TP HCM,VN,0939005478,539310,1
6657,3329,billing,Long,Vũ,22 Trần Hưng Đạo,Hà Nội,VN,0996401974,250352,1
6658,3329,shipping,Long,Vũ,45 Đinh Tiên Hoàng,Hà Nội,VN,0918231153,141804,1
6659,3330,billing,Hoa,Trần,22 Trần Hưng Đạo,Hà Nội,VN,0992283188,213556,1
6660,3330,shipping,Hoa,Trần,78 Lê Lợi,Hà Nội,VN,0943721594,494303,1
6661,3331,billing,Phương,Phan,123 Nguyễn Huệ,Hà Nội,VN,0965088967,784089,1
6662,3331,shipping,Phương,Phan,123 Nguyễn Huệ,Hà Nội,VN,0922908857,457047,1
6663,3332,billing,Mai,Nguyễn,78 Lê Lợi,Đồng Nai,VN,0978759227,922198,1
6664,3332,shipping,Mai,Nguyễn,45 Đinh Tiên Hoàng,Đồng Nai,VN,0970356991,965850,1
6665,3333,billing,Anh,Trần,45 Đinh Tiên Hoàng,Bình Dương,VN,0934488419,109994,1
6666,3333,shipping,Anh,Trần,123 Nguyễn Huệ,Bình Dương,VN,0967703841,818561,1
6667,3334,billing,Thành,Nguyễn,99 Hai Bà Trưng,Hà Nội,VN,0972870559,833712,1
6668,3334,shipping,Thành,Nguyễn,99 Hai Bà Trưng,Hà Nội,VN,0975062132,925936,1
6669,3335,billing,Trung,Đỗ,99 Hai Bà Trưng,TP HCM,VN,0947839398,657393,1
6670,3335,shipping,Trung,Đỗ,99 Hai Bà Trưng,TP HCM,VN,0995142255,965752,1
6671,3336,billing,Hùng,Bùi,99 Hai Bà Trưng,TP HCM,VN,0917192257,900088,1
6672,3336,shipping,Hùng,Bùi,123 Nguyễn Huệ,TP HCM,VN,0998259956,799464,1
6673,3337,billing,Yến,Nguyễn,99 Hai Bà Trưng,Hà Nội,VN,0963884188,362428,1
6674,3337,shipping,Yến,Nguyễn,22 Trần Hưng Đạo,Hà Nội,VN,0974432500,474248,1
6675,3338,billing,Hải,Nguyễn,45 Đinh Tiên Hoàng,Hà Nội,VN,0983698684,140313,1
6676,3338,shipping,Hải,Nguyễn,22 Trần Hưng Đạo,Hà Nội,VN,0952676365,397724,1
6677,3339,billing,Yến,Đỗ,45 Đinh Tiên Hoàng,Hà Nội,VN,0913861566,942757,1
6678,3339,shipping,Yến,Đỗ,123 Nguyễn Huệ,Hà Nội,VN,0951835416,280919,1
6679,3340,billing,Trung,Lê,99 Hai Bà Trưng,TP HCM,VN,0965134359,697087,1
6680,3340,shipping,Trung,Lê,99 Hai Bà Trưng,TP HCM,VN,0981037235,671100,1
6681,3341,billing,Long,Hồ,78 Lê Lợi,Đà Nẵng,VN,0971978681,765989,1
6682,3341,shipping,Long,Hồ,99 Hai Bà Trưng,Đà Nẵng,VN,0939252750,665867,1
6683,3342,billing,Thu,Hoàng,45 Đinh Tiên Hoàng,Hà Nội,VN,0946231838,230433,1
6684,3342,shipping,Thu,Hoàng,45 Đinh Tiên Hoàng,Hà Nội,VN,0984933855,223255,1
6685,3343,billing,Linh,Bùi,45 Đinh Tiên Hoàng,Bình Dương,VN,0992770934,218779,1
6686,3343,shipping,Linh,Bùi,78 Lê Lợi,Bình Dương,VN,0913532733,484085,1
6687,3344,billing,Lan,Nguyễn,78 Lê Lợi,Đà Nẵng,VN,0957404844,552490,1
6688,3344,shipping,Lan,Nguyễn,99 Hai Bà Trưng,Đà Nẵng,VN,0922603836,267468,1
6689,3345,billing,Đức,Dương,78 Lê Lợi,Quảng Ninh,VN,0993108991,769500,1
6690,3345,shipping,Đức,Dương,78 Lê Lợi,Quảng Ninh,VN,0916453938,228421,1
6691,3346,billing,Hằng,Đỗ,99 Hai Bà Trưng,Hà Nội,VN,0991573890,795033,1
6692,3346,shipping,Hằng,Đỗ,99 Hai Bà Trưng,Hà Nội,VN,0912865211,491526,1
6693,3347,billing,Minh,Lê,45 Đinh Tiên Hoàng,Hà Nội,VN,0978700668,810793,1
6694,3347,shipping,Minh,Lê,99 Hai Bà Trưng,Hà Nội,VN,0929205883,717766,1
6695,3348,billing,Hằng,Dương,22 Trần Hưng Đạo,Hải Phòng,VN,0928111141,319453,1
6696,3348,shipping,Hằng,Dương,22 Trần Hưng Đạo,Hải Phòng,VN,0920986325,226099,1
6697,3349,billing,Hùng,Nguyễn,99 Hai Bà Trưng,Hà Nội,VN,0954049719,576613,1
6698,3349,shipping,Hùng,Nguyễn,22 Trần Hưng Đạo,Hà Nội,VN,0975438198,720303,1
6699,3350,billing,Anh,Hồ,78 Lê Lợi,Hà Nội,VN,0922593723,265105,1
6700,3350,shipping,Anh,Hồ,78 Lê Lợi,Hà Nội,VN,0921687156,607085,1
6701,3351,billing,Nga,Hồ,99 Hai Bà Trưng,Hải Phòng,VN,0983969557,922882,1
6702,3351,shipping,Nga,Hồ,78 Lê Lợi,Hải Phòng,VN,0939234298,327008,1
6703,3352,billing,Đức,Trần,99 Hai Bà Trưng,Hà Nội,VN,0985344105,286895,1
6704,3352,shipping,Đức,Trần,123 Nguyễn Huệ,Hà Nội,VN,0996989461,909542,1
6705,3353,billing,Mai,Nguyễn,123 Nguyễn Huệ,TP HCM,VN,0950395885,841640,1
6706,3353,shipping,Mai,Nguyễn,123 Nguyễn Huệ,TP HCM,VN,0987179581,274760,1
6707,3354,billing,Nga,Nguyễn,45 Đinh Tiên Hoàng,Hà Nội,VN,0947720477,860142,1
6708,3354,shipping,Nga,Nguyễn,78 Lê Lợi,Hà Nội,VN,0911644501,846607,1
6709,3355,billing,Hoa,Vũ,22 Trần Hưng Đạo,TP HCM,VN,0944184798,381794,1
6710,3355,shipping,Hoa,Vũ,45 Đinh Tiên Hoàng,TP HCM,VN,0942176143,932747,1
6711,3356,billing,Hải,Trần,78 Lê Lợi,Hà Nội,VN,0926463084,538531,1
6712,3356,shipping,Hải,Trần,99 Hai Bà Trưng,Hà Nội,VN,0970782267,132809,1
6713,3357,billing,Hằng,Hoàng,45 Đinh Tiên Hoàng,Hà Nội,VN,0977389193,204880,1
6714,3357,shipping,Hằng,Hoàng,123 Nguyễn Huệ,Hà Nội,VN,0962590888,954577,1
6715,3358,billing,Lan,Đỗ,22 Trần Hưng Đạo,TP HCM,VN,0954869329,760519,1
6716,3358,shipping,Lan,Đỗ,123 Nguyễn Huệ,TP HCM,VN,0927282407,254076,1
6717,3359,billing,Minh,Hoàng,123 Nguyễn Huệ,TP HCM,VN,0989920698,826351,1
6718,3359,shipping,Minh,Hoàng,99 Hai Bà Trưng,TP HCM,VN,0933840870,369535,1
6719,3360,billing,Hùng,Trần,22 Trần Hưng Đạo,TP HCM,VN,0916988230,584467,1
6720,3360,shipping,Hùng,Trần,22 Trần Hưng Đạo,TP HCM,VN,0934373132,991698,1
6721,3361,billing,Hằng,Đỗ,22 Trần Hưng Đạo,Khánh Hòa,VN,0937549263,954889,1
6722,3361,shipping,Hằng,Đỗ,45 Đinh Tiên Hoàng,Khánh Hòa,VN,0970298802,363332,1
6723,3362,billing,Ngọc,Lê,99 Hai Bà Trưng,Đà Nẵng,VN,0928368669,873965,1
6724,3362,shipping,Ngọc,Lê,78 Lê Lợi,Đà Nẵng,VN,0960574233,226830,1
6725,3363,billing,Ngọc,Hoàng,45 Đinh Tiên Hoàng,Hà Nội,VN,0982289719,438410,1
6726,3363,shipping,Ngọc,Hoàng,45 Đinh Tiên Hoàng,Hà Nội,VN,0988631329,356798,1
6727,3364,billing,Mai,Vũ,45 Đinh Tiên Hoàng,Đồng Nai,VN,0925718207,205940,1
6728,3364,shipping,Mai,Vũ,45 Đinh Tiên Hoàng,Đồng Nai,VN,0933252117,152154,1
6729,3365,billing,Long,Bùi,123 Nguyễn Huệ,Hà Nội,VN,0985484814,236944,1
6730,3365,shipping,Long,Bùi,123 Nguyễn Huệ,Hà Nội,VN,0959580462,673893,1
6731,3366,billing,Khánh,Hoàng,123 Nguyễn Huệ,TP HCM,VN,0913803178,807970,1
6732,3366,shipping,Khánh,Hoàng,22 Trần Hưng Đạo,TP HCM,VN,0960364655,723730,1
6733,3367,billing,Việt,Vũ,45 Đinh Tiên Hoàng,TP HCM,VN,0982784906,190919,1
6734,3367,shipping,Việt,Vũ,45 Đinh Tiên Hoàng,TP HCM,VN,0961219453,161023,1
6735,3368,billing,Hùng,Hồ,45 Đinh Tiên Hoàng,TP HCM,VN,0990867691,206553,1
6736,3368,shipping,Hùng,Hồ,99 Hai Bà Trưng,TP HCM,VN,0966776059,219163,1
6737,3369,billing,Hà,Đỗ,22 Trần Hưng Đạo,TP HCM,VN,0923486553,653593,1
6738,3369,shipping,Hà,Đỗ,78 Lê Lợi,TP HCM,VN,0972827661,505535,1
6739,3370,billing,Hùng,Hoàng,45 Đinh Tiên Hoàng,TP HCM,VN,0950674319,620035,1
6740,3370,shipping,Hùng,Hoàng,45 Đinh Tiên Hoàng,TP HCM,VN,0973644835,827497,1
6741,3371,billing,Anh,Hồ,78 Lê Lợi,Hà Nội,VN,0999545274,674801,1
6742,3371,shipping,Anh,Hồ,123 Nguyễn Huệ,Hà Nội,VN,0991358365,922064,1
6743,3372,billing,Ánh,Trần,123 Nguyễn Huệ,Hải Phòng,VN,0979629056,825964,1
6744,3372,shipping,Ánh,Trần,123 Nguyễn Huệ,Hải Phòng,VN,0954113395,913107,1
6745,3373,billing,Trung,Phan,78 Lê Lợi,TP HCM,VN,0979393021,457864,1
6746,3373,shipping,Trung,Phan,123 Nguyễn Huệ,TP HCM,VN,0996608177,132539,1
6747,3374,billing,Phương,Nguyễn,45 Đinh Tiên Hoàng,TP HCM,VN,0919976211,153142,1
6748,3374,shipping,Phương,Nguyễn,99 Hai Bà Trưng,TP HCM,VN,0931203123,560298,1
6749,3375,billing,Khánh,Phạm,22 Trần Hưng Đạo,Hà Nội,VN,0942895315,216208,1
6750,3375,shipping,Khánh,Phạm,22 Trần Hưng Đạo,Hà Nội,VN,0948404457,116810,1
6751,3376,billing,Thu,Ngô,99 Hai Bà Trưng,TP HCM,VN,0976702619,443873,1
6752,3376,shipping,Thu,Ngô,78 Lê Lợi,TP HCM,VN,0960410440,323705,1
6753,3377,billing,Hùng,Hồ,78 Lê Lợi,Khánh Hòa,VN,0912892360,117737,1
6754,3377,shipping,Hùng,Hồ,123 Nguyễn Huệ,Khánh Hòa,VN,0936670848,397063,1
6755,3378,billing,Bình,Vũ,123 Nguyễn Huệ,Hà Nội,VN,0990097225,378536,1
6756,3378,shipping,Bình,Vũ,99 Hai Bà Trưng,Hà Nội,VN,0977763471,415798,1
6757,3379,billing,Hùng,Ngô,78 Lê Lợi,Hà Nội,VN,0981635331,720697,1
6758,3379,shipping,Hùng,Ngô,78 Lê Lợi,Hà Nội,VN,0995635657,561108,1
6759,3380,billing,Thu,Ngô,45 Đinh Tiên Hoàng,Hà Nội,VN,0920797500,695027,1
6760,3380,shipping,Thu,Ngô,22 Trần Hưng Đạo,Hà Nội,VN,0979257824,634373,1
6761,3381,billing,Đức,Đỗ,22 Trần Hưng Đạo,Hà Nội,VN,0984317589,958515,1
6762,3381,shipping,Đức,Đỗ,78 Lê Lợi,Hà Nội,VN,0938092599,308526,1
6763,3382,billing,Nga,Hồ,99 Hai Bà Trưng,TP HCM,VN,0956219119,553527,1
6764,3382,shipping,Nga,Hồ,99 Hai Bà Trưng,TP HCM,VN,0934765347,340366,1
6765,3383,billing,Ngọc,Đỗ,22 Trần Hưng Đạo,TP HCM,VN,0920074193,177968,1
6766,3383,shipping,Ngọc,Đỗ,22 Trần Hưng Đạo,TP HCM,VN,0960043453,822914,1
6767,3384,billing,Anh,Ngô,22 Trần Hưng Đạo,TP HCM,VN,0962707953,329806,1
6768,3384,shipping,Anh,Ngô,99 Hai Bà Trưng,TP HCM,VN,0958579036,320916,1
6769,3385,billing,Anh,Hồ,45 Đinh Tiên Hoàng,Hà Nội,VN,0921562073,210420,1
6770,3385,shipping,Anh,Hồ,78 Lê Lợi,Hà Nội,VN,0995828527,855220,1
6771,3386,billing,Quang,Hoàng,123 Nguyễn Huệ,Khánh Hòa,VN,0938805705,136122,1
6772,3386,shipping,Quang,Hoàng,45 Đinh Tiên Hoàng,Khánh Hòa,VN,0974276272,419206,1
6773,3387,billing,Tuấn,Phạm,22 Trần Hưng Đạo,TP HCM,VN,0962487311,417424,1
6774,3387,shipping,Tuấn,Phạm,99 Hai Bà Trưng,TP HCM,VN,0986636697,681042,1
6775,3388,billing,Minh,Đặng,99 Hai Bà Trưng,TP HCM,VN,0953819296,743332,1
6776,3388,shipping,Minh,Đặng,78 Lê Lợi,TP HCM,VN,0966189058,258835,1
6777,3389,billing,Thành,Ngô,99 Hai Bà Trưng,Hà Nội,VN,0971278819,490340,1
6778,3389,shipping,Thành,Ngô,123 Nguyễn Huệ,Hà Nội,VN,0945227662,343809,1
6779,3390,billing,Thành,Đặng,78 Lê Lợi,Hà Nội,VN,0930019794,639966,1
6780,3390,shipping,Thành,Đặng,22 Trần Hưng Đạo,Hà Nội,VN,0966080585,972476,1
6781,3391,billing,Ngọc,Ngô,123 Nguyễn Huệ,TP HCM,VN,0992030162,262170,1
6782,3391,shipping,Ngọc,Ngô,123 Nguyễn Huệ,TP HCM,VN,0911399891,923833,1
6783,3392,billing,Hà,Hoàng,45 Đinh Tiên Hoàng,Hà Nội,VN,0993307690,864534,1
6784,3392,shipping,Hà,Hoàng,99 Hai Bà Trưng,Hà Nội,VN,0952132843,615839,1
6785,3393,billing,Mai,Bùi,45 Đinh Tiên Hoàng,Đồng Nai,VN,0929794697,742460,1
6786,3393,shipping,Mai,Bùi,45 Đinh Tiên Hoàng,Đồng Nai,VN,0953820652,447338,1
6787,3394,billing,Khánh,Hồ,45 Đinh Tiên Hoàng,TP HCM,VN,0937202117,840151,1
6788,3394,shipping,Khánh,Hồ,22 Trần Hưng Đạo,TP HCM,VN,0911892081,783619,1
6789,3395,billing,Bình,Bùi,78 Lê Lợi,Hà Nội,VN,0939402445,515760,1
6790,3395,shipping,Bình,Bùi,99 Hai Bà Trưng,Hà Nội,VN,0978711219,465806,1
6791,3396,billing,Minh,Dương,22 Trần Hưng Đạo,TP HCM,VN,0915767532,395266,1
6792,3396,shipping,Minh,Dương,45 Đinh Tiên Hoàng,TP HCM,VN,0910530525,780431,1
6793,3397,billing,Hùng,Ngô,45 Đinh Tiên Hoàng,Quảng Ninh,VN,0995774434,889965,1
6794,3397,shipping,Hùng,Ngô,45 Đinh Tiên Hoàng,Quảng Ninh,VN,0985028507,475473,1
6795,3398,billing,Anh,Hoàng,78 Lê Lợi,Hà Nội,VN,0952801845,169309,1
6796,3398,shipping,Anh,Hoàng,78 Lê Lợi,Hà Nội,VN,0979848474,168624,1
6797,3399,billing,Hùng,Vũ,99 Hai Bà Trưng,Bình Dương,VN,0924664331,402880,1
6798,3399,shipping,Hùng,Vũ,22 Trần Hưng Đạo,Bình Dương,VN,0986317526,239947,1
6799,3400,billing,Long,Lê,45 Đinh Tiên Hoàng,Quảng Ninh,VN,0926181425,543852,1
6800,3400,shipping,Long,Lê,123 Nguyễn Huệ,Quảng Ninh,VN,0994182134,918726,1
6801,3401,billing,Hằng,Dương,123 Nguyễn Huệ,Hải Phòng,VN,0985982415,148039,1
6802,3401,shipping,Hằng,Dương,123 Nguyễn Huệ,Hải Phòng,VN,0917515030,871757,1
6803,3402,billing,Bình,Nguyễn,45 Đinh Tiên Hoàng,Đồng Nai,VN,0972514756,622371,1
6804,3402,shipping,Bình,Nguyễn,45 Đinh Tiên Hoàng,Đồng Nai,VN,0913029600,676619,1
6805,3403,billing,Khánh,Phan,22 Trần Hưng Đạo,Hà Nội,VN,0918962144,183273,1
6806,3403,shipping,Khánh,Phan,78 Lê Lợi,Hà Nội,VN,0919016712,291551,1
6807,3404,billing,Thu,Ngô,78 Lê Lợi,Hải Phòng,VN,0997687188,348054,1
6808,3404,shipping,Thu,Ngô,99 Hai Bà Trưng,Hải Phòng,VN,0938242158,709374,1
6809,3405,billing,Trang,Phan,22 Trần Hưng Đạo,TP HCM,VN,0947648070,546974,1
6810,3405,shipping,Trang,Phan,99 Hai Bà Trưng,TP HCM,VN,0959023114,725893,1
6811,3406,billing,Phương,Ngô,22 Trần Hưng Đạo,Hà Nội,VN,0926988692,358201,1
6812,3406,shipping,Phương,Ngô,22 Trần Hưng Đạo,Hà Nội,VN,0953378177,477101,1
6813,3407,billing,Bình,Hồ,99 Hai Bà Trưng,TP HCM,VN,0928351307,272130,1
6814,3407,shipping,Bình,Hồ,123 Nguyễn Huệ,TP HCM,VN,0947023736,297989,1
6815,3408,billing,Minh,Nguyễn,78 Lê Lợi,Hà Nội,VN,0942077484,493513,1
6816,3408,shipping,Minh,Nguyễn,78 Lê Lợi,Hà Nội,VN,0983852325,333528,1
6817,3409,billing,Thành,Ngô,123 Nguyễn Huệ,TP HCM,VN,0998237447,258784,1
6818,3409,shipping,Thành,Ngô,78 Lê Lợi,TP HCM,VN,0942543352,738659,1
6819,3410,billing,Hoa,Nguyễn,123 Nguyễn Huệ,TP HCM,VN,0987183970,798251,1
6820,3410,shipping,Hoa,Nguyễn,45 Đinh Tiên Hoàng,TP HCM,VN,0912101743,486636,1
6821,3411,billing,Tuấn,Phan,45 Đinh Tiên Hoàng,Hà Nội,VN,0969184763,329731,1
6822,3411,shipping,Tuấn,Phan,78 Lê Lợi,Hà Nội,VN,0969844973,745111,1
6823,3412,billing,Hà,Đặng,123 Nguyễn Huệ,Đà Nẵng,VN,0977235763,700240,1
6824,3412,shipping,Hà,Đặng,123 Nguyễn Huệ,Đà Nẵng,VN,0933573998,235348,1
6825,3413,billing,Minh,Hồ,78 Lê Lợi,Đà Nẵng,VN,0985210356,405460,1
6826,3413,shipping,Minh,Hồ,99 Hai Bà Trưng,Đà Nẵng,VN,0940454904,610196,1
6827,3414,billing,Hằng,Trần,123 Nguyễn Huệ,Đồng Nai,VN,0971547381,951881,1
6828,3414,shipping,Hằng,Trần,22 Trần Hưng Đạo,Đồng Nai,VN,0947216981,380626,1
6829,3415,billing,Long,Hồ,45 Đinh Tiên Hoàng,Khánh Hòa,VN,0999453321,131648,1
6830,3415,shipping,Long,Hồ,99 Hai Bà Trưng,Khánh Hòa,VN,0946916403,383737,1
6831,3416,billing,Thu,Dương,78 Lê Lợi,Hải Phòng,VN,0946083547,133675,1
6832,3416,shipping,Thu,Dương,45 Đinh Tiên Hoàng,Hải Phòng,VN,0971133475,189293,1
6833,3417,billing,Phương,Nguyễn,123 Nguyễn Huệ,TP HCM,VN,0939832460,907374,1
6834,3417,shipping,Phương,Nguyễn,22 Trần Hưng Đạo,TP HCM,VN,0986472839,783678,1
6835,3418,billing,Hà,Ngô,78 Lê Lợi,TP HCM,VN,0994298341,576704,1
6836,3418,shipping,Hà,Ngô,123 Nguyễn Huệ,TP HCM,VN,0998556219,906550,1
6837,3419,billing,Thảo,Dương,45 Đinh Tiên Hoàng,Đồng Nai,VN,0982417550,260781,1
6838,3419,shipping,Thảo,Dương,123 Nguyễn Huệ,Đồng Nai,VN,0973238682,315076,1
6839,3420,billing,Hùng,Đặng,78 Lê Lợi,Hà Nội,VN,0935246780,983641,1
6840,3420,shipping,Hùng,Đặng,78 Lê Lợi,Hà Nội,VN,0959176234,966621,1
6841,3421,billing,Phương,Ngô,99 Hai Bà Trưng,TP HCM,VN,0920728279,171328,1
6842,3421,shipping,Phương,Ngô,22 Trần Hưng Đạo,TP HCM,VN,0965696711,888469,1
6843,3422,billing,Quang,Đặng,78 Lê Lợi,Bình Dương,VN,0970961288,748967,1
6844,3422,shipping,Quang,Đặng,45 Đinh Tiên Hoàng,Bình Dương,VN,0975085211,151568,1
6845,3423,billing,Hải,Hồ,99 Hai Bà Trưng,Đà Nẵng,VN,0925966863,132352,1
6846,3423,shipping,Hải,Hồ,22 Trần Hưng Đạo,Đà Nẵng,VN,0950650213,341952,1
6847,3424,billing,Thu,Đặng,99 Hai Bà Trưng,Hà Nội,VN,0952383924,743692,1
6848,3424,shipping,Thu,Đặng,78 Lê Lợi,Hà Nội,VN,0923920234,238144,1
6849,3425,billing,Hải,Phan,45 Đinh Tiên Hoàng,Hà Nội,VN,0965058788,553379,1
6850,3425,shipping,Hải,Phan,45 Đinh Tiên Hoàng,Hà Nội,VN,0940932402,609889,1
6851,3426,billing,Long,Hoàng,78 Lê Lợi,TP HCM,VN,0917478534,363748,1
6852,3426,shipping,Long,Hoàng,123 Nguyễn Huệ,TP HCM,VN,0963922851,698471,1
6853,3427,billing,Long,Ngô,78 Lê Lợi,Hà Nội,VN,0953466329,598927,1
6854,3427,shipping,Long,Ngô,78 Lê Lợi,Hà Nội,VN,0995438427,576825,1
6855,3428,billing,Yến,Lê,123 Nguyễn Huệ,TP HCM,VN,0957934246,778274,1
6856,3428,shipping,Yến,Lê,99 Hai Bà Trưng,TP HCM,VN,0997529080,583348,1
6857,3429,billing,Ánh,Ngô,22 Trần Hưng Đạo,Hải Phòng,VN,0912416743,934038,1
6858,3429,shipping,Ánh,Ngô,123 Nguyễn Huệ,Hải Phòng,VN,0960386582,712021,1
6859,3430,billing,Anh,Vũ,45 Đinh Tiên Hoàng,Hà Nội,VN,0956211561,204630,1
6860,3430,shipping,Anh,Vũ,22 Trần Hưng Đạo,Hà Nội,VN,0944509181,873933,1
6861,3431,billing,Ngọc,Vũ,123 Nguyễn Huệ,TP HCM,VN,0934064418,524843,1
6862,3431,shipping,Ngọc,Vũ,99 Hai Bà Trưng,TP HCM,VN,0942938716,169880,1
6863,3432,billing,Trung,Hoàng,99 Hai Bà Trưng,TP HCM,VN,0994099098,295852,1
6864,3432,shipping,Trung,Hoàng,45 Đinh Tiên Hoàng,TP HCM,VN,0942084325,810891,1
6865,3433,billing,Phương,Phan,99 Hai Bà Trưng,TP HCM,VN,0985540108,456010,1
6866,3433,shipping,Phương,Phan,123 Nguyễn Huệ,TP HCM,VN,0932713002,846569,1
6867,3434,billing,Linh,Lê,99 Hai Bà Trưng,TP HCM,VN,0939246094,910036,1
6868,3434,shipping,Linh,Lê,78 Lê Lợi,TP HCM,VN,0937387355,186515,1
6869,3435,billing,Việt,Phạm,99 Hai Bà Trưng,Hà Nội,VN,0952129620,457789,1
6870,3435,shipping,Việt,Phạm,22 Trần Hưng Đạo,Hà Nội,VN,0968750332,481824,1
6871,3436,billing,Quang,Ngô,123 Nguyễn Huệ,Đồng Nai,VN,0954535663,405571,1
6872,3436,shipping,Quang,Ngô,22 Trần Hưng Đạo,Đồng Nai,VN,0937541781,627983,1
6873,3437,billing,Hùng,Trần,45 Đinh Tiên Hoàng,TP HCM,VN,0944584140,899270,1
6874,3437,shipping,Hùng,Trần,99 Hai Bà Trưng,TP HCM,VN,0946417484,321092,1
6875,3438,billing,Việt,Nguyễn,78 Lê Lợi,Hải Phòng,VN,0980553324,798053,1
6876,3438,shipping,Việt,Nguyễn,123 Nguyễn Huệ,Hải Phòng,VN,0976664932,251385,1
6877,3439,billing,Mai,Hoàng,45 Đinh Tiên Hoàng,TP HCM,VN,0920485908,781977,1
6878,3439,shipping,Mai,Hoàng,22 Trần Hưng Đạo,TP HCM,VN,0956473361,111911,1
6879,3440,billing,Yến,Bùi,78 Lê Lợi,TP HCM,VN,0915682801,938465,1
6880,3440,shipping,Yến,Bùi,123 Nguyễn Huệ,TP HCM,VN,0996937786,251718,1
6881,3441,billing,Tuấn,Ngô,99 Hai Bà Trưng,TP HCM,VN,0916653920,747809,1
6882,3441,shipping,Tuấn,Ngô,78 Lê Lợi,TP HCM,VN,0974755812,713685,1
6883,3442,billing,Nga,Phan,45 Đinh Tiên Hoàng,Hà Nội,VN,0995241452,369806,1
6884,3442,shipping,Nga,Phan,45 Đinh Tiên Hoàng,Hà Nội,VN,0910591220,466708,1
6885,3443,billing,Yến,Vũ,123 Nguyễn Huệ,Đà Nẵng,VN,0996846148,615633,1
6886,3443,shipping,Yến,Vũ,22 Trần Hưng Đạo,Đà Nẵng,VN,0981186829,429535,1
6887,3444,billing,Yến,Lê,45 Đinh Tiên Hoàng,TP HCM,VN,0961551289,311247,1
6888,3444,shipping,Yến,Lê,22 Trần Hưng Đạo,TP HCM,VN,0942304437,163889,1
6889,3445,billing,Trung,Vũ,45 Đinh Tiên Hoàng,Hà Nội,VN,0939877944,448746,1
6890,3445,shipping,Trung,Vũ,78 Lê Lợi,Hà Nội,VN,0935713150,298847,1
6891,3446,billing,Long,Nguyễn,22 Trần Hưng Đạo,Hà Nội,VN,0927998055,303534,1
6892,3446,shipping,Long,Nguyễn,123 Nguyễn Huệ,Hà Nội,VN,0952582389,624144,1
6893,3447,billing,Trang,Dương,123 Nguyễn Huệ,TP HCM,VN,0934783038,725450,1
6894,3447,shipping,Trang,Dương,99 Hai Bà Trưng,TP HCM,VN,0944455949,187555,1
6895,3448,billing,Nga,Dương,78 Lê Lợi,Hà Nội,VN,0910738999,698197,1
6896,3448,shipping,Nga,Dương,123 Nguyễn Huệ,Hà Nội,VN,0928152306,529533,1
6897,3449,billing,Thu,Vũ,123 Nguyễn Huệ,Khánh Hòa,VN,0926047123,964510,1
6898,3449,shipping,Thu,Vũ,45 Đinh Tiên Hoàng,Khánh Hòa,VN,0937420335,612716,1
6899,3450,billing,Linh,Đỗ,45 Đinh Tiên Hoàng,Đồng Nai,VN,0987840789,741700,1
6900,3450,shipping,Linh,Đỗ,45 Đinh Tiên Hoàng,Đồng Nai,VN,0910232125,209667,1
6901,3451,billing,Bình,Phạm,22 Trần Hưng Đạo,Hà Nội,VN,0912621373,210591,1
6902,3451,shipping,Bình,Phạm,78 Lê Lợi,Hà Nội,VN,0912901099,411640,1
6903,3452,billing,Hằng,Lê,45 Đinh Tiên Hoàng,Hà Nội,VN,0917215574,373290,1
6904,3452,shipping,Hằng,Lê,78 Lê Lợi,Hà Nội,VN,0956963768,985882,1
6905,3453,billing,Hùng,Vũ,22 Trần Hưng Đạo,TP HCM,VN,0960571363,801513,1
6906,3453,shipping,Hùng,Vũ,45 Đinh Tiên Hoàng,TP HCM,VN,0937389247,858363,1
6907,3454,billing,Linh,Hoàng,45 Đinh Tiên Hoàng,TP HCM,VN,0937436182,979744,1
6908,3454,shipping,Linh,Hoàng,45 Đinh Tiên Hoàng,TP HCM,VN,0962077649,836780,1
6909,3455,billing,Hải,Hoàng,123 Nguyễn Huệ,Hà Nội,VN,0991242278,167311,1
6910,3455,shipping,Hải,Hoàng,22 Trần Hưng Đạo,Hà Nội,VN,0942097410,219539,1
6911,3456,billing,Thu,Lê,123 Nguyễn Huệ,TP HCM,VN,0980748549,149439,1
6912,3456,shipping,Thu,Lê,99 Hai Bà Trưng,TP HCM,VN,0948099716,488027,1
6913,3457,billing,Thành,Hoàng,123 Nguyễn Huệ,TP HCM,VN,0927539260,492670,1
6914,3457,shipping,Thành,Hoàng,78 Lê Lợi,TP HCM,VN,0985337058,272652,1
6915,3458,billing,Phương,Vũ,99 Hai Bà Trưng,TP HCM,VN,0997528648,939448,1
6916,3458,shipping,Phương,Vũ,22 Trần Hưng Đạo,TP HCM,VN,0996794063,405485,1
6917,3459,billing,Bình,Dương,22 Trần Hưng Đạo,Hải Phòng,VN,0994523052,193698,1
6918,3459,shipping,Bình,Dương,78 Lê Lợi,Hải Phòng,VN,0952986741,773141,1
6919,3460,billing,Bình,Đỗ,45 Đinh Tiên Hoàng,TP HCM,VN,0969444811,426774,1
6920,3460,shipping,Bình,Đỗ,123 Nguyễn Huệ,TP HCM,VN,0917967849,341693,1
6921,3461,billing,Thảo,Hoàng,123 Nguyễn Huệ,Hà Nội,VN,0926155315,861240,1
6922,3461,shipping,Thảo,Hoàng,123 Nguyễn Huệ,Hà Nội,VN,0998821703,328891,1
6923,3462,billing,Yến,Bùi,78 Lê Lợi,TP HCM,VN,0988516016,732876,1
6924,3462,shipping,Yến,Bùi,45 Đinh Tiên Hoàng,TP HCM,VN,0928985751,591429,1
6925,3463,billing,Yến,Vũ,123 Nguyễn Huệ,Bình Dương,VN,0959908471,736542,1
6926,3463,shipping,Yến,Vũ,78 Lê Lợi,Bình Dương,VN,0975491606,840644,1
6927,3464,billing,Minh,Lê,22 Trần Hưng Đạo,Quảng Ninh,VN,0991555563,536909,1
6928,3464,shipping,Minh,Lê,45 Đinh Tiên Hoàng,Quảng Ninh,VN,0954367565,397713,1
6929,3465,billing,Nga,Vũ,123 Nguyễn Huệ,Hà Nội,VN,0940162869,522880,1
6930,3465,shipping,Nga,Vũ,45 Đinh Tiên Hoàng,Hà Nội,VN,0949756982,140163,1
6931,3466,billing,Hà,Trần,99 Hai Bà Trưng,Hải Phòng,VN,0991724669,543900,1
6932,3466,shipping,Hà,Trần,45 Đinh Tiên Hoàng,Hải Phòng,VN,0940785741,124258,1
6933,3467,billing,Hoa,Dương,45 Đinh Tiên Hoàng,Hà Nội,VN,0971367286,915922,1
6934,3467,shipping,Hoa,Dương,123 Nguyễn Huệ,Hà Nội,VN,0946807841,355405,1
6935,3468,billing,Hoa,Vũ,123 Nguyễn Huệ,Đồng Nai,VN,0914421428,139686,1
6936,3468,shipping,Hoa,Vũ,99 Hai Bà Trưng,Đồng Nai,VN,0928186609,930097,1
6937,3469,billing,Việt,Bùi,45 Đinh Tiên Hoàng,Hà Nội,VN,0947082891,468984,1
6938,3469,shipping,Việt,Bùi,123 Nguyễn Huệ,Hà Nội,VN,0933081121,850050,1
6939,3470,billing,Nga,Ngô,78 Lê Lợi,TP HCM,VN,0991383356,197756,1
6940,3470,shipping,Nga,Ngô,45 Đinh Tiên Hoàng,TP HCM,VN,0987819919,643423,1
6941,3471,billing,Việt,Hồ,22 Trần Hưng Đạo,TP HCM,VN,0939027962,656675,1
6942,3471,shipping,Việt,Hồ,78 Lê Lợi,TP HCM,VN,0949417629,457139,1
6943,3472,billing,Anh,Lê,123 Nguyễn Huệ,TP HCM,VN,0946450743,730595,1
6944,3472,shipping,Anh,Lê,45 Đinh Tiên Hoàng,TP HCM,VN,0924031062,667860,1
6945,3473,billing,Bình,Phan,99 Hai Bà Trưng,Hải Phòng,VN,0955202021,547073,1
6946,3473,shipping,Bình,Phan,123 Nguyễn Huệ,Hải Phòng,VN,0961702671,856642,1
6947,3474,billing,Đức,Nguyễn,99 Hai Bà Trưng,Đồng Nai,VN,0999000288,603342,1
6948,3474,shipping,Đức,Nguyễn,123 Nguyễn Huệ,Đồng Nai,VN,0993947159,285077,1
6949,3475,billing,Trang,Vũ,78 Lê Lợi,Hà Nội,VN,0944920026,400251,1
6950,3475,shipping,Trang,Vũ,45 Đinh Tiên Hoàng,Hà Nội,VN,0939994126,686104,1
6951,3476,billing,Hải,Dương,45 Đinh Tiên Hoàng,Quảng Ninh,VN,0979115809,446542,1
6952,3476,shipping,Hải,Dương,78 Lê Lợi,Quảng Ninh,VN,0958828755,673844,1
6953,3477,billing,Ngọc,Nguyễn,45 Đinh Tiên Hoàng,TP HCM,VN,0998428028,520334,1
6954,3477,shipping,Ngọc,Nguyễn,45 Đinh Tiên Hoàng,TP HCM,VN,0972205557,178120,1
6955,3478,billing,Anh,Phạm,78 Lê Lợi,Đồng Nai,VN,0983263905,687573,1
6956,3478,shipping,Anh,Phạm,45 Đinh Tiên Hoàng,Đồng Nai,VN,0991213618,818848,1
6957,3479,billing,Ngọc,Ngô,22 Trần Hưng Đạo,Khánh Hòa,VN,0925355286,895992,1
6958,3479,shipping,Ngọc,Ngô,123 Nguyễn Huệ,Khánh Hòa,VN,0979896001,464141,1
6959,3480,billing,Yến,Ngô,123 Nguyễn Huệ,Bình Dương,VN,0935013378,216227,1
6960,3480,shipping,Yến,Ngô,22 Trần Hưng Đạo,Bình Dương,VN,0976286104,161983,1
6961,3481,billing,Phương,Đặng,45 Đinh Tiên Hoàng,TP HCM,VN,0917124115,465484,1
6962,3481,shipping,Phương,Đặng,78 Lê Lợi,TP HCM,VN,0943701951,918159,1
6963,3482,billing,Lan,Đỗ,78 Lê Lợi,Bình Dương,VN,0997636136,691766,1
6964,3482,shipping,Lan,Đỗ,78 Lê Lợi,Bình Dương,VN,0912100826,518310,1
6965,3483,billing,Thành,Đỗ,78 Lê Lợi,Đồng Nai,VN,0960210794,229109,1
6966,3483,shipping,Thành,Đỗ,45 Đinh Tiên Hoàng,Đồng Nai,VN,0953773323,679864,1
6967,3484,billing,Thành,Lê,123 Nguyễn Huệ,TP HCM,VN,0994048109,414960,1
6968,3484,shipping,Thành,Lê,78 Lê Lợi,TP HCM,VN,0955513649,371795,1
6969,3485,billing,Hùng,Phan,45 Đinh Tiên Hoàng,Bình Dương,VN,0933879582,152171,1
6970,3485,shipping,Hùng,Phan,45 Đinh Tiên Hoàng,Bình Dương,VN,0948237865,120809,1
6971,3486,billing,Thu,Bùi,78 Lê Lợi,Hà Nội,VN,0910118800,229265,1
6972,3486,shipping,Thu,Bùi,123 Nguyễn Huệ,Hà Nội,VN,0994340555,328559,1
6973,3487,billing,Hùng,Ngô,78 Lê Lợi,Hà Nội,VN,0990989096,739032,1
6974,3487,shipping,Hùng,Ngô,22 Trần Hưng Đạo,Hà Nội,VN,0962766996,265646,1
6975,3488,billing,Nga,Trần,45 Đinh Tiên Hoàng,TP HCM,VN,0944517471,465750,1
6976,3488,shipping,Nga,Trần,22 Trần Hưng Đạo,TP HCM,VN,0984063760,884661,1
6977,3489,billing,Phương,Đỗ,22 Trần Hưng Đạo,TP HCM,VN,0978684772,862079,1
6978,3489,shipping,Phương,Đỗ,123 Nguyễn Huệ,TP HCM,VN,0998175599,987657,1
6979,3490,billing,Minh,Đỗ,123 Nguyễn Huệ,Quảng Ninh,VN,0952808412,397839,1
6980,3490,shipping,Minh,Đỗ,123 Nguyễn Huệ,Quảng Ninh,VN,0947751506,560736,1
6981,3491,billing,Đức,Đặng,99 Hai Bà Trưng,TP HCM,VN,0988006984,422112,1
6982,3491,shipping,Đức,Đặng,45 Đinh Tiên Hoàng,TP HCM,VN,0988453275,288374,1
6983,3492,billing,Thảo,Vũ,99 Hai Bà Trưng,Khánh Hòa,VN,0935282986,738754,1
6984,3492,shipping,Thảo,Vũ,45 Đinh Tiên Hoàng,Khánh Hòa,VN,0977445077,444969,1
6985,3493,billing,Yến,Vũ,45 Đinh Tiên Hoàng,TP HCM,VN,0980501155,596911,1
6986,3493,shipping,Yến,Vũ,123 Nguyễn Huệ,TP HCM,VN,0939210465,619995,1
6987,3494,billing,Trung,Đặng,78 Lê Lợi,Bình Dương,VN,0911746408,800404,1
6988,3494,shipping,Trung,Đặng,22 Trần Hưng Đạo,Bình Dương,VN,0974580651,773221,1
6989,3495,billing,Khánh,Phạm,45 Đinh Tiên Hoàng,Hà Nội,VN,0975641162,714001,1
6990,3495,shipping,Khánh,Phạm,99 Hai Bà Trưng,Hà Nội,VN,0911655668,977450,1
6991,3496,billing,Long,Nguyễn,99 Hai Bà Trưng,Hà Nội,VN,0977331036,792712,1
6992,3496,shipping,Long,Nguyễn,123 Nguyễn Huệ,Hà Nội,VN,0911891746,699447,1
6993,3497,billing,Tuấn,Hồ,123 Nguyễn Huệ,Hà Nội,VN,0925499473,940955,1
6994,3497,shipping,Tuấn,Hồ,22 Trần Hưng Đạo,Hà Nội,VN,0964334912,234805,1
6995,3498,billing,Linh,Đặng,22 Trần Hưng Đạo,Bình Dương,VN,0996192421,352101,1
6996,3498,shipping,Linh,Đặng,22 Trần Hưng Đạo,Bình Dương,VN,0978229481,751232,1
6997,3499,billing,Việt,Đỗ,45 Đinh Tiên Hoàng,Hà Nội,VN,0995859944,110100,1
6998,3499,shipping,Việt,Đỗ,123 Nguyễn Huệ,Hà Nội,VN,0922690011,808456,1
6999,3500,billing,Lan,Trần,123 Nguyễn Huệ,Hải Phòng,VN,0991077584,196306,1
7000,3500,shipping,Lan,Trần,99 Hai Bà Trưng,Hải Phòng,VN,0951386899,118990,1
7001,3501,billing,Hằng,Đỗ,99 Hai Bà Trưng,Hà Nội,VN,0935685154,903574,1
7002,3501,shipping,Hằng,Đỗ,22 Trần Hưng Đạo,Hà Nội,VN,0977282260,442590,1
7003,3502,billing,Thành,Lê,123 Nguyễn Huệ,TP HCM,VN,0942203207,394664,1
7004,3502,shipping,Thành,Lê,99 Hai Bà Trưng,TP HCM,VN,0981923800,270721,1
7005,3503,billing,Phương,Hồ,22 Trần Hưng Đạo,Quảng Ninh,VN,0936945638,385677,1
7006,3503,shipping,Phương,Hồ,99 Hai Bà Trưng,Quảng Ninh,VN,0927653075,760102,1
7007,3504,billing,Khánh,Phan,99 Hai Bà Trưng,Hà Nội,VN,0951441556,373325,1
7008,3504,shipping,Khánh,Phan,22 Trần Hưng Đạo,Hà Nội,VN,0998438100,377376,1
7009,3505,billing,Hằng,Bùi,45 Đinh Tiên Hoàng,Đồng Nai,VN,0989451940,723206,1
7010,3505,shipping,Hằng,Bùi,78 Lê Lợi,Đồng Nai,VN,0947952687,746066,1
7011,3506,billing,Quang,Ngô,99 Hai Bà Trưng,Hà Nội,VN,0999019165,596769,1
7012,3506,shipping,Quang,Ngô,99 Hai Bà Trưng,Hà Nội,VN,0914545762,953951,1
7013,3507,billing,Hà,Nguyễn,78 Lê Lợi,TP HCM,VN,0983382918,173309,1
7014,3507,shipping,Hà,Nguyễn,123 Nguyễn Huệ,TP HCM,VN,0990838623,152322,1
7015,3508,billing,Hoa,Hoàng,78 Lê Lợi,Hải Phòng,VN,0966897508,460941,1
7016,3508,shipping,Hoa,Hoàng,78 Lê Lợi,Hải Phòng,VN,0960735823,343339,1
7017,3509,billing,Hùng,Lê,22 Trần Hưng Đạo,TP HCM,VN,0944552495,189218,1
7018,3509,shipping,Hùng,Lê,99 Hai Bà Trưng,TP HCM,VN,0993037096,880225,1
7019,3510,billing,Hà,Phạm,22 Trần Hưng Đạo,TP HCM,VN,0965024845,767235,1
7020,3510,shipping,Hà,Phạm,78 Lê Lợi,TP HCM,VN,0959961649,481742,1
7021,3511,billing,Yến,Nguyễn,78 Lê Lợi,Hải Phòng,VN,0940030976,539445,1
7022,3511,shipping,Yến,Nguyễn,22 Trần Hưng Đạo,Hải Phòng,VN,0924794734,152064,1
7023,3512,billing,Thảo,Đặng,22 Trần Hưng Đạo,Quảng Ninh,VN,0974398720,108765,1
7024,3512,shipping,Thảo,Đặng,123 Nguyễn Huệ,Quảng Ninh,VN,0974095030,569367,1
7025,3513,billing,Nga,Phan,123 Nguyễn Huệ,Hà Nội,VN,0920633636,635182,1
7026,3513,shipping,Nga,Phan,123 Nguyễn Huệ,Hà Nội,VN,0934566174,336558,1
7027,3514,billing,Tuấn,Lê,78 Lê Lợi,TP HCM,VN,0950473883,805892,1
7028,3514,shipping,Tuấn,Lê,22 Trần Hưng Đạo,TP HCM,VN,0961284551,449595,1
7029,3515,billing,Đức,Ngô,99 Hai Bà Trưng,TP HCM,VN,0987517081,169757,1
7030,3515,shipping,Đức,Ngô,45 Đinh Tiên Hoàng,TP HCM,VN,0936963629,777339,1
7031,3516,billing,Nga,Lê,99 Hai Bà Trưng,TP HCM,VN,0973701535,186300,1
7032,3516,shipping,Nga,Lê,99 Hai Bà Trưng,TP HCM,VN,0970996799,296247,1
7033,3517,billing,Thảo,Đặng,22 Trần Hưng Đạo,TP HCM,VN,0963325575,928380,1
7034,3517,shipping,Thảo,Đặng,99 Hai Bà Trưng,TP HCM,VN,0972377738,519302,1
7035,3518,billing,Nga,Hồ,22 Trần Hưng Đạo,TP HCM,VN,0979830869,916577,1
7036,3518,shipping,Nga,Hồ,78 Lê Lợi,TP HCM,VN,0924799024,796698,1
7037,3519,billing,Quang,Dương,45 Đinh Tiên Hoàng,Hà Nội,VN,0943509308,217820,1
7038,3519,shipping,Quang,Dương,78 Lê Lợi,Hà Nội,VN,0960351432,210968,1
7039,3520,billing,Phương,Hồ,123 Nguyễn Huệ,Hà Nội,VN,0992402263,821518,1
7040,3520,shipping,Phương,Hồ,45 Đinh Tiên Hoàng,Hà Nội,VN,0939400463,393345,1
7041,3521,billing,Ánh,Lê,99 Hai Bà Trưng,Đà Nẵng,VN,0951149954,518306,1
7042,3521,shipping,Ánh,Lê,45 Đinh Tiên Hoàng,Đà Nẵng,VN,0970304122,159183,1
7043,3522,billing,Anh,Hồ,123 Nguyễn Huệ,TP HCM,VN,0946476158,824107,1
7044,3522,shipping,Anh,Hồ,78 Lê Lợi,TP HCM,VN,0965529188,384551,1
7045,3523,billing,Hoa,Đỗ,123 Nguyễn Huệ,Đà Nẵng,VN,0987612721,657856,1
7046,3523,shipping,Hoa,Đỗ,123 Nguyễn Huệ,Đà Nẵng,VN,0980989524,173994,1
7047,3524,billing,Mai,Hồ,78 Lê Lợi,Hà Nội,VN,0961420813,426269,1
7048,3524,shipping,Mai,Hồ,45 Đinh Tiên Hoàng,Hà Nội,VN,0989600040,848707,1
7049,3525,billing,Mai,Phan,45 Đinh Tiên Hoàng,TP HCM,VN,0923097175,209822,1
7050,3525,shipping,Mai,Phan,99 Hai Bà Trưng,TP HCM,VN,0934649921,206500,1
7051,3526,billing,Hằng,Trần,45 Đinh Tiên Hoàng,Hà Nội,VN,0939779088,163246,1
7052,3526,shipping,Hằng,Trần,99 Hai Bà Trưng,Hà Nội,VN,0924728016,905382,1
7053,3527,billing,Phương,Phan,99 Hai Bà Trưng,Đồng Nai,VN,0916954201,505255,1
7054,3527,shipping,Phương,Phan,22 Trần Hưng Đạo,Đồng Nai,VN,0969458182,368748,1
7055,3528,billing,Yến,Dương,22 Trần Hưng Đạo,Đà Nẵng,VN,0977237124,848652,1
7056,3528,shipping,Yến,Dương,123 Nguyễn Huệ,Đà Nẵng,VN,0937251445,934309,1
7057,3529,billing,Bình,Đỗ,99 Hai Bà Trưng,Đà Nẵng,VN,0910090203,598358,1
7058,3529,shipping,Bình,Đỗ,78 Lê Lợi,Đà Nẵng,VN,0964819188,952160,1
7059,3530,billing,Thu,Hồ,123 Nguyễn Huệ,Khánh Hòa,VN,0922281848,330027,1
7060,3530,shipping,Thu,Hồ,99 Hai Bà Trưng,Khánh Hòa,VN,0998479675,833631,1
7061,3531,billing,Anh,Hồ,99 Hai Bà Trưng,Đà Nẵng,VN,0915552204,799342,1
7062,3531,shipping,Anh,Hồ,78 Lê Lợi,Đà Nẵng,VN,0917893794,529633,1
7063,3532,billing,Ngọc,Hồ,45 Đinh Tiên Hoàng,Hà Nội,VN,0965949968,611876,1
7064,3532,shipping,Ngọc,Hồ,78 Lê Lợi,Hà Nội,VN,0989073949,182018,1
7065,3533,billing,Anh,Vũ,22 Trần Hưng Đạo,Hà Nội,VN,0947407332,826449,1
7066,3533,shipping,Anh,Vũ,78 Lê Lợi,Hà Nội,VN,0953196473,402495,1
7067,3534,billing,Thành,Hoàng,22 Trần Hưng Đạo,Hà Nội,VN,0979073519,183875,1
7068,3534,shipping,Thành,Hoàng,78 Lê Lợi,Hà Nội,VN,0990348138,937138,1
7069,3535,billing,Hoa,Phan,78 Lê Lợi,Quảng Ninh,VN,0969151379,516179,1
7070,3535,shipping,Hoa,Phan,99 Hai Bà Trưng,Quảng Ninh,VN,0965209472,938206,1
7071,3536,billing,Đức,Hồ,45 Đinh Tiên Hoàng,Khánh Hòa,VN,0957365558,637125,1
7072,3536,shipping,Đức,Hồ,22 Trần Hưng Đạo,Khánh Hòa,VN,0966430869,813142,1
7073,3537,billing,Lan,Đỗ,22 Trần Hưng Đạo,Hà Nội,VN,0935968332,870237,1
7074,3537,shipping,Lan,Đỗ,123 Nguyễn Huệ,Hà Nội,VN,0943801464,865748,1
7075,3538,billing,Long,Vũ,99 Hai Bà Trưng,Hà Nội,VN,0968038449,930019,1
7076,3538,shipping,Long,Vũ,22 Trần Hưng Đạo,Hà Nội,VN,0923011132,657392,1
7077,3539,billing,Bình,Hồ,123 Nguyễn Huệ,TP HCM,VN,0940570737,937698,1
7078,3539,shipping,Bình,Hồ,45 Đinh Tiên Hoàng,TP HCM,VN,0913810443,954881,1
7079,3540,billing,Ánh,Vũ,78 Lê Lợi,Hà Nội,VN,0938803432,861983,1
7080,3540,shipping,Ánh,Vũ,123 Nguyễn Huệ,Hà Nội,VN,0961497885,421596,1
7081,3541,billing,Thành,Đỗ,99 Hai Bà Trưng,Hà Nội,VN,0914254077,625613,1
7082,3541,shipping,Thành,Đỗ,78 Lê Lợi,Hà Nội,VN,0977856434,833298,1
7083,3542,billing,Ánh,Ngô,22 Trần Hưng Đạo,TP HCM,VN,0986960141,371191,1
7084,3542,shipping,Ánh,Ngô,123 Nguyễn Huệ,TP HCM,VN,0950022353,632563,1
7085,3543,billing,Thảo,Hoàng,123 Nguyễn Huệ,Bình Dương,VN,0913945653,641067,1
7086,3543,shipping,Thảo,Hoàng,45 Đinh Tiên Hoàng,Bình Dương,VN,0914099275,252664,1
7087,3544,billing,Quang,Lê,78 Lê Lợi,Đà Nẵng,VN,0984153297,825907,1
7088,3544,shipping,Quang,Lê,99 Hai Bà Trưng,Đà Nẵng,VN,0971592049,540886,1
7089,3545,billing,Thảo,Đặng,78 Lê Lợi,Bình Dương,VN,0961883663,197757,1
7090,3545,shipping,Thảo,Đặng,123 Nguyễn Huệ,Bình Dương,VN,0940930504,271470,1
7091,3546,billing,Hùng,Phạm,99 Hai Bà Trưng,TP HCM,VN,0979373948,679380,1
7092,3546,shipping,Hùng,Phạm,45 Đinh Tiên Hoàng,TP HCM,VN,0937356016,329572,1
7093,3547,billing,Hùng,Ngô,22 Trần Hưng Đạo,TP HCM,VN,0926489927,527889,1
7094,3547,shipping,Hùng,Ngô,22 Trần Hưng Đạo,TP HCM,VN,0988994872,161675,1
7095,3548,billing,Phương,Hồ,123 Nguyễn Huệ,Bình Dương,VN,0973622840,757481,1
7096,3548,shipping,Phương,Hồ,123 Nguyễn Huệ,Bình Dương,VN,0920573712,874002,1
7097,3549,billing,Thành,Phạm,22 Trần Hưng Đạo,Bình Dương,VN,0969492265,841558,1
7098,3549,shipping,Thành,Phạm,78 Lê Lợi,Bình Dương,VN,0978433744,127893,1
7099,3550,billing,Mai,Phạm,45 Đinh Tiên Hoàng,TP HCM,VN,0924037806,661363,1
7100,3550,shipping,Mai,Phạm,99 Hai Bà Trưng,TP HCM,VN,0937025750,384833,1
7101,3551,billing,Anh,Bùi,45 Đinh Tiên Hoàng,Hà Nội,VN,0999117793,696923,1
7102,3551,shipping,Anh,Bùi,123 Nguyễn Huệ,Hà Nội,VN,0938663282,658148,1
7103,3552,billing,Tuấn,Đặng,123 Nguyễn Huệ,TP HCM,VN,0964657867,708537,1
7104,3552,shipping,Tuấn,Đặng,78 Lê Lợi,TP HCM,VN,0922201366,310886,1
7105,3553,billing,Trang,Đỗ,123 Nguyễn Huệ,TP HCM,VN,0991724164,822129,1
7106,3553,shipping,Trang,Đỗ,123 Nguyễn Huệ,TP HCM,VN,0921839234,615095,1
7107,3554,billing,Trang,Đỗ,22 Trần Hưng Đạo,Đà Nẵng,VN,0990634218,333825,1
7108,3554,shipping,Trang,Đỗ,123 Nguyễn Huệ,Đà Nẵng,VN,0925359541,135168,1
7109,3555,billing,Thu,Hồ,45 Đinh Tiên Hoàng,TP HCM,VN,0924643592,763710,1
7110,3555,shipping,Thu,Hồ,123 Nguyễn Huệ,TP HCM,VN,0912532820,277010,1
7111,3556,billing,Thành,Hồ,22 Trần Hưng Đạo,TP HCM,VN,0973682352,724980,1
7112,3556,shipping,Thành,Hồ,99 Hai Bà Trưng,TP HCM,VN,0936969890,429975,1
7113,3557,billing,Quang,Dương,22 Trần Hưng Đạo,TP HCM,VN,0914203190,216207,1
7114,3557,shipping,Quang,Dương,22 Trần Hưng Đạo,TP HCM,VN,0968244290,829270,1
7115,3558,billing,Tuấn,Nguyễn,45 Đinh Tiên Hoàng,TP HCM,VN,0920855280,811291,1
7116,3558,shipping,Tuấn,Nguyễn,99 Hai Bà Trưng,TP HCM,VN,0973675801,531970,1
7117,3559,billing,Thu,Ngô,123 Nguyễn Huệ,Đà Nẵng,VN,0936480983,648488,1
7118,3559,shipping,Thu,Ngô,22 Trần Hưng Đạo,Đà Nẵng,VN,0999093249,698219,1
7119,3560,billing,Ngọc,Dương,123 Nguyễn Huệ,Hà Nội,VN,0960786142,120908,1
7120,3560,shipping,Ngọc,Dương,123 Nguyễn Huệ,Hà Nội,VN,0976989178,944150,1
7121,3561,billing,Quang,Trần,78 Lê Lợi,Hà Nội,VN,0931854861,734365,1
7122,3561,shipping,Quang,Trần,123 Nguyễn Huệ,Hà Nội,VN,0962106774,236191,1
7123,3562,billing,Thành,Ngô,99 Hai Bà Trưng,TP HCM,VN,0981697718,197117,1
7124,3562,shipping,Thành,Ngô,78 Lê Lợi,TP HCM,VN,0953288268,197296,1
7125,3563,billing,Hoa,Đặng,123 Nguyễn Huệ,TP HCM,VN,0952689902,713410,1
7126,3563,shipping,Hoa,Đặng,22 Trần Hưng Đạo,TP HCM,VN,0927192690,463191,1
7127,3564,billing,Hùng,Trần,78 Lê Lợi,TP HCM,VN,0998994804,416014,1
7128,3564,shipping,Hùng,Trần,99 Hai Bà Trưng,TP HCM,VN,0913959106,675116,1
7129,3565,billing,Long,Đỗ,22 Trần Hưng Đạo,TP HCM,VN,0984713285,146713,1
7130,3565,shipping,Long,Đỗ,123 Nguyễn Huệ,TP HCM,VN,0952570338,626760,1
7131,3566,billing,Trung,Lê,99 Hai Bà Trưng,Hà Nội,VN,0945212936,673570,1
7132,3566,shipping,Trung,Lê,123 Nguyễn Huệ,Hà Nội,VN,0924076409,365049,1
7133,3567,billing,Đức,Dương,123 Nguyễn Huệ,TP HCM,VN,0977988163,126237,1
7134,3567,shipping,Đức,Dương,99 Hai Bà Trưng,TP HCM,VN,0989425607,907704,1
7135,3568,billing,Mai,Bùi,123 Nguyễn Huệ,Hà Nội,VN,0928368311,804372,1
7136,3568,shipping,Mai,Bùi,78 Lê Lợi,Hà Nội,VN,0911663258,336873,1
7137,3569,billing,Lan,Phan,22 Trần Hưng Đạo,Hải Phòng,VN,0954586639,411607,1
7138,3569,shipping,Lan,Phan,78 Lê Lợi,Hải Phòng,VN,0917461717,488113,1
7139,3570,billing,Quang,Phan,99 Hai Bà Trưng,Đà Nẵng,VN,0915992080,800727,1
7140,3570,shipping,Quang,Phan,99 Hai Bà Trưng,Đà Nẵng,VN,0917719189,212131,1
7141,3571,billing,Phương,Hoàng,78 Lê Lợi,TP HCM,VN,0959603929,799007,1
7142,3571,shipping,Phương,Hoàng,78 Lê Lợi,TP HCM,VN,0956019769,766783,1
7143,3572,billing,Hùng,Hồ,123 Nguyễn Huệ,Đồng Nai,VN,0943678191,747300,1
7144,3572,shipping,Hùng,Hồ,123 Nguyễn Huệ,Đồng Nai,VN,0995311152,306968,1
7145,3573,billing,Thành,Trần,78 Lê Lợi,Đà Nẵng,VN,0975804505,692897,1
7146,3573,shipping,Thành,Trần,78 Lê Lợi,Đà Nẵng,VN,0973787656,578742,1
7147,3574,billing,Thảo,Ngô,22 Trần Hưng Đạo,TP HCM,VN,0947265405,523430,1
7148,3574,shipping,Thảo,Ngô,45 Đinh Tiên Hoàng,TP HCM,VN,0976409085,602786,1
7149,3575,billing,Yến,Đặng,45 Đinh Tiên Hoàng,Quảng Ninh,VN,0928307556,617349,1
7150,3575,shipping,Yến,Đặng,78 Lê Lợi,Quảng Ninh,VN,0952821098,911231,1
7151,3576,billing,Hằng,Hồ,123 Nguyễn Huệ,Đồng Nai,VN,0997471787,938824,1
7152,3576,shipping,Hằng,Hồ,22 Trần Hưng Đạo,Đồng Nai,VN,0970790515,510356,1
7153,3577,billing,Thu,Trần,45 Đinh Tiên Hoàng,TP HCM,VN,0915313245,399711,1
7154,3577,shipping,Thu,Trần,99 Hai Bà Trưng,TP HCM,VN,0941870523,167235,1
7155,3578,billing,Thành,Ngô,78 Lê Lợi,TP HCM,VN,0936090114,219828,1
7156,3578,shipping,Thành,Ngô,123 Nguyễn Huệ,TP HCM,VN,0944041669,209423,1
7157,3579,billing,Thảo,Lê,45 Đinh Tiên Hoàng,Hà Nội,VN,0996897872,355940,1
7158,3579,shipping,Thảo,Lê,45 Đinh Tiên Hoàng,Hà Nội,VN,0924726006,593837,1
7159,3580,billing,Mai,Dương,45 Đinh Tiên Hoàng,TP HCM,VN,0981667985,765289,1
7160,3580,shipping,Mai,Dương,45 Đinh Tiên Hoàng,TP HCM,VN,0963420308,756750,1
7161,3581,billing,Mai,Phạm,78 Lê Lợi,Hà Nội,VN,0926958738,759309,1
7162,3581,shipping,Mai,Phạm,99 Hai Bà Trưng,Hà Nội,VN,0953979834,436942,1
7163,3582,billing,Việt,Đặng,123 Nguyễn Huệ,TP HCM,VN,0952527614,334843,1
7164,3582,shipping,Việt,Đặng,123 Nguyễn Huệ,TP HCM,VN,0967020236,301415,1
7165,3583,billing,Linh,Hoàng,45 Đinh Tiên Hoàng,Hà Nội,VN,0973946049,620430,1
7166,3583,shipping,Linh,Hoàng,45 Đinh Tiên Hoàng,Hà Nội,VN,0923748907,676283,1
7167,3584,billing,Phương,Vũ,123 Nguyễn Huệ,Đà Nẵng,VN,0986695694,306767,1
7168,3584,shipping,Phương,Vũ,45 Đinh Tiên Hoàng,Đà Nẵng,VN,0930513685,661347,1
7169,3585,billing,Linh,Dương,123 Nguyễn Huệ,Đồng Nai,VN,0994333163,334242,1
7170,3585,shipping,Linh,Dương,99 Hai Bà Trưng,Đồng Nai,VN,0950713359,128732,1
7171,3586,billing,Mai,Phan,45 Đinh Tiên Hoàng,Hà Nội,VN,0985288676,322638,1
7172,3586,shipping,Mai,Phan,22 Trần Hưng Đạo,Hà Nội,VN,0951109479,268827,1
7173,3587,billing,Nga,Vũ,78 Lê Lợi,Hà Nội,VN,0998509986,168420,1
7174,3587,shipping,Nga,Vũ,123 Nguyễn Huệ,Hà Nội,VN,0970260402,757728,1
7175,3588,billing,Nga,Dương,99 Hai Bà Trưng,Quảng Ninh,VN,0911542764,874019,1
7176,3588,shipping,Nga,Dương,99 Hai Bà Trưng,Quảng Ninh,VN,0971666393,443554,1
7177,3589,billing,Trang,Phan,22 Trần Hưng Đạo,TP HCM,VN,0971925330,960863,1
7178,3589,shipping,Trang,Phan,22 Trần Hưng Đạo,TP HCM,VN,0995690818,586997,1
7179,3590,billing,Trang,Đặng,78 Lê Lợi,TP HCM,VN,0951386387,505215,1
7180,3590,shipping,Trang,Đặng,45 Đinh Tiên Hoàng,TP HCM,VN,0997178055,107125,1
7181,3591,billing,Hải,Đặng,22 Trần Hưng Đạo,Hà Nội,VN,0910492595,778182,1
7182,3591,shipping,Hải,Đặng,99 Hai Bà Trưng,Hà Nội,VN,0916057363,184281,1
7183,3592,billing,Nga,Đặng,123 Nguyễn Huệ,Bình Dương,VN,0917664865,957134,1
7184,3592,shipping,Nga,Đặng,99 Hai Bà Trưng,Bình Dương,VN,0989243382,471599,1
7185,3593,billing,Yến,Đỗ,99 Hai Bà Trưng,Hà Nội,VN,0959774965,105250,1
7186,3593,shipping,Yến,Đỗ,99 Hai Bà Trưng,Hà Nội,VN,0921731930,841753,1
7187,3594,billing,Tuấn,Ngô,123 Nguyễn Huệ,Quảng Ninh,VN,0953715631,799160,1
7188,3594,shipping,Tuấn,Ngô,45 Đinh Tiên Hoàng,Quảng Ninh,VN,0930294120,839508,1
7189,3595,billing,Ngọc,Hoàng,45 Đinh Tiên Hoàng,TP HCM,VN,0974346240,503818,1
7190,3595,shipping,Ngọc,Hoàng,123 Nguyễn Huệ,TP HCM,VN,0938001651,421176,1
7191,3596,billing,Quang,Dương,99 Hai Bà Trưng,TP HCM,VN,0946225340,574004,1
7192,3596,shipping,Quang,Dương,99 Hai Bà Trưng,TP HCM,VN,0977931774,150117,1
7193,3597,billing,Quang,Hồ,123 Nguyễn Huệ,Đồng Nai,VN,0945157982,582171,1
7194,3597,shipping,Quang,Hồ,45 Đinh Tiên Hoàng,Đồng Nai,VN,0944485598,487652,1
7195,3598,billing,Thành,Hồ,22 Trần Hưng Đạo,TP HCM,VN,0919566278,283636,1
7196,3598,shipping,Thành,Hồ,22 Trần Hưng Đạo,TP HCM,VN,0976211615,589880,1
7197,3599,billing,Trang,Hoàng,45 Đinh Tiên Hoàng,TP HCM,VN,0980893946,107384,1
7198,3599,shipping,Trang,Hoàng,22 Trần Hưng Đạo,TP HCM,VN,0932931757,154536,1
7199,3600,billing,Trung,Vũ,123 Nguyễn Huệ,TP HCM,VN,0990457419,156324,1
7200,3600,shipping,Trung,Vũ,123 Nguyễn Huệ,TP HCM,VN,0956619332,394482,1
7201,3601,billing,Mai,Trần,22 Trần Hưng Đạo,Hà Nội,VN,0960751423,845246,1
7202,3601,shipping,Mai,Trần,99 Hai Bà Trưng,Hà Nội,VN,0914900548,610148,1
7203,3602,billing,Hùng,Trần,99 Hai Bà Trưng,TP HCM,VN,0970861574,669886,1
7204,3602,shipping,Hùng,Trần,78 Lê Lợi,TP HCM,VN,0933723905,760407,1
7205,3603,billing,Yến,Nguyễn,78 Lê Lợi,Quảng Ninh,VN,0952364172,317768,1
7206,3603,shipping,Yến,Nguyễn,99 Hai Bà Trưng,Quảng Ninh,VN,0963301530,192091,1
7207,3604,billing,Việt,Vũ,123 Nguyễn Huệ,Quảng Ninh,VN,0964078361,915466,1
7208,3604,shipping,Việt,Vũ,99 Hai Bà Trưng,Quảng Ninh,VN,0948084296,982494,1
7209,3605,billing,Thành,Phạm,22 Trần Hưng Đạo,TP HCM,VN,0978641732,144910,1
7210,3605,shipping,Thành,Phạm,78 Lê Lợi,TP HCM,VN,0910963659,471495,1
7211,3606,billing,Ngọc,Ngô,22 Trần Hưng Đạo,Hà Nội,VN,0934335078,399719,1
7212,3606,shipping,Ngọc,Ngô,78 Lê Lợi,Hà Nội,VN,0980221053,714999,1
7213,3607,billing,Khánh,Trần,22 Trần Hưng Đạo,Hà Nội,VN,0950399244,881191,1
7214,3607,shipping,Khánh,Trần,123 Nguyễn Huệ,Hà Nội,VN,0990101233,517037,1
7215,3608,billing,Tuấn,Trần,78 Lê Lợi,TP HCM,VN,0954684048,308467,1
7216,3608,shipping,Tuấn,Trần,22 Trần Hưng Đạo,TP HCM,VN,0952673751,611712,1
7217,3609,billing,Thành,Phan,45 Đinh Tiên Hoàng,Bình Dương,VN,0990879244,955373,1
7218,3609,shipping,Thành,Phan,78 Lê Lợi,Bình Dương,VN,0928327583,496367,1
7219,3610,billing,Nga,Vũ,22 Trần Hưng Đạo,Bình Dương,VN,0919052807,141614,1
7220,3610,shipping,Nga,Vũ,99 Hai Bà Trưng,Bình Dương,VN,0991471442,479293,1
7221,3611,billing,Bình,Trần,99 Hai Bà Trưng,Đà Nẵng,VN,0939583782,814902,1
7222,3611,shipping,Bình,Trần,45 Đinh Tiên Hoàng,Đà Nẵng,VN,0910713145,484492,1
7223,3612,billing,Bình,Hồ,45 Đinh Tiên Hoàng,Hà Nội,VN,0989040972,674959,1
7224,3612,shipping,Bình,Hồ,123 Nguyễn Huệ,Hà Nội,VN,0998573315,834418,1
7225,3613,billing,Hằng,Đỗ,99 Hai Bà Trưng,Bình Dương,VN,0936735921,572716,1
7226,3613,shipping,Hằng,Đỗ,123 Nguyễn Huệ,Bình Dương,VN,0974307666,469222,1
7227,3614,billing,Trang,Nguyễn,99 Hai Bà Trưng,TP HCM,VN,0987310194,872162,1
7228,3614,shipping,Trang,Nguyễn,45 Đinh Tiên Hoàng,TP HCM,VN,0975732732,169110,1
7229,3615,billing,Tuấn,Ngô,123 Nguyễn Huệ,Hà Nội,VN,0950479834,571812,1
7230,3615,shipping,Tuấn,Ngô,99 Hai Bà Trưng,Hà Nội,VN,0935967289,404082,1
7231,3616,billing,Trang,Dương,78 Lê Lợi,Hà Nội,VN,0931119299,834932,1
7232,3616,shipping,Trang,Dương,45 Đinh Tiên Hoàng,Hà Nội,VN,0962660174,874004,1
7233,3617,billing,Bình,Nguyễn,22 Trần Hưng Đạo,Hà Nội,VN,0958258753,844685,1
7234,3617,shipping,Bình,Nguyễn,99 Hai Bà Trưng,Hà Nội,VN,0951748339,269596,1
7235,3618,billing,Quang,Dương,45 Đinh Tiên Hoàng,TP HCM,VN,0928340245,353386,1
7236,3618,shipping,Quang,Dương,22 Trần Hưng Đạo,TP HCM,VN,0918837456,782932,1
7237,3619,billing,Trang,Nguyễn,22 Trần Hưng Đạo,Hà Nội,VN,0979067266,748092,1
7238,3619,shipping,Trang,Nguyễn,22 Trần Hưng Đạo,Hà Nội,VN,0995534883,193106,1
7239,3620,billing,Linh,Bùi,78 Lê Lợi,Hà Nội,VN,0920490847,721815,1
7240,3620,shipping,Linh,Bùi,78 Lê Lợi,Hà Nội,VN,0948103557,554971,1
7241,3621,billing,Trang,Bùi,22 Trần Hưng Đạo,TP HCM,VN,0948716072,422202,1
7242,3621,shipping,Trang,Bùi,78 Lê Lợi,TP HCM,VN,0936427030,771304,1
7243,3622,billing,Tuấn,Phạm,22 Trần Hưng Đạo,Hà Nội,VN,0913396946,781434,1
7244,3622,shipping,Tuấn,Phạm,22 Trần Hưng Đạo,Hà Nội,VN,0959529286,275951,1
7245,3623,billing,Hải,Dương,45 Đinh Tiên Hoàng,TP HCM,VN,0924905653,661027,1
7246,3623,shipping,Hải,Dương,78 Lê Lợi,TP HCM,VN,0915294693,702239,1
7247,3624,billing,Hùng,Vũ,45 Đinh Tiên Hoàng,TP HCM,VN,0934845358,120681,1
7248,3624,shipping,Hùng,Vũ,22 Trần Hưng Đạo,TP HCM,VN,0954705919,502505,1
7249,3625,billing,Trang,Bùi,22 Trần Hưng Đạo,Hải Phòng,VN,0913628368,772144,1
7250,3625,shipping,Trang,Bùi,45 Đinh Tiên Hoàng,Hải Phòng,VN,0976707270,354318,1
7251,3626,billing,Việt,Vũ,22 Trần Hưng Đạo,Hà Nội,VN,0963542604,182608,1
7252,3626,shipping,Việt,Vũ,78 Lê Lợi,Hà Nội,VN,0991170432,738819,1
7253,3627,billing,Phương,Hồ,99 Hai Bà Trưng,Khánh Hòa,VN,0996926988,195749,1
7254,3627,shipping,Phương,Hồ,45 Đinh Tiên Hoàng,Khánh Hòa,VN,0985939521,193372,1
7255,3628,billing,Anh,Lê,22 Trần Hưng Đạo,Quảng Ninh,VN,0991237339,910686,1
7256,3628,shipping,Anh,Lê,99 Hai Bà Trưng,Quảng Ninh,VN,0987752350,674188,1
7257,3629,billing,Thu,Dương,99 Hai Bà Trưng,TP HCM,VN,0915991731,989302,1
7258,3629,shipping,Thu,Dương,99 Hai Bà Trưng,TP HCM,VN,0978596712,353715,1
7259,3630,billing,Minh,Phan,99 Hai Bà Trưng,Hà Nội,VN,0917456167,539858,1
7260,3630,shipping,Minh,Phan,22 Trần Hưng Đạo,Hà Nội,VN,0995208944,556024,1
7261,3631,billing,Lan,Đặng,22 Trần Hưng Đạo,Hà Nội,VN,0933933362,618783,1
7262,3631,shipping,Lan,Đặng,123 Nguyễn Huệ,Hà Nội,VN,0965332815,274979,1
7263,3632,billing,Hằng,Đặng,123 Nguyễn Huệ,Quảng Ninh,VN,0988485840,686605,1
7264,3632,shipping,Hằng,Đặng,22 Trần Hưng Đạo,Quảng Ninh,VN,0998059274,198014,1
7265,3633,billing,Đức,Vũ,22 Trần Hưng Đạo,TP HCM,VN,0918725297,146313,1
7266,3633,shipping,Đức,Vũ,45 Đinh Tiên Hoàng,TP HCM,VN,0916117229,168127,1
7267,3634,billing,Trung,Dương,78 Lê Lợi,TP HCM,VN,0952933182,757476,1
7268,3634,shipping,Trung,Dương,123 Nguyễn Huệ,TP HCM,VN,0958839099,190484,1
7269,3635,billing,Mai,Trần,78 Lê Lợi,Hải Phòng,VN,0991256430,734050,1
7270,3635,shipping,Mai,Trần,45 Đinh Tiên Hoàng,Hải Phòng,VN,0927406259,823357,1
7271,3636,billing,Nga,Lê,99 Hai Bà Trưng,TP HCM,VN,0985981317,809527,1
7272,3636,shipping,Nga,Lê,45 Đinh Tiên Hoàng,TP HCM,VN,0920491677,383267,1
7273,3637,billing,Minh,Đặng,123 Nguyễn Huệ,TP HCM,VN,0959196691,469992,1
7274,3637,shipping,Minh,Đặng,99 Hai Bà Trưng,TP HCM,VN,0950467615,793126,1
7275,3638,billing,Hải,Hồ,123 Nguyễn Huệ,Hà Nội,VN,0957580902,307649,1
7276,3638,shipping,Hải,Hồ,123 Nguyễn Huệ,Hà Nội,VN,0971402483,386302,1
7277,3639,billing,Thành,Dương,22 Trần Hưng Đạo,Đà Nẵng,VN,0911415395,800504,1
7278,3639,shipping,Thành,Dương,78 Lê Lợi,Đà Nẵng,VN,0986465975,788163,1
7279,3640,billing,Trang,Nguyễn,123 Nguyễn Huệ,Hải Phòng,VN,0978936256,835567,1
7280,3640,shipping,Trang,Nguyễn,78 Lê Lợi,Hải Phòng,VN,0965460789,423936,1
7281,3641,billing,Mai,Đỗ,123 Nguyễn Huệ,TP HCM,VN,0969102933,461362,1
7282,3641,shipping,Mai,Đỗ,123 Nguyễn Huệ,TP HCM,VN,0948483158,932656,1
7283,3642,billing,Bình,Phan,22 Trần Hưng Đạo,Quảng Ninh,VN,0959230441,664053,1
7284,3642,shipping,Bình,Phan,78 Lê Lợi,Quảng Ninh,VN,0971780851,436366,1
7285,3643,billing,Thành,Phạm,123 Nguyễn Huệ,Hải Phòng,VN,0950995040,237198,1
7286,3643,shipping,Thành,Phạm,45 Đinh Tiên Hoàng,Hải Phòng,VN,0911392011,246758,1
7287,3644,billing,Thu,Vũ,123 Nguyễn Huệ,TP HCM,VN,0933630533,789365,1
7288,3644,shipping,Thu,Vũ,99 Hai Bà Trưng,TP HCM,VN,0986832838,811217,1
7289,3645,billing,Bình,Ngô,123 Nguyễn Huệ,Hà Nội,VN,0974401919,838580,1
7290,3645,shipping,Bình,Ngô,78 Lê Lợi,Hà Nội,VN,0966452114,205414,1
7291,3646,billing,Quang,Vũ,22 Trần Hưng Đạo,TP HCM,VN,0933033084,532453,1
7292,3646,shipping,Quang,Vũ,78 Lê Lợi,TP HCM,VN,0971383908,605077,1
7293,3647,billing,Thành,Vũ,123 Nguyễn Huệ,Hà Nội,VN,0930782181,984750,1
7294,3647,shipping,Thành,Vũ,45 Đinh Tiên Hoàng,Hà Nội,VN,0990516165,147516,1
7295,3648,billing,Ngọc,Phan,22 Trần Hưng Đạo,TP HCM,VN,0997075508,130000,1
7296,3648,shipping,Ngọc,Phan,123 Nguyễn Huệ,TP HCM,VN,0934869448,954590,1
7297,3649,billing,Ánh,Ngô,99 Hai Bà Trưng,TP HCM,VN,0956622784,928228,1
7298,3649,shipping,Ánh,Ngô,78 Lê Lợi,TP HCM,VN,0995550208,626792,1
7299,3650,billing,Bình,Hồ,45 Đinh Tiên Hoàng,Hải Phòng,VN,0943381277,276456,1
7300,3650,shipping,Bình,Hồ,45 Đinh Tiên Hoàng,Hải Phòng,VN,0978345690,455562,1
7301,3651,billing,Đức,Đặng,123 Nguyễn Huệ,TP HCM,VN,0963716365,158052,1
7302,3651,shipping,Đức,Đặng,123 Nguyễn Huệ,TP HCM,VN,0987508329,104794,1
7303,3652,billing,Hằng,Dương,45 Đinh Tiên Hoàng,TP HCM,VN,0941938344,242402,1
7304,3652,shipping,Hằng,Dương,22 Trần Hưng Đạo,TP HCM,VN,0922206773,875477,1
7305,3653,billing,Đức,Vũ,22 Trần Hưng Đạo,TP HCM,VN,0961679976,921924,1
7306,3653,shipping,Đức,Vũ,22 Trần Hưng Đạo,TP HCM,VN,0961096990,392739,1
7307,3654,billing,Nga,Hồ,123 Nguyễn Huệ,TP HCM,VN,0967523915,320048,1
7308,3654,shipping,Nga,Hồ,78 Lê Lợi,TP HCM,VN,0928626827,315027,1
7309,3655,billing,Thành,Trần,123 Nguyễn Huệ,Đà Nẵng,VN,0994240347,730255,1
7310,3655,shipping,Thành,Trần,22 Trần Hưng Đạo,Đà Nẵng,VN,0980087690,227683,1
7311,3656,billing,Linh,Đặng,123 Nguyễn Huệ,TP HCM,VN,0987658910,879784,1
7312,3656,shipping,Linh,Đặng,78 Lê Lợi,TP HCM,VN,0957996501,372680,1
7313,3657,billing,Hùng,Bùi,78 Lê Lợi,TP HCM,VN,0978682448,666886,1
7314,3657,shipping,Hùng,Bùi,123 Nguyễn Huệ,TP HCM,VN,0982572963,981362,1
7315,3658,billing,Việt,Nguyễn,22 Trần Hưng Đạo,Hà Nội,VN,0940874775,884571,1
7316,3658,shipping,Việt,Nguyễn,22 Trần Hưng Đạo,Hà Nội,VN,0918892481,290131,1
7317,3659,billing,Trang,Bùi,22 Trần Hưng Đạo,TP HCM,VN,0923634571,287124,1
7318,3659,shipping,Trang,Bùi,22 Trần Hưng Đạo,TP HCM,VN,0935893710,702508,1
7319,3660,billing,Hải,Trần,99 Hai Bà Trưng,Đồng Nai,VN,0935787651,307076,1
7320,3660,shipping,Hải,Trần,78 Lê Lợi,Đồng Nai,VN,0917866099,373184,1
7321,3661,billing,Lan,Vũ,99 Hai Bà Trưng,Hà Nội,VN,0939637570,505698,1
7322,3661,shipping,Lan,Vũ,22 Trần Hưng Đạo,Hà Nội,VN,0969785745,586232,1
7323,3662,billing,Lan,Đỗ,22 Trần Hưng Đạo,Hà Nội,VN,0938363829,883757,1
7324,3662,shipping,Lan,Đỗ,99 Hai Bà Trưng,Hà Nội,VN,0982161373,449242,1
7325,3663,billing,Thành,Đặng,22 Trần Hưng Đạo,Hà Nội,VN,0927717340,557736,1
7326,3663,shipping,Thành,Đặng,45 Đinh Tiên Hoàng,Hà Nội,VN,0964857996,149582,1
7327,3664,billing,Thành,Dương,78 Lê Lợi,Khánh Hòa,VN,0966857563,172289,1
7328,3664,shipping,Thành,Dương,78 Lê Lợi,Khánh Hòa,VN,0925777617,683506,1
7329,3665,billing,Hằng,Dương,99 Hai Bà Trưng,Hà Nội,VN,0930095849,332246,1
7330,3665,shipping,Hằng,Dương,78 Lê Lợi,Hà Nội,VN,0918763692,761173,1
7331,3666,billing,Hoa,Hồ,123 Nguyễn Huệ,TP HCM,VN,0921801866,709057,1
7332,3666,shipping,Hoa,Hồ,22 Trần Hưng Đạo,TP HCM,VN,0932058977,693976,1
7333,3667,billing,Trung,Hồ,99 Hai Bà Trưng,TP HCM,VN,0932384739,656177,1
7334,3667,shipping,Trung,Hồ,78 Lê Lợi,TP HCM,VN,0930552534,449482,1
7335,3668,billing,Lan,Lê,123 Nguyễn Huệ,Đà Nẵng,VN,0979918488,930497,1
7336,3668,shipping,Lan,Lê,22 Trần Hưng Đạo,Đà Nẵng,VN,0966099702,344391,1
7337,3669,billing,Yến,Hồ,99 Hai Bà Trưng,Đà Nẵng,VN,0970157869,945061,1
7338,3669,shipping,Yến,Hồ,123 Nguyễn Huệ,Đà Nẵng,VN,0992242190,835652,1
7339,3670,billing,Ánh,Đỗ,123 Nguyễn Huệ,TP HCM,VN,0914398044,351257,1
7340,3670,shipping,Ánh,Đỗ,45 Đinh Tiên Hoàng,TP HCM,VN,0977239067,700806,1
7341,3671,billing,Thảo,Bùi,45 Đinh Tiên Hoàng,Khánh Hòa,VN,0982330236,929169,1
7342,3671,shipping,Thảo,Bùi,123 Nguyễn Huệ,Khánh Hòa,VN,0976939759,735510,1
7343,3672,billing,Hải,Hoàng,99 Hai Bà Trưng,TP HCM,VN,0947406137,230797,1
7344,3672,shipping,Hải,Hoàng,99 Hai Bà Trưng,TP HCM,VN,0972655724,183460,1
7345,3673,billing,Hằng,Phạm,123 Nguyễn Huệ,TP HCM,VN,0930801718,995972,1
7346,3673,shipping,Hằng,Phạm,78 Lê Lợi,TP HCM,VN,0954726567,173777,1
7347,3674,billing,Trung,Dương,99 Hai Bà Trưng,Hà Nội,VN,0987822532,214855,1
7348,3674,shipping,Trung,Dương,22 Trần Hưng Đạo,Hà Nội,VN,0940961060,724788,1
7349,3675,billing,Bình,Trần,45 Đinh Tiên Hoàng,TP HCM,VN,0919230003,536728,1
7350,3675,shipping,Bình,Trần,99 Hai Bà Trưng,TP HCM,VN,0971579702,834792,1
7351,3676,billing,Ngọc,Phạm,78 Lê Lợi,TP HCM,VN,0998143448,536423,1
7352,3676,shipping,Ngọc,Phạm,45 Đinh Tiên Hoàng,TP HCM,VN,0971963970,872590,1
7353,3677,billing,Thành,Đỗ,99 Hai Bà Trưng,TP HCM,VN,0983990840,669900,1
7354,3677,shipping,Thành,Đỗ,22 Trần Hưng Đạo,TP HCM,VN,0972046784,802490,1
7355,3678,billing,Minh,Đặng,99 Hai Bà Trưng,Bình Dương,VN,0914832362,700292,1
7356,3678,shipping,Minh,Đặng,123 Nguyễn Huệ,Bình Dương,VN,0977584585,861942,1
7357,3679,billing,Bình,Hồ,45 Đinh Tiên Hoàng,TP HCM,VN,0949184057,810843,1
7358,3679,shipping,Bình,Hồ,99 Hai Bà Trưng,TP HCM,VN,0994035758,135854,1
7359,3680,billing,Yến,Hoàng,22 Trần Hưng Đạo,Hà Nội,VN,0970798094,508977,1
7360,3680,shipping,Yến,Hoàng,78 Lê Lợi,Hà Nội,VN,0937671752,349073,1
7361,3681,billing,Nga,Phan,22 Trần Hưng Đạo,Hà Nội,VN,0940078136,855543,1
7362,3681,shipping,Nga,Phan,45 Đinh Tiên Hoàng,Hà Nội,VN,0913052787,196379,1
7363,3682,billing,Hùng,Vũ,99 Hai Bà Trưng,Bình Dương,VN,0997641478,747865,1
7364,3682,shipping,Hùng,Vũ,22 Trần Hưng Đạo,Bình Dương,VN,0958389560,560501,1
7365,3683,billing,Long,Hoàng,45 Đinh Tiên Hoàng,TP HCM,VN,0950413577,995917,1
7366,3683,shipping,Long,Hoàng,22 Trần Hưng Đạo,TP HCM,VN,0972342293,393264,1
7367,3684,billing,Thu,Phan,22 Trần Hưng Đạo,Bình Dương,VN,0981112005,969260,1
7368,3684,shipping,Thu,Phan,99 Hai Bà Trưng,Bình Dương,VN,0958962612,136088,1
7369,3685,billing,Hải,Nguyễn,123 Nguyễn Huệ,Hà Nội,VN,0968229811,286828,1
7370,3685,shipping,Hải,Nguyễn,22 Trần Hưng Đạo,Hà Nội,VN,0919029238,810305,1
7371,3686,billing,Lan,Ngô,78 Lê Lợi,TP HCM,VN,0978785440,218534,1
7372,3686,shipping,Lan,Ngô,78 Lê Lợi,TP HCM,VN,0928133441,840889,1
7373,3687,billing,Long,Phạm,123 Nguyễn Huệ,Hà Nội,VN,0943476419,992791,1
7374,3687,shipping,Long,Phạm,99 Hai Bà Trưng,Hà Nội,VN,0916809038,283353,1
7375,3688,billing,Anh,Lê,45 Đinh Tiên Hoàng,Bình Dương,VN,0955018300,782190,1
7376,3688,shipping,Anh,Lê,123 Nguyễn Huệ,Bình Dương,VN,0975025134,474185,1
7377,3689,billing,Hải,Ngô,123 Nguyễn Huệ,Hải Phòng,VN,0992425950,388932,1
7378,3689,shipping,Hải,Ngô,45 Đinh Tiên Hoàng,Hải Phòng,VN,0928010259,185929,1
7379,3690,billing,Lan,Phạm,78 Lê Lợi,TP HCM,VN,0910415005,454259,1
7380,3690,shipping,Lan,Phạm,22 Trần Hưng Đạo,TP HCM,VN,0943993551,924561,1
7381,3691,billing,Lan,Dương,78 Lê Lợi,Hà Nội,VN,0954997846,444231,1
7382,3691,shipping,Lan,Dương,123 Nguyễn Huệ,Hà Nội,VN,0917319702,750342,1
7383,3692,billing,Tuấn,Ngô,99 Hai Bà Trưng,Bình Dương,VN,0960665066,202912,1
7384,3692,shipping,Tuấn,Ngô,99 Hai Bà Trưng,Bình Dương,VN,0918649078,674137,1
7385,3693,billing,Ngọc,Trần,99 Hai Bà Trưng,Hà Nội,VN,0915162219,880058,1
7386,3693,shipping,Ngọc,Trần,45 Đinh Tiên Hoàng,Hà Nội,VN,0952107553,910759,1
7387,3694,billing,Yến,Phạm,78 Lê Lợi,TP HCM,VN,0913103065,449863,1
7388,3694,shipping,Yến,Phạm,22 Trần Hưng Đạo,TP HCM,VN,0971580253,949510,1
7389,3695,billing,Yến,Dương,22 Trần Hưng Đạo,Bình Dương,VN,0999624179,955287,1
7390,3695,shipping,Yến,Dương,99 Hai Bà Trưng,Bình Dương,VN,0910001947,921217,1
7391,3696,billing,Thành,Trần,78 Lê Lợi,TP HCM,VN,0953457944,427386,1
7392,3696,shipping,Thành,Trần,99 Hai Bà Trưng,TP HCM,VN,0963572597,133345,1
7393,3697,billing,Thảo,Đặng,123 Nguyễn Huệ,TP HCM,VN,0952595801,430118,1
7394,3697,shipping,Thảo,Đặng,99 Hai Bà Trưng,TP HCM,VN,0978327527,706914,1
7395,3698,billing,Phương,Nguyễn,45 Đinh Tiên Hoàng,Hà Nội,VN,0976479194,945634,1
7396,3698,shipping,Phương,Nguyễn,123 Nguyễn Huệ,Hà Nội,VN,0957720637,977395,1
7397,3699,billing,Hùng,Đỗ,99 Hai Bà Trưng,TP HCM,VN,0984719322,611599,1
7398,3699,shipping,Hùng,Đỗ,78 Lê Lợi,TP HCM,VN,0942621439,340020,1
7399,3700,billing,Anh,Bùi,45 Đinh Tiên Hoàng,TP HCM,VN,0958853356,821247,1
7400,3700,shipping,Anh,Bùi,22 Trần Hưng Đạo,TP HCM,VN,0952689072,812556,1
7401,3701,billing,Tuấn,Hồ,78 Lê Lợi,TP HCM,VN,0987098647,405130,1
7402,3701,shipping,Tuấn,Hồ,99 Hai Bà Trưng,TP HCM,VN,0982292534,392416,1
7403,3702,billing,Bình,Dương,22 Trần Hưng Đạo,TP HCM,VN,0956470128,447883,1
7404,3702,shipping,Bình,Dương,78 Lê Lợi,TP HCM,VN,0944655915,201832,1
7405,3703,billing,Thành,Dương,45 Đinh Tiên Hoàng,Hà Nội,VN,0934989614,985907,1
7406,3703,shipping,Thành,Dương,22 Trần Hưng Đạo,Hà Nội,VN,0912141469,966312,1
7407,3704,billing,Phương,Nguyễn,78 Lê Lợi,TP HCM,VN,0990333024,976081,1
7408,3704,shipping,Phương,Nguyễn,78 Lê Lợi,TP HCM,VN,0940658389,929823,1
7409,3705,billing,Linh,Dương,78 Lê Lợi,Khánh Hòa,VN,0930645091,750191,1
7410,3705,shipping,Linh,Dương,45 Đinh Tiên Hoàng,Khánh Hòa,VN,0943379480,160953,1
7411,3706,billing,Minh,Hồ,78 Lê Lợi,Đà Nẵng,VN,0964368388,168791,1
7412,3706,shipping,Minh,Hồ,123 Nguyễn Huệ,Đà Nẵng,VN,0957297237,284333,1
7413,3707,billing,Minh,Lê,22 Trần Hưng Đạo,Hà Nội,VN,0929317832,610276,1
7414,3707,shipping,Minh,Lê,22 Trần Hưng Đạo,Hà Nội,VN,0938268624,642838,1
7415,3708,billing,Trung,Trần,45 Đinh Tiên Hoàng,Bình Dương,VN,0910467670,251805,1
7416,3708,shipping,Trung,Trần,22 Trần Hưng Đạo,Bình Dương,VN,0944517250,127983,1
7417,3709,billing,Bình,Hồ,22 Trần Hưng Đạo,TP HCM,VN,0965452894,993295,1
7418,3709,shipping,Bình,Hồ,78 Lê Lợi,TP HCM,VN,0956166526,672838,1
7419,3710,billing,Bình,Đặng,123 Nguyễn Huệ,Hải Phòng,VN,0941020394,754261,1
7420,3710,shipping,Bình,Đặng,99 Hai Bà Trưng,Hải Phòng,VN,0954147364,834548,1
7421,3711,billing,Nga,Dương,99 Hai Bà Trưng,TP HCM,VN,0969013645,274825,1
7422,3711,shipping,Nga,Dương,123 Nguyễn Huệ,TP HCM,VN,0918104097,116137,1
7423,3712,billing,Lan,Trần,123 Nguyễn Huệ,Hà Nội,VN,0935000738,313597,1
7424,3712,shipping,Lan,Trần,78 Lê Lợi,Hà Nội,VN,0921803792,399878,1
7425,3713,billing,Thảo,Phạm,45 Đinh Tiên Hoàng,TP HCM,VN,0929774225,310399,1
7426,3713,shipping,Thảo,Phạm,78 Lê Lợi,TP HCM,VN,0938801503,990676,1
7427,3714,billing,Khánh,Hoàng,78 Lê Lợi,TP HCM,VN,0957332034,762892,1
7428,3714,shipping,Khánh,Hoàng,22 Trần Hưng Đạo,TP HCM,VN,0958669323,471341,1
7429,3715,billing,Đức,Hồ,123 Nguyễn Huệ,Quảng Ninh,VN,0949038980,878079,1
7430,3715,shipping,Đức,Hồ,45 Đinh Tiên Hoàng,Quảng Ninh,VN,0912201012,920250,1
7431,3716,billing,Ánh,Bùi,45 Đinh Tiên Hoàng,Hải Phòng,VN,0942391773,669837,1
7432,3716,shipping,Ánh,Bùi,45 Đinh Tiên Hoàng,Hải Phòng,VN,0940501444,607227,1
7433,3717,billing,Linh,Trần,99 Hai Bà Trưng,Đà Nẵng,VN,0911801622,634511,1
7434,3717,shipping,Linh,Trần,78 Lê Lợi,Đà Nẵng,VN,0960858397,113063,1
7435,3718,billing,Việt,Nguyễn,99 Hai Bà Trưng,TP HCM,VN,0941509304,863220,1
7436,3718,shipping,Việt,Nguyễn,22 Trần Hưng Đạo,TP HCM,VN,0969288681,429471,1
7437,3719,billing,Hùng,Trần,99 Hai Bà Trưng,Đà Nẵng,VN,0948224770,435861,1
7438,3719,shipping,Hùng,Trần,22 Trần Hưng Đạo,Đà Nẵng,VN,0967910373,708143,1
7439,3720,billing,Hằng,Hoàng,78 Lê Lợi,Hà Nội,VN,0920902670,982551,1
7440,3720,shipping,Hằng,Hoàng,78 Lê Lợi,Hà Nội,VN,0983502555,532248,1
7441,3721,billing,Phương,Nguyễn,22 Trần Hưng Đạo,Đà Nẵng,VN,0998114725,541146,1
7442,3721,shipping,Phương,Nguyễn,78 Lê Lợi,Đà Nẵng,VN,0924477193,205955,1
7443,3722,billing,Đức,Hồ,123 Nguyễn Huệ,Bình Dương,VN,0995062006,610120,1
7444,3722,shipping,Đức,Hồ,123 Nguyễn Huệ,Bình Dương,VN,0924518753,675271,1
7445,3723,billing,Nga,Nguyễn,123 Nguyễn Huệ,Đà Nẵng,VN,0933103553,913712,1
7446,3723,shipping,Nga,Nguyễn,99 Hai Bà Trưng,Đà Nẵng,VN,0978073718,622704,1
7447,3724,billing,Nga,Dương,123 Nguyễn Huệ,TP HCM,VN,0961130733,731364,1
7448,3724,shipping,Nga,Dương,78 Lê Lợi,TP HCM,VN,0958325804,965835,1
7449,3725,billing,Lan,Trần,78 Lê Lợi,Hà Nội,VN,0958389382,963609,1
7450,3725,shipping,Lan,Trần,78 Lê Lợi,Hà Nội,VN,0981340543,201878,1
7451,3726,billing,Bình,Phan,45 Đinh Tiên Hoàng,Đà Nẵng,VN,0948725293,396607,1
7452,3726,shipping,Bình,Phan,45 Đinh Tiên Hoàng,Đà Nẵng,VN,0928863797,269541,1
7453,3727,billing,Thành,Đỗ,45 Đinh Tiên Hoàng,Hải Phòng,VN,0999245782,823031,1
7454,3727,shipping,Thành,Đỗ,123 Nguyễn Huệ,Hải Phòng,VN,0994269213,782293,1
7455,3728,billing,Long,Dương,99 Hai Bà Trưng,Bình Dương,VN,0975325467,573515,1
7456,3728,shipping,Long,Dương,78 Lê Lợi,Bình Dương,VN,0949126962,521716,1
7457,3729,billing,Ngọc,Bùi,45 Đinh Tiên Hoàng,TP HCM,VN,0988162263,493293,1
7458,3729,shipping,Ngọc,Bùi,99 Hai Bà Trưng,TP HCM,VN,0939329424,957978,1
7459,3730,billing,Quang,Hoàng,78 Lê Lợi,Bình Dương,VN,0970305633,281900,1
7460,3730,shipping,Quang,Hoàng,123 Nguyễn Huệ,Bình Dương,VN,0954753589,924859,1
7461,3731,billing,Mai,Đỗ,123 Nguyễn Huệ,Hà Nội,VN,0981171430,382960,1
7462,3731,shipping,Mai,Đỗ,45 Đinh Tiên Hoàng,Hà Nội,VN,0924864870,366181,1
7463,3732,billing,Hùng,Đặng,78 Lê Lợi,Hà Nội,VN,0919594683,150077,1
7464,3732,shipping,Hùng,Đặng,123 Nguyễn Huệ,Hà Nội,VN,0990375903,614046,1
7465,3733,billing,Việt,Đỗ,45 Đinh Tiên Hoàng,Đồng Nai,VN,0953596156,285236,1
7466,3733,shipping,Việt,Đỗ,123 Nguyễn Huệ,Đồng Nai,VN,0914954502,137350,1
7467,3734,billing,Khánh,Đặng,22 Trần Hưng Đạo,TP HCM,VN,0936014821,307281,1
7468,3734,shipping,Khánh,Đặng,45 Đinh Tiên Hoàng,TP HCM,VN,0984906654,791684,1
7469,3735,billing,Minh,Hồ,99 Hai Bà Trưng,Đà Nẵng,VN,0972951584,998126,1
7470,3735,shipping,Minh,Hồ,123 Nguyễn Huệ,Đà Nẵng,VN,0917690716,963700,1
7471,3736,billing,Long,Đặng,123 Nguyễn Huệ,Hải Phòng,VN,0975699813,964827,1
7472,3736,shipping,Long,Đặng,99 Hai Bà Trưng,Hải Phòng,VN,0917230301,187825,1
7473,3737,billing,Hà,Bùi,45 Đinh Tiên Hoàng,Hà Nội,VN,0925566861,747252,1
7474,3737,shipping,Hà,Bùi,99 Hai Bà Trưng,Hà Nội,VN,0960293420,956108,1
7475,3738,billing,Hằng,Nguyễn,123 Nguyễn Huệ,Hải Phòng,VN,0947631313,490928,1
7476,3738,shipping,Hằng,Nguyễn,45 Đinh Tiên Hoàng,Hải Phòng,VN,0912333656,939164,1
7477,3739,billing,Hùng,Hoàng,78 Lê Lợi,Hà Nội,VN,0999584371,531542,1
7478,3739,shipping,Hùng,Hoàng,123 Nguyễn Huệ,Hà Nội,VN,0982922391,584888,1
7479,3740,billing,Hùng,Hồ,78 Lê Lợi,Hà Nội,VN,0922236713,671033,1
7480,3740,shipping,Hùng,Hồ,78 Lê Lợi,Hà Nội,VN,0926319591,750685,1
7481,3741,billing,Nga,Dương,78 Lê Lợi,TP HCM,VN,0949502476,623790,1
7482,3741,shipping,Nga,Dương,78 Lê Lợi,TP HCM,VN,0961850573,652813,1
7483,3742,billing,Trang,Dương,78 Lê Lợi,Đà Nẵng,VN,0975381001,360440,1
7484,3742,shipping,Trang,Dương,45 Đinh Tiên Hoàng,Đà Nẵng,VN,0976663159,989857,1
7485,3743,billing,Long,Bùi,78 Lê Lợi,Hà Nội,VN,0913836739,754234,1
7486,3743,shipping,Long,Bùi,99 Hai Bà Trưng,Hà Nội,VN,0974237618,946268,1
7487,3744,billing,Trung,Hoàng,123 Nguyễn Huệ,Hà Nội,VN,0917711626,425997,1
7488,3744,shipping,Trung,Hoàng,45 Đinh Tiên Hoàng,Hà Nội,VN,0978902235,794114,1
7489,3745,billing,Linh,Phan,99 Hai Bà Trưng,Hải Phòng,VN,0937395765,236169,1
7490,3745,shipping,Linh,Phan,45 Đinh Tiên Hoàng,Hải Phòng,VN,0933101800,874097,1
7491,3746,billing,Anh,Lê,22 Trần Hưng Đạo,Hà Nội,VN,0947806134,582284,1
7492,3746,shipping,Anh,Lê,22 Trần Hưng Đạo,Hà Nội,VN,0930203920,154190,1
7493,3747,billing,Thành,Nguyễn,45 Đinh Tiên Hoàng,Hải Phòng,VN,0939923318,423611,1
7494,3747,shipping,Thành,Nguyễn,99 Hai Bà Trưng,Hải Phòng,VN,0933195467,645026,1
7495,3748,billing,Việt,Lê,99 Hai Bà Trưng,TP HCM,VN,0993321082,165928,1
7496,3748,shipping,Việt,Lê,123 Nguyễn Huệ,TP HCM,VN,0981763003,949105,1
7497,3749,billing,Hoa,Lê,45 Đinh Tiên Hoàng,Hà Nội,VN,0975090596,557865,1
7498,3749,shipping,Hoa,Lê,99 Hai Bà Trưng,Hà Nội,VN,0972159337,283073,1
7499,3750,billing,Linh,Vũ,45 Đinh Tiên Hoàng,Hà Nội,VN,0947730182,851067,1
7500,3750,shipping,Linh,Vũ,22 Trần Hưng Đạo,Hà Nội,VN,0913076305,978057,1
7501,3751,billing,Minh,Dương,123 Nguyễn Huệ,TP HCM,VN,0998304482,720342,1
7502,3751,shipping,Minh,Dương,45 Đinh Tiên Hoàng,TP HCM,VN,0912998314,687301,1
7503,3752,billing,Long,Đỗ,78 Lê Lợi,TP HCM,VN,0945273134,807939,1
7504,3752,shipping,Long,Đỗ,22 Trần Hưng Đạo,TP HCM,VN,0911240471,704905,1
7505,3753,billing,Phương,Bùi,78 Lê Lợi,Đà Nẵng,VN,0959928652,246428,1
7506,3753,shipping,Phương,Bùi,45 Đinh Tiên Hoàng,Đà Nẵng,VN,0953743694,344277,1
7507,3754,billing,Tuấn,Ngô,22 Trần Hưng Đạo,TP HCM,VN,0925339238,799476,1
7508,3754,shipping,Tuấn,Ngô,78 Lê Lợi,TP HCM,VN,0976440933,530310,1
7509,3755,billing,Anh,Dương,99 Hai Bà Trưng,TP HCM,VN,0948575395,272108,1
7510,3755,shipping,Anh,Dương,99 Hai Bà Trưng,TP HCM,VN,0938780650,859666,1
7511,3756,billing,Mai,Đặng,99 Hai Bà Trưng,Đà Nẵng,VN,0984101506,677446,1
7512,3756,shipping,Mai,Đặng,45 Đinh Tiên Hoàng,Đà Nẵng,VN,0912843875,907052,1
7513,3757,billing,Việt,Dương,123 Nguyễn Huệ,Hà Nội,VN,0960078648,409910,1
7514,3757,shipping,Việt,Dương,45 Đinh Tiên Hoàng,Hà Nội,VN,0939572278,398287,1
7515,3758,billing,Khánh,Ngô,22 Trần Hưng Đạo,TP HCM,VN,0910545382,430063,1
7516,3758,shipping,Khánh,Ngô,45 Đinh Tiên Hoàng,TP HCM,VN,0950862149,332326,1
7517,3759,billing,Long,Phạm,78 Lê Lợi,Hà Nội,VN,0954553273,804480,1
7518,3759,shipping,Long,Phạm,45 Đinh Tiên Hoàng,Hà Nội,VN,0988373244,273764,1
7519,3760,billing,Ánh,Đỗ,22 Trần Hưng Đạo,Hà Nội,VN,0985265198,507961,1
7520,3760,shipping,Ánh,Đỗ,45 Đinh Tiên Hoàng,Hà Nội,VN,0930374674,167277,1
7521,3761,billing,Thành,Dương,123 Nguyễn Huệ,Đà Nẵng,VN,0978891570,451166,1
7522,3761,shipping,Thành,Dương,123 Nguyễn Huệ,Đà Nẵng,VN,0999041688,346404,1
7523,3762,billing,Thành,Vũ,45 Đinh Tiên Hoàng,Đà Nẵng,VN,0996943081,732715,1
7524,3762,shipping,Thành,Vũ,45 Đinh Tiên Hoàng,Đà Nẵng,VN,0986301170,674207,1
7525,3763,billing,Trung,Ngô,45 Đinh Tiên Hoàng,TP HCM,VN,0944886615,994053,1
7526,3763,shipping,Trung,Ngô,45 Đinh Tiên Hoàng,TP HCM,VN,0974378780,641748,1
7527,3764,billing,Tuấn,Trần,78 Lê Lợi,TP HCM,VN,0952601539,360015,1
7528,3764,shipping,Tuấn,Trần,22 Trần Hưng Đạo,TP HCM,VN,0950049902,655813,1
7529,3765,billing,Thu,Đỗ,45 Đinh Tiên Hoàng,Hà Nội,VN,0949756500,919461,1
7530,3765,shipping,Thu,Đỗ,78 Lê Lợi,Hà Nội,VN,0977885230,311306,1
7531,3766,billing,Nga,Dương,78 Lê Lợi,TP HCM,VN,0956013381,839928,1
7532,3766,shipping,Nga,Dương,99 Hai Bà Trưng,TP HCM,VN,0988753923,765118,1
7533,3767,billing,Hải,Hoàng,22 Trần Hưng Đạo,TP HCM,VN,0922859094,747441,1
7534,3767,shipping,Hải,Hoàng,78 Lê Lợi,TP HCM,VN,0910064113,356327,1
7535,3768,billing,Nga,Hồ,99 Hai Bà Trưng,TP HCM,VN,0968777452,877441,1
7536,3768,shipping,Nga,Hồ,45 Đinh Tiên Hoàng,TP HCM,VN,0917944933,954984,1
7537,3769,billing,Quang,Đặng,22 Trần Hưng Đạo,TP HCM,VN,0930251038,208055,1
7538,3769,shipping,Quang,Đặng,123 Nguyễn Huệ,TP HCM,VN,0931727120,545614,1
7539,3770,billing,Tuấn,Phan,99 Hai Bà Trưng,Hải Phòng,VN,0981045293,736010,1
7540,3770,shipping,Tuấn,Phan,78 Lê Lợi,Hải Phòng,VN,0959302297,107776,1
7541,3771,billing,Hoa,Hoàng,22 Trần Hưng Đạo,TP HCM,VN,0973922581,489244,1
7542,3771,shipping,Hoa,Hoàng,78 Lê Lợi,TP HCM,VN,0914194085,446037,1
7543,3772,billing,Hùng,Hồ,22 Trần Hưng Đạo,TP HCM,VN,0967468212,667260,1
7544,3772,shipping,Hùng,Hồ,78 Lê Lợi,TP HCM,VN,0942695670,905255,1
7545,3773,billing,Long,Bùi,78 Lê Lợi,TP HCM,VN,0949695558,313266,1
7546,3773,shipping,Long,Bùi,78 Lê Lợi,TP HCM,VN,0962242445,594016,1
7547,3774,billing,Hoa,Ngô,78 Lê Lợi,TP HCM,VN,0983990636,654174,1
7548,3774,shipping,Hoa,Ngô,123 Nguyễn Huệ,TP HCM,VN,0930952424,295688,1
7549,3775,billing,Thảo,Đỗ,45 Đinh Tiên Hoàng,Đồng Nai,VN,0956317820,946037,1
7550,3775,shipping,Thảo,Đỗ,99 Hai Bà Trưng,Đồng Nai,VN,0960400664,775797,1
7551,3776,billing,Phương,Trần,45 Đinh Tiên Hoàng,TP HCM,VN,0955208399,509992,1
7552,3776,shipping,Phương,Trần,123 Nguyễn Huệ,TP HCM,VN,0950388518,594098,1
7553,3777,billing,Thu,Bùi,22 Trần Hưng Đạo,TP HCM,VN,0979062077,506982,1
7554,3777,shipping,Thu,Bùi,45 Đinh Tiên Hoàng,TP HCM,VN,0944297098,700826,1
7555,3778,billing,Minh,Bùi,99 Hai Bà Trưng,TP HCM,VN,0934818271,539161,1
7556,3778,shipping,Minh,Bùi,22 Trần Hưng Đạo,TP HCM,VN,0974952028,491551,1
7557,3779,billing,Yến,Đặng,45 Đinh Tiên Hoàng,TP HCM,VN,0988241957,305112,1
7558,3779,shipping,Yến,Đặng,99 Hai Bà Trưng,TP HCM,VN,0936449640,115141,1
7559,3780,billing,Đức,Dương,123 Nguyễn Huệ,TP HCM,VN,0938694650,948956,1
7560,3780,shipping,Đức,Dương,78 Lê Lợi,TP HCM,VN,0947129145,510335,1
7561,3781,billing,Quang,Đặng,78 Lê Lợi,Hà Nội,VN,0976060923,927951,1
7562,3781,shipping,Quang,Đặng,99 Hai Bà Trưng,Hà Nội,VN,0925303018,760717,1
7563,3782,billing,Tuấn,Ngô,123 Nguyễn Huệ,Hải Phòng,VN,0994653272,410557,1
7564,3782,shipping,Tuấn,Ngô,45 Đinh Tiên Hoàng,Hải Phòng,VN,0947407949,806492,1
7565,3783,billing,Tuấn,Đỗ,22 Trần Hưng Đạo,Hà Nội,VN,0943810082,591503,1
7566,3783,shipping,Tuấn,Đỗ,78 Lê Lợi,Hà Nội,VN,0915058789,162518,1
7567,3784,billing,Tuấn,Đỗ,123 Nguyễn Huệ,Khánh Hòa,VN,0959283114,528406,1
7568,3784,shipping,Tuấn,Đỗ,123 Nguyễn Huệ,Khánh Hòa,VN,0964451520,212396,1
7569,3785,billing,Linh,Hồ,99 Hai Bà Trưng,Bình Dương,VN,0948548228,496685,1
7570,3785,shipping,Linh,Hồ,78 Lê Lợi,Bình Dương,VN,0980558317,562196,1
7571,3786,billing,Quang,Đỗ,123 Nguyễn Huệ,Hà Nội,VN,0968965910,758486,1
7572,3786,shipping,Quang,Đỗ,123 Nguyễn Huệ,Hà Nội,VN,0972015997,674233,1
7573,3787,billing,Lan,Hồ,99 Hai Bà Trưng,TP HCM,VN,0986819405,527695,1
7574,3787,shipping,Lan,Hồ,123 Nguyễn Huệ,TP HCM,VN,0981107717,491832,1
7575,3788,billing,Trung,Bùi,45 Đinh Tiên Hoàng,TP HCM,VN,0930792298,337119,1
7576,3788,shipping,Trung,Bùi,45 Đinh Tiên Hoàng,TP HCM,VN,0992156468,546865,1
7577,3789,billing,Phương,Nguyễn,45 Đinh Tiên Hoàng,TP HCM,VN,0995011391,331882,1
7578,3789,shipping,Phương,Nguyễn,78 Lê Lợi,TP HCM,VN,0995860748,158667,1
7579,3790,billing,Hà,Nguyễn,99 Hai Bà Trưng,TP HCM,VN,0925057122,112994,1
7580,3790,shipping,Hà,Nguyễn,78 Lê Lợi,TP HCM,VN,0963582678,274366,1
7581,3791,billing,Hải,Đặng,45 Đinh Tiên Hoàng,TP HCM,VN,0982041271,641644,1
7582,3791,shipping,Hải,Đặng,78 Lê Lợi,TP HCM,VN,0913792860,502060,1
7583,3792,billing,Trang,Đỗ,78 Lê Lợi,Hà Nội,VN,0915459315,733041,1
7584,3792,shipping,Trang,Đỗ,78 Lê Lợi,Hà Nội,VN,0941600246,169200,1
7585,3793,billing,Phương,Hoàng,123 Nguyễn Huệ,Hải Phòng,VN,0961788614,954902,1
7586,3793,shipping,Phương,Hoàng,123 Nguyễn Huệ,Hải Phòng,VN,0946944212,663865,1
7587,3794,billing,Trang,Hoàng,22 Trần Hưng Đạo,Hải Phòng,VN,0985760473,303845,1
7588,3794,shipping,Trang,Hoàng,78 Lê Lợi,Hải Phòng,VN,0974958483,289740,1
7589,3795,billing,Hằng,Đặng,45 Đinh Tiên Hoàng,Khánh Hòa,VN,0951336924,582570,1
7590,3795,shipping,Hằng,Đặng,99 Hai Bà Trưng,Khánh Hòa,VN,0998315116,939380,1
7591,3796,billing,Anh,Dương,22 Trần Hưng Đạo,Hà Nội,VN,0948763402,519016,1
7592,3796,shipping,Anh,Dương,99 Hai Bà Trưng,Hà Nội,VN,0911619453,104970,1
7593,3797,billing,Long,Nguyễn,99 Hai Bà Trưng,Hà Nội,VN,0945258538,623832,1
7594,3797,shipping,Long,Nguyễn,99 Hai Bà Trưng,Hà Nội,VN,0953566685,695596,1
7595,3798,billing,Việt,Bùi,99 Hai Bà Trưng,Khánh Hòa,VN,0925279662,203763,1
7596,3798,shipping,Việt,Bùi,45 Đinh Tiên Hoàng,Khánh Hòa,VN,0962722501,709744,1
7597,3799,billing,Yến,Vũ,22 Trần Hưng Đạo,Khánh Hòa,VN,0964093277,244344,1
7598,3799,shipping,Yến,Vũ,22 Trần Hưng Đạo,Khánh Hòa,VN,0999929855,111972,1
7599,3800,billing,Thành,Hoàng,99 Hai Bà Trưng,Hà Nội,VN,0936803141,777178,1
7600,3800,shipping,Thành,Hoàng,45 Đinh Tiên Hoàng,Hà Nội,VN,0938882278,212062,1
7601,3801,billing,Thảo,Phạm,22 Trần Hưng Đạo,TP HCM,VN,0935482875,522178,1
7602,3801,shipping,Thảo,Phạm,123 Nguyễn Huệ,TP HCM,VN,0934801766,322427,1
7603,3802,billing,Minh,Phan,22 Trần Hưng Đạo,TP HCM,VN,0969789516,632746,1
7604,3802,shipping,Minh,Phan,22 Trần Hưng Đạo,TP HCM,VN,0945238370,935327,1
7605,3803,billing,Hùng,Bùi,22 Trần Hưng Đạo,TP HCM,VN,0921417675,762560,1
7606,3803,shipping,Hùng,Bùi,99 Hai Bà Trưng,TP HCM,VN,0976533629,246913,1
7607,3804,billing,Thành,Đỗ,45 Đinh Tiên Hoàng,TP HCM,VN,0995654724,373456,1
7608,3804,shipping,Thành,Đỗ,99 Hai Bà Trưng,TP HCM,VN,0969622641,712664,1
7609,3805,billing,Hoa,Ngô,78 Lê Lợi,TP HCM,VN,0984466852,405283,1
7610,3805,shipping,Hoa,Ngô,45 Đinh Tiên Hoàng,TP HCM,VN,0995201900,926229,1
7611,3806,billing,Long,Nguyễn,45 Đinh Tiên Hoàng,Bình Dương,VN,0980195406,856166,1
7612,3806,shipping,Long,Nguyễn,45 Đinh Tiên Hoàng,Bình Dương,VN,0937101378,548800,1
7613,3807,billing,Phương,Hoàng,78 Lê Lợi,Khánh Hòa,VN,0964361119,615632,1
7614,3807,shipping,Phương,Hoàng,78 Lê Lợi,Khánh Hòa,VN,0948167330,346566,1
7615,3808,billing,Bình,Hồ,123 Nguyễn Huệ,TP HCM,VN,0912222682,430901,1
7616,3808,shipping,Bình,Hồ,45 Đinh Tiên Hoàng,TP HCM,VN,0961337879,653343,1
7617,3809,billing,Trang,Lê,78 Lê Lợi,Đồng Nai,VN,0944441572,483531,1
7618,3809,shipping,Trang,Lê,123 Nguyễn Huệ,Đồng Nai,VN,0934666962,805246,1
7619,3810,billing,Hải,Nguyễn,99 Hai Bà Trưng,TP HCM,VN,0973013217,571812,1
7620,3810,shipping,Hải,Nguyễn,45 Đinh Tiên Hoàng,TP HCM,VN,0949299721,626436,1
7621,3811,billing,Nga,Đỗ,45 Đinh Tiên Hoàng,TP HCM,VN,0915798001,316198,1
7622,3811,shipping,Nga,Đỗ,22 Trần Hưng Đạo,TP HCM,VN,0955329179,982523,1
7623,3812,billing,Hùng,Phạm,99 Hai Bà Trưng,TP HCM,VN,0974710955,429671,1
7624,3812,shipping,Hùng,Phạm,78 Lê Lợi,TP HCM,VN,0938596321,758425,1
7625,3813,billing,Hải,Dương,78 Lê Lợi,Khánh Hòa,VN,0921391341,253560,1
7626,3813,shipping,Hải,Dương,123 Nguyễn Huệ,Khánh Hòa,VN,0935873079,283160,1
7627,3814,billing,Linh,Dương,99 Hai Bà Trưng,Hà Nội,VN,0920686820,372755,1
7628,3814,shipping,Linh,Dương,123 Nguyễn Huệ,Hà Nội,VN,0938528427,571352,1
7629,3815,billing,Bình,Trần,45 Đinh Tiên Hoàng,TP HCM,VN,0933342952,717620,1
7630,3815,shipping,Bình,Trần,123 Nguyễn Huệ,TP HCM,VN,0946486919,511428,1
7631,3816,billing,Hà,Phạm,22 Trần Hưng Đạo,Hà Nội,VN,0920222949,446819,1
7632,3816,shipping,Hà,Phạm,22 Trần Hưng Đạo,Hà Nội,VN,0955727199,632498,1
7633,3817,billing,Hải,Ngô,22 Trần Hưng Đạo,Hà Nội,VN,0956273739,759733,1
7634,3817,shipping,Hải,Ngô,45 Đinh Tiên Hoàng,Hà Nội,VN,0947625669,512156,1
7635,3818,billing,Ánh,Hoàng,99 Hai Bà Trưng,Khánh Hòa,VN,0942869822,777125,1
7636,3818,shipping,Ánh,Hoàng,45 Đinh Tiên Hoàng,Khánh Hòa,VN,0980543925,968792,1
7637,3819,billing,Trang,Hoàng,99 Hai Bà Trưng,TP HCM,VN,0980588342,928229,1
7638,3819,shipping,Trang,Hoàng,45 Đinh Tiên Hoàng,TP HCM,VN,0983197138,228297,1
7639,3820,billing,Minh,Hoàng,45 Đinh Tiên Hoàng,Đồng Nai,VN,0962164436,628413,1
7640,3820,shipping,Minh,Hoàng,45 Đinh Tiên Hoàng,Đồng Nai,VN,0940527283,807359,1
7641,3821,billing,Long,Nguyễn,22 Trần Hưng Đạo,TP HCM,VN,0952253697,260310,1
7642,3821,shipping,Long,Nguyễn,99 Hai Bà Trưng,TP HCM,VN,0910197681,644399,1
7643,3822,billing,Nga,Dương,78 Lê Lợi,TP HCM,VN,0975025616,490193,1
7644,3822,shipping,Nga,Dương,78 Lê Lợi,TP HCM,VN,0996606767,125772,1
7645,3823,billing,Nga,Bùi,123 Nguyễn Huệ,TP HCM,VN,0973575346,288216,1
7646,3823,shipping,Nga,Bùi,22 Trần Hưng Đạo,TP HCM,VN,0939290171,574084,1
7647,3824,billing,Lan,Bùi,123 Nguyễn Huệ,Bình Dương,VN,0933002930,972922,1
7648,3824,shipping,Lan,Bùi,22 Trần Hưng Đạo,Bình Dương,VN,0942936132,886385,1
7649,3825,billing,Quang,Hồ,123 Nguyễn Huệ,TP HCM,VN,0924764852,354328,1
7650,3825,shipping,Quang,Hồ,22 Trần Hưng Đạo,TP HCM,VN,0951195401,701221,1
7651,3826,billing,Hằng,Phan,78 Lê Lợi,TP HCM,VN,0993308705,520997,1
7652,3826,shipping,Hằng,Phan,22 Trần Hưng Đạo,TP HCM,VN,0930950183,921608,1
7653,3827,billing,Linh,Lê,78 Lê Lợi,Hà Nội,VN,0940418553,248153,1
7654,3827,shipping,Linh,Lê,78 Lê Lợi,Hà Nội,VN,0950920259,845104,1
7655,3828,billing,Trung,Vũ,99 Hai Bà Trưng,Hải Phòng,VN,0986373021,490311,1
7656,3828,shipping,Trung,Vũ,99 Hai Bà Trưng,Hải Phòng,VN,0963275448,951618,1
7657,3829,billing,Tuấn,Ngô,22 Trần Hưng Đạo,Quảng Ninh,VN,0969857042,869076,1
7658,3829,shipping,Tuấn,Ngô,22 Trần Hưng Đạo,Quảng Ninh,VN,0924940414,810270,1
7659,3830,billing,Khánh,Nguyễn,22 Trần Hưng Đạo,TP HCM,VN,0922425863,487965,1
7660,3830,shipping,Khánh,Nguyễn,123 Nguyễn Huệ,TP HCM,VN,0938279843,933379,1
7661,3831,billing,Mai,Nguyễn,123 Nguyễn Huệ,TP HCM,VN,0998480371,492179,1
7662,3831,shipping,Mai,Nguyễn,45 Đinh Tiên Hoàng,TP HCM,VN,0923772369,707596,1
7663,3832,billing,Anh,Hồ,22 Trần Hưng Đạo,Hà Nội,VN,0929103789,365275,1
7664,3832,shipping,Anh,Hồ,78 Lê Lợi,Hà Nội,VN,0961884678,585241,1
7665,3833,billing,Quang,Phan,123 Nguyễn Huệ,TP HCM,VN,0911960062,497440,1
7666,3833,shipping,Quang,Phan,99 Hai Bà Trưng,TP HCM,VN,0923511324,475229,1
7667,3834,billing,Ngọc,Nguyễn,123 Nguyễn Huệ,TP HCM,VN,0978236977,753631,1
7668,3834,shipping,Ngọc,Nguyễn,45 Đinh Tiên Hoàng,TP HCM,VN,0924157244,584955,1
7669,3835,billing,Lan,Đỗ,99 Hai Bà Trưng,Hà Nội,VN,0993179754,118730,1
7670,3835,shipping,Lan,Đỗ,22 Trần Hưng Đạo,Hà Nội,VN,0915636762,773761,1
7671,3836,billing,Hà,Đặng,99 Hai Bà Trưng,TP HCM,VN,0923339377,502690,1
7672,3836,shipping,Hà,Đặng,123 Nguyễn Huệ,TP HCM,VN,0943912105,825818,1
7673,3837,billing,Yến,Hồ,78 Lê Lợi,Đà Nẵng,VN,0951924287,610330,1
7674,3837,shipping,Yến,Hồ,78 Lê Lợi,Đà Nẵng,VN,0966543938,194909,1
7675,3838,billing,Phương,Lê,123 Nguyễn Huệ,Hà Nội,VN,0984102063,259007,1
7676,3838,shipping,Phương,Lê,99 Hai Bà Trưng,Hà Nội,VN,0993995998,969020,1
7677,3839,billing,Mai,Ngô,123 Nguyễn Huệ,TP HCM,VN,0980140431,805932,1
7678,3839,shipping,Mai,Ngô,123 Nguyễn Huệ,TP HCM,VN,0913838429,245031,1
7679,3840,billing,Long,Hoàng,22 Trần Hưng Đạo,Hà Nội,VN,0990185577,277380,1
7680,3840,shipping,Long,Hoàng,22 Trần Hưng Đạo,Hà Nội,VN,0965329927,743741,1
7681,3841,billing,Anh,Hồ,99 Hai Bà Trưng,TP HCM,VN,0929036654,730885,1
7682,3841,shipping,Anh,Hồ,78 Lê Lợi,TP HCM,VN,0913469271,883017,1
7683,3842,billing,Bình,Hồ,45 Đinh Tiên Hoàng,Hà Nội,VN,0986517334,810948,1
7684,3842,shipping,Bình,Hồ,99 Hai Bà Trưng,Hà Nội,VN,0929484432,114528,1
7685,3843,billing,Ngọc,Ngô,123 Nguyễn Huệ,TP HCM,VN,0934589156,650612,1
7686,3843,shipping,Ngọc,Ngô,78 Lê Lợi,TP HCM,VN,0949518395,349187,1
7687,3844,billing,Trang,Bùi,123 Nguyễn Huệ,TP HCM,VN,0942065054,880541,1
7688,3844,shipping,Trang,Bùi,45 Đinh Tiên Hoàng,TP HCM,VN,0915667534,411387,1
7689,3845,billing,Hằng,Bùi,22 Trần Hưng Đạo,TP HCM,VN,0997053782,202206,1
7690,3845,shipping,Hằng,Bùi,45 Đinh Tiên Hoàng,TP HCM,VN,0933630438,393869,1
7691,3846,billing,Thành,Hoàng,45 Đinh Tiên Hoàng,Đà Nẵng,VN,0990631455,340874,1
7692,3846,shipping,Thành,Hoàng,22 Trần Hưng Đạo,Đà Nẵng,VN,0942085367,526459,1
7693,3847,billing,Anh,Đặng,78 Lê Lợi,Đà Nẵng,VN,0973301350,557553,1
7694,3847,shipping,Anh,Đặng,99 Hai Bà Trưng,Đà Nẵng,VN,0929094591,573585,1
7695,3848,billing,Khánh,Phan,123 Nguyễn Huệ,Hà Nội,VN,0963627417,152525,1
7696,3848,shipping,Khánh,Phan,78 Lê Lợi,Hà Nội,VN,0928091505,774154,1
7697,3849,billing,Minh,Hoàng,78 Lê Lợi,TP HCM,VN,0961649258,169502,1
7698,3849,shipping,Minh,Hoàng,45 Đinh Tiên Hoàng,TP HCM,VN,0913071718,386693,1
7699,3850,billing,Mai,Ngô,22 Trần Hưng Đạo,TP HCM,VN,0922301970,580619,1
7700,3850,shipping,Mai,Ngô,22 Trần Hưng Đạo,TP HCM,VN,0989048712,560980,1
7701,3851,billing,Khánh,Nguyễn,123 Nguyễn Huệ,TP HCM,VN,0937244721,331424,1
7702,3851,shipping,Khánh,Nguyễn,99 Hai Bà Trưng,TP HCM,VN,0950002293,367414,1
7703,3852,billing,Linh,Bùi,78 Lê Lợi,TP HCM,VN,0950257390,148533,1
7704,3852,shipping,Linh,Bùi,45 Đinh Tiên Hoàng,TP HCM,VN,0938158822,601769,1
7705,3853,billing,Thu,Đỗ,45 Đinh Tiên Hoàng,TP HCM,VN,0999707753,299503,1
7706,3853,shipping,Thu,Đỗ,99 Hai Bà Trưng,TP HCM,VN,0971074941,262617,1
7707,3854,billing,Anh,Đặng,99 Hai Bà Trưng,TP HCM,VN,0927060745,177286,1
7708,3854,shipping,Anh,Đặng,99 Hai Bà Trưng,TP HCM,VN,0911920416,202944,1
7709,3855,billing,Lan,Dương,99 Hai Bà Trưng,TP HCM,VN,0944581797,262732,1
7710,3855,shipping,Lan,Dương,99 Hai Bà Trưng,TP HCM,VN,0993805597,946288,1
7711,3856,billing,Long,Hoàng,22 Trần Hưng Đạo,Hải Phòng,VN,0981673955,281197,1
7712,3856,shipping,Long,Hoàng,22 Trần Hưng Đạo,Hải Phòng,VN,0940326914,683222,1
7713,3857,billing,Tuấn,Đỗ,123 Nguyễn Huệ,Hà Nội,VN,0959866629,960951,1
7714,3857,shipping,Tuấn,Đỗ,45 Đinh Tiên Hoàng,Hà Nội,VN,0928451260,941745,1
7715,3858,billing,Minh,Đặng,99 Hai Bà Trưng,TP HCM,VN,0984236521,268041,1
7716,3858,shipping,Minh,Đặng,123 Nguyễn Huệ,TP HCM,VN,0947133975,778436,1
7717,3859,billing,Lan,Phan,99 Hai Bà Trưng,TP HCM,VN,0973045373,605662,1
7718,3859,shipping,Lan,Phan,22 Trần Hưng Đạo,TP HCM,VN,0937319348,624511,1
7719,3860,billing,Hải,Trần,123 Nguyễn Huệ,Hà Nội,VN,0926480354,337294,1
7720,3860,shipping,Hải,Trần,22 Trần Hưng Đạo,Hà Nội,VN,0979797546,369333,1
7721,3861,billing,Đức,Dương,22 Trần Hưng Đạo,Hà Nội,VN,0960299799,799507,1
7722,3861,shipping,Đức,Dương,99 Hai Bà Trưng,Hà Nội,VN,0947488978,219987,1
7723,3862,billing,Nga,Dương,123 Nguyễn Huệ,Hà Nội,VN,0963173748,752971,1
7724,3862,shipping,Nga,Dương,45 Đinh Tiên Hoàng,Hà Nội,VN,0932906270,579904,1
7725,3863,billing,Nga,Phan,22 Trần Hưng Đạo,Hà Nội,VN,0944433061,192488,1
7726,3863,shipping,Nga,Phan,99 Hai Bà Trưng,Hà Nội,VN,0985646662,193747,1
7727,3864,billing,Minh,Ngô,123 Nguyễn Huệ,TP HCM,VN,0986471903,161542,1
7728,3864,shipping,Minh,Ngô,99 Hai Bà Trưng,TP HCM,VN,0969458042,648058,1
7729,3865,billing,Trung,Hồ,123 Nguyễn Huệ,Hà Nội,VN,0939923300,561947,1
7730,3865,shipping,Trung,Hồ,123 Nguyễn Huệ,Hà Nội,VN,0963220447,115426,1
7731,3866,billing,Hùng,Đỗ,99 Hai Bà Trưng,Đà Nẵng,VN,0974217889,864196,1
7732,3866,shipping,Hùng,Đỗ,45 Đinh Tiên Hoàng,Đà Nẵng,VN,0915309428,487677,1
7733,3867,billing,Anh,Lê,123 Nguyễn Huệ,TP HCM,VN,0919934741,424447,1
7734,3867,shipping,Anh,Lê,99 Hai Bà Trưng,TP HCM,VN,0961175672,109089,1
7735,3868,billing,Nga,Dương,22 Trần Hưng Đạo,TP HCM,VN,0978741990,314483,1
7736,3868,shipping,Nga,Dương,22 Trần Hưng Đạo,TP HCM,VN,0998618818,170242,1
7737,3869,billing,Thành,Phạm,99 Hai Bà Trưng,TP HCM,VN,0952435260,715484,1
7738,3869,shipping,Thành,Phạm,78 Lê Lợi,TP HCM,VN,0985958368,570595,1
7739,3870,billing,Anh,Đỗ,99 Hai Bà Trưng,TP HCM,VN,0934026833,202046,1
7740,3870,shipping,Anh,Đỗ,78 Lê Lợi,TP HCM,VN,0924346049,254686,1
7741,3871,billing,Ánh,Phạm,22 Trần Hưng Đạo,TP HCM,VN,0951621527,731205,1
7742,3871,shipping,Ánh,Phạm,45 Đinh Tiên Hoàng,TP HCM,VN,0957782706,842115,1
7743,3872,billing,Việt,Đỗ,22 Trần Hưng Đạo,TP HCM,VN,0926284273,386602,1
7744,3872,shipping,Việt,Đỗ,99 Hai Bà Trưng,TP HCM,VN,0940903896,120701,1
7745,3873,billing,Lan,Lê,78 Lê Lợi,TP HCM,VN,0915208556,852427,1
7746,3873,shipping,Lan,Lê,78 Lê Lợi,TP HCM,VN,0945975276,462116,1
7747,3874,billing,Hải,Dương,22 Trần Hưng Đạo,TP HCM,VN,0963887163,612222,1
7748,3874,shipping,Hải,Dương,45 Đinh Tiên Hoàng,TP HCM,VN,0991900949,427636,1
7749,3875,billing,Ngọc,Vũ,123 Nguyễn Huệ,Quảng Ninh,VN,0991861584,604938,1
7750,3875,shipping,Ngọc,Vũ,22 Trần Hưng Đạo,Quảng Ninh,VN,0911857107,337819,1
7751,3876,billing,Bình,Vũ,123 Nguyễn Huệ,Đà Nẵng,VN,0927591141,602957,1
7752,3876,shipping,Bình,Vũ,45 Đinh Tiên Hoàng,Đà Nẵng,VN,0973552044,197604,1
7753,3877,billing,Hằng,Vũ,123 Nguyễn Huệ,TP HCM,VN,0965902790,609781,1
7754,3877,shipping,Hằng,Vũ,99 Hai Bà Trưng,TP HCM,VN,0956335869,202786,1
7755,3878,billing,Anh,Nguyễn,22 Trần Hưng Đạo,TP HCM,VN,0984190102,617857,1
7756,3878,shipping,Anh,Nguyễn,123 Nguyễn Huệ,TP HCM,VN,0929772899,471429,1
7757,3879,billing,Quang,Phan,99 Hai Bà Trưng,Hà Nội,VN,0912017910,193064,1
7758,3879,shipping,Quang,Phan,123 Nguyễn Huệ,Hà Nội,VN,0917082038,578462,1
7759,3880,billing,Hải,Nguyễn,99 Hai Bà Trưng,TP HCM,VN,0924124537,412298,1
7760,3880,shipping,Hải,Nguyễn,78 Lê Lợi,TP HCM,VN,0961986031,499322,1
7761,3881,billing,Thành,Đỗ,22 Trần Hưng Đạo,TP HCM,VN,0960891612,633414,1
7762,3881,shipping,Thành,Đỗ,78 Lê Lợi,TP HCM,VN,0958544516,905181,1
7763,3882,billing,Bình,Dương,45 Đinh Tiên Hoàng,TP HCM,VN,0984512227,205629,1
7764,3882,shipping,Bình,Dương,123 Nguyễn Huệ,TP HCM,VN,0959092984,708583,1
7765,3883,billing,Bình,Phan,78 Lê Lợi,TP HCM,VN,0970175760,905734,1
7766,3883,shipping,Bình,Phan,22 Trần Hưng Đạo,TP HCM,VN,0970010982,263982,1
7767,3884,billing,Minh,Vũ,123 Nguyễn Huệ,Khánh Hòa,VN,0916056573,210366,1
7768,3884,shipping,Minh,Vũ,123 Nguyễn Huệ,Khánh Hòa,VN,0989041288,549123,1
7769,3885,billing,Hà,Phan,45 Đinh Tiên Hoàng,Đà Nẵng,VN,0912308502,815331,1
7770,3885,shipping,Hà,Phan,22 Trần Hưng Đạo,Đà Nẵng,VN,0959967432,113738,1
7771,3886,billing,Phương,Phạm,99 Hai Bà Trưng,TP HCM,VN,0981886873,593800,1
7772,3886,shipping,Phương,Phạm,123 Nguyễn Huệ,TP HCM,VN,0930759162,801760,1
7773,3887,billing,Minh,Trần,99 Hai Bà Trưng,TP HCM,VN,0977320185,853889,1
7774,3887,shipping,Minh,Trần,78 Lê Lợi,TP HCM,VN,0992406709,515484,1
7775,3888,billing,Ánh,Đỗ,78 Lê Lợi,TP HCM,VN,0915328263,450385,1
7776,3888,shipping,Ánh,Đỗ,78 Lê Lợi,TP HCM,VN,0936175028,229655,1
7777,3889,billing,Long,Vũ,78 Lê Lợi,Hà Nội,VN,0910271597,506924,1
7778,3889,shipping,Long,Vũ,99 Hai Bà Trưng,Hà Nội,VN,0991244499,408811,1
7779,3890,billing,Tuấn,Ngô,22 Trần Hưng Đạo,TP HCM,VN,0949644096,842317,1
7780,3890,shipping,Tuấn,Ngô,99 Hai Bà Trưng,TP HCM,VN,0921396798,608523,1
7781,3891,billing,Quang,Ngô,22 Trần Hưng Đạo,Đà Nẵng,VN,0937855668,217774,1
7782,3891,shipping,Quang,Ngô,22 Trần Hưng Đạo,Đà Nẵng,VN,0942798717,148515,1
7783,3892,billing,Hải,Đỗ,22 Trần Hưng Đạo,TP HCM,VN,0928325174,566980,1
7784,3892,shipping,Hải,Đỗ,78 Lê Lợi,TP HCM,VN,0942641041,255673,1
7785,3893,billing,Phương,Phạm,99 Hai Bà Trưng,TP HCM,VN,0929707710,880228,1
7786,3893,shipping,Phương,Phạm,45 Đinh Tiên Hoàng,TP HCM,VN,0912189142,173437,1
7787,3894,billing,Trang,Ngô,78 Lê Lợi,TP HCM,VN,0957219788,757969,1
7788,3894,shipping,Trang,Ngô,45 Đinh Tiên Hoàng,TP HCM,VN,0966989263,974644,1
7789,3895,billing,Ngọc,Phạm,78 Lê Lợi,TP HCM,VN,0955263841,985322,1
7790,3895,shipping,Ngọc,Phạm,123 Nguyễn Huệ,TP HCM,VN,0927358914,876671,1
7791,3896,billing,Minh,Nguyễn,78 Lê Lợi,Hà Nội,VN,0950512856,314226,1
7792,3896,shipping,Minh,Nguyễn,22 Trần Hưng Đạo,Hà Nội,VN,0950099975,976614,1
7793,3897,billing,Việt,Trần,78 Lê Lợi,Hà Nội,VN,0997599686,393712,1
7794,3897,shipping,Việt,Trần,99 Hai Bà Trưng,Hà Nội,VN,0991402596,226469,1
7795,3898,billing,Hải,Vũ,45 Đinh Tiên Hoàng,TP HCM,VN,0949313918,572989,1
7796,3898,shipping,Hải,Vũ,99 Hai Bà Trưng,TP HCM,VN,0957401705,355923,1
7797,3899,billing,Long,Phan,123 Nguyễn Huệ,TP HCM,VN,0928513210,110253,1
7798,3899,shipping,Long,Phan,99 Hai Bà Trưng,TP HCM,VN,0999904821,240571,1
7799,3900,billing,Linh,Bùi,22 Trần Hưng Đạo,TP HCM,VN,0950771357,369233,1
7800,3900,shipping,Linh,Bùi,99 Hai Bà Trưng,TP HCM,VN,0972700759,506061,1
7801,3901,billing,Phương,Lê,123 Nguyễn Huệ,Hải Phòng,VN,0920907427,206997,1
7802,3901,shipping,Phương,Lê,123 Nguyễn Huệ,Hải Phòng,VN,0950761546,896260,1
7803,3902,billing,Bình,Nguyễn,22 Trần Hưng Đạo,TP HCM,VN,0944387156,955191,1
7804,3902,shipping,Bình,Nguyễn,22 Trần Hưng Đạo,TP HCM,VN,0928732482,867772,1
7805,3903,billing,Việt,Ngô,123 Nguyễn Huệ,Đồng Nai,VN,0932574598,110856,1
7806,3903,shipping,Việt,Ngô,22 Trần Hưng Đạo,Đồng Nai,VN,0989796709,436565,1
7807,3904,billing,Ngọc,Hoàng,78 Lê Lợi,TP HCM,VN,0993264636,204604,1
7808,3904,shipping,Ngọc,Hoàng,78 Lê Lợi,TP HCM,VN,0986338295,642536,1
7809,3905,billing,Lan,Phan,22 Trần Hưng Đạo,Hải Phòng,VN,0939236752,285846,1
7810,3905,shipping,Lan,Phan,45 Đinh Tiên Hoàng,Hải Phòng,VN,0991523815,904943,1
7811,3906,billing,Thành,Đặng,123 Nguyễn Huệ,TP HCM,VN,0963471802,436849,1
7812,3906,shipping,Thành,Đặng,45 Đinh Tiên Hoàng,TP HCM,VN,0917831312,126166,1
7813,3907,billing,Linh,Hồ,99 Hai Bà Trưng,Bình Dương,VN,0915036566,371197,1
7814,3907,shipping,Linh,Hồ,99 Hai Bà Trưng,Bình Dương,VN,0918321038,577287,1
7815,3908,billing,Hùng,Dương,22 Trần Hưng Đạo,Đà Nẵng,VN,0967660684,610101,1
7816,3908,shipping,Hùng,Dương,123 Nguyễn Huệ,Đà Nẵng,VN,0944019702,262148,1
7817,3909,billing,Đức,Hồ,22 Trần Hưng Đạo,Hà Nội,VN,0946728832,966026,1
7818,3909,shipping,Đức,Hồ,22 Trần Hưng Đạo,Hà Nội,VN,0916817484,493042,1
7819,3910,billing,Ngọc,Nguyễn,22 Trần Hưng Đạo,Hà Nội,VN,0978263191,107625,1
7820,3910,shipping,Ngọc,Nguyễn,22 Trần Hưng Đạo,Hà Nội,VN,0962974415,394700,1
7821,3911,billing,Trang,Nguyễn,123 Nguyễn Huệ,Hà Nội,VN,0915421736,264578,1
7822,3911,shipping,Trang,Nguyễn,123 Nguyễn Huệ,Hà Nội,VN,0985233375,518790,1
7823,3912,billing,Yến,Đặng,78 Lê Lợi,TP HCM,VN,0933560763,321744,1
7824,3912,shipping,Yến,Đặng,22 Trần Hưng Đạo,TP HCM,VN,0948000701,846587,1
7825,3913,billing,Việt,Đặng,78 Lê Lợi,Hà Nội,VN,0958885216,506320,1
7826,3913,shipping,Việt,Đặng,45 Đinh Tiên Hoàng,Hà Nội,VN,0957763754,935147,1
7827,3914,billing,Việt,Phan,78 Lê Lợi,Khánh Hòa,VN,0928319975,268647,1
7828,3914,shipping,Việt,Phan,22 Trần Hưng Đạo,Khánh Hòa,VN,0957231683,856608,1
7829,3915,billing,Ánh,Phan,123 Nguyễn Huệ,Hà Nội,VN,0964785497,333452,1
7830,3915,shipping,Ánh,Phan,123 Nguyễn Huệ,Hà Nội,VN,0950653900,365340,1
7831,3916,billing,Ánh,Vũ,123 Nguyễn Huệ,TP HCM,VN,0964148966,980191,1
7832,3916,shipping,Ánh,Vũ,22 Trần Hưng Đạo,TP HCM,VN,0997298828,281507,1
7833,3917,billing,Nga,Vũ,99 Hai Bà Trưng,TP HCM,VN,0949137865,710371,1
7834,3917,shipping,Nga,Vũ,78 Lê Lợi,TP HCM,VN,0955747719,327432,1
7835,3918,billing,Long,Nguyễn,78 Lê Lợi,TP HCM,VN,0996213751,242737,1
7836,3918,shipping,Long,Nguyễn,78 Lê Lợi,TP HCM,VN,0964683471,775608,1
7837,3919,billing,Lan,Phạm,123 Nguyễn Huệ,Hải Phòng,VN,0914364169,947020,1
7838,3919,shipping,Lan,Phạm,45 Đinh Tiên Hoàng,Hải Phòng,VN,0960552229,727487,1
7839,3920,billing,Tuấn,Nguyễn,123 Nguyễn Huệ,Hải Phòng,VN,0964410498,941082,1
7840,3920,shipping,Tuấn,Nguyễn,45 Đinh Tiên Hoàng,Hải Phòng,VN,0978742621,918242,1
7841,3921,billing,Bình,Ngô,99 Hai Bà Trưng,Hà Nội,VN,0969699745,460788,1
7842,3921,shipping,Bình,Ngô,123 Nguyễn Huệ,Hà Nội,VN,0998896213,654398,1
7843,3922,billing,Nga,Trần,22 Trần Hưng Đạo,TP HCM,VN,0957778432,810827,1
7844,3922,shipping,Nga,Trần,123 Nguyễn Huệ,TP HCM,VN,0965351612,286029,1
7845,3923,billing,Trang,Trần,99 Hai Bà Trưng,Hà Nội,VN,0978256793,438317,1
7846,3923,shipping,Trang,Trần,99 Hai Bà Trưng,Hà Nội,VN,0928774063,319420,1
7847,3924,billing,Ánh,Ngô,45 Đinh Tiên Hoàng,Đồng Nai,VN,0992013609,612747,1
7848,3924,shipping,Ánh,Ngô,78 Lê Lợi,Đồng Nai,VN,0911315738,939193,1
7849,3925,billing,Trang,Đỗ,45 Đinh Tiên Hoàng,TP HCM,VN,0989171958,757542,1
7850,3925,shipping,Trang,Đỗ,123 Nguyễn Huệ,TP HCM,VN,0910186251,512324,1
7851,3926,billing,Bình,Hoàng,99 Hai Bà Trưng,TP HCM,VN,0975458881,377773,1
7852,3926,shipping,Bình,Hoàng,45 Đinh Tiên Hoàng,TP HCM,VN,0964871167,405704,1
7853,3927,billing,Thảo,Hồ,99 Hai Bà Trưng,TP HCM,VN,0962124838,584488,1
7854,3927,shipping,Thảo,Hồ,22 Trần Hưng Đạo,TP HCM,VN,0937548219,186171,1
7855,3928,billing,Trung,Dương,78 Lê Lợi,Hà Nội,VN,0993475505,541725,1
7856,3928,shipping,Trung,Dương,99 Hai Bà Trưng,Hà Nội,VN,0936908711,259513,1
7857,3929,billing,Hoa,Dương,78 Lê Lợi,TP HCM,VN,0914275654,658633,1
7858,3929,shipping,Hoa,Dương,45 Đinh Tiên Hoàng,TP HCM,VN,0919788246,679700,1
7859,3930,billing,Hoa,Đặng,123 Nguyễn Huệ,TP HCM,VN,0935943605,224259,1
7860,3930,shipping,Hoa,Đặng,78 Lê Lợi,TP HCM,VN,0921922149,483642,1
7861,3931,billing,Linh,Phan,123 Nguyễn Huệ,Hà Nội,VN,0986424172,387999,1
7862,3931,shipping,Linh,Phan,22 Trần Hưng Đạo,Hà Nội,VN,0951095886,863632,1
7863,3932,billing,Hùng,Nguyễn,45 Đinh Tiên Hoàng,TP HCM,VN,0980649851,643131,1
7864,3932,shipping,Hùng,Nguyễn,123 Nguyễn Huệ,TP HCM,VN,0915306082,835371,1
7865,3933,billing,Hà,Dương,123 Nguyễn Huệ,TP HCM,VN,0964939687,360511,1
7866,3933,shipping,Hà,Dương,99 Hai Bà Trưng,TP HCM,VN,0940764979,724541,1
7867,3934,billing,Đức,Bùi,99 Hai Bà Trưng,Hà Nội,VN,0933012757,150715,1
7868,3934,shipping,Đức,Bùi,123 Nguyễn Huệ,Hà Nội,VN,0932877210,781126,1
7869,3935,billing,Trung,Đặng,22 Trần Hưng Đạo,TP HCM,VN,0974344163,957892,1
7870,3935,shipping,Trung,Đặng,22 Trần Hưng Đạo,TP HCM,VN,0918152521,253627,1
7871,3936,billing,Quang,Hồ,45 Đinh Tiên Hoàng,Đà Nẵng,VN,0945167011,890668,1
7872,3936,shipping,Quang,Hồ,45 Đinh Tiên Hoàng,Đà Nẵng,VN,0922041265,461094,1
7873,3937,billing,Trung,Lê,22 Trần Hưng Đạo,Hà Nội,VN,0955531267,888657,1
7874,3937,shipping,Trung,Lê,99 Hai Bà Trưng,Hà Nội,VN,0946874594,463629,1
7875,3938,billing,Ngọc,Hồ,123 Nguyễn Huệ,Hà Nội,VN,0921342606,339240,1
7876,3938,shipping,Ngọc,Hồ,78 Lê Lợi,Hà Nội,VN,0938053350,495897,1
7877,3939,billing,Hoa,Trần,123 Nguyễn Huệ,Khánh Hòa,VN,0961100751,110005,1
7878,3939,shipping,Hoa,Trần,22 Trần Hưng Đạo,Khánh Hòa,VN,0973198134,838819,1
7879,3940,billing,Minh,Phan,123 Nguyễn Huệ,TP HCM,VN,0937726053,172664,1
7880,3940,shipping,Minh,Phan,45 Đinh Tiên Hoàng,TP HCM,VN,0920699752,364316,1
7881,3941,billing,Minh,Bùi,45 Đinh Tiên Hoàng,Hà Nội,VN,0973493034,554183,1
7882,3941,shipping,Minh,Bùi,45 Đinh Tiên Hoàng,Hà Nội,VN,0926848765,448544,1
7883,3942,billing,Hoa,Nguyễn,22 Trần Hưng Đạo,Hà Nội,VN,0940127639,887121,1
7884,3942,shipping,Hoa,Nguyễn,45 Đinh Tiên Hoàng,Hà Nội,VN,0970724677,877423,1
7885,3943,billing,Khánh,Trần,45 Đinh Tiên Hoàng,Hà Nội,VN,0997707454,885023,1
7886,3943,shipping,Khánh,Trần,78 Lê Lợi,Hà Nội,VN,0992217969,283233,1
7887,3944,billing,Việt,Trần,22 Trần Hưng Đạo,TP HCM,VN,0967361213,575357,1
7888,3944,shipping,Việt,Trần,78 Lê Lợi,TP HCM,VN,0910834223,313776,1
7889,3945,billing,Quang,Hồ,123 Nguyễn Huệ,Khánh Hòa,VN,0953556644,183712,1
7890,3945,shipping,Quang,Hồ,123 Nguyễn Huệ,Khánh Hòa,VN,0939735817,132871,1
7891,3946,billing,Lan,Đỗ,123 Nguyễn Huệ,TP HCM,VN,0975944840,532447,1
7892,3946,shipping,Lan,Đỗ,22 Trần Hưng Đạo,TP HCM,VN,0930736844,149409,1
7893,3947,billing,Hằng,Đỗ,123 Nguyễn Huệ,Hà Nội,VN,0912211191,984908,1
7894,3947,shipping,Hằng,Đỗ,22 Trần Hưng Đạo,Hà Nội,VN,0936074257,248458,1
7895,3948,billing,Quang,Đỗ,22 Trần Hưng Đạo,Khánh Hòa,VN,0933293647,348367,1
7896,3948,shipping,Quang,Đỗ,78 Lê Lợi,Khánh Hòa,VN,0927032083,821493,1
7897,3949,billing,Mai,Ngô,123 Nguyễn Huệ,TP HCM,VN,0937647513,110337,1
7898,3949,shipping,Mai,Ngô,99 Hai Bà Trưng,TP HCM,VN,0955431669,769078,1
7899,3950,billing,Trang,Bùi,123 Nguyễn Huệ,TP HCM,VN,0927874981,395422,1
7900,3950,shipping,Trang,Bùi,22 Trần Hưng Đạo,TP HCM,VN,0944108486,191468,1
7901,3951,billing,Ngọc,Phan,45 Đinh Tiên Hoàng,Đà Nẵng,VN,0974885542,453399,1
7902,3951,shipping,Ngọc,Phan,78 Lê Lợi,Đà Nẵng,VN,0941530130,517946,1
7903,3952,billing,Anh,Trần,78 Lê Lợi,Hà Nội,VN,0994019395,389172,1
7904,3952,shipping,Anh,Trần,45 Đinh Tiên Hoàng,Hà Nội,VN,0964297629,718223,1
7905,3953,billing,Yến,Trần,99 Hai Bà Trưng,TP HCM,VN,0988214864,624605,1
7906,3953,shipping,Yến,Trần,78 Lê Lợi,TP HCM,VN,0955252626,100840,1
7907,3954,billing,Minh,Nguyễn,99 Hai Bà Trưng,TP HCM,VN,0938786306,589857,1
7908,3954,shipping,Minh,Nguyễn,45 Đinh Tiên Hoàng,TP HCM,VN,0995376004,766577,1
7909,3955,billing,Minh,Đặng,22 Trần Hưng Đạo,TP HCM,VN,0966939631,750102,1
7910,3955,shipping,Minh,Đặng,99 Hai Bà Trưng,TP HCM,VN,0985582461,938578,1
7911,3956,billing,Linh,Phan,78 Lê Lợi,TP HCM,VN,0967320797,120488,1
7912,3956,shipping,Linh,Phan,99 Hai Bà Trưng,TP HCM,VN,0934236863,411105,1
7913,3957,billing,Lan,Hoàng,22 Trần Hưng Đạo,Hà Nội,VN,0945435508,142879,1
7914,3957,shipping,Lan,Hoàng,123 Nguyễn Huệ,Hà Nội,VN,0912960457,158349,1
7915,3958,billing,Thảo,Phan,78 Lê Lợi,Đà Nẵng,VN,0934376196,274932,1
7916,3958,shipping,Thảo,Phan,123 Nguyễn Huệ,Đà Nẵng,VN,0929061677,225222,1
7917,3959,billing,Nga,Lê,78 Lê Lợi,Bình Dương,VN,0978917509,490009,1
7918,3959,shipping,Nga,Lê,45 Đinh Tiên Hoàng,Bình Dương,VN,0965299435,448767,1
7919,3960,billing,Khánh,Hồ,78 Lê Lợi,Hà Nội,VN,0943713589,320518,1
7920,3960,shipping,Khánh,Hồ,78 Lê Lợi,Hà Nội,VN,0986787418,267908,1
7921,3961,billing,Ngọc,Đặng,99 Hai Bà Trưng,Hà Nội,VN,0960418985,476527,1
7922,3961,shipping,Ngọc,Đặng,45 Đinh Tiên Hoàng,Hà Nội,VN,0993538106,559663,1
7923,3962,billing,Mai,Dương,22 Trần Hưng Đạo,Hải Phòng,VN,0949709161,248110,1
7924,3962,shipping,Mai,Dương,45 Đinh Tiên Hoàng,Hải Phòng,VN,0999804660,332520,1
7925,3963,billing,Hùng,Trần,78 Lê Lợi,Đà Nẵng,VN,0923837720,804520,1
7926,3963,shipping,Hùng,Trần,22 Trần Hưng Đạo,Đà Nẵng,VN,0944690017,898654,1
7927,3964,billing,Hằng,Hồ,45 Đinh Tiên Hoàng,Đồng Nai,VN,0985929581,580781,1
7928,3964,shipping,Hằng,Hồ,123 Nguyễn Huệ,Đồng Nai,VN,0925791056,897261,1
7929,3965,billing,Quang,Hoàng,22 Trần Hưng Đạo,Hà Nội,VN,0919493275,209930,1
7930,3965,shipping,Quang,Hoàng,78 Lê Lợi,Hà Nội,VN,0936710859,313836,1
7931,3966,billing,Khánh,Hồ,99 Hai Bà Trưng,TP HCM,VN,0942621377,785650,1
7932,3966,shipping,Khánh,Hồ,123 Nguyễn Huệ,TP HCM,VN,0944298227,923099,1
7933,3967,billing,Hải,Lê,45 Đinh Tiên Hoàng,TP HCM,VN,0948233862,324210,1
7934,3967,shipping,Hải,Lê,99 Hai Bà Trưng,TP HCM,VN,0978511475,325819,1
7935,3968,billing,Trung,Phan,99 Hai Bà Trưng,Đồng Nai,VN,0983566920,438973,1
7936,3968,shipping,Trung,Phan,45 Đinh Tiên Hoàng,Đồng Nai,VN,0949734765,258240,1
7937,3969,billing,Trang,Phan,22 Trần Hưng Đạo,Hà Nội,VN,0935683424,135452,1
7938,3969,shipping,Trang,Phan,123 Nguyễn Huệ,Hà Nội,VN,0958261497,565579,1
7939,3970,billing,Tuấn,Hoàng,22 Trần Hưng Đạo,Đà Nẵng,VN,0987953326,384016,1
7940,3970,shipping,Tuấn,Hoàng,123 Nguyễn Huệ,Đà Nẵng,VN,0986816599,868399,1
7941,3971,billing,Hùng,Đỗ,123 Nguyễn Huệ,Quảng Ninh,VN,0953537227,768498,1
7942,3971,shipping,Hùng,Đỗ,99 Hai Bà Trưng,Quảng Ninh,VN,0964882809,725365,1
7943,3972,billing,Ngọc,Bùi,123 Nguyễn Huệ,Quảng Ninh,VN,0939594023,930978,1
7944,3972,shipping,Ngọc,Bùi,22 Trần Hưng Đạo,Quảng Ninh,VN,0918940797,322345,1
7945,3973,billing,Long,Lê,99 Hai Bà Trưng,Hà Nội,VN,0910327623,594229,1
7946,3973,shipping,Long,Lê,22 Trần Hưng Đạo,Hà Nội,VN,0977567556,361708,1
7947,3974,billing,Đức,Hoàng,99 Hai Bà Trưng,TP HCM,VN,0951058411,203851,1
7948,3974,shipping,Đức,Hoàng,45 Đinh Tiên Hoàng,TP HCM,VN,0936205516,525428,1
7949,3975,billing,Bình,Đặng,123 Nguyễn Huệ,Khánh Hòa,VN,0997725759,183305,1
7950,3975,shipping,Bình,Đặng,123 Nguyễn Huệ,Khánh Hòa,VN,0938246720,550442,1
7951,3976,billing,Yến,Ngô,99 Hai Bà Trưng,TP HCM,VN,0996871222,603233,1
7952,3976,shipping,Yến,Ngô,99 Hai Bà Trưng,TP HCM,VN,0937996223,688222,1
7953,3977,billing,Quang,Ngô,123 Nguyễn Huệ,TP HCM,VN,0962780122,870066,1
7954,3977,shipping,Quang,Ngô,123 Nguyễn Huệ,TP HCM,VN,0991809982,918239,1
7955,3978,billing,Hùng,Đặng,123 Nguyễn Huệ,TP HCM,VN,0922711187,881547,1
7956,3978,shipping,Hùng,Đặng,78 Lê Lợi,TP HCM,VN,0956637832,241125,1
7957,3979,billing,Minh,Dương,78 Lê Lợi,Hà Nội,VN,0966075371,419950,1
7958,3979,shipping,Minh,Dương,99 Hai Bà Trưng,Hà Nội,VN,0983196849,884877,1
7959,3980,billing,Đức,Phạm,22 Trần Hưng Đạo,TP HCM,VN,0968436620,601135,1
7960,3980,shipping,Đức,Phạm,78 Lê Lợi,TP HCM,VN,0979003940,639194,1
7961,3981,billing,Thu,Đỗ,78 Lê Lợi,TP HCM,VN,0945727175,365124,1
7962,3981,shipping,Thu,Đỗ,45 Đinh Tiên Hoàng,TP HCM,VN,0920078783,309004,1
7963,3982,billing,Phương,Phạm,123 Nguyễn Huệ,Đồng Nai,VN,0971243150,153659,1
7964,3982,shipping,Phương,Phạm,78 Lê Lợi,Đồng Nai,VN,0980047586,712128,1
7965,3983,billing,Hằng,Phạm,78 Lê Lợi,Đà Nẵng,VN,0939629220,505150,1
7966,3983,shipping,Hằng,Phạm,22 Trần Hưng Đạo,Đà Nẵng,VN,0950543361,475019,1
7967,3984,billing,Thảo,Dương,22 Trần Hưng Đạo,TP HCM,VN,0970135987,502761,1
7968,3984,shipping,Thảo,Dương,45 Đinh Tiên Hoàng,TP HCM,VN,0941389391,161269,1
7969,3985,billing,Thành,Đặng,78 Lê Lợi,TP HCM,VN,0917508230,297106,1
7970,3985,shipping,Thành,Đặng,123 Nguyễn Huệ,TP HCM,VN,0954612947,952390,1
7971,3986,billing,Thu,Phạm,123 Nguyễn Huệ,TP HCM,VN,0917170913,160476,1
7972,3986,shipping,Thu,Phạm,123 Nguyễn Huệ,TP HCM,VN,0920296796,113106,1
7973,3987,billing,Yến,Trần,45 Đinh Tiên Hoàng,TP HCM,VN,0952742800,315692,1
7974,3987,shipping,Yến,Trần,45 Đinh Tiên Hoàng,TP HCM,VN,0957723828,662965,1
7975,3988,billing,Trang,Bùi,123 Nguyễn Huệ,TP HCM,VN,0941573026,739937,1
7976,3988,shipping,Trang,Bùi,22 Trần Hưng Đạo,TP HCM,VN,0936097392,814976,1
7977,3989,billing,Bình,Vũ,45 Đinh Tiên Hoàng,Bình Dương,VN,0923544698,592345,1
7978,3989,shipping,Bình,Vũ,22 Trần Hưng Đạo,Bình Dương,VN,0966122452,331353,1
7979,3990,billing,Ánh,Đặng,45 Đinh Tiên Hoàng,Đà Nẵng,VN,0922296768,161859,1
7980,3990,shipping,Ánh,Đặng,22 Trần Hưng Đạo,Đà Nẵng,VN,0926464735,801084,1
7981,3991,billing,Lan,Phạm,78 Lê Lợi,Hà Nội,VN,0962965350,635127,1
7982,3991,shipping,Lan,Phạm,45 Đinh Tiên Hoàng,Hà Nội,VN,0977592799,826315,1
7983,3992,billing,Hoa,Lê,99 Hai Bà Trưng,TP HCM,VN,0922341974,703136,1
7984,3992,shipping,Hoa,Lê,123 Nguyễn Huệ,TP HCM,VN,0928025822,988252,1
7985,3993,billing,Bình,Trần,78 Lê Lợi,Hà Nội,VN,0948771824,399440,1
7986,3993,shipping,Bình,Trần,99 Hai Bà Trưng,Hà Nội,VN,0938952892,152944,1
7987,3994,billing,Thảo,Đặng,22 Trần Hưng Đạo,TP HCM,VN,0934078022,846236,1
7988,3994,shipping,Thảo,Đặng,123 Nguyễn Huệ,TP HCM,VN,0971884953,357374,1
7989,3995,billing,Hằng,Đỗ,99 Hai Bà Trưng,TP HCM,VN,0932371512,822070,1
7990,3995,shipping,Hằng,Đỗ,45 Đinh Tiên Hoàng,TP HCM,VN,0941439556,139722,1
7991,3996,billing,Hằng,Đỗ,22 Trần Hưng Đạo,Khánh Hòa,VN,0959773472,169237,1
7992,3996,shipping,Hằng,Đỗ,22 Trần Hưng Đạo,Khánh Hòa,VN,0971480776,691356,1
7993,3997,billing,Hà,Ngô,45 Đinh Tiên Hoàng,Hải Phòng,VN,0949494338,892094,1
7994,3997,shipping,Hà,Ngô,123 Nguyễn Huệ,Hải Phòng,VN,0921536626,614508,1
7995,3998,billing,Trang,Hồ,123 Nguyễn Huệ,Đồng Nai,VN,0939562974,647369,1
7996,3998,shipping,Trang,Hồ,78 Lê Lợi,Đồng Nai,VN,0982492109,542386,1
7997,3999,billing,Trang,Trần,99 Hai Bà Trưng,Hải Phòng,VN,0918767926,608551,1
7998,3999,shipping,Trang,Trần,78 Lê Lợi,Hải Phòng,VN,0976002809,896945,1
7999,4000,billing,Việt,Nguyễn,99 Hai Bà Trưng,Hà Nội,VN,0918622838,377849,1
8000,4000,shipping,Việt,Nguyễn,78 Lê Lợi,Hà Nội,VN,0934728909,438007,1
