target_id,period,year,month,store_id,employee_id,brand,target_revenue,target_orders
1,2021-01,2021,1,1,,,7434049230,2400
2,2021-01,2021,1,2,,,5137387405,1600
3,2021-01,2021,1,3,,,5273069555,1600
4,2021-01,2021,1,4,,,3634955064,1200
5,2021-01,2021,1,5,,,10257651227,3200
6,2021-01,2021,1,6,,,6305718473,2000
7,2021-01,2021,1,7,,,3740561019,1200
8,2021-01,2021,1,8,,,3297746537,1200
9,2021-01,2021,1,9,,,3240826055,1200
10,2021-01,2021,1,10,,,6702801023,2400
11,2021-01,2021,1,1,1.0,,2162401864,721
12,2021-01,2021,1,1,2.0,,1482650269,494
13,2021-01,2021,1,1,3.0,,2395303367,798
14,2021-01,2021,1,1,4.0,,3759508821,1253
15,2021-01,2021,1,1,8.0,,3106219686,1035
16,2021-01,2021,1,2,19.0,,4180065221,1393
17,2021-01,2021,1,2,20.0,,1998323413,666
18,2021-01,2021,1,2,21.0,,2479337669,826
19,2021-01,2021,1,2,22.0,,1988098444,663
20,2021-01,2021,1,2,26.0,,2305840887,769
21,2021-01,2021,1,3,31.0,,2457111424,819
22,2021-01,2021,1,3,32.0,,3313055585,1104
23,2021-01,2021,1,3,33.0,,3654696768,1218
24,2021-01,2021,1,3,34.0,,1480822540,494
25,2021-01,2021,1,3,38.0,,4690927819,1564
26,2021-01,2021,1,4,43.0,,2008026096,669
27,2021-01,2021,1,4,44.0,,1756828660,586
28,2021-01,2021,1,4,45.0,,4240435209,1413
29,2021-01,2021,1,4,46.0,,4084794655,1362
30,2021-01,2021,1,4,50.0,,2436908586,812
31,2021-01,2021,1,5,55.0,,1701127233,567
32,2021-01,2021,1,5,56.0,,1836040670,612
33,2021-01,2021,1,5,57.0,,2486803827,829
34,2021-01,2021,1,5,58.0,,3166317602,1055
35,2021-01,2021,1,5,62.0,,1759986808,587
36,2021-01,2021,1,6,75.0,,3828698700,1276
37,2021-01,2021,1,6,76.0,,1654075166,551
38,2021-01,2021,1,6,77.0,,4080263699,1360
39,2021-01,2021,1,6,78.0,,1050929071,350
40,2021-01,2021,1,6,82.0,,2042654623,681
41,2021-01,2021,1,7,87.0,,4343669906,1448
42,2021-01,2021,1,7,88.0,,2002991935,668
43,2021-01,2021,1,7,89.0,,3064684461,1022
44,2021-01,2021,1,7,90.0,,2229151737,743
45,2021-01,2021,1,7,94.0,,3494535917,1165
46,2021-01,2021,1,8,99.0,,1723846526,575
47,2021-01,2021,1,8,100.0,,2361569954,787
48,2021-01,2021,1,8,101.0,,4251525617,1417
49,2021-01,2021,1,8,102.0,,1049706157,350
50,2021-01,2021,1,8,106.0,,4146523971,1382
51,2021-01,2021,1,9,111.0,,4360108460,1453
52,2021-01,2021,1,9,112.0,,3594084311,1198
53,2021-01,2021,1,9,113.0,,4431738414,1477
54,2021-01,2021,1,9,114.0,,4430054918,1477
55,2021-01,2021,1,9,118.0,,1784873424,595
56,2021-01,2021,1,10,123.0,,4222015569,1407
57,2021-01,2021,1,10,124.0,,4302123278,1434
58,2021-01,2021,1,10,125.0,,3640499260,1213
59,2021-01,2021,1,10,126.0,,4587055194,1529
60,2021-01,2021,1,10,130.0,,2696651983,899
61,2021-02,2021,2,1,,,5659762797,2000
62,2021-02,2021,2,2,,,3892684818,1333
63,2021-02,2021,2,3,,,4163771186,1333
64,2021-02,2021,2,4,,,3214884410,1000
65,2021-02,2021,2,5,,,8490659366,2667
66,2021-02,2021,2,6,,,4803965959,1667
67,2021-02,2021,2,7,,,2815234008,1000
68,2021-02,2021,2,8,,,2959174419,1000
69,2021-02,2021,2,9,,,2889567231,1000
70,2021-02,2021,2,10,,,6479628531,2000
71,2021-02,2021,2,1,1.0,,2485895584,829
72,2021-02,2021,2,1,2.0,,987725861,329
73,2021-02,2021,2,1,3.0,,2334419656,778
74,2021-02,2021,2,1,4.0,,1484052231,495
75,2021-02,2021,2,1,8.0,,3964154861,1321
76,2021-02,2021,2,2,19.0,,1955631530,652
77,2021-02,2021,2,2,20.0,,2200416999,733
78,2021-02,2021,2,2,21.0,,1176663975,392
79,2021-02,2021,2,2,22.0,,2509938842,837
80,2021-02,2021,2,2,26.0,,1821952281,607
81,2021-02,2021,2,3,31.0,,3126386138,1042
82,2021-02,2021,2,3,32.0,,1686349043,562
83,2021-02,2021,2,3,33.0,,1416672033,472
84,2021-02,2021,2,3,34.0,,1899702437,633
85,2021-02,2021,2,3,38.0,,3625275041,1208
86,2021-02,2021,2,4,43.0,,807726900,269
87,2021-02,2021,2,4,44.0,,2069821224,690
88,2021-02,2021,2,4,45.0,,2774021831,925
89,2021-02,2021,2,4,46.0,,3285349190,1095
90,2021-02,2021,2,4,50.0,,2312836110,771
91,2021-02,2021,2,5,55.0,,1192692427,398
92,2021-02,2021,2,5,56.0,,2346519831,782
93,2021-02,2021,2,5,57.0,,3739914738,1247
94,2021-02,2021,2,5,58.0,,802948845,268
95,2021-02,2021,2,5,62.0,,2056715668,686
96,2021-02,2021,2,6,75.0,,1839893027,613
97,2021-02,2021,2,6,76.0,,1680091386,560
98,2021-02,2021,2,6,77.0,,987157264,329
99,2021-02,2021,2,6,78.0,,3682182707,1227
100,2021-02,2021,2,6,82.0,,2575205295,858
101,2021-02,2021,2,7,87.0,,3145165311,1048
102,2021-02,2021,2,7,88.0,,1391243145,464
103,2021-02,2021,2,7,89.0,,1745523274,582
104,2021-02,2021,2,7,90.0,,1336911497,446
105,2021-02,2021,2,7,94.0,,1602955055,534
106,2021-02,2021,2,8,99.0,,2609865000,870
107,2021-02,2021,2,8,100.0,,1570157029,523
108,2021-02,2021,2,8,101.0,,2627092466,876
109,2021-02,2021,2,8,102.0,,2284104317,761
110,2021-02,2021,2,8,106.0,,1001422381,334
111,2021-02,2021,2,9,111.0,,1094385518,365
112,2021-02,2021,2,9,112.0,,1906342170,635
113,2021-02,2021,2,9,113.0,,2469887323,823
114,2021-02,2021,2,9,114.0,,1818454220,606
115,2021-02,2021,2,9,118.0,,2068077099,689
116,2021-02,2021,2,10,123.0,,3873280152,1291
117,2021-02,2021,2,10,124.0,,2611092009,870
118,2021-02,2021,2,10,125.0,,3133284782,1044
119,2021-02,2021,2,10,126.0,,3562992555,1188
120,2021-02,2021,2,10,130.0,,1899701142,633
121,2021-03,2021,3,1,,,3051142468,1000
122,2021-03,2021,3,2,,,1843030159,667
123,2021-03,2021,3,3,,,1843310572,667
124,2021-03,2021,3,4,,,1498610576,500
125,2021-03,2021,3,5,,,4348684163,1333
126,2021-03,2021,3,6,,,2604258658,833
127,2021-03,2021,3,7,,,1384469198,500
128,2021-03,2021,3,8,,,1429971129,500
129,2021-03,2021,3,9,,,1648762349,500
130,2021-03,2021,3,10,,,3182754768,1000
131,2021-03,2021,3,1,1.0,,1952469320,651
132,2021-03,2021,3,1,2.0,,663607326,221
133,2021-03,2021,3,1,3.0,,1964681430,655
134,2021-03,2021,3,1,4.0,,1740754590,580
135,2021-03,2021,3,1,8.0,,1208389692,403
136,2021-03,2021,3,2,19.0,,1884404054,628
137,2021-03,2021,3,2,20.0,,1533003269,511
138,2021-03,2021,3,2,21.0,,873468169,291
139,2021-03,2021,3,2,22.0,,1410223405,470
140,2021-03,2021,3,2,26.0,,1684530827,562
141,2021-03,2021,3,3,31.0,,1199797058,400
142,2021-03,2021,3,3,32.0,,1791439964,597
143,2021-03,2021,3,3,33.0,,1310284825,437
144,2021-03,2021,3,3,34.0,,1413212902,471
145,2021-03,2021,3,3,38.0,,1172111980,391
146,2021-03,2021,3,4,43.0,,848443127,283
147,2021-03,2021,3,4,44.0,,1839961685,613
148,2021-03,2021,3,4,45.0,,1345501482,449
149,2021-03,2021,3,4,46.0,,426062849,142
150,2021-03,2021,3,4,50.0,,843475208,281
151,2021-03,2021,3,5,55.0,,622327072,207
152,2021-03,2021,3,5,56.0,,1681183274,560
153,2021-03,2021,3,5,57.0,,1295480141,432
154,2021-03,2021,3,5,58.0,,608068639,203
155,2021-03,2021,3,5,62.0,,620104708,207
156,2021-03,2021,3,6,75.0,,1020094541,340
157,2021-03,2021,3,6,76.0,,1915262931,638
158,2021-03,2021,3,6,77.0,,1739188880,580
159,2021-03,2021,3,6,78.0,,690123046,230
160,2021-03,2021,3,6,82.0,,844178957,281
161,2021-03,2021,3,7,87.0,,1815570984,605
162,2021-03,2021,3,7,88.0,,508862192,170
163,2021-03,2021,3,7,89.0,,1927682762,643
164,2021-03,2021,3,7,90.0,,1116381999,372
165,2021-03,2021,3,7,94.0,,1460424786,487
166,2021-03,2021,3,8,99.0,,1512140175,504
167,2021-03,2021,3,8,100.0,,666173632,222
168,2021-03,2021,3,8,101.0,,1621777216,541
169,2021-03,2021,3,8,102.0,,470165008,157
170,2021-03,2021,3,8,106.0,,612333978,204
171,2021-03,2021,3,9,111.0,,493192045,164
172,2021-03,2021,3,9,112.0,,1911404391,637
173,2021-03,2021,3,9,113.0,,955312118,318
174,2021-03,2021,3,9,114.0,,1211456212,404
175,2021-03,2021,3,9,118.0,,526680518,176
176,2021-03,2021,3,10,123.0,,1974566797,658
177,2021-03,2021,3,10,124.0,,739813023,247
178,2021-03,2021,3,10,125.0,,454600244,152
179,2021-03,2021,3,10,126.0,,1706049657,569
180,2021-03,2021,3,10,130.0,,1613884734,538
181,2021-04,2021,4,1,,,2527989447,900
182,2021-04,2021,4,2,,,1933061668,600
183,2021-04,2021,4,3,,,1780716342,600
184,2021-04,2021,4,4,,,1256995258,450
185,2021-04,2021,4,5,,,3715874767,1200
186,2021-04,2021,4,6,,,2344317495,750
187,2021-04,2021,4,7,,,1408875727,450
188,2021-04,2021,4,8,,,1404985133,450
189,2021-04,2021,4,9,,,1462727327,450
190,2021-04,2021,4,10,,,2698740369,900
191,2021-04,2021,4,1,1.0,,1172137526,391
192,2021-04,2021,4,1,2.0,,1742380356,581
193,2021-04,2021,4,1,3.0,,1351594365,451
194,2021-04,2021,4,1,4.0,,1649820316,550
195,2021-04,2021,4,1,8.0,,793948785,265
196,2021-04,2021,4,2,19.0,,615003831,205
197,2021-04,2021,4,2,20.0,,414154216,138
198,2021-04,2021,4,2,21.0,,1405138697,468
199,2021-04,2021,4,2,22.0,,510549150,170
200,2021-04,2021,4,2,26.0,,1356125540,452
201,2021-04,2021,4,3,31.0,,774392804,258
202,2021-04,2021,4,3,32.0,,1583214128,528
203,2021-04,2021,4,3,33.0,,394602070,132
204,2021-04,2021,4,3,34.0,,1333858289,445
205,2021-04,2021,4,3,38.0,,1477145607,492
206,2021-04,2021,4,4,43.0,,780468537,260
207,2021-04,2021,4,4,44.0,,1311544663,437
208,2021-04,2021,4,4,45.0,,1389891260,463
209,2021-04,2021,4,4,46.0,,1752017716,584
210,2021-04,2021,4,4,50.0,,435895081,145
211,2021-04,2021,4,5,55.0,,1592561565,531
212,2021-04,2021,4,5,56.0,,505978088,169
213,2021-04,2021,4,5,57.0,,551879160,184
214,2021-04,2021,4,5,58.0,,662925543,221
215,2021-04,2021,4,5,62.0,,1788151940,596
216,2021-04,2021,4,6,75.0,,1520913526,507
217,2021-04,2021,4,6,76.0,,1518087934,506
218,2021-04,2021,4,6,77.0,,986785879,329
219,2021-04,2021,4,6,78.0,,1555974506,519
220,2021-04,2021,4,6,82.0,,401444990,134
221,2021-04,2021,4,7,87.0,,1150834833,384
222,2021-04,2021,4,7,88.0,,1737672365,579
223,2021-04,2021,4,7,89.0,,934115431,311
224,2021-04,2021,4,7,90.0,,1406722015,469
225,2021-04,2021,4,7,94.0,,1458389100,486
226,2021-04,2021,4,8,99.0,,1696311184,565
227,2021-04,2021,4,8,100.0,,771852741,257
228,2021-04,2021,4,8,101.0,,975490098,325
229,2021-04,2021,4,8,102.0,,1333065375,444
230,2021-04,2021,4,8,106.0,,478103682,159
231,2021-04,2021,4,9,111.0,,375946899,125
232,2021-04,2021,4,9,112.0,,1195940447,399
233,2021-04,2021,4,9,113.0,,883361029,294
234,2021-04,2021,4,9,114.0,,403544578,135
235,2021-04,2021,4,9,118.0,,1308195052,436
236,2021-04,2021,4,10,123.0,,398665619,133
237,2021-04,2021,4,10,124.0,,593096197,198
238,2021-04,2021,4,10,125.0,,409746960,137
239,2021-04,2021,4,10,126.0,,1232478123,411
240,2021-04,2021,4,10,130.0,,1325615962,442
241,2021-05,2021,5,1,,,3130604948,950
242,2021-05,2021,5,2,,,2084675630,633
243,2021-05,2021,5,3,,,2078862957,633
244,2021-05,2021,5,4,,,1529964613,475
245,2021-05,2021,5,5,,,3672561890,1267
246,2021-05,2021,5,6,,,2375686306,792
247,2021-05,2021,5,7,,,1537117536,475
248,2021-05,2021,5,8,,,1337529255,475
249,2021-05,2021,5,9,,,1320499050,475
250,2021-05,2021,5,10,,,2874420112,950
251,2021-05,2021,5,1,1.0,,1773745207,591
252,2021-05,2021,5,1,2.0,,1539603578,513
253,2021-05,2021,5,1,3.0,,1109341574,370
254,2021-05,2021,5,1,4.0,,623522205,208
255,2021-05,2021,5,1,8.0,,1728941878,576
256,2021-05,2021,5,2,19.0,,478437715,159
257,2021-05,2021,5,2,20.0,,443441432,148
258,2021-05,2021,5,2,21.0,,1234514045,412
259,2021-05,2021,5,2,22.0,,407751755,136
260,2021-05,2021,5,2,26.0,,1545925430,515
261,2021-05,2021,5,3,31.0,,1601490056,534
262,2021-05,2021,5,3,32.0,,526921999,176
263,2021-05,2021,5,3,33.0,,680275187,227
264,2021-05,2021,5,3,34.0,,423070862,141
265,2021-05,2021,5,3,38.0,,1683942680,561
266,2021-05,2021,5,4,43.0,,1161884685,387
267,2021-05,2021,5,4,44.0,,1215307278,405
268,2021-05,2021,5,4,45.0,,757627640,253
269,2021-05,2021,5,4,46.0,,932131876,311
270,2021-05,2021,5,4,50.0,,686315723,229
271,2021-05,2021,5,5,55.0,,1304275138,435
272,2021-05,2021,5,5,56.0,,1323184367,441
273,2021-05,2021,5,5,57.0,,483958289,161
274,2021-05,2021,5,5,58.0,,628857641,210
275,2021-05,2021,5,5,62.0,,1147306294,382
276,2021-05,2021,5,6,75.0,,1631184442,544
277,2021-05,2021,5,6,76.0,,1748610827,583
278,2021-05,2021,5,6,77.0,,1649642765,550
279,2021-05,2021,5,6,78.0,,828058906,276
280,2021-05,2021,5,6,82.0,,1809214285,603
281,2021-05,2021,5,7,87.0,,901806591,301
282,2021-05,2021,5,7,88.0,,1635227617,545
283,2021-05,2021,5,7,89.0,,453355206,151
284,2021-05,2021,5,7,90.0,,790330324,263
285,2021-05,2021,5,7,94.0,,636592777,212
286,2021-05,2021,5,8,99.0,,1023429154,341
287,2021-05,2021,5,8,100.0,,761171214,254
288,2021-05,2021,5,8,101.0,,1498913437,500
289,2021-05,2021,5,8,102.0,,481535293,161
290,2021-05,2021,5,8,106.0,,1855560752,619
291,2021-05,2021,5,9,111.0,,1485735017,495
292,2021-05,2021,5,9,112.0,,553910220,185
293,2021-05,2021,5,9,113.0,,734435751,245
294,2021-05,2021,5,9,114.0,,733363927,244
295,2021-05,2021,5,9,118.0,,1662741627,554
296,2021-05,2021,5,10,123.0,,1675825155,559
297,2021-05,2021,5,10,124.0,,740913453,247
298,2021-05,2021,5,10,125.0,,1881743475,627
299,2021-05,2021,5,10,126.0,,1479267348,493
300,2021-05,2021,5,10,130.0,,1534530963,512
301,2021-06,2021,6,1,,,3420841543,1100
302,2021-06,2021,6,2,,,2084452456,733
303,2021-06,2021,6,3,,,2153353669,733
304,2021-06,2021,6,4,,,1733171206,550
305,2021-06,2021,6,5,,,4794024603,1467
306,2021-06,2021,6,6,,,2686996972,917
307,2021-06,2021,6,7,,,1596680876,550
308,2021-06,2021,6,8,,,1678205664,550
309,2021-06,2021,6,9,,,1661144040,550
310,2021-06,2021,6,10,,,3609797524,1100
311,2021-06,2021,6,1,1.0,,1086042738,362
312,2021-06,2021,6,1,2.0,,958673030,320
313,2021-06,2021,6,1,3.0,,1219413601,406
314,2021-06,2021,6,1,4.0,,1345485579,448
315,2021-06,2021,6,1,8.0,,514846563,172
316,2021-06,2021,6,2,19.0,,1967126787,656
317,2021-06,2021,6,2,20.0,,540462796,180
318,2021-06,2021,6,2,21.0,,952761468,318
319,2021-06,2021,6,2,22.0,,1442297122,481
320,2021-06,2021,6,2,26.0,,2024137232,675
321,2021-06,2021,6,3,31.0,,1441229294,480
322,2021-06,2021,6,3,32.0,,635820565,212
323,2021-06,2021,6,3,33.0,,2064345097,688
324,2021-06,2021,6,3,34.0,,2095999708,699
325,2021-06,2021,6,3,38.0,,1362435786,454
326,2021-06,2021,6,4,43.0,,1923728658,641
327,2021-06,2021,6,4,44.0,,963375756,321
328,2021-06,2021,6,4,45.0,,1795856761,599
329,2021-06,2021,6,4,46.0,,1219855979,407
330,2021-06,2021,6,4,50.0,,642442553,214
331,2021-06,2021,6,5,55.0,,525188765,175
332,2021-06,2021,6,5,56.0,,1189362659,396
333,2021-06,2021,6,5,57.0,,1122215368,374
334,2021-06,2021,6,5,58.0,,1094904023,365
335,2021-06,2021,6,5,62.0,,2179617772,727
336,2021-06,2021,6,6,75.0,,1868456970,623
337,2021-06,2021,6,6,76.0,,673944912,225
338,2021-06,2021,6,6,77.0,,2038302225,679
339,2021-06,2021,6,6,78.0,,1903855955,635
340,2021-06,2021,6,6,82.0,,1134488856,378
341,2021-06,2021,6,7,87.0,,1966821590,656
342,2021-06,2021,6,7,88.0,,1360023131,453
343,2021-06,2021,6,7,89.0,,1627125457,542
344,2021-06,2021,6,7,90.0,,1476440241,492
345,2021-06,2021,6,7,94.0,,784769127,262
346,2021-06,2021,6,8,99.0,,758028647,253
347,2021-06,2021,6,8,100.0,,784697500,262
348,2021-06,2021,6,8,101.0,,662630442,221
349,2021-06,2021,6,8,102.0,,752069843,251
350,2021-06,2021,6,8,106.0,,1169503060,390
351,2021-06,2021,6,9,111.0,,530683768,177
352,2021-06,2021,6,9,112.0,,2099926412,700
353,2021-06,2021,6,9,113.0,,462786402,154
354,2021-06,2021,6,9,114.0,,2124752143,708
355,2021-06,2021,6,9,118.0,,1401969722,467
356,2021-06,2021,6,10,123.0,,2055496060,685
357,2021-06,2021,6,10,124.0,,865301206,288
358,2021-06,2021,6,10,125.0,,931902129,311
359,2021-06,2021,6,10,126.0,,1566795751,522
360,2021-06,2021,6,10,130.0,,458164925,153
361,2021-07,2021,7,1,,,3401739965,1200
362,2021-07,2021,7,2,,,2309601387,800
363,2021-07,2021,7,3,,,2175271937,800
364,2021-07,2021,7,4,,,1676423023,600
365,2021-07,2021,7,5,,,4510884085,1600
366,2021-07,2021,7,6,,,3203987507,1000
367,2021-07,2021,7,7,,,1913425880,600
368,2021-07,2021,7,8,,,1711304617,600
369,2021-07,2021,7,9,,,1977696276,600
370,2021-07,2021,7,10,,,3408659814,1200
371,2021-07,2021,7,1,1.0,,485738452,162
372,2021-07,2021,7,1,2.0,,2253707599,751
373,2021-07,2021,7,1,3.0,,1042126408,347
374,2021-07,2021,7,1,4.0,,1099438311,366
375,2021-07,2021,7,1,8.0,,971398917,324
376,2021-07,2021,7,2,19.0,,1099932958,367
377,2021-07,2021,7,2,20.0,,1984789914,662
378,2021-07,2021,7,2,21.0,,607485170,202
379,2021-07,2021,7,2,22.0,,679275823,226
380,2021-07,2021,7,2,26.0,,1939113827,646
381,2021-07,2021,7,3,31.0,,1517484269,506
382,2021-07,2021,7,3,32.0,,2168298691,723
383,2021-07,2021,7,3,33.0,,2138883931,713
384,2021-07,2021,7,3,34.0,,2081746728,694
385,2021-07,2021,7,3,38.0,,2160754714,720
386,2021-07,2021,7,4,43.0,,1634638704,545
387,2021-07,2021,7,4,44.0,,1237309952,412
388,2021-07,2021,7,4,45.0,,1762622113,588
389,2021-07,2021,7,4,46.0,,557701021,186
390,2021-07,2021,7,4,50.0,,1143100287,381
391,2021-07,2021,7,5,55.0,,997764244,333
392,2021-07,2021,7,5,56.0,,1545456999,515
393,2021-07,2021,7,5,57.0,,2302861371,768
394,2021-07,2021,7,5,58.0,,1690229117,563
395,2021-07,2021,7,5,62.0,,1348902133,450
396,2021-07,2021,7,6,75.0,,787437056,262
397,2021-07,2021,7,6,76.0,,1099730940,367
398,2021-07,2021,7,6,77.0,,1584096739,528
399,2021-07,2021,7,6,78.0,,1706989417,569
400,2021-07,2021,7,6,82.0,,1459844314,487
401,2021-07,2021,7,7,87.0,,1173661599,391
402,2021-07,2021,7,7,88.0,,750613016,250
403,2021-07,2021,7,7,89.0,,1507313581,502
404,2021-07,2021,7,7,90.0,,536107521,179
405,2021-07,2021,7,7,94.0,,2205219649,735
406,2021-07,2021,7,8,99.0,,2379341458,793
407,2021-07,2021,7,8,100.0,,2154585747,718
408,2021-07,2021,7,8,101.0,,2379947852,793
409,2021-07,2021,7,8,102.0,,1826152168,609
410,2021-07,2021,7,8,106.0,,597994932,199
411,2021-07,2021,7,9,111.0,,2100885115,700
412,2021-07,2021,7,9,112.0,,1487785691,496
413,2021-07,2021,7,9,113.0,,1745425209,582
414,2021-07,2021,7,9,114.0,,1378900017,460
415,2021-07,2021,7,9,118.0,,1865022793,622
416,2021-07,2021,7,10,123.0,,597612868,199
417,2021-07,2021,7,10,124.0,,1586712882,529
418,2021-07,2021,7,10,125.0,,1618993527,540
419,2021-07,2021,7,10,126.0,,681602414,227
420,2021-07,2021,7,10,130.0,,1425304862,475
421,2021-08,2021,8,1,,,3254267757,1100
422,2021-08,2021,8,2,,,2016828587,733
423,2021-08,2021,8,3,,,2105609105,733
424,2021-08,2021,8,4,,,1574816228,550
425,2021-08,2021,8,5,,,4651752548,1467
426,2021-08,2021,8,6,,,2676505513,917
427,2021-08,2021,8,7,,,1568017882,550
428,2021-08,2021,8,8,,,1559084188,550
429,2021-08,2021,8,9,,,1626734853,550
430,2021-08,2021,8,10,,,3280931222,1100
431,2021-08,2021,8,1,1.0,,840307439,280
432,2021-08,2021,8,1,2.0,,579701926,193
433,2021-08,2021,8,1,3.0,,1625066579,542
434,2021-08,2021,8,1,4.0,,1448414448,483
435,2021-08,2021,8,1,8.0,,550373628,183
436,2021-08,2021,8,2,19.0,,1060370520,353
437,2021-08,2021,8,2,20.0,,1136702152,379
438,2021-08,2021,8,2,21.0,,1082791821,361
439,2021-08,2021,8,2,22.0,,540520232,180
440,2021-08,2021,8,2,26.0,,2163972935,721
441,2021-08,2021,8,3,31.0,,1552160068,517
442,2021-08,2021,8,3,32.0,,484492300,161
443,2021-08,2021,8,3,33.0,,934390091,311
444,2021-08,2021,8,3,34.0,,974213772,325
445,2021-08,2021,8,3,38.0,,1264984706,422
446,2021-08,2021,8,4,43.0,,2161163910,720
447,2021-08,2021,8,4,44.0,,458452655,153
448,2021-08,2021,8,4,45.0,,1621916290,541
449,2021-08,2021,8,4,46.0,,1538534056,513
450,2021-08,2021,8,4,50.0,,882700084,294
451,2021-08,2021,8,5,55.0,,1652510249,551
452,2021-08,2021,8,5,56.0,,1972652958,658
453,2021-08,2021,8,5,57.0,,1331464124,444
454,2021-08,2021,8,5,58.0,,1882653135,628
455,2021-08,2021,8,5,62.0,,1589475466,530
456,2021-08,2021,8,6,75.0,,857091641,286
457,2021-08,2021,8,6,76.0,,1474151909,491
458,2021-08,2021,8,6,77.0,,1416906311,472
459,2021-08,2021,8,6,78.0,,952664168,318
460,2021-08,2021,8,6,82.0,,1111836947,371
461,2021-08,2021,8,7,87.0,,806293490,269
462,2021-08,2021,8,7,88.0,,1719173786,573
463,2021-08,2021,8,7,89.0,,1406857875,469
464,2021-08,2021,8,7,90.0,,2167305476,722
465,2021-08,2021,8,7,94.0,,1864623266,622
466,2021-08,2021,8,8,99.0,,780979062,260
467,2021-08,2021,8,8,100.0,,1165169402,388
468,2021-08,2021,8,8,101.0,,814167807,271
469,2021-08,2021,8,8,102.0,,945378734,315
470,2021-08,2021,8,8,106.0,,707963664,236
471,2021-08,2021,8,9,111.0,,640974227,214
472,2021-08,2021,8,9,112.0,,714297346,238
473,2021-08,2021,8,9,113.0,,2196599916,732
474,2021-08,2021,8,9,114.0,,841993109,281
475,2021-08,2021,8,9,118.0,,835919052,279
476,2021-08,2021,8,10,123.0,,863423387,288
477,2021-08,2021,8,10,124.0,,1207633389,403
478,2021-08,2021,8,10,125.0,,1054492884,351
479,2021-08,2021,8,10,126.0,,1794458245,598
480,2021-08,2021,8,10,130.0,,678977077,226
481,2021-09,2021,9,1,,,2743675100,1000
482,2021-09,2021,9,2,,,1849674003,667
483,2021-09,2021,9,3,,,2181857580,667
484,2021-09,2021,9,4,,,1442580286,500
485,2021-09,2021,9,5,,,4213196930,1333
486,2021-09,2021,9,6,,,2696278273,833
487,2021-09,2021,9,7,,,1621513310,500
488,2021-09,2021,9,8,,,1637694192,500
489,2021-09,2021,9,9,,,1434117282,500
490,2021-09,2021,9,10,,,2966577212,1000
491,2021-09,2021,9,1,1.0,,948059236,316
492,2021-09,2021,9,1,2.0,,1088800725,363
493,2021-09,2021,9,1,3.0,,1805095598,602
494,2021-09,2021,9,1,4.0,,1474153620,491
495,2021-09,2021,9,1,8.0,,498721474,166
496,2021-09,2021,9,2,19.0,,1752088037,584
497,2021-09,2021,9,2,20.0,,441462169,147
498,2021-09,2021,9,2,21.0,,1916569681,639
499,2021-09,2021,9,2,22.0,,807649870,269
500,2021-09,2021,9,2,26.0,,1169535387,390
501,2021-09,2021,9,3,31.0,,1695074032,565
502,2021-09,2021,9,3,32.0,,1421569463,474
503,2021-09,2021,9,3,33.0,,442610524,148
504,2021-09,2021,9,3,34.0,,1501957179,501
505,2021-09,2021,9,3,38.0,,438613886,146
506,2021-09,2021,9,4,43.0,,1000372658,333
507,2021-09,2021,9,4,44.0,,903971433,301
508,2021-09,2021,9,4,45.0,,1700418472,567
509,2021-09,2021,9,4,46.0,,974692252,325
510,2021-09,2021,9,4,50.0,,683368418,228
511,2021-09,2021,9,5,55.0,,1568374548,523
512,2021-09,2021,9,5,56.0,,588766898,196
513,2021-09,2021,9,5,57.0,,1690026923,563
514,2021-09,2021,9,5,58.0,,607222753,202
515,2021-09,2021,9,5,62.0,,1766590539,589
516,2021-09,2021,9,6,75.0,,1559897448,520
517,2021-09,2021,9,6,76.0,,764925588,255
518,2021-09,2021,9,6,77.0,,1508824161,503
519,2021-09,2021,9,6,78.0,,856627228,286
520,2021-09,2021,9,6,82.0,,963179074,321
521,2021-09,2021,9,7,87.0,,1334910244,445
522,2021-09,2021,9,7,88.0,,727262281,242
523,2021-09,2021,9,7,89.0,,1294642161,432
524,2021-09,2021,9,7,90.0,,567016720,189
525,2021-09,2021,9,7,94.0,,1695938752,565
526,2021-09,2021,9,8,99.0,,999261642,333
527,2021-09,2021,9,8,100.0,,1425471193,475
528,2021-09,2021,9,8,101.0,,641895058,214
529,2021-09,2021,9,8,102.0,,1989656094,663
530,2021-09,2021,9,8,106.0,,1454874694,485
531,2021-09,2021,9,9,111.0,,1372601800,458
532,2021-09,2021,9,9,112.0,,983941110,328
533,2021-09,2021,9,9,113.0,,971442719,324
534,2021-09,2021,9,9,114.0,,1192183031,397
535,2021-09,2021,9,9,118.0,,1631444381,544
536,2021-09,2021,9,10,123.0,,1481904589,494
537,2021-09,2021,9,10,124.0,,1339303432,446
538,2021-09,2021,9,10,125.0,,498586670,166
539,2021-09,2021,9,10,126.0,,447675856,149
540,2021-09,2021,9,10,130.0,,1864639569,622
541,2021-10,2021,10,1,,,3384234748,1100
542,2021-10,2021,10,2,,,2049689535,733
543,2021-10,2021,10,3,,,2394091812,733
544,2021-10,2021,10,4,,,1515971385,550
545,2021-10,2021,10,5,,,4046732217,1467
546,2021-10,2021,10,6,,,2963426854,917
547,2021-10,2021,10,7,,,1548389843,550
548,2021-10,2021,10,8,,,1653586230,550
549,2021-10,2021,10,9,,,1568310651,550
550,2021-10,2021,10,10,,,3541499418,1100
551,2021-10,2021,10,1,1.0,,966371588,322
552,2021-10,2021,10,1,2.0,,807670845,269
553,2021-10,2021,10,1,3.0,,2022243688,674
554,2021-10,2021,10,1,4.0,,1111718641,371
555,2021-10,2021,10,1,8.0,,1566555410,522
556,2021-10,2021,10,2,19.0,,1934488061,645
557,2021-10,2021,10,2,20.0,,1177909770,393
558,2021-10,2021,10,2,21.0,,1164146047,388
559,2021-10,2021,10,2,22.0,,2190940914,730
560,2021-10,2021,10,2,26.0,,731753437,244
561,2021-10,2021,10,3,31.0,,1436225024,479
562,2021-10,2021,10,3,32.0,,1909534714,637
563,2021-10,2021,10,3,33.0,,1021131176,340
564,2021-10,2021,10,3,34.0,,1565545562,522
565,2021-10,2021,10,3,38.0,,1627171005,542
566,2021-10,2021,10,4,43.0,,1481025465,494
567,2021-10,2021,10,4,44.0,,500286435,167
568,2021-10,2021,10,4,45.0,,2084981061,695
569,2021-10,2021,10,4,46.0,,1661422418,554
570,2021-10,2021,10,4,50.0,,667509650,223
571,2021-10,2021,10,5,55.0,,1056759948,352
572,2021-10,2021,10,5,56.0,,538232311,179
573,2021-10,2021,10,5,57.0,,1087626563,363
574,2021-10,2021,10,5,58.0,,647185159,216
575,2021-10,2021,10,5,62.0,,1630876009,544
576,2021-10,2021,10,6,75.0,,1538403684,513
577,2021-10,2021,10,6,76.0,,1888629952,630
578,2021-10,2021,10,6,77.0,,1018336832,339
579,2021-10,2021,10,6,78.0,,1056097394,352
580,2021-10,2021,10,6,82.0,,1639308300,546
581,2021-10,2021,10,7,87.0,,1927146125,642
582,2021-10,2021,10,7,88.0,,1931499584,644
583,2021-10,2021,10,7,89.0,,1657121887,552
584,2021-10,2021,10,7,90.0,,1988503449,663
585,2021-10,2021,10,7,94.0,,808877872,270
586,2021-10,2021,10,8,99.0,,1911534506,637
587,2021-10,2021,10,8,100.0,,1141544402,381
588,2021-10,2021,10,8,101.0,,515490818,172
589,2021-10,2021,10,8,102.0,,575591877,192
590,2021-10,2021,10,8,106.0,,1120428090,373
591,2021-10,2021,10,9,111.0,,1363655241,455
592,2021-10,2021,10,9,112.0,,786080042,262
593,2021-10,2021,10,9,113.0,,1247129880,416
594,2021-10,2021,10,9,114.0,,637246761,212
595,2021-10,2021,10,9,118.0,,1220960512,407
596,2021-10,2021,10,10,123.0,,1097136269,366
597,2021-10,2021,10,10,124.0,,810166432,270
598,2021-10,2021,10,10,125.0,,1906626104,636
599,2021-10,2021,10,10,126.0,,1253809962,418
600,2021-10,2021,10,10,130.0,,545510635,182
601,2021-11,2021,11,1,,,3904930919,1300
602,2021-11,2021,11,2,,,2642507835,867
603,2021-11,2021,11,3,,,2435294385,867
604,2021-11,2021,11,4,,,2001925485,650
605,2021-11,2021,11,5,,,5470076089,1733
606,2021-11,2021,11,6,,,3004054864,1083
607,2021-11,2021,11,7,,,2071719036,650
608,2021-11,2021,11,8,,,1833986324,650
609,2021-11,2021,11,9,,,1913525000,650
610,2021-11,2021,11,10,,,4102002982,1300
611,2021-11,2021,11,1,1.0,,2183770247,728
612,2021-11,2021,11,1,2.0,,1484080247,495
613,2021-11,2021,11,1,3.0,,2595803781,865
614,2021-11,2021,11,1,4.0,,1850488353,617
615,2021-11,2021,11,1,8.0,,2336087039,779
616,2021-11,2021,11,2,19.0,,2325994877,775
617,2021-11,2021,11,2,20.0,,945495227,315
618,2021-11,2021,11,2,21.0,,2426924961,809
619,2021-11,2021,11,2,22.0,,626474186,209
620,2021-11,2021,11,2,26.0,,526918068,176
621,2021-11,2021,11,3,31.0,,760069769,253
622,2021-11,2021,11,3,32.0,,1059242281,353
623,2021-11,2021,11,3,33.0,,2495248261,832
624,2021-11,2021,11,3,34.0,,2170897477,724
625,2021-11,2021,11,3,38.0,,566518408,189
626,2021-11,2021,11,4,43.0,,964292712,321
627,2021-11,2021,11,4,44.0,,1672254915,557
628,2021-11,2021,11,4,45.0,,654437779,218
629,2021-11,2021,11,4,46.0,,1222366978,407
630,2021-11,2021,11,4,50.0,,1933962505,645
631,2021-11,2021,11,5,55.0,,2566676234,856
632,2021-11,2021,11,5,56.0,,2201770892,734
633,2021-11,2021,11,5,57.0,,1176732053,392
634,2021-11,2021,11,5,58.0,,1273836450,425
635,2021-11,2021,11,5,62.0,,2217020363,739
636,2021-11,2021,11,6,75.0,,1592138159,531
637,2021-11,2021,11,6,76.0,,2223159539,741
638,2021-11,2021,11,6,77.0,,2101688459,701
639,2021-11,2021,11,6,78.0,,1488423934,496
640,2021-11,2021,11,6,82.0,,1560161818,520
641,2021-11,2021,11,7,87.0,,896626878,299
642,2021-11,2021,11,7,88.0,,994560693,332
643,2021-11,2021,11,7,89.0,,1351789047,451
644,2021-11,2021,11,7,90.0,,1479547064,493
645,2021-11,2021,11,7,94.0,,1616772490,539
646,2021-11,2021,11,8,99.0,,2007196598,669
647,2021-11,2021,11,8,100.0,,1608907988,536
648,2021-11,2021,11,8,101.0,,890341682,297
649,2021-11,2021,11,8,102.0,,1194485008,398
650,2021-11,2021,11,8,106.0,,1172995586,391
651,2021-11,2021,11,9,111.0,,2267162383,756
652,2021-11,2021,11,9,112.0,,1530386431,510
653,2021-11,2021,11,9,113.0,,962298583,321
654,2021-11,2021,11,9,114.0,,645040302,215
655,2021-11,2021,11,9,118.0,,1894284267,631
656,2021-11,2021,11,10,123.0,,1594453783,531
657,2021-11,2021,11,10,124.0,,2089479948,696
658,2021-11,2021,11,10,125.0,,1729476878,576
659,2021-11,2021,11,10,126.0,,2570398256,857
660,2021-11,2021,11,10,130.0,,1437872165,479
661,2021-12,2021,12,1,,,6364421325,2000
662,2021-12,2021,12,2,,,3770050142,1333
663,2021-12,2021,12,3,,,3672297499,1333
664,2021-12,2021,12,4,,,2747566498,1000
665,2021-12,2021,12,5,,,8018026403,2667
666,2021-12,2021,12,6,,,5412907985,1667
667,2021-12,2021,12,7,,,3160782603,1000
668,2021-12,2021,12,8,,,2825033339,1000
669,2021-12,2021,12,9,,,3077179256,1000
670,2021-12,2021,12,10,,,6461328958,2000
671,2021-12,2021,12,1,1.0,,1701471056,567
672,2021-12,2021,12,1,2.0,,950553763,317
673,2021-12,2021,12,1,3.0,,3777855910,1259
674,2021-12,2021,12,1,4.0,,3597010684,1199
675,2021-12,2021,12,1,8.0,,3089748849,1030
676,2021-12,2021,12,2,19.0,,1174895843,392
677,2021-12,2021,12,2,20.0,,2796996245,932
678,2021-12,2021,12,2,21.0,,3235109190,1078
679,2021-12,2021,12,2,22.0,,3908524095,1303
680,2021-12,2021,12,2,26.0,,3301236690,1100
681,2021-12,2021,12,3,31.0,,3613142669,1204
682,2021-12,2021,12,3,32.0,,1011549822,337
683,2021-12,2021,12,3,33.0,,2326149767,775
684,2021-12,2021,12,3,34.0,,2591049856,864
685,2021-12,2021,12,3,38.0,,1789033360,596
686,2021-12,2021,12,4,43.0,,2520805464,840
687,2021-12,2021,12,4,44.0,,3703722498,1235
688,2021-12,2021,12,4,45.0,,980635304,327
689,2021-12,2021,12,4,46.0,,2815607760,939
690,2021-12,2021,12,4,50.0,,2204983610,735
691,2021-12,2021,12,5,55.0,,3660787804,1220
692,2021-12,2021,12,5,56.0,,1450394719,483
693,2021-12,2021,12,5,57.0,,2681831835,894
694,2021-12,2021,12,5,58.0,,927742487,309
695,2021-12,2021,12,5,62.0,,2431602025,811
696,2021-12,2021,12,6,75.0,,3301411003,1100
697,2021-12,2021,12,6,76.0,,3552446195,1184
698,2021-12,2021,12,6,77.0,,884350142,295
699,2021-12,2021,12,6,78.0,,1183939135,395
700,2021-12,2021,12,6,82.0,,3083363470,1028
701,2021-12,2021,12,7,87.0,,3205157940,1068
702,2021-12,2021,12,7,88.0,,2636685080,879
703,2021-12,2021,12,7,89.0,,3052013834,1017
704,2021-12,2021,12,7,90.0,,817756104,273
705,2021-12,2021,12,7,94.0,,930468045,310
706,2021-12,2021,12,8,99.0,,3708106087,1236
707,2021-12,2021,12,8,100.0,,2048718905,683
708,2021-12,2021,12,8,101.0,,1888978865,630
709,2021-12,2021,12,8,102.0,,2447871800,816
710,2021-12,2021,12,8,106.0,,851030716,284
711,2021-12,2021,12,9,111.0,,2230703399,744
712,2021-12,2021,12,9,112.0,,2860507339,954
713,2021-12,2021,12,9,113.0,,2608258577,869
714,2021-12,2021,12,9,114.0,,1266541206,422
715,2021-12,2021,12,9,118.0,,1572705726,524
716,2021-12,2021,12,10,123.0,,3750001089,1250
717,2021-12,2021,12,10,124.0,,2508039494,836
718,2021-12,2021,12,10,125.0,,2620312930,873
719,2021-12,2021,12,10,126.0,,979324302,326
720,2021-12,2021,12,10,130.0,,1239984023,413
721,2022-01,2022,1,1,,,7120624712,2400
722,2022-01,2022,1,2,,,4703605873,1600
723,2022-01,2022,1,3,,,4416458545,1600
724,2022-01,2022,1,4,,,3880093887,1200
725,2022-01,2022,1,5,,,10212899015,3200
726,2022-01,2022,1,6,,,6126629462,2000
727,2022-01,2022,1,7,,,3525861794,1200
728,2022-01,2022,1,8,,,3774009856,1200
729,2022-01,2022,1,9,,,3539549097,1200
730,2022-01,2022,1,10,,,7153184670,2400
731,2022-01,2022,1,1,1.0,,965169110,322
732,2022-01,2022,1,1,2.0,,1324649221,442
733,2022-01,2022,1,1,3.0,,2530401399,843
734,2022-01,2022,1,1,4.0,,4790334896,1597
735,2022-01,2022,1,1,8.0,,2119172616,706
736,2022-01,2022,1,2,19.0,,1744036810,581
737,2022-01,2022,1,2,20.0,,1256569267,419
738,2022-01,2022,1,2,21.0,,2986350717,995
739,2022-01,2022,1,2,22.0,,3000907630,1000
740,2022-01,2022,1,2,26.0,,2195199719,732
741,2022-01,2022,1,3,31.0,,4697584503,1566
742,2022-01,2022,1,3,32.0,,4428077966,1476
743,2022-01,2022,1,3,33.0,,1617904586,539
744,2022-01,2022,1,3,34.0,,2801913709,934
745,2022-01,2022,1,3,38.0,,2543937783,848
746,2022-01,2022,1,4,43.0,,4725237027,1575
747,2022-01,2022,1,4,44.0,,1994859202,665
748,2022-01,2022,1,4,45.0,,3214422723,1071
749,2022-01,2022,1,4,46.0,,3286583054,1096
750,2022-01,2022,1,4,50.0,,4579785672,1527
751,2022-01,2022,1,5,55.0,,1762526524,588
752,2022-01,2022,1,5,56.0,,3845586487,1282
753,2022-01,2022,1,5,57.0,,4622819545,1541
754,2022-01,2022,1,5,58.0,,1833482152,611
755,2022-01,2022,1,5,62.0,,2704445044,901
756,2022-01,2022,1,6,75.0,,4392340224,1464
757,2022-01,2022,1,6,76.0,,3725724351,1242
758,2022-01,2022,1,6,77.0,,3381206269,1127
759,2022-01,2022,1,6,78.0,,4010031553,1337
760,2022-01,2022,1,6,82.0,,2422614499,808
761,2022-01,2022,1,7,87.0,,3282665761,1094
762,2022-01,2022,1,7,88.0,,2739136601,913
763,2022-01,2022,1,7,89.0,,3314180252,1105
764,2022-01,2022,1,7,90.0,,1885097581,628
765,2022-01,2022,1,7,94.0,,2050283369,683
766,2022-01,2022,1,8,99.0,,4467840181,1489
767,2022-01,2022,1,8,100.0,,3735260516,1245
768,2022-01,2022,1,8,101.0,,1426964286,476
769,2022-01,2022,1,8,102.0,,1080126788,360
770,2022-01,2022,1,8,106.0,,3929441772,1310
771,2022-01,2022,1,9,111.0,,1416169388,472
772,2022-01,2022,1,9,112.0,,1591555589,531
773,2022-01,2022,1,9,113.0,,2112036178,704
774,2022-01,2022,1,9,114.0,,1620858218,540
775,2022-01,2022,1,9,118.0,,3843909258,1281
776,2022-01,2022,1,10,123.0,,4776851733,1592
777,2022-01,2022,1,10,124.0,,3758700240,1253
778,2022-01,2022,1,10,125.0,,1049804166,350
779,2022-01,2022,1,10,126.0,,4479187979,1493
780,2022-01,2022,1,10,130.0,,1579375459,526
781,2022-02,2022,2,1,,,5915896063,2000
782,2022-02,2022,2,2,,,4366027976,1333
783,2022-02,2022,2,3,,,3682115020,1333
784,2022-02,2022,2,4,,,2768389130,1000
785,2022-02,2022,2,5,,,7444028624,2667
786,2022-02,2022,2,6,,,4524134088,1667
787,2022-02,2022,2,7,,,2737813836,1000
788,2022-02,2022,2,8,,,3209224523,1000
789,2022-02,2022,2,9,,,3264820729,1000
790,2022-02,2022,2,10,,,5493154187,2000
791,2022-02,2022,2,1,1.0,,1484137172,495
792,2022-02,2022,2,1,2.0,,1938067965,646
793,2022-02,2022,2,1,3.0,,931689126,311
794,2022-02,2022,2,1,4.0,,3624873266,1208
795,2022-02,2022,2,1,8.0,,1406749190,469
796,2022-02,2022,2,2,19.0,,2537363809,846
797,2022-02,2022,2,2,20.0,,1797407038,599
798,2022-02,2022,2,2,21.0,,1717056091,572
799,2022-02,2022,2,2,22.0,,1510693747,504
800,2022-02,2022,2,2,26.0,,1758015549,586
801,2022-02,2022,2,3,31.0,,2467132725,822
802,2022-02,2022,2,3,32.0,,3280229688,1093
803,2022-02,2022,2,3,33.0,,2901861793,967
804,2022-02,2022,2,3,34.0,,3069209817,1023
805,2022-02,2022,2,3,38.0,,3164419285,1055
806,2022-02,2022,2,4,43.0,,2223037488,741
807,2022-02,2022,2,4,44.0,,2812130527,937
808,2022-02,2022,2,4,45.0,,2245803125,749
809,2022-02,2022,2,4,46.0,,3824596133,1275
810,2022-02,2022,2,4,50.0,,1466743236,489
811,2022-02,2022,2,5,55.0,,3768419855,1256
812,2022-02,2022,2,5,56.0,,3055939712,1019
813,2022-02,2022,2,5,57.0,,1406137961,469
814,2022-02,2022,2,5,58.0,,1722751271,574
815,2022-02,2022,2,5,62.0,,1394393222,465
816,2022-02,2022,2,6,75.0,,1983926893,661
817,2022-02,2022,2,6,76.0,,3255360862,1085
818,2022-02,2022,2,6,77.0,,3643730415,1215
819,2022-02,2022,2,6,78.0,,2939881891,980
820,2022-02,2022,2,6,82.0,,3369545103,1123
821,2022-02,2022,2,7,87.0,,2199111725,733
822,2022-02,2022,2,7,88.0,,3274910576,1092
823,2022-02,2022,2,7,89.0,,2359433852,786
824,2022-02,2022,2,7,90.0,,1485375597,495
825,2022-02,2022,2,7,94.0,,3595380475,1198
826,2022-02,2022,2,8,99.0,,2618253718,873
827,2022-02,2022,2,8,100.0,,3928856061,1310
828,2022-02,2022,2,8,101.0,,1490285844,497
829,2022-02,2022,2,8,102.0,,3785301912,1262
830,2022-02,2022,2,8,106.0,,2768447204,923
831,2022-02,2022,2,9,111.0,,2755547543,919
832,2022-02,2022,2,9,112.0,,1797729916,599
833,2022-02,2022,2,9,113.0,,854157065,285
834,2022-02,2022,2,9,114.0,,3555070958,1185
835,2022-02,2022,2,9,118.0,,3109752336,1037
836,2022-02,2022,2,10,123.0,,3936835439,1312
837,2022-02,2022,2,10,124.0,,1529689132,510
838,2022-02,2022,2,10,125.0,,2621016065,874
839,2022-02,2022,2,10,126.0,,3512015088,1171
840,2022-02,2022,2,10,130.0,,3338887300,1113
841,2022-03,2022,3,1,,,3039463635,1000
842,2022-03,2022,3,2,,,2149815297,667
843,2022-03,2022,3,3,,,2195974116,667
844,2022-03,2022,3,4,,,1417861128,500
845,2022-03,2022,3,5,,,4194632668,1333
846,2022-03,2022,3,6,,,2263314643,833
847,2022-03,2022,3,7,,,1399497603,500
848,2022-03,2022,3,8,,,1374006932,500
849,2022-03,2022,3,9,,,1579563649,500
850,2022-03,2022,3,10,,,2892409967,1000
851,2022-03,2022,3,1,1.0,,1856887517,619
852,2022-03,2022,3,1,2.0,,1732315018,577
853,2022-03,2022,3,1,3.0,,796654207,266
854,2022-03,2022,3,1,4.0,,1776454161,592
855,2022-03,2022,3,1,8.0,,1755871889,585
856,2022-03,2022,3,2,19.0,,786068625,262
857,2022-03,2022,3,2,20.0,,406797062,136
858,2022-03,2022,3,2,21.0,,1721222853,574
859,2022-03,2022,3,2,22.0,,881821906,294
860,2022-03,2022,3,2,26.0,,1740666179,580
861,2022-03,2022,3,3,31.0,,405442167,135
862,2022-03,2022,3,3,32.0,,495394840,165
863,2022-03,2022,3,3,33.0,,966216596,322
864,2022-03,2022,3,3,34.0,,1855337513,618
865,2022-03,2022,3,3,38.0,,1698045070,566
866,2022-03,2022,3,4,43.0,,483999035,161
867,2022-03,2022,3,4,44.0,,1142282072,381
868,2022-03,2022,3,4,45.0,,1675528812,559
869,2022-03,2022,3,4,46.0,,744419003,248
870,2022-03,2022,3,4,50.0,,1188867128,396
871,2022-03,2022,3,5,55.0,,600222615,200
872,2022-03,2022,3,5,56.0,,743947200,248
873,2022-03,2022,3,5,57.0,,1232336883,411
874,2022-03,2022,3,5,58.0,,1693249316,564
875,2022-03,2022,3,5,62.0,,677071823,226
876,2022-03,2022,3,6,75.0,,502203325,167
877,2022-03,2022,3,6,76.0,,1178584182,393
878,2022-03,2022,3,6,77.0,,684534751,228
879,2022-03,2022,3,6,78.0,,1288143511,429
880,2022-03,2022,3,6,82.0,,1664531019,555
881,2022-03,2022,3,7,87.0,,1738947501,580
882,2022-03,2022,3,7,88.0,,627883742,209
883,2022-03,2022,3,7,89.0,,1439635769,480
884,2022-03,2022,3,7,90.0,,1408853098,470
885,2022-03,2022,3,7,94.0,,1070319516,357
886,2022-03,2022,3,8,99.0,,970508550,324
887,2022-03,2022,3,8,100.0,,1482165290,494
888,2022-03,2022,3,8,101.0,,438460022,146
889,2022-03,2022,3,8,102.0,,1463783540,488
890,2022-03,2022,3,8,106.0,,1145378931,382
891,2022-03,2022,3,9,111.0,,1880666151,627
892,2022-03,2022,3,9,112.0,,1131374309,377
893,2022-03,2022,3,9,113.0,,1669812661,557
894,2022-03,2022,3,9,114.0,,1104491434,368
895,2022-03,2022,3,9,118.0,,1769618644,590
896,2022-03,2022,3,10,123.0,,1701876444,567
897,2022-03,2022,3,10,124.0,,844370226,281
898,2022-03,2022,3,10,125.0,,1302412021,434
899,2022-03,2022,3,10,126.0,,1076938315,359
900,2022-03,2022,3,10,130.0,,710080537,237
901,2022-04,2022,4,1,,,2655003601,900
902,2022-04,2022,4,2,,,1846299709,600
903,2022-04,2022,4,3,,,1799910721,600
904,2022-04,2022,4,4,,,1406945858,450
905,2022-04,2022,4,5,,,3529769836,1200
906,2022-04,2022,4,6,,,2031068695,750
907,2022-04,2022,4,7,,,1294838435,450
908,2022-04,2022,4,8,,,1372365290,450
909,2022-04,2022,4,9,,,1257873419,450
910,2022-04,2022,4,10,,,2551746500,900
911,2022-04,2022,4,1,1.0,,1683930812,561
912,2022-04,2022,4,1,2.0,,913525086,305
913,2022-04,2022,4,1,3.0,,1246332633,415
914,2022-04,2022,4,1,4.0,,1371920409,457
915,2022-04,2022,4,1,8.0,,1117969800,373
916,2022-04,2022,4,2,19.0,,1669847553,557
917,2022-04,2022,4,2,20.0,,1774173037,591
918,2022-04,2022,4,2,21.0,,695590096,232
919,2022-04,2022,4,2,22.0,,917597538,306
920,2022-04,2022,4,2,26.0,,411626366,137
921,2022-04,2022,4,3,31.0,,1042071026,347
922,2022-04,2022,4,3,32.0,,1652697039,551
923,2022-04,2022,4,3,33.0,,438726519,146
924,2022-04,2022,4,3,34.0,,1100841515,367
925,2022-04,2022,4,3,38.0,,1151613279,384
926,2022-04,2022,4,4,43.0,,660098429,220
927,2022-04,2022,4,4,44.0,,1313824756,438
928,2022-04,2022,4,4,45.0,,1107962970,369
929,2022-04,2022,4,4,46.0,,1078925634,360
930,2022-04,2022,4,4,50.0,,1226249417,409
931,2022-04,2022,4,5,55.0,,938180877,313
932,2022-04,2022,4,5,56.0,,1416297610,472
933,2022-04,2022,4,5,57.0,,1350240580,450
934,2022-04,2022,4,5,58.0,,876533318,292
935,2022-04,2022,4,5,62.0,,793967582,265
936,2022-04,2022,4,6,75.0,,800841626,267
937,2022-04,2022,4,6,76.0,,1489565849,497
938,2022-04,2022,4,6,77.0,,1781157434,594
939,2022-04,2022,4,6,78.0,,1764229884,588
940,2022-04,2022,4,6,82.0,,693059754,231
941,2022-04,2022,4,7,87.0,,684323942,228
942,2022-04,2022,4,7,88.0,,635673235,212
943,2022-04,2022,4,7,89.0,,1119608880,373
944,2022-04,2022,4,7,90.0,,408653628,136
945,2022-04,2022,4,7,94.0,,1746752657,582
946,2022-04,2022,4,8,99.0,,375380213,125
947,2022-04,2022,4,8,100.0,,923977691,308
948,2022-04,2022,4,8,101.0,,1015429468,338
949,2022-04,2022,4,8,102.0,,436994501,146
950,2022-04,2022,4,8,106.0,,482510088,161
951,2022-04,2022,4,9,111.0,,1511154488,504
952,2022-04,2022,4,9,112.0,,1052955131,351
953,2022-04,2022,4,9,113.0,,1673518210,558
954,2022-04,2022,4,9,114.0,,1149278318,383
955,2022-04,2022,4,9,118.0,,1418922667,473
956,2022-04,2022,4,10,123.0,,861042557,287
957,2022-04,2022,4,10,124.0,,1761037865,587
958,2022-04,2022,4,10,125.0,,636437013,212
959,2022-04,2022,4,10,126.0,,779790378,260
960,2022-04,2022,4,10,130.0,,1369636665,457
961,2022-05,2022,5,1,,,2840081567,950
962,2022-05,2022,5,2,,,2089527120,633
963,2022-05,2022,5,3,,,2009473075,633
964,2022-05,2022,5,4,,,1296099226,475
965,2022-05,2022,5,5,,,3893588120,1267
966,2022-05,2022,5,6,,,2304210243,792
967,2022-05,2022,5,7,,,1485612394,475
968,2022-05,2022,5,8,,,1358541380,475
969,2022-05,2022,5,9,,,1549833569,475
970,2022-05,2022,5,10,,,2732656872,950
971,2022-05,2022,5,1,1.0,,1558020025,519
972,2022-05,2022,5,1,2.0,,1637675172,546
973,2022-05,2022,5,1,3.0,,1721922365,574
974,2022-05,2022,5,1,4.0,,526958399,176
975,2022-05,2022,5,1,8.0,,1066308709,355
976,2022-05,2022,5,2,19.0,,1872441781,624
977,2022-05,2022,5,2,20.0,,1379366270,460
978,2022-05,2022,5,2,21.0,,1627977513,543
979,2022-05,2022,5,2,22.0,,1895293650,632
980,2022-05,2022,5,2,26.0,,971578392,324
981,2022-05,2022,5,3,31.0,,1796806219,599
982,2022-05,2022,5,3,32.0,,1798448967,599
983,2022-05,2022,5,3,33.0,,894306562,298
984,2022-05,2022,5,3,34.0,,1406928966,469
985,2022-05,2022,5,3,38.0,,838542134,280
986,2022-05,2022,5,4,43.0,,1170754773,390
987,2022-05,2022,5,4,44.0,,913969010,305
988,2022-05,2022,5,4,45.0,,623444086,208
989,2022-05,2022,5,4,46.0,,1389594591,463
990,2022-05,2022,5,4,50.0,,401827625,134
991,2022-05,2022,5,5,55.0,,1387245745,462
992,2022-05,2022,5,5,56.0,,903165259,301
993,2022-05,2022,5,5,57.0,,491087761,164
994,2022-05,2022,5,5,58.0,,1171765047,391
995,2022-05,2022,5,5,62.0,,1733937805,578
996,2022-05,2022,5,6,75.0,,1435937753,479
997,2022-05,2022,5,6,76.0,,937000951,312
998,2022-05,2022,5,6,77.0,,1041580125,347
999,2022-05,2022,5,6,78.0,,1017240085,339
1000,2022-05,2022,5,6,82.0,,1728451863,576
1001,2022-05,2022,5,7,87.0,,871322008,290
1002,2022-05,2022,5,7,88.0,,1683124928,561
1003,2022-05,2022,5,7,89.0,,906733214,302
1004,2022-05,2022,5,7,90.0,,1007696574,336
1005,2022-05,2022,5,7,94.0,,1390833144,464
1006,2022-05,2022,5,8,99.0,,403830153,135
1007,2022-05,2022,5,8,100.0,,1243039818,414
1008,2022-05,2022,5,8,101.0,,1056909212,352
1009,2022-05,2022,5,8,102.0,,1603783227,535
1010,2022-05,2022,5,8,106.0,,1193403094,398
1011,2022-05,2022,5,9,111.0,,465349855,155
1012,2022-05,2022,5,9,112.0,,409136279,136
1013,2022-05,2022,5,9,113.0,,386026309,129
1014,2022-05,2022,5,9,114.0,,979160359,326
1015,2022-05,2022,5,9,118.0,,902590584,301
1016,2022-05,2022,5,10,123.0,,1478366197,493
1017,2022-05,2022,5,10,124.0,,952433864,317
1018,2022-05,2022,5,10,125.0,,1709900275,570
1019,2022-05,2022,5,10,126.0,,587100055,196
1020,2022-05,2022,5,10,130.0,,573627195,191
1021,2022-06,2022,6,1,,,2991714010,1100
1022,2022-06,2022,6,2,,,2387220336,733
1023,2022-06,2022,6,3,,,2231855347,733
1024,2022-06,2022,6,4,,,1760821442,550
1025,2022-06,2022,6,5,,,4342558044,1467
1026,2022-06,2022,6,6,,,2956573804,917
1027,2022-06,2022,6,7,,,1707265367,550
1028,2022-06,2022,6,8,,,1712535382,550
1029,2022-06,2022,6,9,,,1667282688,550
1030,2022-06,2022,6,10,,,2993565843,1100
1031,2022-06,2022,6,1,1.0,,707801789,236
1032,2022-06,2022,6,1,2.0,,753574477,251
1033,2022-06,2022,6,1,3.0,,607046847,202
1034,2022-06,2022,6,1,4.0,,2055139097,685
1035,2022-06,2022,6,1,8.0,,713389006,238
1036,2022-06,2022,6,2,19.0,,2139385464,713
1037,2022-06,2022,6,2,20.0,,2078513762,693
1038,2022-06,2022,6,2,21.0,,550705370,184
1039,2022-06,2022,6,2,22.0,,1740484883,580
1040,2022-06,2022,6,2,26.0,,555036088,185
1041,2022-06,2022,6,3,31.0,,1172080411,391
1042,2022-06,2022,6,3,32.0,,516025280,172
1043,2022-06,2022,6,3,33.0,,1551089162,517
1044,2022-06,2022,6,3,34.0,,1841202314,614
1045,2022-06,2022,6,3,38.0,,1390532390,464
1046,2022-06,2022,6,4,43.0,,1455255501,485
1047,2022-06,2022,6,4,44.0,,1300734403,434
1048,2022-06,2022,6,4,45.0,,1344721731,448
1049,2022-06,2022,6,4,46.0,,515790866,172
1050,2022-06,2022,6,4,50.0,,478611798,160
1051,2022-06,2022,6,5,55.0,,650332525,217
1052,2022-06,2022,6,5,56.0,,1160685023,387
1053,2022-06,2022,6,5,57.0,,464273180,155
1054,2022-06,2022,6,5,58.0,,1212072359,404
1055,2022-06,2022,6,5,62.0,,1348154506,449
1056,2022-06,2022,6,6,75.0,,1042210670,347
1057,2022-06,2022,6,6,76.0,,1855390063,618
1058,2022-06,2022,6,6,77.0,,2099721594,700
1059,2022-06,2022,6,6,78.0,,1219460843,406
1060,2022-06,2022,6,6,82.0,,1657994291,553
1061,2022-06,2022,6,7,87.0,,644812561,215
1062,2022-06,2022,6,7,88.0,,734203350,245
1063,2022-06,2022,6,7,89.0,,946544223,316
1064,2022-06,2022,6,7,90.0,,687035596,229
1065,2022-06,2022,6,7,94.0,,701342534,234
1066,2022-06,2022,6,8,99.0,,975947340,325
1067,2022-06,2022,6,8,100.0,,1143990680,381
1068,2022-06,2022,6,8,101.0,,1418552402,473
1069,2022-06,2022,6,8,102.0,,1547271119,516
1070,2022-06,2022,6,8,106.0,,1553708688,518
1071,2022-06,2022,6,9,111.0,,2192878880,731
1072,2022-06,2022,6,9,112.0,,1992770877,664
1073,2022-06,2022,6,9,113.0,,1735210094,578
1074,2022-06,2022,6,9,114.0,,1731064547,577
1075,2022-06,2022,6,9,118.0,,613862085,205
1076,2022-06,2022,6,10,123.0,,909592894,303
1077,2022-06,2022,6,10,124.0,,466574389,156
1078,2022-06,2022,6,10,125.0,,1439985647,480
1079,2022-06,2022,6,10,126.0,,1036106871,345
1080,2022-06,2022,6,10,130.0,,773670148,258
1081,2022-07,2022,7,1,,,3585934628,1200
1082,2022-07,2022,7,2,,,2405186794,800
1083,2022-07,2022,7,3,,,2342180434,800
1084,2022-07,2022,7,4,,,1912502817,600
1085,2022-07,2022,7,5,,,4827523172,1600
1086,2022-07,2022,7,6,,,3160044283,1000
1087,2022-07,2022,7,7,,,1805552622,600
1088,2022-07,2022,7,8,,,1699322723,600
1089,2022-07,2022,7,9,,,1749196160,600
1090,2022-07,2022,7,10,,,3580700137,1200
1091,2022-07,2022,7,1,1.0,,1209977259,403
1092,2022-07,2022,7,1,2.0,,932945672,311
1093,2022-07,2022,7,1,3.0,,1339525879,447
1094,2022-07,2022,7,1,4.0,,1694085051,565
1095,2022-07,2022,7,1,8.0,,1339684528,447
1096,2022-07,2022,7,2,19.0,,1107319167,369
1097,2022-07,2022,7,2,20.0,,853786015,285
1098,2022-07,2022,7,2,21.0,,1767607362,589
1099,2022-07,2022,7,2,22.0,,1670860907,557
1100,2022-07,2022,7,2,26.0,,1730402882,577
1101,2022-07,2022,7,3,31.0,,520835194,174
1102,2022-07,2022,7,3,32.0,,1796012193,599
1103,2022-07,2022,7,3,33.0,,2259278051,753
1104,2022-07,2022,7,3,34.0,,2157727601,719
1105,2022-07,2022,7,3,38.0,,1585798994,529
1106,2022-07,2022,7,4,43.0,,1897813941,633
1107,2022-07,2022,7,4,44.0,,793075883,264
1108,2022-07,2022,7,4,45.0,,894080932,298
1109,2022-07,2022,7,4,46.0,,602079127,201
1110,2022-07,2022,7,4,50.0,,1260658596,420
1111,2022-07,2022,7,5,55.0,,664951469,222
1112,2022-07,2022,7,5,56.0,,1951714599,651
1113,2022-07,2022,7,5,57.0,,516789744,172
1114,2022-07,2022,7,5,58.0,,1710770822,570
1115,2022-07,2022,7,5,62.0,,2066753638,689
1116,2022-07,2022,7,6,75.0,,2093009253,698
1117,2022-07,2022,7,6,76.0,,920806271,307
1118,2022-07,2022,7,6,77.0,,1936654009,646
1119,2022-07,2022,7,6,78.0,,560206134,187
1120,2022-07,2022,7,6,82.0,,2111487931,704
1121,2022-07,2022,7,7,87.0,,2379308400,793
1122,2022-07,2022,7,7,88.0,,1922739392,641
1123,2022-07,2022,7,7,89.0,,549658631,183
1124,2022-07,2022,7,7,90.0,,2391659784,797
1125,2022-07,2022,7,7,94.0,,2195399582,732
1126,2022-07,2022,7,8,99.0,,1578459475,526
1127,2022-07,2022,7,8,100.0,,1439888066,480
1128,2022-07,2022,7,8,101.0,,1439432457,480
1129,2022-07,2022,7,8,102.0,,1673842691,558
1130,2022-07,2022,7,8,106.0,,1447045122,482
1131,2022-07,2022,7,9,111.0,,1201497300,400
1132,2022-07,2022,7,9,112.0,,889033568,296
1133,2022-07,2022,7,9,113.0,,1780953256,594
1134,2022-07,2022,7,9,114.0,,570305062,190
1135,2022-07,2022,7,9,118.0,,1180698294,394
1136,2022-07,2022,7,10,123.0,,542207195,181
1137,2022-07,2022,7,10,124.0,,2161848988,721
1138,2022-07,2022,7,10,125.0,,1798627183,600
1139,2022-07,2022,7,10,126.0,,1927116105,642
1140,2022-07,2022,7,10,130.0,,1348954215,450
1141,2022-08,2022,8,1,,,3597983365,1100
1142,2022-08,2022,8,2,,,2331692686,733
1143,2022-08,2022,8,3,,,2183270871,733
1144,2022-08,2022,8,4,,,1542913582,550
1145,2022-08,2022,8,5,,,4161831078,1467
1146,2022-08,2022,8,6,,,2886851199,917
1147,2022-08,2022,8,7,,,1773476571,550
1148,2022-08,2022,8,8,,,1732613402,550
1149,2022-08,2022,8,9,,,1649207492,550
1150,2022-08,2022,8,10,,,3135543237,1100
1151,2022-08,2022,8,1,1.0,,1593592636,531
1152,2022-08,2022,8,1,2.0,,1092401891,364
1153,2022-08,2022,8,1,3.0,,1986426413,662
1154,2022-08,2022,8,1,4.0,,1026328936,342
1155,2022-08,2022,8,1,8.0,,1836904021,612
1156,2022-08,2022,8,2,19.0,,923533982,308
1157,2022-08,2022,8,2,20.0,,1697972686,566
1158,2022-08,2022,8,2,21.0,,1013398145,338
1159,2022-08,2022,8,2,22.0,,510974314,170
1160,2022-08,2022,8,2,26.0,,1396164592,465
1161,2022-08,2022,8,3,31.0,,617617559,206
1162,2022-08,2022,8,3,32.0,,2133467306,711
1163,2022-08,2022,8,3,33.0,,526020122,175
1164,2022-08,2022,8,3,34.0,,1533845398,511
1165,2022-08,2022,8,3,38.0,,1797062610,599
1166,2022-08,2022,8,4,43.0,,1289571281,430
1167,2022-08,2022,8,4,44.0,,879639151,293
1168,2022-08,2022,8,4,45.0,,1005423437,335
1169,2022-08,2022,8,4,46.0,,676877257,226
1170,2022-08,2022,8,4,50.0,,1165741846,389
1171,2022-08,2022,8,5,55.0,,1145212456,382
1172,2022-08,2022,8,5,56.0,,1092251151,364
1173,2022-08,2022,8,5,57.0,,1574047445,525
1174,2022-08,2022,8,5,58.0,,723187315,241
1175,2022-08,2022,8,5,62.0,,546988952,182
1176,2022-08,2022,8,6,75.0,,1473619987,491
1177,2022-08,2022,8,6,76.0,,1133215513,378
1178,2022-08,2022,8,6,77.0,,1330727388,444
1179,2022-08,2022,8,6,78.0,,1830967826,610
1180,2022-08,2022,8,6,82.0,,1635256145,545
1181,2022-08,2022,8,7,87.0,,1088255417,363
1182,2022-08,2022,8,7,88.0,,1793865814,598
1183,2022-08,2022,8,7,89.0,,1143415534,381
1184,2022-08,2022,8,7,90.0,,775451801,258
1185,2022-08,2022,8,7,94.0,,2028361912,676
1186,2022-08,2022,8,8,99.0,,1575006741,525
1187,2022-08,2022,8,8,100.0,,1181493928,394
1188,2022-08,2022,8,8,101.0,,2169821314,723
1189,2022-08,2022,8,8,102.0,,1925892841,642
1190,2022-08,2022,8,8,106.0,,777656154,259
1191,2022-08,2022,8,9,111.0,,1394928140,465
1192,2022-08,2022,8,9,112.0,,1706513250,569
1193,2022-08,2022,8,9,113.0,,440670004,147
1194,2022-08,2022,8,9,114.0,,662439081,221
1195,2022-08,2022,8,9,118.0,,686848429,229
1196,2022-08,2022,8,10,123.0,,895868425,299
1197,2022-08,2022,8,10,124.0,,2163104097,721
1198,2022-08,2022,8,10,125.0,,770792510,257
1199,2022-08,2022,8,10,126.0,,517665570,173
1200,2022-08,2022,8,10,130.0,,684379357,228
1201,2022-09,2022,9,1,,,3274983320,1000
1202,2022-09,2022,9,2,,,2029201254,667
1203,2022-09,2022,9,3,,,2161092411,667
1204,2022-09,2022,9,4,,,1467981707,500
1205,2022-09,2022,9,5,,,4144526423,1333
1206,2022-09,2022,9,6,,,2325137373,833
1207,2022-09,2022,9,7,,,1539922129,500
1208,2022-09,2022,9,8,,,1551323589,500
1209,2022-09,2022,9,9,,,1409590879,500
1210,2022-09,2022,9,10,,,2866115829,1000
1211,2022-09,2022,9,1,1.0,,1530072407,510
1212,2022-09,2022,9,1,2.0,,1100912069,367
1213,2022-09,2022,9,1,3.0,,1522324106,507
1214,2022-09,2022,9,1,4.0,,1639830273,547
1215,2022-09,2022,9,1,8.0,,1153683519,385
1216,2022-09,2022,9,2,19.0,,881869682,294
1217,2022-09,2022,9,2,20.0,,1769433664,590
1218,2022-09,2022,9,2,21.0,,1139314305,380
1219,2022-09,2022,9,2,22.0,,1502438030,501
1220,2022-09,2022,9,2,26.0,,717409361,239
1221,2022-09,2022,9,3,31.0,,859620543,287
1222,2022-09,2022,9,3,32.0,,1042594297,348
1223,2022-09,2022,9,3,33.0,,1967502325,656
1224,2022-09,2022,9,3,34.0,,1095368050,365
1225,2022-09,2022,9,3,38.0,,594684709,198
1226,2022-09,2022,9,4,43.0,,1797226318,599
1227,2022-09,2022,9,4,44.0,,756776648,252
1228,2022-09,2022,9,4,45.0,,1557987783,519
1229,2022-09,2022,9,4,46.0,,992725066,331
1230,2022-09,2022,9,4,50.0,,1080993029,360
1231,2022-09,2022,9,5,55.0,,486011598,162
1232,2022-09,2022,9,5,56.0,,1432786953,478
1233,2022-09,2022,9,5,57.0,,1818885718,606
1234,2022-09,2022,9,5,58.0,,623083293,208
1235,2022-09,2022,9,5,62.0,,688380376,229
1236,2022-09,2022,9,6,75.0,,414781684,138
1237,2022-09,2022,9,6,76.0,,611352617,204
1238,2022-09,2022,9,6,77.0,,1363067546,454
1239,2022-09,2022,9,6,78.0,,812764238,271
1240,2022-09,2022,9,6,82.0,,617798751,206
1241,2022-09,2022,9,7,87.0,,1929602467,643
1242,2022-09,2022,9,7,88.0,,634218003,211
1243,2022-09,2022,9,7,89.0,,971549325,324
1244,2022-09,2022,9,7,90.0,,713348051,238
1245,2022-09,2022,9,7,94.0,,711762041,237
1246,2022-09,2022,9,8,99.0,,818680857,273
1247,2022-09,2022,9,8,100.0,,1095516323,365
1248,2022-09,2022,9,8,101.0,,1412137607,471
1249,2022-09,2022,9,8,102.0,,547231874,182
1250,2022-09,2022,9,8,106.0,,1444563471,482
1251,2022-09,2022,9,9,111.0,,751073705,250
1252,2022-09,2022,9,9,112.0,,755769429,252
1253,2022-09,2022,9,9,113.0,,424617206,142
1254,2022-09,2022,9,9,114.0,,1769495048,590
1255,2022-09,2022,9,9,118.0,,928909768,310
1256,2022-09,2022,9,10,123.0,,668293526,223
1257,2022-09,2022,9,10,124.0,,1968080620,656
1258,2022-09,2022,9,10,125.0,,1949757890,650
1259,2022-09,2022,9,10,126.0,,1435281301,478
1260,2022-09,2022,9,10,130.0,,1331786949,444
1261,2022-10,2022,10,1,,,3197242994,1100
1262,2022-10,2022,10,2,,,2287768820,733
1263,2022-10,2022,10,3,,,2323368725,733
1264,2022-10,2022,10,4,,,1631111186,550
1265,2022-10,2022,10,5,,,4831345800,1467
1266,2022-10,2022,10,6,,,2781397313,917
1267,2022-10,2022,10,7,,,1521199885,550
1268,2022-10,2022,10,8,,,1786295762,550
1269,2022-10,2022,10,9,,,1530279348,550
1270,2022-10,2022,10,10,,,3322393301,1100
1271,2022-10,2022,10,1,1.0,,2013001129,671
1272,2022-10,2022,10,1,2.0,,1963849378,655
1273,2022-10,2022,10,1,3.0,,824551500,275
1274,2022-10,2022,10,1,4.0,,1648273125,549
1275,2022-10,2022,10,1,8.0,,1393904174,465
1276,2022-10,2022,10,2,19.0,,2052762114,684
1277,2022-10,2022,10,2,20.0,,1472862340,491
1278,2022-10,2022,10,2,21.0,,1450584834,484
1279,2022-10,2022,10,2,22.0,,1319027243,440
1280,2022-10,2022,10,2,26.0,,1900454438,633
1281,2022-10,2022,10,3,31.0,,2165415092,722
1282,2022-10,2022,10,3,32.0,,1840747905,614
1283,2022-10,2022,10,3,33.0,,705571793,235
1284,2022-10,2022,10,3,34.0,,1475557390,492
1285,2022-10,2022,10,3,38.0,,1062374996,354
1286,2022-10,2022,10,4,43.0,,1557612079,519
1287,2022-10,2022,10,4,44.0,,1358208956,453
1288,2022-10,2022,10,4,45.0,,1358526717,453
1289,2022-10,2022,10,4,46.0,,1149857453,383
1290,2022-10,2022,10,4,50.0,,1526453512,509
1291,2022-10,2022,10,5,55.0,,1495661351,499
1292,2022-10,2022,10,5,56.0,,1896522874,632
1293,2022-10,2022,10,5,57.0,,445715274,149
1294,2022-10,2022,10,5,58.0,,653074462,218
1295,2022-10,2022,10,5,62.0,,722657027,241
1296,2022-10,2022,10,6,75.0,,1658313380,553
1297,2022-10,2022,10,6,76.0,,1194040251,398
1298,2022-10,2022,10,6,77.0,,1650727719,550
1299,2022-10,2022,10,6,78.0,,625795151,209
1300,2022-10,2022,10,6,82.0,,1054796706,352
1301,2022-10,2022,10,7,87.0,,2084208442,695
1302,2022-10,2022,10,7,88.0,,1458403415,486
1303,2022-10,2022,10,7,89.0,,749132061,250
1304,2022-10,2022,10,7,90.0,,1002052654,334
1305,2022-10,2022,10,7,94.0,,1812118822,604
1306,2022-10,2022,10,8,99.0,,1040205958,347
1307,2022-10,2022,10,8,100.0,,1928964623,643
1308,2022-10,2022,10,8,101.0,,1583246243,528
1309,2022-10,2022,10,8,102.0,,1299371092,433
1310,2022-10,2022,10,8,106.0,,1087979460,363
1311,2022-10,2022,10,9,111.0,,736388238,245
1312,2022-10,2022,10,9,112.0,,1761034274,587
1313,2022-10,2022,10,9,113.0,,2057760442,686
1314,2022-10,2022,10,9,114.0,,584596758,195
1315,2022-10,2022,10,9,118.0,,2128213580,709
1316,2022-10,2022,10,10,123.0,,2150028582,717
1317,2022-10,2022,10,10,124.0,,1489470675,496
1318,2022-10,2022,10,10,125.0,,1940741876,647
1319,2022-10,2022,10,10,126.0,,1325110254,442
1320,2022-10,2022,10,10,130.0,,923740657,308
1321,2022-11,2022,11,1,,,3957918024,1300
1322,2022-11,2022,11,2,,,2486810456,867
1323,2022-11,2022,11,3,,,2543858898,867
1324,2022-11,2022,11,4,,,1906151830,650
1325,2022-11,2022,11,5,,,4877946098,1733
1326,2022-11,2022,11,6,,,3557494548,1083
1327,2022-11,2022,11,7,,,1879316001,650
1328,2022-11,2022,11,8,,,1930553428,650
1329,2022-11,2022,11,9,,,1967373390,650
1330,2022-11,2022,11,10,,,3915441031,1300
1331,2022-11,2022,11,1,1.0,,624588085,208
1332,2022-11,2022,11,1,2.0,,1043599269,348
1333,2022-11,2022,11,1,3.0,,2270823619,757
1334,2022-11,2022,11,1,4.0,,752926806,251
1335,2022-11,2022,11,1,8.0,,2097432364,699
1336,2022-11,2022,11,2,19.0,,2519972188,840
1337,2022-11,2022,11,2,20.0,,1150831756,384
1338,2022-11,2022,11,2,21.0,,1897852519,633
1339,2022-11,2022,11,2,22.0,,698929338,233
1340,2022-11,2022,11,2,26.0,,1611217776,537
1341,2022-11,2022,11,3,31.0,,1203155067,401
1342,2022-11,2022,11,3,32.0,,1912440502,637
1343,2022-11,2022,11,3,33.0,,1726939269,576
1344,2022-11,2022,11,3,34.0,,2027033290,676
1345,2022-11,2022,11,3,38.0,,1802241370,601
1346,2022-11,2022,11,4,43.0,,527216166,176
1347,2022-11,2022,11,4,44.0,,1056340885,352
1348,2022-11,2022,11,4,45.0,,635411761,212
1349,2022-11,2022,11,4,46.0,,2381240582,794
1350,2022-11,2022,11,4,50.0,,1372649039,458
1351,2022-11,2022,11,5,55.0,,1979814586,660
1352,2022-11,2022,11,5,56.0,,1180476138,393
1353,2022-11,2022,11,5,57.0,,2351402464,784
1354,2022-11,2022,11,5,58.0,,945553085,315
1355,2022-11,2022,11,5,62.0,,757844517,253
1356,2022-11,2022,11,6,75.0,,1530499813,510
1357,2022-11,2022,11,6,76.0,,521209030,174
1358,2022-11,2022,11,6,77.0,,1217720862,406
1359,2022-11,2022,11,6,78.0,,1012740147,338
1360,2022-11,2022,11,6,82.0,,2166901035,722
1361,2022-11,2022,11,7,87.0,,2543159128,848
1362,2022-11,2022,11,7,88.0,,2165336784,722
1363,2022-11,2022,11,7,89.0,,2228266751,743
1364,2022-11,2022,11,7,90.0,,1331593456,444
1365,2022-11,2022,11,7,94.0,,1342184515,447
1366,2022-11,2022,11,8,99.0,,2514708152,838
1367,2022-11,2022,11,8,100.0,,1309318430,436
1368,2022-11,2022,11,8,101.0,,1371928368,457
1369,2022-11,2022,11,8,102.0,,542895326,181
1370,2022-11,2022,11,8,106.0,,1179170162,393
1371,2022-11,2022,11,9,111.0,,1661751664,554
1372,2022-11,2022,11,9,112.0,,967267866,322
1373,2022-11,2022,11,9,113.0,,1735643399,579
1374,2022-11,2022,11,9,114.0,,1162686772,388
1375,2022-11,2022,11,9,118.0,,1497218580,499
1376,2022-11,2022,11,10,123.0,,550821393,184
1377,2022-11,2022,11,10,124.0,,2060379477,687
1378,2022-11,2022,11,10,125.0,,2341553849,781
1379,2022-11,2022,11,10,126.0,,1625533214,542
1380,2022-11,2022,11,10,130.0,,1710230258,570
1381,2022-12,2022,12,1,,,5886281286,2000
1382,2022-12,2022,12,2,,,4215055438,1333
1383,2022-12,2022,12,3,,,3795695882,1333
1384,2022-12,2022,12,4,,,2837827353,1000
1385,2022-12,2022,12,5,,,8265944480,2667
1386,2022-12,2022,12,6,,,5261877565,1667
1387,2022-12,2022,12,7,,,3261356401,1000
1388,2022-12,2022,12,8,,,2981449078,1000
1389,2022-12,2022,12,9,,,2965774217,1000
1390,2022-12,2022,12,10,,,5664706784,2000
1391,2022-12,2022,12,1,1.0,,3801718222,1267
1392,2022-12,2022,12,1,2.0,,865722098,289
1393,2022-12,2022,12,1,3.0,,2608220133,869
1394,2022-12,2022,12,1,4.0,,2504478323,835
1395,2022-12,2022,12,1,8.0,,1644149435,548
1396,2022-12,2022,12,2,19.0,,3450821565,1150
1397,2022-12,2022,12,2,20.0,,1540165975,513
1398,2022-12,2022,12,2,21.0,,1046762564,349
1399,2022-12,2022,12,2,22.0,,3623326239,1208
1400,2022-12,2022,12,2,26.0,,2687725016,896
1401,2022-12,2022,12,3,31.0,,1031415136,344
1402,2022-12,2022,12,3,32.0,,3763887224,1255
1403,2022-12,2022,12,3,33.0,,2968286765,989
1404,2022-12,2022,12,3,34.0,,1469380125,490
1405,2022-12,2022,12,3,38.0,,2366362140,789
1406,2022-12,2022,12,4,43.0,,1853394585,618
1407,2022-12,2022,12,4,44.0,,3507045821,1169
1408,2022-12,2022,12,4,45.0,,910397062,303
1409,2022-12,2022,12,4,46.0,,3583749801,1195
1410,2022-12,2022,12,4,50.0,,3363224694,1121
1411,2022-12,2022,12,5,55.0,,1242465648,414
1412,2022-12,2022,12,5,56.0,,2392573926,798
1413,2022-12,2022,12,5,57.0,,2991003455,997
1414,2022-12,2022,12,5,58.0,,1683826731,561
1415,2022-12,2022,12,5,62.0,,2913719189,971
1416,2022-12,2022,12,6,75.0,,1446698206,482
1417,2022-12,2022,12,6,76.0,,2982653184,994
1418,2022-12,2022,12,6,77.0,,888182406,296
1419,2022-12,2022,12,6,78.0,,3403346250,1134
1420,2022-12,2022,12,6,82.0,,2150078379,717
1421,2022-12,2022,12,7,87.0,,2567392983,856
1422,2022-12,2022,12,7,88.0,,1306393948,435
1423,2022-12,2022,12,7,89.0,,2895793715,965
1424,2022-12,2022,12,7,90.0,,898033535,299
1425,2022-12,2022,12,7,94.0,,1505435286,502
1426,2022-12,2022,12,8,99.0,,2611272585,870
1427,2022-12,2022,12,8,100.0,,3682786025,1228
1428,2022-12,2022,12,8,101.0,,2358652565,786
1429,2022-12,2022,12,8,102.0,,1321865303,441
1430,2022-12,2022,12,8,106.0,,3248641330,1083
1431,2022-12,2022,12,9,111.0,,1144443480,381
1432,2022-12,2022,12,9,112.0,,1381425436,460
1433,2022-12,2022,12,9,113.0,,2100893501,700
1434,2022-12,2022,12,9,114.0,,2642728179,881
1435,2022-12,2022,12,9,118.0,,3550935365,1184
1436,2022-12,2022,12,10,123.0,,3844226578,1281
1437,2022-12,2022,12,10,124.0,,1195236690,398
1438,2022-12,2022,12,10,125.0,,1848409424,616
1439,2022-12,2022,12,10,126.0,,1420518987,474
1440,2022-12,2022,12,10,130.0,,2610755815,870
1441,2023-01,2023,1,1,,,7598019453,2400
1442,2023-01,2023,1,2,,,4603309577,1600
1443,2023-01,2023,1,3,,,4998388917,1600
1444,2023-01,2023,1,4,,,3310344065,1200
1445,2023-01,2023,1,5,,,8663572981,3200
1446,2023-01,2023,1,6,,,5600463005,2000
1447,2023-01,2023,1,7,,,3939432340,1200
1448,2023-01,2023,1,8,,,3384474297,1200
1449,2023-01,2023,1,9,,,3438866675,1200
1450,2023-01,2023,1,10,,,7719518494,2400
1451,2023-01,2023,1,1,1.0,,2884549576,962
1452,2023-01,2023,1,1,2.0,,1755931282,585
1453,2023-01,2023,1,1,3.0,,4506377904,1502
1454,2023-01,2023,1,1,4.0,,3852134967,1284
1455,2023-01,2023,1,1,8.0,,3953545906,1318
1456,2023-01,2023,1,2,19.0,,2101570026,701
1457,2023-01,2023,1,2,20.0,,3219945996,1073
1458,2023-01,2023,1,2,21.0,,1611766820,537
1459,2023-01,2023,1,2,22.0,,4106434859,1369
1460,2023-01,2023,1,2,26.0,,4722062672,1574
1461,2023-01,2023,1,3,31.0,,4381290967,1460
1462,2023-01,2023,1,3,32.0,,3273849402,1091
1463,2023-01,2023,1,3,33.0,,3187270002,1062
1464,2023-01,2023,1,3,34.0,,1135049816,378
1465,2023-01,2023,1,3,38.0,,1751743829,584
1466,2023-01,2023,1,4,43.0,,3768894479,1256
1467,2023-01,2023,1,4,44.0,,2887704404,963
1468,2023-01,2023,1,4,45.0,,3883537760,1295
1469,2023-01,2023,1,4,46.0,,1588480143,529
1470,2023-01,2023,1,4,50.0,,1499388250,500
1471,2023-01,2023,1,5,55.0,,3359576090,1120
1472,2023-01,2023,1,5,56.0,,3454255360,1151
1473,2023-01,2023,1,5,57.0,,3125057771,1042
1474,2023-01,2023,1,5,58.0,,2422823722,808
1475,2023-01,2023,1,5,62.0,,2541205960,847
1476,2023-01,2023,1,6,75.0,,3230089229,1077
1477,2023-01,2023,1,6,76.0,,1747825531,583
1478,2023-01,2023,1,6,77.0,,3601269870,1200
1479,2023-01,2023,1,6,78.0,,4661833474,1554
1480,2023-01,2023,1,6,82.0,,4301744592,1434
1481,2023-01,2023,1,7,87.0,,4023255718,1341
1482,2023-01,2023,1,7,88.0,,4749187053,1583
1483,2023-01,2023,1,7,89.0,,1947890025,649
1484,2023-01,2023,1,7,90.0,,4400138497,1467
1485,2023-01,2023,1,7,94.0,,1605227779,535
1486,2023-01,2023,1,8,99.0,,3795954848,1265
1487,2023-01,2023,1,8,100.0,,4212438193,1404
1488,2023-01,2023,1,8,101.0,,3791853210,1264
1489,2023-01,2023,1,8,102.0,,4437580468,1479
1490,2023-01,2023,1,8,106.0,,3505199054,1168
1491,2023-01,2023,1,9,111.0,,1095597200,365
1492,2023-01,2023,1,9,112.0,,1352183586,451
1493,2023-01,2023,1,9,113.0,,1263689682,421
1494,2023-01,2023,1,9,114.0,,4479550449,1493
1495,2023-01,2023,1,9,118.0,,3372630182,1124
1496,2023-01,2023,1,10,123.0,,3031169876,1010
1497,2023-01,2023,1,10,124.0,,2034239207,678
1498,2023-01,2023,1,10,125.0,,2191450493,730
1499,2023-01,2023,1,10,126.0,,2221547224,741
1500,2023-01,2023,1,10,130.0,,4197501350,1399
1501,2023-02,2023,2,1,,,5572722270,2000
1502,2023-02,2023,2,2,,,4162551224,1333
1503,2023-02,2023,2,3,,,3742782771,1333
1504,2023-02,2023,2,4,,,2916509906,1000
1505,2023-02,2023,2,5,,,8011022967,2667
1506,2023-02,2023,2,6,,,5432635983,1667
1507,2023-02,2023,2,7,,,3111382177,1000
1508,2023-02,2023,2,8,,,2942269522,1000
1509,2023-02,2023,2,9,,,2709800092,1000
1510,2023-02,2023,2,10,,,5995910095,2000
1511,2023-02,2023,2,1,1.0,,2894257449,965
1512,2023-02,2023,2,1,2.0,,2766745527,922
1513,2023-02,2023,2,1,3.0,,2291591376,764
1514,2023-02,2023,2,1,4.0,,2176987335,726
1515,2023-02,2023,2,1,8.0,,3239141096,1080
1516,2023-02,2023,2,2,19.0,,2776421991,925
1517,2023-02,2023,2,2,20.0,,2399309543,800
1518,2023-02,2023,2,2,21.0,,2647842339,883
1519,2023-02,2023,2,2,22.0,,3629330630,1210
1520,2023-02,2023,2,2,26.0,,1094607633,365
1521,2023-02,2023,2,3,31.0,,3603359795,1201
1522,2023-02,2023,2,3,32.0,,3162680467,1054
1523,2023-02,2023,2,3,33.0,,2870641388,957
1524,2023-02,2023,2,3,34.0,,3924537615,1308
1525,2023-02,2023,2,3,38.0,,2764965260,922
1526,2023-02,2023,2,4,43.0,,2850125697,950
1527,2023-02,2023,2,4,44.0,,1193328253,398
1528,2023-02,2023,2,4,45.0,,1642683071,548
1529,2023-02,2023,2,4,46.0,,1895966597,632
1530,2023-02,2023,2,4,50.0,,2510459815,837
1531,2023-02,2023,2,5,55.0,,2467410217,822
1532,2023-02,2023,2,5,56.0,,1998222478,666
1533,2023-02,2023,2,5,57.0,,2412421614,804
1534,2023-02,2023,2,5,58.0,,2108275110,703
1535,2023-02,2023,2,5,62.0,,3288510706,1096
1536,2023-02,2023,2,6,75.0,,2651932653,884
1537,2023-02,2023,2,6,76.0,,2351113677,784
1538,2023-02,2023,2,6,77.0,,2265838632,755
1539,2023-02,2023,2,6,78.0,,1415322421,472
1540,2023-02,2023,2,6,82.0,,2405038072,802
1541,2023-02,2023,2,7,87.0,,2848018450,949
1542,2023-02,2023,2,7,88.0,,1386043118,462
1543,2023-02,2023,2,7,89.0,,2878872250,960
1544,2023-02,2023,2,7,90.0,,3382348803,1127
1545,2023-02,2023,2,7,94.0,,2110293471,703
1546,2023-02,2023,2,8,99.0,,1119362881,373
1547,2023-02,2023,2,8,100.0,,3299510298,1100
1548,2023-02,2023,2,8,101.0,,1566916774,522
1549,2023-02,2023,2,8,102.0,,1472308169,491
1550,2023-02,2023,2,8,106.0,,3419501607,1140
1551,2023-02,2023,2,9,111.0,,2038530491,680
1552,2023-02,2023,2,9,112.0,,3228349594,1076
1553,2023-02,2023,2,9,113.0,,2067350357,689
1554,2023-02,2023,2,9,114.0,,2554683076,852
1555,2023-02,2023,2,9,118.0,,3510809165,1170
1556,2023-02,2023,2,10,123.0,,2343578056,781
1557,2023-02,2023,2,10,124.0,,2653101812,884
1558,2023-02,2023,2,10,125.0,,1919817807,640
1559,2023-02,2023,2,10,126.0,,2528212526,843
1560,2023-02,2023,2,10,130.0,,1466622870,489
1561,2023-03,2023,3,1,,,3155576497,1000
1562,2023-03,2023,3,2,,,1967026993,667
1563,2023-03,2023,3,3,,,2137475231,667
1564,2023-03,2023,3,4,,,1561869803,500
1565,2023-03,2023,3,5,,,3710523474,1333
1566,2023-03,2023,3,6,,,2480486065,833
1567,2023-03,2023,3,7,,,1436709476,500
1568,2023-03,2023,3,8,,,1531465412,500
1569,2023-03,2023,3,9,,,1501836696,500
1570,2023-03,2023,3,10,,,2890334737,1000
1571,2023-03,2023,3,1,1.0,,1549724860,517
1572,2023-03,2023,3,1,2.0,,726123404,242
1573,2023-03,2023,3,1,3.0,,1773110468,591
1574,2023-03,2023,3,1,4.0,,457613311,153
1575,2023-03,2023,3,1,8.0,,1200766082,400
1576,2023-03,2023,3,2,19.0,,1198880711,400
1577,2023-03,2023,3,2,20.0,,1313556246,438
1578,2023-03,2023,3,2,21.0,,1998562168,666
1579,2023-03,2023,3,2,22.0,,1724448038,575
1580,2023-03,2023,3,2,26.0,,1719378654,573
1581,2023-03,2023,3,3,31.0,,429516700,143
1582,2023-03,2023,3,3,32.0,,745079076,248
1583,2023-03,2023,3,3,33.0,,807669578,269
1584,2023-03,2023,3,3,34.0,,1472913228,491
1585,2023-03,2023,3,3,38.0,,977870138,326
1586,2023-03,2023,3,4,43.0,,1086756252,362
1587,2023-03,2023,3,4,44.0,,1864619364,622
1588,2023-03,2023,3,4,45.0,,1118516696,373
1589,2023-03,2023,3,4,46.0,,1573718979,525
1590,2023-03,2023,3,4,50.0,,1993504627,665
1591,2023-03,2023,3,5,55.0,,1628210246,543
1592,2023-03,2023,3,5,56.0,,967848299,323
1593,2023-03,2023,3,5,57.0,,1617382034,539
1594,2023-03,2023,3,5,58.0,,1326787832,442
1595,2023-03,2023,3,5,62.0,,610466753,203
1596,2023-03,2023,3,6,75.0,,593510794,198
1597,2023-03,2023,3,6,76.0,,1727528372,576
1598,2023-03,2023,3,6,77.0,,439178395,146
1599,2023-03,2023,3,6,78.0,,1002338382,334
1600,2023-03,2023,3,6,82.0,,990287470,330
1601,2023-03,2023,3,7,87.0,,947751158,316
1602,2023-03,2023,3,7,88.0,,1873077909,624
1603,2023-03,2023,3,7,89.0,,737160220,246
1604,2023-03,2023,3,7,90.0,,1405327021,468
1605,2023-03,2023,3,7,94.0,,1499146589,500
1606,2023-03,2023,3,8,99.0,,796802865,266
1607,2023-03,2023,3,8,100.0,,1354376333,451
1608,2023-03,2023,3,8,101.0,,1764217722,588
1609,2023-03,2023,3,8,102.0,,895689425,299
1610,2023-03,2023,3,8,106.0,,952208277,317
1611,2023-03,2023,3,9,111.0,,1847189098,616
1612,2023-03,2023,3,9,112.0,,1296005023,432
1613,2023-03,2023,3,9,113.0,,982497963,327
1614,2023-03,2023,3,9,114.0,,1471797647,491
1615,2023-03,2023,3,9,118.0,,900970779,300
1616,2023-03,2023,3,10,123.0,,1885906541,629
1617,2023-03,2023,3,10,124.0,,1786365272,595
1618,2023-03,2023,3,10,125.0,,1131813946,377
1619,2023-03,2023,3,10,126.0,,1275225647,425
1620,2023-03,2023,3,10,130.0,,864534266,288
1621,2023-04,2023,4,1,,,2892491758,900
1622,2023-04,2023,4,2,,,1976024590,600
1623,2023-04,2023,4,3,,,1662139538,600
1624,2023-04,2023,4,4,,,1244095427,450
1625,2023-04,2023,4,5,,,3451348126,1200
1626,2023-04,2023,4,6,,,2076219517,750
1627,2023-04,2023,4,7,,,1265241908,450
1628,2023-04,2023,4,8,,,1313498965,450
1629,2023-04,2023,4,9,,,1368785212,450
1630,2023-04,2023,4,10,,,2910958056,900
1631,2023-04,2023,4,1,1.0,,1577977870,526
1632,2023-04,2023,4,1,2.0,,909598001,303
1633,2023-04,2023,4,1,3.0,,1064188320,355
1634,2023-04,2023,4,1,4.0,,1154898888,385
1635,2023-04,2023,4,1,8.0,,1040311723,347
1636,2023-04,2023,4,2,19.0,,962422374,321
1637,2023-04,2023,4,2,20.0,,387425548,129
1638,2023-04,2023,4,2,21.0,,1451513146,484
1639,2023-04,2023,4,2,22.0,,772432297,257
1640,2023-04,2023,4,2,26.0,,1499746422,500
1641,2023-04,2023,4,3,31.0,,594314589,198
1642,2023-04,2023,4,3,32.0,,1176767484,392
1643,2023-04,2023,4,3,33.0,,655584579,219
1644,2023-04,2023,4,3,34.0,,791583296,264
1645,2023-04,2023,4,3,38.0,,1071584670,357
1646,2023-04,2023,4,4,43.0,,1262370942,421
1647,2023-04,2023,4,4,44.0,,1428314273,476
1648,2023-04,2023,4,4,45.0,,1425684131,475
1649,2023-04,2023,4,4,46.0,,423893707,141
1650,2023-04,2023,4,4,50.0,,1447496210,482
1651,2023-04,2023,4,5,55.0,,402498012,134
1652,2023-04,2023,4,5,56.0,,963298035,321
1653,2023-04,2023,4,5,57.0,,1749481981,583
1654,2023-04,2023,4,5,58.0,,843352358,281
1655,2023-04,2023,4,5,62.0,,1331115756,444
1656,2023-04,2023,4,6,75.0,,742830744,248
1657,2023-04,2023,4,6,76.0,,552419198,184
1658,2023-04,2023,4,6,77.0,,1095711802,365
1659,2023-04,2023,4,6,78.0,,1318238561,439
1660,2023-04,2023,4,6,82.0,,631364747,210
1661,2023-04,2023,4,7,87.0,,977225991,326
1662,2023-04,2023,4,7,88.0,,909120437,303
1663,2023-04,2023,4,7,89.0,,732669391,244
1664,2023-04,2023,4,7,90.0,,765108376,255
1665,2023-04,2023,4,7,94.0,,835956454,279
1666,2023-04,2023,4,8,99.0,,1281559898,427
1667,2023-04,2023,4,8,100.0,,695589187,232
1668,2023-04,2023,4,8,101.0,,1012119809,337
1669,2023-04,2023,4,8,102.0,,1746357099,582
1670,2023-04,2023,4,8,106.0,,1412593807,471
1671,2023-04,2023,4,9,111.0,,405016348,135
1672,2023-04,2023,4,9,112.0,,1600716405,534
1673,2023-04,2023,4,9,113.0,,611982499,204
1674,2023-04,2023,4,9,114.0,,1061246344,354
1675,2023-04,2023,4,9,118.0,,1700147415,567
1676,2023-04,2023,4,10,123.0,,1357510292,453
1677,2023-04,2023,4,10,124.0,,1410672490,470
1678,2023-04,2023,4,10,125.0,,1641223117,547
1679,2023-04,2023,4,10,126.0,,551303373,184
1680,2023-04,2023,4,10,130.0,,1696287196,565
1681,2023-05,2023,5,1,,,3103531488,950
1682,2023-05,2023,5,2,,,2065055722,633
1683,2023-05,2023,5,3,,,1870372745,633
1684,2023-05,2023,5,4,,,1530286165,475
1685,2023-05,2023,5,5,,,4147274884,1267
1686,2023-05,2023,5,6,,,2237943065,792
1687,2023-05,2023,5,7,,,1385722398,475
1688,2023-05,2023,5,8,,,1340591627,475
1689,2023-05,2023,5,9,,,1320189091,475
1690,2023-05,2023,5,10,,,2852320458,950
1691,2023-05,2023,5,1,1.0,,617528901,206
1692,2023-05,2023,5,1,2.0,,834358786,278
1693,2023-05,2023,5,1,3.0,,677677046,226
1694,2023-05,2023,5,1,4.0,,857224430,286
1695,2023-05,2023,5,1,8.0,,401287880,134
1696,2023-05,2023,5,2,19.0,,676988087,226
1697,2023-05,2023,5,2,20.0,,756751225,252
1698,2023-05,2023,5,2,21.0,,1747171509,582
1699,2023-05,2023,5,2,22.0,,682438495,227
1700,2023-05,2023,5,2,26.0,,977202444,326
1701,2023-05,2023,5,3,31.0,,1323085334,441
1702,2023-05,2023,5,3,32.0,,800490855,267
1703,2023-05,2023,5,3,33.0,,1726697415,576
1704,2023-05,2023,5,3,34.0,,965574316,322
1705,2023-05,2023,5,3,38.0,,1696122969,565
1706,2023-05,2023,5,4,43.0,,1352776651,451
1707,2023-05,2023,5,4,44.0,,663072364,221
1708,2023-05,2023,5,4,45.0,,1798736511,600
1709,2023-05,2023,5,4,46.0,,1881190376,627
1710,2023-05,2023,5,4,50.0,,1587843785,529
1711,2023-05,2023,5,5,55.0,,828114837,276
1712,2023-05,2023,5,5,56.0,,1706602791,569
1713,2023-05,2023,5,5,57.0,,850697179,284
1714,2023-05,2023,5,5,58.0,,619919566,207
1715,2023-05,2023,5,5,62.0,,1859143309,620
1716,2023-05,2023,5,6,75.0,,736675613,246
1717,2023-05,2023,5,6,76.0,,1687431903,562
1718,2023-05,2023,5,6,77.0,,764459978,255
1719,2023-05,2023,5,6,78.0,,1318194454,439
1720,2023-05,2023,5,6,82.0,,1567980914,523
1721,2023-05,2023,5,7,87.0,,473181401,158
1722,2023-05,2023,5,7,88.0,,1254681164,418
1723,2023-05,2023,5,7,89.0,,1342295676,447
1724,2023-05,2023,5,7,90.0,,592707525,198
1725,2023-05,2023,5,7,94.0,,1682945808,561
1726,2023-05,2023,5,8,99.0,,1332463761,444
1727,2023-05,2023,5,8,100.0,,1361050828,454
1728,2023-05,2023,5,8,101.0,,990497764,330
1729,2023-05,2023,5,8,102.0,,855683779,285
1730,2023-05,2023,5,8,106.0,,592099968,197
1731,2023-05,2023,5,9,111.0,,1889602368,630
1732,2023-05,2023,5,9,112.0,,597654413,199
1733,2023-05,2023,5,9,113.0,,1329176365,443
1734,2023-05,2023,5,9,114.0,,1245342809,415
1735,2023-05,2023,5,9,118.0,,1424292822,475
1736,2023-05,2023,5,10,123.0,,732286483,244
1737,2023-05,2023,5,10,124.0,,742765904,248
1738,2023-05,2023,5,10,125.0,,1173530817,391
1739,2023-05,2023,5,10,126.0,,1415240284,472
1740,2023-05,2023,5,10,130.0,,1045953281,349
1741,2023-06,2023,6,1,,,3530533711,1100
1742,2023-06,2023,6,2,,,2268953038,733
1743,2023-06,2023,6,3,,,2019368323,733
1744,2023-06,2023,6,4,,,1728211605,550
1745,2023-06,2023,6,5,,,4554351377,1467
1746,2023-06,2023,6,6,,,2667842717,917
1747,2023-06,2023,6,7,,,1667692798,550
1748,2023-06,2023,6,8,,,1688713719,550
1749,2023-06,2023,6,9,,,1627335850,550
1750,2023-06,2023,6,10,,,3475951419,1100
1751,2023-06,2023,6,1,1.0,,877579080,293
1752,2023-06,2023,6,1,2.0,,1532241386,511
1753,2023-06,2023,6,1,3.0,,517972811,173
1754,2023-06,2023,6,1,4.0,,1274534277,425
1755,2023-06,2023,6,1,8.0,,2128622789,710
1756,2023-06,2023,6,2,19.0,,2025411357,675
1757,2023-06,2023,6,2,20.0,,1144844095,382
1758,2023-06,2023,6,2,21.0,,1140436580,380
1759,2023-06,2023,6,2,22.0,,1581330295,527
1760,2023-06,2023,6,2,26.0,,1193651849,398
1761,2023-06,2023,6,3,31.0,,1788434308,596
1762,2023-06,2023,6,3,32.0,,594331416,198
1763,2023-06,2023,6,3,33.0,,1814854626,605
1764,2023-06,2023,6,3,34.0,,1829934515,610
1765,2023-06,2023,6,3,38.0,,1258262878,419
1766,2023-06,2023,6,4,43.0,,1574768220,525
1767,2023-06,2023,6,4,44.0,,1007874079,336
1768,2023-06,2023,6,4,45.0,,1230911074,410
1769,2023-06,2023,6,4,46.0,,1251337673,417
1770,2023-06,2023,6,4,50.0,,1606955636,536
1771,2023-06,2023,6,5,55.0,,924012213,308
1772,2023-06,2023,6,5,56.0,,1316876639,439
1773,2023-06,2023,6,5,57.0,,1621025628,540
1774,2023-06,2023,6,5,58.0,,1747103769,582
1775,2023-06,2023,6,5,62.0,,898259414,299
1776,2023-06,2023,6,6,75.0,,576560891,192
1777,2023-06,2023,6,6,76.0,,512158524,171
1778,2023-06,2023,6,6,77.0,,495429502,165
1779,2023-06,2023,6,6,78.0,,699931478,233
1780,2023-06,2023,6,6,82.0,,1179239155,393
1781,2023-06,2023,6,7,87.0,,1190114201,397
1782,2023-06,2023,6,7,88.0,,1518257407,506
1783,2023-06,2023,6,7,89.0,,1620381161,540
1784,2023-06,2023,6,7,90.0,,942097374,314
1785,2023-06,2023,6,7,94.0,,1592363170,531
1786,2023-06,2023,6,8,99.0,,2123483971,708
1787,2023-06,2023,6,8,100.0,,1672965253,558
1788,2023-06,2023,6,8,101.0,,1158395363,386
1789,2023-06,2023,6,8,102.0,,1777240679,592
1790,2023-06,2023,6,8,106.0,,760377388,253
1791,2023-06,2023,6,9,111.0,,783141240,261
1792,2023-06,2023,6,9,112.0,,2187040114,729
1793,2023-06,2023,6,9,113.0,,476822453,159
1794,2023-06,2023,6,9,114.0,,1901714443,634
1795,2023-06,2023,6,9,118.0,,1877805665,626
1796,2023-06,2023,6,10,123.0,,1862260759,621
1797,2023-06,2023,6,10,124.0,,510080656,170
1798,2023-06,2023,6,10,125.0,,612893396,204
1799,2023-06,2023,6,10,126.0,,2168866953,723
1800,2023-06,2023,6,10,130.0,,567122743,189
1801,2023-07,2023,7,1,,,3363365821,1200
1802,2023-07,2023,7,2,,,2258651673,800
1803,2023-07,2023,7,3,,,2610873341,800
1804,2023-07,2023,7,4,,,1819449464,600
1805,2023-07,2023,7,5,,,4774756786,1600
1806,2023-07,2023,7,6,,,2852553614,1000
1807,2023-07,2023,7,7,,,1768886001,600
1808,2023-07,2023,7,8,,,1828858958,600
1809,2023-07,2023,7,9,,,1803942596,600
1810,2023-07,2023,7,10,,,3689943794,1200
1811,2023-07,2023,7,1,1.0,,517873451,173
1812,2023-07,2023,7,1,2.0,,1209501017,403
1813,2023-07,2023,7,1,3.0,,1626493448,542
1814,2023-07,2023,7,1,4.0,,1981621027,661
1815,2023-07,2023,7,1,8.0,,1282337454,427
1816,2023-07,2023,7,2,19.0,,481532496,161
1817,2023-07,2023,7,2,20.0,,999951970,333
1818,2023-07,2023,7,2,21.0,,719469989,240
1819,2023-07,2023,7,2,22.0,,1626557067,542
1820,2023-07,2023,7,2,26.0,,585200427,195
1821,2023-07,2023,7,3,31.0,,1183554100,395
1822,2023-07,2023,7,3,32.0,,2053541682,685
1823,2023-07,2023,7,3,33.0,,486307258,162
1824,2023-07,2023,7,3,34.0,,2314552759,772
1825,2023-07,2023,7,3,38.0,,545279964,182
1826,2023-07,2023,7,4,43.0,,1778413510,593
1827,2023-07,2023,7,4,44.0,,2022422396,674
1828,2023-07,2023,7,4,45.0,,678108687,226
1829,2023-07,2023,7,4,46.0,,552338264,184
1830,2023-07,2023,7,4,50.0,,748279460,249
1831,2023-07,2023,7,5,55.0,,489739305,163
1832,2023-07,2023,7,5,56.0,,1811022402,604
1833,2023-07,2023,7,5,57.0,,2118581503,706
1834,2023-07,2023,7,5,58.0,,573069366,191
1835,2023-07,2023,7,5,62.0,,1913424808,638
1836,2023-07,2023,7,6,75.0,,2328142429,776
1837,2023-07,2023,7,6,76.0,,891720425,297
1838,2023-07,2023,7,6,77.0,,1054691012,352
1839,2023-07,2023,7,6,78.0,,1859283610,620
1840,2023-07,2023,7,6,82.0,,869139362,290
1841,2023-07,2023,7,7,87.0,,1006820551,336
1842,2023-07,2023,7,7,88.0,,1303306627,434
1843,2023-07,2023,7,7,89.0,,1116094813,372
1844,2023-07,2023,7,7,90.0,,1372666717,458
1845,2023-07,2023,7,7,94.0,,911079828,304
1846,2023-07,2023,7,8,99.0,,1422001074,474
1847,2023-07,2023,7,8,100.0,,705223162,235
1848,2023-07,2023,7,8,101.0,,1087264502,362
1849,2023-07,2023,7,8,102.0,,1214756672,405
1850,2023-07,2023,7,8,106.0,,951603317,317
1851,2023-07,2023,7,9,111.0,,1213869394,405
1852,2023-07,2023,7,9,112.0,,1061511223,354
1853,2023-07,2023,7,9,113.0,,700802386,234
1854,2023-07,2023,7,9,114.0,,1580277493,527
1855,2023-07,2023,7,9,118.0,,647252775,216
1856,2023-07,2023,7,10,123.0,,1711840557,571
1857,2023-07,2023,7,10,124.0,,1558253493,519
1858,2023-07,2023,7,10,125.0,,518737487,173
1859,2023-07,2023,7,10,126.0,,1994200166,665
1860,2023-07,2023,7,10,130.0,,665703905,222
1861,2023-08,2023,8,1,,,3600190181,1100
1862,2023-08,2023,8,2,,,2213564687,733
1863,2023-08,2023,8,3,,,2136630758,733
1864,2023-08,2023,8,4,,,1580879454,550
1865,2023-08,2023,8,5,,,4095192688,1467
1866,2023-08,2023,8,6,,,3020349457,917
1867,2023-08,2023,8,7,,,1616275107,550
1868,2023-08,2023,8,8,,,1594147890,550
1869,2023-08,2023,8,9,,,1739514001,550
1870,2023-08,2023,8,10,,,3408669495,1100
1871,2023-08,2023,8,1,1.0,,1511049373,504
1872,2023-08,2023,8,1,2.0,,609577565,203
1873,2023-08,2023,8,1,3.0,,1387258180,462
1874,2023-08,2023,8,1,4.0,,1834605506,612
1875,2023-08,2023,8,1,8.0,,1581704373,527
1876,2023-08,2023,8,2,19.0,,609023727,203
1877,2023-08,2023,8,2,20.0,,573126377,191
1878,2023-08,2023,8,2,21.0,,673009370,224
1879,2023-08,2023,8,2,22.0,,783871964,261
1880,2023-08,2023,8,2,26.0,,1786551431,596
1881,2023-08,2023,8,3,31.0,,622583618,208
1882,2023-08,2023,8,3,32.0,,1640487711,547
1883,2023-08,2023,8,3,33.0,,2173279210,724
1884,2023-08,2023,8,3,34.0,,1790881332,597
1885,2023-08,2023,8,3,38.0,,590861740,197
1886,2023-08,2023,8,4,43.0,,1709063960,570
1887,2023-08,2023,8,4,44.0,,1024439466,341
1888,2023-08,2023,8,4,45.0,,1856452418,619
1889,2023-08,2023,8,4,46.0,,1796701662,599
1890,2023-08,2023,8,4,50.0,,1442095491,481
1891,2023-08,2023,8,5,55.0,,1358092116,453
1892,2023-08,2023,8,5,56.0,,553640773,185
1893,2023-08,2023,8,5,57.0,,1291075852,430
1894,2023-08,2023,8,5,58.0,,1125116494,375
1895,2023-08,2023,8,5,62.0,,1246389569,415
1896,2023-08,2023,8,6,75.0,,727664579,243
1897,2023-08,2023,8,6,76.0,,644396017,215
1898,2023-08,2023,8,6,77.0,,1132295297,377
1899,2023-08,2023,8,6,78.0,,2190806607,730
1900,2023-08,2023,8,6,82.0,,538891138,180
1901,2023-08,2023,8,7,87.0,,996471237,332
1902,2023-08,2023,8,7,88.0,,604746703,202
1903,2023-08,2023,8,7,89.0,,599700095,200
1904,2023-08,2023,8,7,90.0,,1812442472,604
1905,2023-08,2023,8,7,94.0,,697026428,232
1906,2023-08,2023,8,8,99.0,,555910710,185
1907,2023-08,2023,8,8,100.0,,1724147382,575
1908,2023-08,2023,8,8,101.0,,843267557,281
1909,2023-08,2023,8,8,102.0,,1323388343,441
1910,2023-08,2023,8,8,106.0,,726401326,242
1911,2023-08,2023,8,9,111.0,,1484230085,495
1912,2023-08,2023,8,9,112.0,,1113020344,371
1913,2023-08,2023,8,9,113.0,,1796281577,599
1914,2023-08,2023,8,9,114.0,,510299909,170
1915,2023-08,2023,8,9,118.0,,658955450,220
1916,2023-08,2023,8,10,123.0,,1588667031,530
1917,2023-08,2023,8,10,124.0,,1990650695,664
1918,2023-08,2023,8,10,125.0,,1388355620,463
1919,2023-08,2023,8,10,126.0,,1372785312,458
1920,2023-08,2023,8,10,130.0,,625859175,209
1921,2023-09,2023,9,1,,,2818764382,1000
1922,2023-09,2023,9,2,,,1884312447,667
1923,2023-09,2023,9,3,,,2080564726,667
1924,2023-09,2023,9,4,,,1581539501,500
1925,2023-09,2023,9,5,,,4183561348,1333
1926,2023-09,2023,9,6,,,2612331846,833
1927,2023-09,2023,9,7,,,1395662642,500
1928,2023-09,2023,9,8,,,1618671670,500
1929,2023-09,2023,9,9,,,1483542548,500
1930,2023-09,2023,9,10,,,3163507107,1000
1931,2023-09,2023,9,1,1.0,,1309662739,437
1932,2023-09,2023,9,1,2.0,,668675179,223
1933,2023-09,2023,9,1,3.0,,574558801,192
1934,2023-09,2023,9,1,4.0,,659020139,220
1935,2023-09,2023,9,1,8.0,,1970992608,657
1936,2023-09,2023,9,2,19.0,,1680528719,560
1937,2023-09,2023,9,2,20.0,,1181288188,394
1938,2023-09,2023,9,2,21.0,,1513082308,504
1939,2023-09,2023,9,2,22.0,,847954607,283
1940,2023-09,2023,9,2,26.0,,1290101116,430
1941,2023-09,2023,9,3,31.0,,649098673,216
1942,2023-09,2023,9,3,32.0,,1081854755,361
1943,2023-09,2023,9,3,33.0,,1269220646,423
1944,2023-09,2023,9,3,34.0,,1405857272,469
1945,2023-09,2023,9,3,38.0,,732237666,244
1946,2023-09,2023,9,4,43.0,,753535846,251
1947,2023-09,2023,9,4,44.0,,434880296,145
1948,2023-09,2023,9,4,45.0,,804459907,268
1949,2023-09,2023,9,4,46.0,,1227480040,409
1950,2023-09,2023,9,4,50.0,,1597692338,533
1951,2023-09,2023,9,5,55.0,,460042154,153
1952,2023-09,2023,9,5,56.0,,1453100840,484
1953,2023-09,2023,9,5,57.0,,1575432250,525
1954,2023-09,2023,9,5,58.0,,883867241,295
1955,2023-09,2023,9,5,62.0,,1365774670,455
1956,2023-09,2023,9,6,75.0,,1355659672,452
1957,2023-09,2023,9,6,76.0,,1690803876,564
1958,2023-09,2023,9,6,77.0,,1890513840,630
1959,2023-09,2023,9,6,78.0,,1298043647,433
1960,2023-09,2023,9,6,82.0,,1909630870,637
1961,2023-09,2023,9,7,87.0,,762352402,254
1962,2023-09,2023,9,7,88.0,,928804870,310
1963,2023-09,2023,9,7,89.0,,526803915,176
1964,2023-09,2023,9,7,90.0,,524317631,175
1965,2023-09,2023,9,7,94.0,,1769831611,590
1966,2023-09,2023,9,8,99.0,,1270040696,423
1967,2023-09,2023,9,8,100.0,,1665707457,555
1968,2023-09,2023,9,8,101.0,,829593574,277
1969,2023-09,2023,9,8,102.0,,563270141,188
1970,2023-09,2023,9,8,106.0,,1674844874,558
1971,2023-09,2023,9,9,111.0,,1558900318,520
1972,2023-09,2023,9,9,112.0,,514307810,171
1973,2023-09,2023,9,9,113.0,,1292908752,431
1974,2023-09,2023,9,9,114.0,,998513462,333
1975,2023-09,2023,9,9,118.0,,1783900475,595
1976,2023-09,2023,9,10,123.0,,1437871989,479
1977,2023-09,2023,9,10,124.0,,1326633509,442
1978,2023-09,2023,9,10,125.0,,1018539795,340
1979,2023-09,2023,9,10,126.0,,497701492,166
1980,2023-09,2023,9,10,130.0,,1719888236,573
1981,2023-10,2023,10,1,,,3200159484,1100
1982,2023-10,2023,10,2,,,2011626134,733
1983,2023-10,2023,10,3,,,2142919246,733
1984,2023-10,2023,10,4,,,1578678857,550
1985,2023-10,2023,10,5,,,4595033349,1467
1986,2023-10,2023,10,6,,,2667458756,917
1987,2023-10,2023,10,7,,,1742250954,550
1988,2023-10,2023,10,8,,,1534415687,550
1989,2023-10,2023,10,9,,,1762389724,550
1990,2023-10,2023,10,10,,,3575850808,1100
1991,2023-10,2023,10,1,1.0,,1468983200,490
1992,2023-10,2023,10,1,2.0,,1188508762,396
1993,2023-10,2023,10,1,3.0,,1989763867,663
1994,2023-10,2023,10,1,4.0,,1049591868,350
1995,2023-10,2023,10,1,8.0,,2122509576,708
1996,2023-10,2023,10,2,19.0,,1464528327,488
1997,2023-10,2023,10,2,20.0,,1694965879,565
1998,2023-10,2023,10,2,21.0,,1844393970,615
1999,2023-10,2023,10,2,22.0,,1868700083,623
2000,2023-10,2023,10,2,26.0,,1080175201,360
2001,2023-10,2023,10,3,31.0,,1533406790,511
2002,2023-10,2023,10,3,32.0,,1101821720,367
2003,2023-10,2023,10,3,33.0,,1120319507,373
2004,2023-10,2023,10,3,34.0,,1695441268,565
2005,2023-10,2023,10,3,38.0,,1154956848,385
2006,2023-10,2023,10,4,43.0,,1792502640,598
2007,2023-10,2023,10,4,44.0,,1022981699,341
2008,2023-10,2023,10,4,45.0,,1814768712,605
2009,2023-10,2023,10,4,46.0,,1358843934,453
2010,2023-10,2023,10,4,50.0,,1000270982,333
2011,2023-10,2023,10,5,55.0,,1191624041,397
2012,2023-10,2023,10,5,56.0,,1320124374,440
2013,2023-10,2023,10,5,57.0,,1222133019,407
2014,2023-10,2023,10,5,58.0,,736934346,246
2015,2023-10,2023,10,5,62.0,,1689877766,563
2016,2023-10,2023,10,6,75.0,,614926231,205
2017,2023-10,2023,10,6,76.0,,1078183066,359
2018,2023-10,2023,10,6,77.0,,2026439170,675
2019,2023-10,2023,10,6,78.0,,1780096702,593
2020,2023-10,2023,10,6,82.0,,1353754587,451
2021,2023-10,2023,10,7,87.0,,945499203,315
2022,2023-10,2023,10,7,88.0,,2076554187,692
2023,2023-10,2023,10,7,89.0,,1064452604,355
2024,2023-10,2023,10,7,90.0,,2054427940,685
2025,2023-10,2023,10,7,94.0,,1731562727,577
2026,2023-10,2023,10,8,99.0,,979732011,327
2027,2023-10,2023,10,8,100.0,,1034821582,345
2028,2023-10,2023,10,8,101.0,,1728449508,576
2029,2023-10,2023,10,8,102.0,,1363753847,455
2030,2023-10,2023,10,8,106.0,,976420376,325
2031,2023-10,2023,10,9,111.0,,1607642357,536
2032,2023-10,2023,10,9,112.0,,874031088,291
2033,2023-10,2023,10,9,113.0,,701875742,234
2034,2023-10,2023,10,9,114.0,,1875861687,625
2035,2023-10,2023,10,9,118.0,,1412119653,471
2036,2023-10,2023,10,10,123.0,,1162939533,388
2037,2023-10,2023,10,10,124.0,,1543655025,515
2038,2023-10,2023,10,10,125.0,,1149591850,383
2039,2023-10,2023,10,10,126.0,,2034702720,678
2040,2023-10,2023,10,10,130.0,,692319363,231
2041,2023-11,2023,11,1,,,3975758130,1300
2042,2023-11,2023,11,2,,,2739213046,867
2043,2023-11,2023,11,3,,,2514753988,867
2044,2023-11,2023,11,4,,,1974721939,650
2045,2023-11,2023,11,5,,,4783079377,1733
2046,2023-11,2023,11,6,,,2928444874,1083
2047,2023-11,2023,11,7,,,2090595685,650
2048,2023-11,2023,11,8,,,1929086281,650
2049,2023-11,2023,11,9,,,1924959357,650
2050,2023-11,2023,11,10,,,3890342521,1300
2051,2023-11,2023,11,1,1.0,,1480197505,493
2052,2023-11,2023,11,1,2.0,,2204245255,735
2053,2023-11,2023,11,1,3.0,,2070784270,690
2054,2023-11,2023,11,1,4.0,,607348061,202
2055,2023-11,2023,11,1,8.0,,1656026498,552
2056,2023-11,2023,11,2,19.0,,1581828553,527
2057,2023-11,2023,11,2,20.0,,900369612,300
2058,2023-11,2023,11,2,21.0,,2346286395,782
2059,2023-11,2023,11,2,22.0,,2182173488,727
2060,2023-11,2023,11,2,26.0,,1299667184,433
2061,2023-11,2023,11,3,31.0,,1363741840,455
2062,2023-11,2023,11,3,32.0,,1688207831,563
2063,2023-11,2023,11,3,33.0,,581990966,194
2064,2023-11,2023,11,3,34.0,,1907883540,636
2065,2023-11,2023,11,3,38.0,,1214645398,405
2066,2023-11,2023,11,4,43.0,,637169593,212
2067,2023-11,2023,11,4,44.0,,1881289668,627
2068,2023-11,2023,11,4,45.0,,552310735,184
2069,2023-11,2023,11,4,46.0,,819761165,273
2070,2023-11,2023,11,4,50.0,,2098760649,700
2071,2023-11,2023,11,5,55.0,,2152316894,717
2072,2023-11,2023,11,5,56.0,,1663161074,554
2073,2023-11,2023,11,5,57.0,,1681460529,560
2074,2023-11,2023,11,5,58.0,,2530441462,843
2075,2023-11,2023,11,5,62.0,,951023456,317
2076,2023-11,2023,11,6,75.0,,2571093774,857
2077,2023-11,2023,11,6,76.0,,1452089489,484
2078,2023-11,2023,11,6,77.0,,2229952411,743
2079,2023-11,2023,11,6,78.0,,1254640762,418
2080,2023-11,2023,11,6,82.0,,1400055309,467
2081,2023-11,2023,11,7,87.0,,598999379,200
2082,2023-11,2023,11,7,88.0,,844156772,281
2083,2023-11,2023,11,7,89.0,,860100453,287
2084,2023-11,2023,11,7,90.0,,2561220394,854
2085,2023-11,2023,11,7,94.0,,935677911,312
2086,2023-11,2023,11,8,99.0,,1067248211,356
2087,2023-11,2023,11,8,100.0,,1137883031,379
2088,2023-11,2023,11,8,101.0,,1751474587,584
2089,2023-11,2023,11,8,102.0,,1242319316,414
2090,2023-11,2023,11,8,106.0,,1025087661,342
2091,2023-11,2023,11,9,111.0,,1562943366,521
2092,2023-11,2023,11,9,112.0,,2487704090,829
2093,2023-11,2023,11,9,113.0,,1498453198,499
2094,2023-11,2023,11,9,114.0,,1672096776,557
2095,2023-11,2023,11,9,118.0,,2038593122,680
2096,2023-11,2023,11,10,123.0,,960369925,320
2097,2023-11,2023,11,10,124.0,,2185161625,728
2098,2023-11,2023,11,10,125.0,,1236863157,412
2099,2023-11,2023,11,10,126.0,,1179657621,393
2100,2023-11,2023,11,10,130.0,,900414009,300
2101,2023-12,2023,12,1,,,5620903560,2000
2102,2023-12,2023,12,2,,,4205979025,1333
2103,2023-12,2023,12,3,,,3909565505,1333
2104,2023-12,2023,12,4,,,3017142522,1000
2105,2023-12,2023,12,5,,,8029583735,2667
2106,2023-12,2023,12,6,,,4600471020,1667
2107,2023-12,2023,12,7,,,2734501140,1000
2108,2023-12,2023,12,8,,,3284654855,1000
2109,2023-12,2023,12,9,,,3274718266,1000
2110,2023-12,2023,12,10,,,6471333548,2000
2111,2023-12,2023,12,1,1.0,,2299158786,766
2112,2023-12,2023,12,1,2.0,,3360672649,1120
2113,2023-12,2023,12,1,3.0,,2846269574,949
2114,2023-12,2023,12,1,4.0,,3154144213,1051
2115,2023-12,2023,12,1,8.0,,3584903078,1195
2116,2023-12,2023,12,2,19.0,,1967391547,656
2117,2023-12,2023,12,2,20.0,,2200800061,734
2118,2023-12,2023,12,2,21.0,,3294778507,1098
2119,2023-12,2023,12,2,22.0,,3675356484,1225
2120,2023-12,2023,12,2,26.0,,2432490042,811
2121,2023-12,2023,12,3,31.0,,3969637489,1323
2122,2023-12,2023,12,3,32.0,,3873471416,1291
2123,2023-12,2023,12,3,33.0,,3072204386,1024
2124,2023-12,2023,12,3,34.0,,3851293620,1284
2125,2023-12,2023,12,3,38.0,,1921416906,640
2126,2023-12,2023,12,4,43.0,,2817334499,939
2127,2023-12,2023,12,4,44.0,,2117208341,706
2128,2023-12,2023,12,4,45.0,,1636856036,546
2129,2023-12,2023,12,4,46.0,,2833003484,944
2130,2023-12,2023,12,4,50.0,,3330918820,1110
2131,2023-12,2023,12,5,55.0,,823382996,274
2132,2023-12,2023,12,5,56.0,,1865661456,622
2133,2023-12,2023,12,5,57.0,,1071995042,357
2134,2023-12,2023,12,5,58.0,,1186723744,396
2135,2023-12,2023,12,5,62.0,,1942480939,647
2136,2023-12,2023,12,6,75.0,,916952585,306
2137,2023-12,2023,12,6,76.0,,2596120378,865
2138,2023-12,2023,12,6,77.0,,3178953473,1060
2139,2023-12,2023,12,6,78.0,,1887719971,629
2140,2023-12,2023,12,6,82.0,,1754745066,585
2141,2023-12,2023,12,7,87.0,,3814619517,1272
2142,2023-12,2023,12,7,88.0,,3683656313,1228
2143,2023-12,2023,12,7,89.0,,2894824986,965
2144,2023-12,2023,12,7,90.0,,3749120514,1250
2145,2023-12,2023,12,7,94.0,,3240400367,1080
2146,2023-12,2023,12,8,99.0,,2821140097,940
2147,2023-12,2023,12,8,100.0,,3368087400,1123
2148,2023-12,2023,12,8,101.0,,3305603717,1102
2149,2023-12,2023,12,8,102.0,,3713342869,1238
2150,2023-12,2023,12,8,106.0,,2190003136,730
2151,2023-12,2023,12,9,111.0,,1818695497,606
2152,2023-12,2023,12,9,112.0,,1755807412,585
2153,2023-12,2023,12,9,113.0,,2838725632,946
2154,2023-12,2023,12,9,114.0,,2276076784,759
2155,2023-12,2023,12,9,118.0,,3307374884,1102
2156,2023-12,2023,12,10,123.0,,2874969602,958
2157,2023-12,2023,12,10,124.0,,873435082,291
2158,2023-12,2023,12,10,125.0,,3940242162,1313
2159,2023-12,2023,12,10,126.0,,1295947346,432
2160,2023-12,2023,12,10,130.0,,3730761195,1244
2161,2024-01,2024,1,1,,,7607280503,2400
2162,2024-01,2024,1,2,,,4929615445,1600
2163,2024-01,2024,1,3,,,4554906369,1600
2164,2024-01,2024,1,4,,,3299585309,1200
2165,2024-01,2024,1,5,,,9637808111,3200
2166,2024-01,2024,1,6,,,5433237323,2000
2167,2024-01,2024,1,7,,,3551919551,1200
2168,2024-01,2024,1,8,,,3248488726,1200
2169,2024-01,2024,1,9,,,3508829016,1200
2170,2024-01,2024,1,10,,,7712236162,2400
2171,2024-01,2024,1,1,1.0,,4701531719,1567
2172,2024-01,2024,1,1,2.0,,4634262196,1545
2173,2024-01,2024,1,1,3.0,,3120830202,1040
2174,2024-01,2024,1,1,4.0,,3909995248,1303
2175,2024-01,2024,1,1,8.0,,1962513890,654
2176,2024-01,2024,1,2,19.0,,2760159998,920
2177,2024-01,2024,1,2,20.0,,3907031951,1302
2178,2024-01,2024,1,2,21.0,,3663910314,1221
2179,2024-01,2024,1,2,22.0,,993743670,331
2180,2024-01,2024,1,2,26.0,,2901247189,967
2181,2024-01,2024,1,3,31.0,,4761074962,1587
2182,2024-01,2024,1,3,32.0,,4331031402,1444
2183,2024-01,2024,1,3,33.0,,3165341360,1055
2184,2024-01,2024,1,3,34.0,,3337563618,1113
2185,2024-01,2024,1,3,38.0,,2059113223,686
2186,2024-01,2024,1,4,43.0,,4207639634,1403
2187,2024-01,2024,1,4,44.0,,1507144656,502
2188,2024-01,2024,1,4,45.0,,3240076269,1080
2189,2024-01,2024,1,4,46.0,,1920851872,640
2190,2024-01,2024,1,4,50.0,,1969659109,657
2191,2024-01,2024,1,5,55.0,,998022830,333
2192,2024-01,2024,1,5,56.0,,1552381438,517
2193,2024-01,2024,1,5,57.0,,3764073963,1255
2194,2024-01,2024,1,5,58.0,,2510779634,837
2195,2024-01,2024,1,5,62.0,,2397564692,799
2196,2024-01,2024,1,6,75.0,,2568002929,856
2197,2024-01,2024,1,6,76.0,,4064784714,1355
2198,2024-01,2024,1,6,77.0,,3026383653,1009
2199,2024-01,2024,1,6,78.0,,2004131966,668
2200,2024-01,2024,1,6,82.0,,2404056925,801
2201,2024-01,2024,1,7,87.0,,1126323569,375
2202,2024-01,2024,1,7,88.0,,1002816576,334
2203,2024-01,2024,1,7,89.0,,2223934013,741
2204,2024-01,2024,1,7,90.0,,2355970126,785
2205,2024-01,2024,1,7,94.0,,2575704916,859
2206,2024-01,2024,1,8,99.0,,2111456423,704
2207,2024-01,2024,1,8,100.0,,4375647072,1459
2208,2024-01,2024,1,8,101.0,,2351783756,784
2209,2024-01,2024,1,8,102.0,,1997849314,666
2210,2024-01,2024,1,8,106.0,,3470703221,1157
2211,2024-01,2024,1,9,111.0,,988671541,330
2212,2024-01,2024,1,9,112.0,,3531320602,1177
2213,2024-01,2024,1,9,113.0,,1463774754,488
2214,2024-01,2024,1,9,114.0,,1267269673,422
2215,2024-01,2024,1,9,118.0,,4089012393,1363
2216,2024-01,2024,1,10,123.0,,3448523201,1150
2217,2024-01,2024,1,10,124.0,,3906093088,1302
2218,2024-01,2024,1,10,125.0,,2966088020,989
2219,2024-01,2024,1,10,126.0,,2639715767,880
2220,2024-01,2024,1,10,130.0,,2393833996,798
2221,2024-02,2024,2,1,,,6065247899,2000
2222,2024-02,2024,2,2,,,3962589391,1333
2223,2024-02,2024,2,3,,,4391738677,1333
2224,2024-02,2024,2,4,,,3183276196,1000
2225,2024-02,2024,2,5,,,8583350298,2667
2226,2024-02,2024,2,6,,,4739255973,1667
2227,2024-02,2024,2,7,,,3054771396,1000
2228,2024-02,2024,2,8,,,3168507239,1000
2229,2024-02,2024,2,9,,,3003997879,1000
2230,2024-02,2024,2,10,,,6311021737,2000
2231,2024-02,2024,2,1,1.0,,3697708277,1233
2232,2024-02,2024,2,1,2.0,,3655559666,1219
2233,2024-02,2024,2,1,3.0,,2229548300,743
2234,2024-02,2024,2,1,4.0,,951914115,317
2235,2024-02,2024,2,1,8.0,,3010860810,1004
2236,2024-02,2024,2,2,19.0,,3955782344,1319
2237,2024-02,2024,2,2,20.0,,871900797,291
2238,2024-02,2024,2,2,21.0,,3912485769,1304
2239,2024-02,2024,2,2,22.0,,3500551672,1167
2240,2024-02,2024,2,2,26.0,,2858571286,953
2241,2024-02,2024,2,3,31.0,,986536724,329
2242,2024-02,2024,2,3,32.0,,1572721115,524
2243,2024-02,2024,2,3,33.0,,1270952441,424
2244,2024-02,2024,2,3,34.0,,2754430072,918
2245,2024-02,2024,2,3,38.0,,2110962776,704
2246,2024-02,2024,2,4,43.0,,3551505272,1184
2247,2024-02,2024,2,4,44.0,,3378988481,1126
2248,2024-02,2024,2,4,45.0,,903781295,301
2249,2024-02,2024,2,4,46.0,,2837052777,946
2250,2024-02,2024,2,4,50.0,,3438655899,1146
2251,2024-02,2024,2,5,55.0,,2562348056,854
2252,2024-02,2024,2,5,56.0,,1826775135,609
2253,2024-02,2024,2,5,57.0,,2978911474,993
2254,2024-02,2024,2,5,58.0,,3080305211,1027
2255,2024-02,2024,2,5,62.0,,2568532337,856
2256,2024-02,2024,2,6,75.0,,849000054,283
2257,2024-02,2024,2,6,76.0,,3719055691,1240
2258,2024-02,2024,2,6,77.0,,3502304061,1167
2259,2024-02,2024,2,6,78.0,,2588680375,863
2260,2024-02,2024,2,6,82.0,,2761396430,920
2261,2024-02,2024,2,7,87.0,,802824993,268
2262,2024-02,2024,2,7,88.0,,2484079439,828
2263,2024-02,2024,2,7,89.0,,1933214866,644
2264,2024-02,2024,2,7,90.0,,2364567641,788
2265,2024-02,2024,2,7,94.0,,2088768802,696
2266,2024-02,2024,2,8,99.0,,3087555357,1029
2267,2024-02,2024,2,8,100.0,,2709665261,903
2268,2024-02,2024,2,8,101.0,,3020275317,1007
2269,2024-02,2024,2,8,102.0,,3948441138,1316
2270,2024-02,2024,2,8,106.0,,2815215645,938
2271,2024-02,2024,2,9,111.0,,2733805292,911
2272,2024-02,2024,2,9,112.0,,3059486400,1020
2273,2024-02,2024,2,9,113.0,,1734803079,578
2274,2024-02,2024,2,9,114.0,,3313269484,1104
2275,2024-02,2024,2,9,118.0,,1978409373,659
2276,2024-02,2024,2,10,123.0,,824539396,275
2277,2024-02,2024,2,10,124.0,,2801892777,934
2278,2024-02,2024,2,10,125.0,,2074778597,692
2279,2024-02,2024,2,10,126.0,,1615264235,538
2280,2024-02,2024,2,10,130.0,,1912844789,638
2281,2024-03,2024,3,1,,,2782613805,1000
2282,2024-03,2024,3,2,,,1835690978,667
2283,2024-03,2024,3,3,,,1969369384,667
2284,2024-03,2024,3,4,,,1416244941,500
2285,2024-03,2024,3,5,,,3689074408,1333
2286,2024-03,2024,3,6,,,2493586048,833
2287,2024-03,2024,3,7,,,1600402991,500
2288,2024-03,2024,3,8,,,1620227634,500
2289,2024-03,2024,3,9,,,1382179620,500
2290,2024-03,2024,3,10,,,2989749651,1000
2291,2024-03,2024,3,1,1.0,,1283091356,428
2292,2024-03,2024,3,1,2.0,,754513196,252
2293,2024-03,2024,3,1,3.0,,736922130,246
2294,2024-03,2024,3,1,4.0,,1728226603,576
2295,2024-03,2024,3,1,8.0,,1103065163,368
2296,2024-03,2024,3,2,19.0,,689979094,230
2297,2024-03,2024,3,2,20.0,,718397476,239
2298,2024-03,2024,3,2,21.0,,737543552,246
2299,2024-03,2024,3,2,22.0,,1331248872,444
2300,2024-03,2024,3,2,26.0,,1549125970,516
2301,2024-03,2024,3,3,31.0,,1593380885,531
2302,2024-03,2024,3,3,32.0,,1062012060,354
2303,2024-03,2024,3,3,33.0,,1280054133,427
2304,2024-03,2024,3,3,34.0,,1657675822,553
2305,2024-03,2024,3,3,38.0,,912105953,304
2306,2024-03,2024,3,4,43.0,,1459172749,486
2307,2024-03,2024,3,4,44.0,,1894282130,631
2308,2024-03,2024,3,4,45.0,,1845128943,615
2309,2024-03,2024,3,4,46.0,,1398737657,466
2310,2024-03,2024,3,4,50.0,,1535977371,512
2311,2024-03,2024,3,5,55.0,,1019318937,340
2312,2024-03,2024,3,5,56.0,,1055497943,352
2313,2024-03,2024,3,5,57.0,,902342848,301
2314,2024-03,2024,3,5,58.0,,1909423587,636
2315,2024-03,2024,3,5,62.0,,1551842659,517
2316,2024-03,2024,3,6,75.0,,826944497,276
2317,2024-03,2024,3,6,76.0,,665095714,222
2318,2024-03,2024,3,6,77.0,,1731861222,577
2319,2024-03,2024,3,6,78.0,,1642663518,548
2320,2024-03,2024,3,6,82.0,,1806337224,602
2321,2024-03,2024,3,7,87.0,,1651992557,551
2322,2024-03,2024,3,7,88.0,,868391164,289
2323,2024-03,2024,3,7,89.0,,872458784,291
2324,2024-03,2024,3,7,90.0,,1156932575,386
2325,2024-03,2024,3,7,94.0,,1579673557,527
2326,2024-03,2024,3,8,99.0,,880417213,293
2327,2024-03,2024,3,8,100.0,,508999979,170
2328,2024-03,2024,3,8,101.0,,945993963,315
2329,2024-03,2024,3,8,102.0,,1881356286,627
2330,2024-03,2024,3,8,106.0,,969548827,323
2331,2024-03,2024,3,9,111.0,,683267681,228
2332,2024-03,2024,3,9,112.0,,1334666918,445
2333,2024-03,2024,3,9,113.0,,402732501,134
2334,2024-03,2024,3,9,114.0,,1604874369,535
2335,2024-03,2024,3,9,118.0,,1183591200,395
2336,2024-03,2024,3,10,123.0,,1249135029,416
2337,2024-03,2024,3,10,124.0,,1847413288,616
2338,2024-03,2024,3,10,125.0,,1093050177,364
2339,2024-03,2024,3,10,126.0,,1316028514,439
2340,2024-03,2024,3,10,130.0,,1379088096,460
2341,2024-04,2024,4,1,,,2856034493,900
2342,2024-04,2024,4,2,,,1656080947,600
2343,2024-04,2024,4,3,,,1803976858,600
2344,2024-04,2024,4,4,,,1242975273,450
2345,2024-04,2024,4,5,,,3935739293,1200
2346,2024-04,2024,4,6,,,2456653284,750
2347,2024-04,2024,4,7,,,1276525278,450
2348,2024-04,2024,4,8,,,1480494116,450
2349,2024-04,2024,4,9,,,1434993625,450
2350,2024-04,2024,4,10,,,2894392722,900
2351,2024-04,2024,4,1,1.0,,429258952,143
2352,2024-04,2024,4,1,2.0,,532937720,178
2353,2024-04,2024,4,1,3.0,,1077299433,359
2354,2024-04,2024,4,1,4.0,,1682427083,561
2355,2024-04,2024,4,1,8.0,,1206012463,402
2356,2024-04,2024,4,2,19.0,,1725702968,575
2357,2024-04,2024,4,2,20.0,,772711857,258
2358,2024-04,2024,4,2,21.0,,1050437826,350
2359,2024-04,2024,4,2,22.0,,863522768,288
2360,2024-04,2024,4,2,26.0,,520341442,173
2361,2024-04,2024,4,3,31.0,,1769526496,590
2362,2024-04,2024,4,3,32.0,,384623037,128
2363,2024-04,2024,4,3,33.0,,1157482550,386
2364,2024-04,2024,4,3,34.0,,1765322394,588
2365,2024-04,2024,4,3,38.0,,1139946766,380
2366,2024-04,2024,4,4,43.0,,1226642471,409
2367,2024-04,2024,4,4,44.0,,723150688,241
2368,2024-04,2024,4,4,45.0,,1772694000,591
2369,2024-04,2024,4,4,46.0,,981120407,327
2370,2024-04,2024,4,4,50.0,,907577157,303
2371,2024-04,2024,4,5,55.0,,539539651,180
2372,2024-04,2024,4,5,56.0,,421106368,140
2373,2024-04,2024,4,5,57.0,,1548813861,516
2374,2024-04,2024,4,5,58.0,,586498885,195
2375,2024-04,2024,4,5,62.0,,1629987104,543
2376,2024-04,2024,4,6,75.0,,690856353,230
2377,2024-04,2024,4,6,76.0,,1642911680,548
2378,2024-04,2024,4,6,77.0,,1553276203,518
2379,2024-04,2024,4,6,78.0,,1682851765,561
2380,2024-04,2024,4,6,82.0,,1506795104,502
2381,2024-04,2024,4,7,87.0,,1516602589,506
2382,2024-04,2024,4,7,88.0,,523373035,174
2383,2024-04,2024,4,7,89.0,,1389479041,463
2384,2024-04,2024,4,7,90.0,,1677302203,559
2385,2024-04,2024,4,7,94.0,,1255529304,419
2386,2024-04,2024,4,8,99.0,,905661046,302
2387,2024-04,2024,4,8,100.0,,386308593,129
2388,2024-04,2024,4,8,101.0,,1665408287,555
2389,2024-04,2024,4,8,102.0,,627862125,209
2390,2024-04,2024,4,8,106.0,,1394061665,465
2391,2024-04,2024,4,9,111.0,,870699211,290
2392,2024-04,2024,4,9,112.0,,1756721111,586
2393,2024-04,2024,4,9,113.0,,1686556705,562
2394,2024-04,2024,4,9,114.0,,1151166043,384
2395,2024-04,2024,4,9,118.0,,428472294,143
2396,2024-04,2024,4,10,123.0,,1419104498,473
2397,2024-04,2024,4,10,124.0,,645988961,215
2398,2024-04,2024,4,10,125.0,,869224576,290
2399,2024-04,2024,4,10,126.0,,1610433844,537
2400,2024-04,2024,4,10,130.0,,1584010924,528
2401,2024-05,2024,5,1,,,2965315561,950
2402,2024-05,2024,5,2,,,1848374372,633
2403,2024-05,2024,5,3,,,1934040491,633
2404,2024-05,2024,5,4,,,1535551332,475
2405,2024-05,2024,5,5,,,3655915525,1267
2406,2024-05,2024,5,6,,,2338086300,792
2407,2024-05,2024,5,7,,,1372571171,475
2408,2024-05,2024,5,8,,,1376436186,475
2409,2024-05,2024,5,9,,,1285073874,475
2410,2024-05,2024,5,10,,,2627906114,950
2411,2024-05,2024,5,1,1.0,,1078606962,360
2412,2024-05,2024,5,1,2.0,,1159122776,386
2413,2024-05,2024,5,1,3.0,,431167653,144
2414,2024-05,2024,5,1,4.0,,1885894612,629
2415,2024-05,2024,5,1,8.0,,1709124846,570
2416,2024-05,2024,5,2,19.0,,754621934,252
2417,2024-05,2024,5,2,20.0,,600649242,200
2418,2024-05,2024,5,2,21.0,,1701613273,567
2419,2024-05,2024,5,2,22.0,,561188599,187
2420,2024-05,2024,5,2,26.0,,772981607,258
2421,2024-05,2024,5,3,31.0,,1628700949,543
2422,2024-05,2024,5,3,32.0,,1614412260,538
2423,2024-05,2024,5,3,33.0,,1457139116,486
2424,2024-05,2024,5,3,34.0,,1771659618,591
2425,2024-05,2024,5,3,38.0,,1362820660,454
2426,2024-05,2024,5,4,43.0,,1176638295,392
2427,2024-05,2024,5,4,44.0,,654273317,218
2428,2024-05,2024,5,4,45.0,,561248654,187
2429,2024-05,2024,5,4,46.0,,1739557311,580
2430,2024-05,2024,5,4,50.0,,1188485360,396
2431,2024-05,2024,5,5,55.0,,1171178868,390
2432,2024-05,2024,5,5,56.0,,666781320,222
2433,2024-05,2024,5,5,57.0,,1502275281,501
2434,2024-05,2024,5,5,58.0,,1221126718,407
2435,2024-05,2024,5,5,62.0,,1857433812,619
2436,2024-05,2024,5,6,75.0,,1710462679,570
2437,2024-05,2024,5,6,76.0,,1890075424,630
2438,2024-05,2024,5,6,77.0,,1420748335,474
2439,2024-05,2024,5,6,78.0,,1095526300,365
2440,2024-05,2024,5,6,82.0,,989043241,330
2441,2024-05,2024,5,7,87.0,,689398434,230
2442,2024-05,2024,5,7,88.0,,1076574173,359
2443,2024-05,2024,5,7,89.0,,952304476,317
2444,2024-05,2024,5,7,90.0,,518893136,173
2445,2024-05,2024,5,7,94.0,,1532341806,511
2446,2024-05,2024,5,8,99.0,,839373281,280
2447,2024-05,2024,5,8,100.0,,1007232263,336
2448,2024-05,2024,5,8,101.0,,1818223253,606
2449,2024-05,2024,5,8,102.0,,1271192978,424
2450,2024-05,2024,5,8,106.0,,1753318198,584
2451,2024-05,2024,5,9,111.0,,678378288,226
2452,2024-05,2024,5,9,112.0,,1683984987,561
2453,2024-05,2024,5,9,113.0,,964708500,322
2454,2024-05,2024,5,9,114.0,,1799071485,600
2455,2024-05,2024,5,9,118.0,,1427061395,476
2456,2024-05,2024,5,10,123.0,,1195041892,398
2457,2024-05,2024,5,10,124.0,,787278794,262
2458,2024-05,2024,5,10,125.0,,1462983030,488
2459,2024-05,2024,5,10,126.0,,1490179374,497
2460,2024-05,2024,5,10,130.0,,967148794,322
2461,2024-06,2024,6,1,,,3168266037,1100
2462,2024-06,2024,6,2,,,2331902985,733
2463,2024-06,2024,6,3,,,2277390911,733
2464,2024-06,2024,6,4,,,1636859348,550
2465,2024-06,2024,6,5,,,4183351843,1467
2466,2024-06,2024,6,6,,,2908522919,917
2467,2024-06,2024,6,7,,,1741774851,550
2468,2024-06,2024,6,8,,,1607409475,550
2469,2024-06,2024,6,9,,,1530707186,550
2470,2024-06,2024,6,10,,,3270438641,1100
2471,2024-06,2024,6,1,1.0,,1123462336,374
2472,2024-06,2024,6,1,2.0,,493508590,165
2473,2024-06,2024,6,1,3.0,,1356753796,452
2474,2024-06,2024,6,1,4.0,,1315906321,439
2475,2024-06,2024,6,1,8.0,,2034998062,678
2476,2024-06,2024,6,2,19.0,,1960453823,653
2477,2024-06,2024,6,2,20.0,,678754989,226
2478,2024-06,2024,6,2,21.0,,1345158315,448
2479,2024-06,2024,6,2,22.0,,1013153793,338
2480,2024-06,2024,6,2,26.0,,1069542777,357
2481,2024-06,2024,6,3,31.0,,1225556396,409
2482,2024-06,2024,6,3,32.0,,1332941534,444
2483,2024-06,2024,6,3,33.0,,923189406,308
2484,2024-06,2024,6,3,34.0,,1532842392,511
2485,2024-06,2024,6,3,38.0,,836293403,279
2486,2024-06,2024,6,4,43.0,,1879009411,626
2487,2024-06,2024,6,4,44.0,,1395937221,465
2488,2024-06,2024,6,4,45.0,,1201252885,400
2489,2024-06,2024,6,4,46.0,,1352656697,451
2490,2024-06,2024,6,4,50.0,,1545156514,515
2491,2024-06,2024,6,5,55.0,,2143904606,715
2492,2024-06,2024,6,5,56.0,,1928826421,643
2493,2024-06,2024,6,5,57.0,,2079971371,693
2494,2024-06,2024,6,5,58.0,,1117882472,373
2495,2024-06,2024,6,5,62.0,,1093403097,364
2496,2024-06,2024,6,6,75.0,,990630187,330
2497,2024-06,2024,6,6,76.0,,1498168961,499
2498,2024-06,2024,6,6,77.0,,937761408,313
2499,2024-06,2024,6,6,78.0,,1206260890,402
2500,2024-06,2024,6,6,82.0,,595388259,198
2501,2024-06,2024,6,7,87.0,,1990616463,664
2502,2024-06,2024,6,7,88.0,,1560767582,520
2503,2024-06,2024,6,7,89.0,,1219316321,406
2504,2024-06,2024,6,7,90.0,,1187341803,396
2505,2024-06,2024,6,7,94.0,,1620437582,540
2506,2024-06,2024,6,8,99.0,,2094556094,698
2507,2024-06,2024,6,8,100.0,,1395164036,465
2508,2024-06,2024,6,8,101.0,,1216869810,406
2509,2024-06,2024,6,8,102.0,,1473102555,491
2510,2024-06,2024,6,8,106.0,,1354073603,451
2511,2024-06,2024,6,9,111.0,,2009903118,670
2512,2024-06,2024,6,9,112.0,,1438349889,479
2513,2024-06,2024,6,9,113.0,,629896785,210
2514,2024-06,2024,6,9,114.0,,1286462649,429
2515,2024-06,2024,6,9,118.0,,1571732339,524
2516,2024-06,2024,6,10,123.0,,1285029203,428
2517,2024-06,2024,6,10,124.0,,555395346,185
2518,2024-06,2024,6,10,125.0,,2058636620,686
2519,2024-06,2024,6,10,126.0,,1037062987,346
2520,2024-06,2024,6,10,130.0,,1034234885,345
2521,2024-07,2024,7,1,,,3271018686,1200
2522,2024-07,2024,7,2,,,2601748085,800
2523,2024-07,2024,7,3,,,2499131277,800
2524,2024-07,2024,7,4,,,1974906587,600
2525,2024-07,2024,7,5,,,5203894880,1600
2526,2024-07,2024,7,6,,,2795807556,1000
2527,2024-07,2024,7,7,,,1701762761,600
2528,2024-07,2024,7,8,,,1647046940,600
2529,2024-07,2024,7,9,,,1823719282,600
2530,2024-07,2024,7,10,,,3747771081,1200
2531,2024-07,2024,7,1,1.0,,2375717732,792
2532,2024-07,2024,7,1,2.0,,1118571556,373
2533,2024-07,2024,7,1,3.0,,888382264,296
2534,2024-07,2024,7,1,4.0,,1975748139,659
2535,2024-07,2024,7,1,8.0,,1637705042,546
2536,2024-07,2024,7,2,19.0,,2341221786,780
2537,2024-07,2024,7,2,20.0,,682154337,227
2538,2024-07,2024,7,2,21.0,,1046677905,349
2539,2024-07,2024,7,2,22.0,,575387458,192
2540,2024-07,2024,7,2,26.0,,1069345039,356
2541,2024-07,2024,7,3,31.0,,1445742131,482
2542,2024-07,2024,7,3,32.0,,928344578,309
2543,2024-07,2024,7,3,33.0,,1930770946,644
2544,2024-07,2024,7,3,34.0,,1511161236,504
2545,2024-07,2024,7,3,38.0,,2134341946,711
2546,2024-07,2024,7,4,43.0,,1921246932,640
2547,2024-07,2024,7,4,44.0,,1346521505,449
2548,2024-07,2024,7,4,45.0,,1250475631,417
2549,2024-07,2024,7,4,46.0,,1360097578,453
2550,2024-07,2024,7,4,50.0,,2169911552,723
2551,2024-07,2024,7,5,55.0,,2046548719,682
2552,2024-07,2024,7,5,56.0,,669744977,223
2553,2024-07,2024,7,5,57.0,,2312939681,771
2554,2024-07,2024,7,5,58.0,,1915488166,638
2555,2024-07,2024,7,5,62.0,,1523950084,508
2556,2024-07,2024,7,6,75.0,,1300476138,433
2557,2024-07,2024,7,6,76.0,,598072265,199
2558,2024-07,2024,7,6,77.0,,1525487435,508
2559,2024-07,2024,7,6,78.0,,1729736940,577
2560,2024-07,2024,7,6,82.0,,1481935073,494
2561,2024-07,2024,7,7,87.0,,2054855454,685
2562,2024-07,2024,7,7,88.0,,1649812440,550
2563,2024-07,2024,7,7,89.0,,1754148654,585
2564,2024-07,2024,7,7,90.0,,1395509250,465
2565,2024-07,2024,7,7,94.0,,1903838567,635
2566,2024-07,2024,7,8,99.0,,591734806,197
2567,2024-07,2024,7,8,100.0,,1909295478,636
2568,2024-07,2024,7,8,101.0,,1521959581,507
2569,2024-07,2024,7,8,102.0,,2048446010,683
2570,2024-07,2024,7,8,106.0,,2073488700,691
2571,2024-07,2024,7,9,111.0,,1567222461,522
2572,2024-07,2024,7,9,112.0,,1812115927,604
2573,2024-07,2024,7,9,113.0,,1340954194,447
2574,2024-07,2024,7,9,114.0,,577054492,192
2575,2024-07,2024,7,9,118.0,,627026159,209
2576,2024-07,2024,7,10,123.0,,664488033,221
2577,2024-07,2024,7,10,124.0,,2244436146,748
2578,2024-07,2024,7,10,125.0,,662661989,221
2579,2024-07,2024,7,10,126.0,,1131905368,377
2580,2024-07,2024,7,10,130.0,,1140118319,380
2581,2024-08,2024,8,1,,,3034274488,1100
2582,2024-08,2024,8,2,,,2333356654,733
2583,2024-08,2024,8,3,,,2398241300,733
2584,2024-08,2024,8,4,,,1632719106,550
2585,2024-08,2024,8,5,,,4452670965,1467
2586,2024-08,2024,8,6,,,2822955766,917
2587,2024-08,2024,8,7,,,1692531453,550
2588,2024-08,2024,8,8,,,1805775684,550
2589,2024-08,2024,8,9,,,1531896888,550
2590,2024-08,2024,8,10,,,3516824559,1100
2591,2024-08,2024,8,1,1.0,,651365627,217
2592,2024-08,2024,8,1,2.0,,760101744,253
2593,2024-08,2024,8,1,3.0,,1089386370,363
2594,2024-08,2024,8,1,4.0,,1725831659,575
2595,2024-08,2024,8,1,8.0,,1284141197,428
2596,2024-08,2024,8,2,19.0,,747959794,249
2597,2024-08,2024,8,2,20.0,,651704669,217
2598,2024-08,2024,8,2,21.0,,1500504134,500
2599,2024-08,2024,8,2,22.0,,1670503033,557
2600,2024-08,2024,8,2,26.0,,724819751,242
2601,2024-08,2024,8,3,31.0,,907587081,303
2602,2024-08,2024,8,3,32.0,,1319626211,440
2603,2024-08,2024,8,3,33.0,,674067956,225
2604,2024-08,2024,8,3,34.0,,1372963488,458
2605,2024-08,2024,8,3,38.0,,1780729537,594
2606,2024-08,2024,8,4,43.0,,1206692834,402
2607,2024-08,2024,8,4,44.0,,1218714925,406
2608,2024-08,2024,8,4,45.0,,691716757,231
2609,2024-08,2024,8,4,46.0,,1709372826,570
2610,2024-08,2024,8,4,50.0,,1507039453,502
2611,2024-08,2024,8,5,55.0,,493493549,164
2612,2024-08,2024,8,5,56.0,,1033017056,344
2613,2024-08,2024,8,5,57.0,,1847744959,616
2614,2024-08,2024,8,5,58.0,,1258404640,419
2615,2024-08,2024,8,5,62.0,,1983262690,661
2616,2024-08,2024,8,6,75.0,,801462881,267
2617,2024-08,2024,8,6,76.0,,1135069597,378
2618,2024-08,2024,8,6,77.0,,1602350446,534
2619,2024-08,2024,8,6,78.0,,1509348262,503
2620,2024-08,2024,8,6,82.0,,1922390825,641
2621,2024-08,2024,8,7,87.0,,1375225294,458
2622,2024-08,2024,8,7,88.0,,1275477405,425
2623,2024-08,2024,8,7,89.0,,1683217916,561
2624,2024-08,2024,8,7,90.0,,1819613166,607
2625,2024-08,2024,8,7,94.0,,1336435329,445
2626,2024-08,2024,8,8,99.0,,712789693,238
2627,2024-08,2024,8,8,100.0,,2052543754,684
2628,2024-08,2024,8,8,101.0,,699137340,233
2629,2024-08,2024,8,8,102.0,,1673385132,558
2630,2024-08,2024,8,8,106.0,,2129864910,710
2631,2024-08,2024,8,9,111.0,,1329499152,443
2632,2024-08,2024,8,9,112.0,,558051392,186
2633,2024-08,2024,8,9,113.0,,946678827,316
2634,2024-08,2024,8,9,114.0,,1018910233,340
2635,2024-08,2024,8,9,118.0,,636481976,212
2636,2024-08,2024,8,10,123.0,,750427049,250
2637,2024-08,2024,8,10,124.0,,712556382,238
2638,2024-08,2024,8,10,125.0,,551693439,184
2639,2024-08,2024,8,10,126.0,,609415328,203
2640,2024-08,2024,8,10,130.0,,2186139666,729
2641,2024-09,2024,9,1,,,3141623939,1000
2642,2024-09,2024,9,2,,,1845218728,667
2643,2024-09,2024,9,3,,,2152390071,667
2644,2024-09,2024,9,4,,,1445523239,500
2645,2024-09,2024,9,5,,,3900207901,1333
2646,2024-09,2024,9,6,,,2384182174,833
2647,2024-09,2024,9,7,,,1427011528,500
2648,2024-09,2024,9,8,,,1493608549,500
2649,2024-09,2024,9,9,,,1500688158,500
2650,2024-09,2024,9,10,,,3217319463,1000
2651,2024-09,2024,9,1,1.0,,1342200767,447
2652,2024-09,2024,9,1,2.0,,1491798780,497
2653,2024-09,2024,9,1,3.0,,1942276849,647
2654,2024-09,2024,9,1,4.0,,1768826192,590
2655,2024-09,2024,9,1,8.0,,1855950915,619
2656,2024-09,2024,9,2,19.0,,1205681994,402
2657,2024-09,2024,9,2,20.0,,1531137428,510
2658,2024-09,2024,9,2,21.0,,1926733504,642
2659,2024-09,2024,9,2,22.0,,1357833856,453
2660,2024-09,2024,9,2,26.0,,577226158,192
2661,2024-09,2024,9,3,31.0,,680347774,227
2662,2024-09,2024,9,3,32.0,,919528840,307
2663,2024-09,2024,9,3,33.0,,612512859,204
2664,2024-09,2024,9,3,34.0,,1911274164,637
2665,2024-09,2024,9,3,38.0,,680496060,227
2666,2024-09,2024,9,4,43.0,,1831148905,610
2667,2024-09,2024,9,4,44.0,,1918611516,640
2668,2024-09,2024,9,4,45.0,,682082115,227
2669,2024-09,2024,9,4,46.0,,1576834919,526
2670,2024-09,2024,9,4,50.0,,982602029,328
2671,2024-09,2024,9,5,55.0,,1905877378,635
2672,2024-09,2024,9,5,56.0,,1983469826,661
2673,2024-09,2024,9,5,57.0,,1167279648,389
2674,2024-09,2024,9,5,58.0,,1971700246,657
2675,2024-09,2024,9,5,62.0,,831754500,277
2676,2024-09,2024,9,6,75.0,,503190648,168
2677,2024-09,2024,9,6,76.0,,1753093548,584
2678,2024-09,2024,9,6,77.0,,1564779657,522
2679,2024-09,2024,9,6,78.0,,1651989380,551
2680,2024-09,2024,9,6,82.0,,952113771,317
2681,2024-09,2024,9,7,87.0,,662337145,221
2682,2024-09,2024,9,7,88.0,,1369839735,457
2683,2024-09,2024,9,7,89.0,,1931172108,644
2684,2024-09,2024,9,7,90.0,,1555463098,518
2685,2024-09,2024,9,7,94.0,,1767817367,589
2686,2024-09,2024,9,8,99.0,,1551959387,517
2687,2024-09,2024,9,8,100.0,,1385427271,462
2688,2024-09,2024,9,8,101.0,,1316875217,439
2689,2024-09,2024,9,8,102.0,,1063705204,355
2690,2024-09,2024,9,8,106.0,,1773364448,591
2691,2024-09,2024,9,9,111.0,,946974498,316
2692,2024-09,2024,9,9,112.0,,1293513040,431
2693,2024-09,2024,9,9,113.0,,1332803161,444
2694,2024-09,2024,9,9,114.0,,1397127685,466
2695,2024-09,2024,9,9,118.0,,1774822386,592
2696,2024-09,2024,9,10,123.0,,999341042,333
2697,2024-09,2024,9,10,124.0,,1860298109,620
2698,2024-09,2024,9,10,125.0,,745948041,249
2699,2024-09,2024,9,10,126.0,,919231585,306
2700,2024-09,2024,9,10,130.0,,1844542146,615
2701,2024-10,2024,10,1,,,3137205269,1100
2702,2024-10,2024,10,2,,,2100459454,733
2703,2024-10,2024,10,3,,,2370875163,733
2704,2024-10,2024,10,4,,,1655893919,550
2705,2024-10,2024,10,5,,,4753019634,1467
2706,2024-10,2024,10,6,,,2497540191,917
2707,2024-10,2024,10,7,,,1806180530,550
2708,2024-10,2024,10,8,,,1700721381,550
2709,2024-10,2024,10,9,,,1761548408,550
2710,2024-10,2024,10,10,,,3069641813,1100
2711,2024-10,2024,10,1,1.0,,2019030197,673
2712,2024-10,2024,10,1,2.0,,1822118808,607
2713,2024-10,2024,10,1,3.0,,1532594058,511
2714,2024-10,2024,10,1,4.0,,1360881331,454
2715,2024-10,2024,10,1,8.0,,1952736013,651
2716,2024-10,2024,10,2,19.0,,1388095995,463
2717,2024-10,2024,10,2,20.0,,1907858771,636
2718,2024-10,2024,10,2,21.0,,831535325,277
2719,2024-10,2024,10,2,22.0,,1237789512,413
2720,2024-10,2024,10,2,26.0,,502926959,168
2721,2024-10,2024,10,3,31.0,,856886081,286
2722,2024-10,2024,10,3,32.0,,1632313163,544
2723,2024-10,2024,10,3,33.0,,582840401,194
2724,2024-10,2024,10,3,34.0,,1674065684,558
2725,2024-10,2024,10,3,38.0,,1287765768,429
2726,2024-10,2024,10,4,43.0,,1307180233,436
2727,2024-10,2024,10,4,44.0,,1273737953,425
2728,2024-10,2024,10,4,45.0,,776346274,259
2729,2024-10,2024,10,4,46.0,,1231020830,410
2730,2024-10,2024,10,4,50.0,,1975952351,659
2731,2024-10,2024,10,5,55.0,,1725634876,575
2732,2024-10,2024,10,5,56.0,,1730850591,577
2733,2024-10,2024,10,5,57.0,,476767152,159
2734,2024-10,2024,10,5,58.0,,848104058,283
2735,2024-10,2024,10,5,62.0,,533916956,178
2736,2024-10,2024,10,6,75.0,,813712663,271
2737,2024-10,2024,10,6,76.0,,684213414,228
2738,2024-10,2024,10,6,77.0,,779362728,260
2739,2024-10,2024,10,6,78.0,,1294489312,431
2740,2024-10,2024,10,6,82.0,,1606392828,535
2741,2024-10,2024,10,7,87.0,,1983458434,661
2742,2024-10,2024,10,7,88.0,,1237524571,413
2743,2024-10,2024,10,7,89.0,,1615722763,539
2744,2024-10,2024,10,7,90.0,,1945867146,649
2745,2024-10,2024,10,7,94.0,,1193850676,398
2746,2024-10,2024,10,8,99.0,,551888933,184
2747,2024-10,2024,10,8,100.0,,903733254,301
2748,2024-10,2024,10,8,101.0,,1580032142,527
2749,2024-10,2024,10,8,102.0,,1932761838,644
2750,2024-10,2024,10,8,106.0,,1450724825,484
2751,2024-10,2024,10,9,111.0,,1163076787,388
2752,2024-10,2024,10,9,112.0,,1991633547,664
2753,2024-10,2024,10,9,113.0,,2020164611,673
2754,2024-10,2024,10,9,114.0,,1203536168,401
2755,2024-10,2024,10,9,118.0,,1943400111,648
2756,2024-10,2024,10,10,123.0,,1624279111,541
2757,2024-10,2024,10,10,124.0,,1215331496,405
2758,2024-10,2024,10,10,125.0,,1655731243,552
2759,2024-10,2024,10,10,126.0,,641867299,214
2760,2024-10,2024,10,10,130.0,,1474362963,491
2761,2024-11,2024,11,1,,,4036861207,1300
2762,2024-11,2024,11,2,,,2639122991,867
2763,2024-11,2024,11,3,,,2706376769,867
2764,2024-11,2024,11,4,,,2107672879,650
2765,2024-11,2024,11,5,,,5096553073,1733
2766,2024-11,2024,11,6,,,3061342734,1083
2767,2024-11,2024,11,7,,,2101927834,650
2768,2024-11,2024,11,8,,,1998972938,650
2769,2024-11,2024,11,9,,,1764789652,650
2770,2024-11,2024,11,10,,,4162874941,1300
2771,2024-11,2024,11,1,1.0,,2063363413,688
2772,2024-11,2024,11,1,2.0,,1177841357,393
2773,2024-11,2024,11,1,3.0,,2315954243,772
2774,2024-11,2024,11,1,4.0,,1353016166,451
2775,2024-11,2024,11,1,8.0,,2362049534,787
2776,2024-11,2024,11,2,19.0,,1434068764,478
2777,2024-11,2024,11,2,20.0,,1892793174,631
2778,2024-11,2024,11,2,21.0,,1751622746,584
2779,2024-11,2024,11,2,22.0,,2010187093,670
2780,2024-11,2024,11,2,26.0,,1295929719,432
2781,2024-11,2024,11,3,31.0,,1849762112,617
2782,2024-11,2024,11,3,32.0,,898940916,300
2783,2024-11,2024,11,3,33.0,,1205916994,402
2784,2024-11,2024,11,3,34.0,,1022634279,341
2785,2024-11,2024,11,3,38.0,,1321831719,441
2786,2024-11,2024,11,4,43.0,,2355176283,785
2787,2024-11,2024,11,4,44.0,,1554285056,518
2788,2024-11,2024,11,4,45.0,,610668526,204
2789,2024-11,2024,11,4,46.0,,1169672452,390
2790,2024-11,2024,11,4,50.0,,547925763,183
2791,2024-11,2024,11,5,55.0,,1517329325,506
2792,2024-11,2024,11,5,56.0,,1550461659,517
2793,2024-11,2024,11,5,57.0,,689161576,230
2794,2024-11,2024,11,5,58.0,,1382478646,461
2795,2024-11,2024,11,5,62.0,,1536335685,512
2796,2024-11,2024,11,6,75.0,,1043521726,348
2797,2024-11,2024,11,6,76.0,,1192868833,398
2798,2024-11,2024,11,6,77.0,,1355629671,452
2799,2024-11,2024,11,6,78.0,,684801055,228
2800,2024-11,2024,11,6,82.0,,1751234693,584
2801,2024-11,2024,11,7,87.0,,1899235382,633
2802,2024-11,2024,11,7,88.0,,855467717,285
2803,2024-11,2024,11,7,89.0,,1311468694,437
2804,2024-11,2024,11,7,90.0,,2302396260,767
2805,2024-11,2024,11,7,94.0,,559523119,187
2806,2024-11,2024,11,8,99.0,,792666864,264
2807,2024-11,2024,11,8,100.0,,1386338295,462
2808,2024-11,2024,11,8,101.0,,1644453409,548
2809,2024-11,2024,11,8,102.0,,1472843911,491
2810,2024-11,2024,11,8,106.0,,1002283985,334
2811,2024-11,2024,11,9,111.0,,1858321015,619
2812,2024-11,2024,11,9,112.0,,1625528246,542
2813,2024-11,2024,11,9,113.0,,549386194,183
2814,2024-11,2024,11,9,114.0,,624933430,208
2815,2024-11,2024,11,9,118.0,,609851356,203
2816,2024-11,2024,11,10,123.0,,804088756,268
2817,2024-11,2024,11,10,124.0,,602140130,201
2818,2024-11,2024,11,10,125.0,,892352942,297
2819,2024-11,2024,11,10,126.0,,1766096270,589
2820,2024-11,2024,11,10,130.0,,1000328279,333
2821,2024-12,2024,12,1,,,5820901193,2000
2822,2024-12,2024,12,2,,,4122609687,1333
2823,2024-12,2024,12,3,,,3968384599,1333
2824,2024-12,2024,12,4,,,2958477599,1000
2825,2024-12,2024,12,5,,,7758186746,2667
2826,2024-12,2024,12,6,,,5361002792,1667
2827,2024-12,2024,12,7,,,2822450574,1000
2828,2024-12,2024,12,8,,,3051428687,1000
2829,2024-12,2024,12,9,,,2795766355,1000
2830,2024-12,2024,12,10,,,5489052055,2000
2831,2024-12,2024,12,1,1.0,,3631176351,1210
2832,2024-12,2024,12,1,2.0,,3502590580,1168
2833,2024-12,2024,12,1,3.0,,3072374989,1024
2834,2024-12,2024,12,1,4.0,,2576277101,859
2835,2024-12,2024,12,1,8.0,,1787425876,596
2836,2024-12,2024,12,2,19.0,,1699060527,566
2837,2024-12,2024,12,2,20.0,,1289225618,430
2838,2024-12,2024,12,2,21.0,,2247084402,749
2839,2024-12,2024,12,2,22.0,,2453031551,818
2840,2024-12,2024,12,2,26.0,,1668474958,556
2841,2024-12,2024,12,3,31.0,,3814589945,1272
2842,2024-12,2024,12,3,32.0,,2839254485,946
2843,2024-12,2024,12,3,33.0,,3123626600,1041
2844,2024-12,2024,12,3,34.0,,958525567,320
2845,2024-12,2024,12,3,38.0,,3361250008,1120
2846,2024-12,2024,12,4,43.0,,2028406452,676
2847,2024-12,2024,12,4,44.0,,2122156775,707
2848,2024-12,2024,12,4,45.0,,2131445378,710
2849,2024-12,2024,12,4,46.0,,3617650874,1206
2850,2024-12,2024,12,4,50.0,,2103655615,701
2851,2024-12,2024,12,5,55.0,,819653130,273
2852,2024-12,2024,12,5,56.0,,2954154467,985
2853,2024-12,2024,12,5,57.0,,2996457417,999
2854,2024-12,2024,12,5,58.0,,1644406012,548
2855,2024-12,2024,12,5,62.0,,1272431182,424
2856,2024-12,2024,12,6,75.0,,3082073839,1027
2857,2024-12,2024,12,6,76.0,,2697614252,899
2858,2024-12,2024,12,6,77.0,,3330320438,1110
2859,2024-12,2024,12,6,78.0,,3420015381,1140
2860,2024-12,2024,12,6,82.0,,1949611323,650
2861,2024-12,2024,12,7,87.0,,3744877890,1248
2862,2024-12,2024,12,7,88.0,,3738989202,1246
2863,2024-12,2024,12,7,89.0,,1784365867,595
2864,2024-12,2024,12,7,90.0,,1570182423,523
2865,2024-12,2024,12,7,94.0,,2526277288,842
2866,2024-12,2024,12,8,99.0,,2790349012,930
2867,2024-12,2024,12,8,100.0,,2940226802,980
2868,2024-12,2024,12,8,101.0,,2438218312,813
2869,2024-12,2024,12,8,102.0,,1459547838,487
2870,2024-12,2024,12,8,106.0,,2019118331,673
2871,2024-12,2024,12,9,111.0,,1302516782,434
2872,2024-12,2024,12,9,112.0,,2062738389,688
2873,2024-12,2024,12,9,113.0,,2992663902,998
2874,2024-12,2024,12,9,114.0,,3308405967,1103
2875,2024-12,2024,12,9,118.0,,2193777820,731
2876,2024-12,2024,12,10,123.0,,1880377696,627
2877,2024-12,2024,12,10,124.0,,3572593509,1191
2878,2024-12,2024,12,10,125.0,,3494125576,1165
2879,2024-12,2024,12,10,126.0,,1580972182,527
2880,2024-12,2024,12,10,130.0,,3874765782,1292
